<?xml version="1.0" encoding="utf-8"?><gpx version="1.1" creator="MySchweizMobil - https://map.schweizmobil.ch/" xmlns:xsi="http://www.w3.org/2001/XMLSchema-instance" xmlns="http://www.topografix.com/GPX/1/1" xsi:schemaLocation="http://www.topografix.com/GPX/1/1 http://www.topografix.com/GPX/1/1/gpx.xsd"><metadata><name>GZM Marathon 2026</name><bounds minlat="45.99162839259952" minlon="7.737651841249317" maxlat="46.17912430083379" maxlon="7.805413650814444" /></metadata><trk><name>GZM Marathon 2026</name><trkseg><trkpt lat="46.17912430083379" lon="7.805413650814444"><ele>1100.7999877929688</ele></trkpt><trkpt lat="46.17904351372272" lon="7.805360013153404"><ele>1101.1999816894531</ele></trkpt><trkpt lat="46.17896092729643" lon="7.805306363385171"><ele>1102.0</ele></trkpt><trkpt lat="46.1788783413358" lon="7.805252714082599"><ele>1102.6999816894531</ele></trkpt><trkpt lat="46.178800244349986" lon="7.805201684590429"><ele>1103.0999755859375</ele></trkpt><trkpt lat="46.178800244349986" lon="7.805201684590429"><ele>1103.0999755859375</ele></trkpt><trkpt lat="46.178800244349986" lon="7.805201684590429"><ele>1103.0999755859375</ele></trkpt><trkpt lat="46.178800244349986" lon="7.805201684590429"><ele>1103.0999755859375</ele></trkpt><trkpt lat="46.178800244349986" lon="7.805201684590429"><ele>1103.0999755859375</ele></trkpt><trkpt lat="46.178800244349986" lon="7.805201684590429"><ele>1103.0999755859375</ele></trkpt><trkpt lat="46.178800244349986" lon="7.805201684590429"><ele>1103.0999755859375</ele></trkpt><trkpt lat="46.178800244349986" lon="7.805201684590429"><ele>1103.0999755859375</ele></trkpt><trkpt lat="46.17872942332178" lon="7.805126099381596"><ele>1103.8999938964844</ele></trkpt><trkpt lat="46.178654100745916" lon="7.80505177937448"><ele>1104.5999755859375</ele></trkpt><trkpt lat="46.17858148086816" lon="7.804976182524115"><ele>1105.3999938964844</ele></trkpt><trkpt lat="46.17850706167519" lon="7.804900573566556"><ele>1106.1999816894531</ele></trkpt><trkpt lat="46.17845147429034" lon="7.804843221325427"><ele>1106.5999755859375</ele></trkpt><trkpt lat="46.17845147429034" lon="7.804843221325427"><ele>1106.5999755859375</ele></trkpt><trkpt lat="46.17845147429034" lon="7.804843221325427"><ele>1106.5999755859375</ele></trkpt><trkpt lat="46.17845147429034" lon="7.804843221325427"><ele>1106.5999755859375</ele></trkpt><trkpt lat="46.17845147429034" lon="7.804843221325427"><ele>1106.5999755859375</ele></trkpt><trkpt lat="46.17845147429034" lon="7.804843221325427"><ele>1106.5999755859375</ele></trkpt><trkpt lat="46.17845147429034" lon="7.804843221325427"><ele>1106.5999755859375</ele></trkpt><trkpt lat="46.17845147429034" lon="7.804843221325427"><ele>1106.5999755859375</ele></trkpt><trkpt lat="46.17845147429034" lon="7.804843221325427"><ele>1106.5999755859375</ele></trkpt><trkpt lat="46.17845147429034" lon="7.804843221325427"><ele>1106.5999755859375</ele></trkpt><trkpt lat="46.17845147429034" lon="7.804843221325427"><ele>1106.5999755859375</ele></trkpt><trkpt lat="46.17845147429034" lon="7.804843221325427"><ele>1106.5999755859375</ele></trkpt><trkpt lat="46.17845147429034" lon="7.804843221325427"><ele>1106.5999755859375</ele></trkpt><trkpt lat="46.17845147429034" lon="7.804843221325427"><ele>1106.5999755859375</ele></trkpt><trkpt lat="46.17845147429034" lon="7.804843221325427"><ele>1106.5999755859375</ele></trkpt><trkpt lat="46.17845147429034" lon="7.804843221325427"><ele>1106.5999755859375</ele></trkpt><trkpt lat="46.178451482672244" lon="7.804840631317347"><ele>1106.5999755859375</ele></trkpt><trkpt lat="46.17835012311116" lon="7.8047505975700915"><ele>1107.7999877929688</ele></trkpt><trkpt lat="46.17816012725234" lon="7.804530471563339"><ele>1109.6999816894531</ele></trkpt><trkpt lat="46.178100146353245" lon="7.804440715815872"><ele>1110.3999938964844</ele></trkpt><trkpt lat="46.17804026603699" lon="7.8043198813684285"><ele>1111.0999755859375</ele></trkpt><trkpt lat="46.17800990771502" lon="7.804249749518931"><ele>1111.1999816894531</ele></trkpt><trkpt lat="46.177929948084056" lon="7.803939714562148"><ele>1112.6999816894531</ele></trkpt><trkpt lat="46.17790148453787" lon="7.803839810658246"><ele>1113.1999816894531</ele></trkpt><trkpt lat="46.17786142323166" lon="7.8037100452929735"><ele>1114.0999755859375</ele></trkpt><trkpt lat="46.17784005962312" lon="7.803639973979443"><ele>1114.6999816894531</ele></trkpt><trkpt lat="46.17779000662267" lon="7.803539926651865"><ele>1115.2999877929688</ele></trkpt><trkpt lat="46.17778014112264" lon="7.803530795965344"><ele>1115.6999816894531</ele></trkpt><trkpt lat="46.17775245150551" lon="7.803469746839255"><ele>1115.6999816894531</ele></trkpt><trkpt lat="46.1777524179779" lon="7.803480106405914"><ele>1115.6999816894531</ele></trkpt><trkpt lat="46.17775600776076" lon="7.803482720628381"><ele>1115.6999816894531</ele></trkpt><trkpt lat="46.17775600776076" lon="7.803482720628381"><ele>1115.6999816894531</ele></trkpt><trkpt lat="46.17775600776076" lon="7.803482720628381"><ele>1115.6999816894531</ele></trkpt><trkpt lat="46.17775600776076" lon="7.803482720628381"><ele>1115.6999816894531</ele></trkpt><trkpt lat="46.17775600776076" lon="7.803482720628381"><ele>1115.6999816894531</ele></trkpt><trkpt lat="46.17775600776076" lon="7.803482720628381"><ele>1115.6999816894531</ele></trkpt><trkpt lat="46.17775600776076" lon="7.803482720628381"><ele>1115.6999816894531</ele></trkpt><trkpt lat="46.17775600776076" lon="7.803482720628381"><ele>1115.6999816894531</ele></trkpt><trkpt lat="46.17775600776076" lon="7.803482720628381"><ele>1115.6999816894531</ele></trkpt><trkpt lat="46.17775600776076" lon="7.803482720628381"><ele>1115.6999816894531</ele></trkpt><trkpt lat="46.17775600776076" lon="7.803482720628381"><ele>1115.6999816894531</ele></trkpt><trkpt lat="46.17775600776076" lon="7.803482720628381"><ele>1115.6999816894531</ele></trkpt><trkpt lat="46.17775600776076" lon="7.803482720628381"><ele>1115.6999816894531</ele></trkpt><trkpt lat="46.17775600776076" lon="7.803482720628381"><ele>1115.6999816894531</ele></trkpt><trkpt lat="46.17775600776076" lon="7.803482720628381"><ele>1115.6999816894531</ele></trkpt><trkpt lat="46.17775600776076" lon="7.803482720628381"><ele>1115.6999816894531</ele></trkpt><trkpt lat="46.1777524179779" lon="7.803480106405914"><ele>1115.6999816894531</ele></trkpt><trkpt lat="46.17775245150551" lon="7.803469746839255"><ele>1115.6999816894531</ele></trkpt><trkpt lat="46.17767984280363" lon="7.80339026870206"><ele>1116.2999877929688</ele></trkpt><trkpt lat="46.17747002048418" lon="7.8031803774647415"><ele>1116.8999938964844</ele></trkpt><trkpt lat="46.17709997855127" lon="7.802720786072314"><ele>1114.0999755859375</ele></trkpt><trkpt lat="46.177010311279446" lon="7.80263083614409"><ele>1113.7999877929688</ele></trkpt><trkpt lat="46.17692151432857" lon="7.802549956832081"><ele>1113.0</ele></trkpt><trkpt lat="46.176750145852566" lon="7.80241025518626"><ele>1112.8999938964844</ele></trkpt><trkpt lat="46.17666025366634" lon="7.8023902317509055"><ele>1113.0999755859375</ele></trkpt><trkpt lat="46.17653990583494" lon="7.802329862490296"><ele>1112.5</ele></trkpt><trkpt lat="46.176389935426414" lon="7.8022498725913465"><ele>1113.6999816894531</ele></trkpt><trkpt lat="46.176370174624026" lon="7.8022406762465835"><ele>1113.7999877929688</ele></trkpt><trkpt lat="46.17634142236784" lon="7.802230125293136"><ele>1113.8999938964844</ele></trkpt><trkpt lat="46.17619244707748" lon="7.802120358683169"><ele>1115.0</ele></trkpt><trkpt lat="46.17623013211414" lon="7.802150393370539"><ele>1114.5</ele></trkpt><trkpt lat="46.176236412487924" lon="7.8021556148305535"><ele>1114.5</ele></trkpt><trkpt lat="46.176236412487924" lon="7.8021556148305535"><ele>1114.5</ele></trkpt><trkpt lat="46.176236412487924" lon="7.8021556148305535"><ele>1114.5</ele></trkpt><trkpt lat="46.176236412487924" lon="7.8021556148305535"><ele>1114.5</ele></trkpt><trkpt lat="46.176236412487924" lon="7.8021556148305535"><ele>1114.5</ele></trkpt><trkpt lat="46.176236412487924" lon="7.8021556148305535"><ele>1114.5</ele></trkpt><trkpt lat="46.176236412487924" lon="7.8021556148305535"><ele>1114.5</ele></trkpt><trkpt lat="46.176236412487924" lon="7.8021556148305535"><ele>1114.5</ele></trkpt><trkpt lat="46.176236412487924" lon="7.8021556148305535"><ele>1114.5</ele></trkpt><trkpt lat="46.176236412487924" lon="7.8021556148305535"><ele>1114.5</ele></trkpt><trkpt lat="46.176236412487924" lon="7.8021556148305535"><ele>1114.5</ele></trkpt><trkpt lat="46.176236412487924" lon="7.8021556148305535"><ele>1114.5</ele></trkpt><trkpt lat="46.176236412487924" lon="7.8021556148305535"><ele>1114.5</ele></trkpt><trkpt lat="46.176236412487924" lon="7.8021556148305535"><ele>1114.5</ele></trkpt><trkpt lat="46.176236412487924" lon="7.8021556148305535"><ele>1114.5</ele></trkpt><trkpt lat="46.176236412487924" lon="7.8021556148305535"><ele>1114.5</ele></trkpt><trkpt lat="46.17623013211414" lon="7.802150393370539"><ele>1114.5</ele></trkpt><trkpt lat="46.17619244707748" lon="7.802120358683169"><ele>1115.0</ele></trkpt><trkpt lat="46.17614030651748" lon="7.802109652198851"><ele>1115.1999816894531</ele></trkpt><trkpt lat="46.17603245237842" lon="7.802080445922911"><ele>1115.3999938964844</ele></trkpt><trkpt lat="46.175990235991776" lon="7.802060740534216"><ele>1115.2999877929688</ele></trkpt><trkpt lat="46.175930061843246" lon="7.802030556835234"><ele>1115.3999938964844</ele></trkpt><trkpt lat="46.17586988769472" lon="7.802000373136252"><ele>1115.3999938964844</ele></trkpt><trkpt lat="46.1758402986452" lon="7.801970392931253"><ele>1115.3999938964844</ele></trkpt><trkpt lat="46.17582147056237" lon="7.801950843539089"><ele>1115.3999938964844</ele></trkpt><trkpt lat="46.17579991463572" lon="7.801940340548754"><ele>1115.3999938964844</ele></trkpt><trkpt lat="46.175720079336315" lon="7.801869883667678"><ele>1115.3999938964844</ele></trkpt><trkpt lat="46.17569042323157" lon="7.801860621664673"><ele>1115.2999877929688</ele></trkpt><trkpt lat="46.17565987166017" lon="7.801850059069693"><ele>1115.2999877929688</ele></trkpt><trkpt lat="46.17561145033687" lon="7.801801824942231"><ele>1115.7999877929688</ele></trkpt><trkpt lat="46.17552002053708" lon="7.801700212992728"><ele>1115.6999816894531</ele></trkpt><trkpt lat="46.175472473260015" lon="7.801659754477441"><ele>1115.6999816894531</ele></trkpt><trkpt lat="46.17545004701242" lon="7.801640181336552"><ele>1115.7999877929688</ele></trkpt><trkpt lat="46.17530993744731" lon="7.80157061945647"><ele>1115.7999877929688</ele></trkpt><trkpt lat="46.175181430764496" lon="7.801529623102397"><ele>1115.0</ele></trkpt><trkpt lat="46.175220078323036" lon="7.801540239248425"><ele>1115.3999938964844</ele></trkpt><trkpt lat="46.17522905720398" lon="7.801545478403568"><ele>1115.3999938964844</ele></trkpt><trkpt lat="46.17522905720398" lon="7.801545478403568"><ele>1115.3999938964844</ele></trkpt><trkpt lat="46.17522905720398" lon="7.801545478403568"><ele>1115.3999938964844</ele></trkpt><trkpt lat="46.17522905720398" lon="7.801545478403568"><ele>1115.3999938964844</ele></trkpt><trkpt lat="46.17522905720398" lon="7.801545478403568"><ele>1115.3999938964844</ele></trkpt><trkpt lat="46.17522905720398" lon="7.801545478403568"><ele>1115.3999938964844</ele></trkpt><trkpt lat="46.17522905720398" lon="7.801545478403568"><ele>1115.3999938964844</ele></trkpt><trkpt lat="46.17522905720398" lon="7.801545478403568"><ele>1115.3999938964844</ele></trkpt><trkpt lat="46.17522905720398" lon="7.801545478403568"><ele>1115.3999938964844</ele></trkpt><trkpt lat="46.17522905720398" lon="7.801545478403568"><ele>1115.3999938964844</ele></trkpt><trkpt lat="46.17522905720398" lon="7.801545478403568"><ele>1115.3999938964844</ele></trkpt><trkpt lat="46.17522905720398" lon="7.801545478403568"><ele>1115.3999938964844</ele></trkpt><trkpt lat="46.17522905720398" lon="7.801545478403568"><ele>1115.3999938964844</ele></trkpt><trkpt lat="46.17522905720398" lon="7.801545478403568"><ele>1115.3999938964844</ele></trkpt><trkpt lat="46.17522905720398" lon="7.801545478403568"><ele>1115.3999938964844</ele></trkpt><trkpt lat="46.17522905720398" lon="7.801545478403568"><ele>1115.3999938964844</ele></trkpt><trkpt lat="46.175220078323036" lon="7.801540239248425"><ele>1115.3999938964844</ele></trkpt><trkpt lat="46.175181430764496" lon="7.801529623102397"><ele>1115.0</ele></trkpt><trkpt lat="46.17512029083446" lon="7.801520152017474"><ele>1114.8999938964844</ele></trkpt><trkpt lat="46.175069882534444" lon="7.801530176308006"><ele>1114.7999877929688</ele></trkpt><trkpt lat="46.174962447956204" lon="7.801370189059526"><ele>1115.2999877929688</ele></trkpt><trkpt lat="46.17490150267258" lon="7.801299859303981"><ele>1115.5</ele></trkpt><trkpt lat="46.174850419629365" lon="7.801239954307675"><ele>1115.6999816894531</ele></trkpt><trkpt lat="46.17473019566387" lon="7.801140743307769"><ele>1115.7999877929688</ele></trkpt><trkpt lat="46.17458025692031" lon="7.801050399895757"><ele>1115.5999755859375</ele></trkpt><trkpt lat="46.174389901105314" lon="7.8009403655305505"><ele>1115.1999816894531</ele></trkpt><trkpt lat="46.1742902752012" lon="7.800869780126959"><ele>1115.0999755859375</ele></trkpt><trkpt lat="46.174080319702625" lon="7.800700052175671"><ele>1114.6999816894531</ele></trkpt><trkpt lat="46.17396983318031" lon="7.800650114193559"><ele>1114.5999755859375</ele></trkpt><trkpt lat="46.173739863559604" lon="7.80055017862469"><ele>1114.2999877929688</ele></trkpt><trkpt lat="46.17367249261588" lon="7.800519949756563"><ele>1114.2999877929688</ele></trkpt><trkpt lat="46.17367787333205" lon="7.800525165162981"><ele>1114.2999877929688</ele></trkpt><trkpt lat="46.17367787333205" lon="7.800525165162981"><ele>1114.2999877929688</ele></trkpt><trkpt lat="46.17367787333205" lon="7.800525165162981"><ele>1114.2999877929688</ele></trkpt><trkpt lat="46.17367787333205" lon="7.800525165162981"><ele>1114.2999877929688</ele></trkpt><trkpt lat="46.17367787333205" lon="7.800525165162981"><ele>1114.2999877929688</ele></trkpt><trkpt lat="46.17367787333205" lon="7.800525165162981"><ele>1114.2999877929688</ele></trkpt><trkpt lat="46.17367249261588" lon="7.800519949756563"><ele>1114.2999877929688</ele></trkpt><trkpt lat="46.173739863559604" lon="7.80055017862469"><ele>1114.2999877929688</ele></trkpt><trkpt lat="46.17341016838327" lon="7.800410737283528"><ele>1114.1999816894531</ele></trkpt><trkpt lat="46.17337242048234" lon="7.800400128122419"><ele>1114.0</ele></trkpt><trkpt lat="46.17333023715764" lon="7.800370066426694"><ele>1114.0</ele></trkpt><trkpt lat="46.173222481738776" lon="7.800309788901359"><ele>1114.0</ele></trkpt><trkpt lat="46.17313991347328" lon="7.800249678548425"><ele>1113.8999938964844</ele></trkpt><trkpt lat="46.17306993948296" lon="7.800189651083201"><ele>1114.0999755859375</ele></trkpt><trkpt lat="46.17296144133434" lon="7.800080164801329"><ele>1113.8999938964844</ele></trkpt><trkpt lat="46.17294980958104" lon="7.800060664769262"><ele>1113.8999938964844</ele></trkpt><trkpt lat="46.172952487599105" lon="7.80006715701893"><ele>1113.8999938964844</ele></trkpt><trkpt lat="46.172952487599105" lon="7.80006715701893"><ele>1113.8999938964844</ele></trkpt><trkpt lat="46.172952487599105" lon="7.80006715701893"><ele>1113.8999938964844</ele></trkpt><trkpt lat="46.172952487599105" lon="7.80006715701893"><ele>1113.8999938964844</ele></trkpt><trkpt lat="46.172952487599105" lon="7.80006715701893"><ele>1113.8999938964844</ele></trkpt><trkpt lat="46.172952487599105" lon="7.80006715701893"><ele>1113.8999938964844</ele></trkpt><trkpt lat="46.17294980958104" lon="7.800060664769262"><ele>1113.8999938964844</ele></trkpt><trkpt lat="46.17296144133434" lon="7.800080164801329"><ele>1113.8999938964844</ele></trkpt><trkpt lat="46.17283148271963" lon="7.799930396024138"><ele>1113.8999938964844</ele></trkpt><trkpt lat="46.17278039874509" lon="7.799870494753122"><ele>1113.7999877929688</ele></trkpt><trkpt lat="46.17270146170631" lon="7.799800050444901"><ele>1113.6999816894531</ele></trkpt><trkpt lat="46.17260003183037" lon="7.799730752129108"><ele>1113.3999938964844</ele></trkpt><trkpt lat="46.172610154375434" lon="7.799659602344036"><ele>1113.6999816894531</ele></trkpt><trkpt lat="46.17261024937034" lon="7.799629821442068"><ele>1113.7999877929688</ele></trkpt><trkpt lat="46.17261047242209" lon="7.7995599010027945"><ele>1114.2999877929688</ele></trkpt><trkpt lat="46.17256028018892" lon="7.7992203193716705"><ele>1116.5999755859375</ele></trkpt><trkpt lat="46.172551474999636" lon="7.799160697963089"><ele>1117.0999755859375</ele></trkpt><trkpt lat="46.172539974562824" lon="7.799099764320999"><ele>1117.7999877929688</ele></trkpt><trkpt lat="46.17251041345298" lon="7.799060723744333"><ele>1118.0</ele></trkpt><trkpt lat="46.17247006157413" lon="7.7990203173831105"><ele>1118.5</ele></trkpt><trkpt lat="46.17240008665249" lon="7.798960292711854"><ele>1119.2999877929688</ele></trkpt><trkpt lat="46.1723615010269" lon="7.7989302566275"><ele>1119.7999877929688</ele></trkpt><trkpt lat="46.17231035511941" lon="7.798889779020101"><ele>1120.3999938964844</ele></trkpt><trkpt lat="46.17226004227996" lon="7.798870024736971"><ele>1120.8999938964844</ele></trkpt><trkpt lat="46.171970119699836" lon="7.798670002724975"><ele>1124.0</ele></trkpt><trkpt lat="46.17208144068718" lon="7.7987406575120986"><ele>1122.3999938964844</ele></trkpt><trkpt lat="46.17208951199427" lon="7.798748479690403"><ele>1122.3999938964844</ele></trkpt><trkpt lat="46.17208951199427" lon="7.798748479690403"><ele>1122.3999938964844</ele></trkpt><trkpt lat="46.17208951199427" lon="7.798748479690403"><ele>1122.3999938964844</ele></trkpt><trkpt lat="46.17208951199427" lon="7.798748479690403"><ele>1122.3999938964844</ele></trkpt><trkpt lat="46.17208951199427" lon="7.798748479690403"><ele>1122.3999938964844</ele></trkpt><trkpt lat="46.17208951199427" lon="7.798748479690403"><ele>1122.3999938964844</ele></trkpt><trkpt lat="46.17208951199427" lon="7.798748479690403"><ele>1122.3999938964844</ele></trkpt><trkpt lat="46.17208951199427" lon="7.798748479690403"><ele>1122.3999938964844</ele></trkpt><trkpt lat="46.17208951199427" lon="7.798748479690403"><ele>1122.3999938964844</ele></trkpt><trkpt lat="46.17208951199427" lon="7.798748479690403"><ele>1122.3999938964844</ele></trkpt><trkpt lat="46.17208951199427" lon="7.798748479690403"><ele>1122.3999938964844</ele></trkpt><trkpt lat="46.17208951199427" lon="7.798748479690403"><ele>1122.3999938964844</ele></trkpt><trkpt lat="46.17208951199427" lon="7.798748479690403"><ele>1122.3999938964844</ele></trkpt><trkpt lat="46.17208951199427" lon="7.798748479690403"><ele>1122.3999938964844</ele></trkpt><trkpt lat="46.17208951199427" lon="7.798748479690403"><ele>1122.3999938964844</ele></trkpt><trkpt lat="46.17208951199427" lon="7.798748479690403"><ele>1122.3999938964844</ele></trkpt><trkpt lat="46.17208144068718" lon="7.7987406575120986"><ele>1122.3999938964844</ele></trkpt><trkpt lat="46.171970119699836" lon="7.798670002724975"><ele>1124.0</ele></trkpt><trkpt lat="46.171849864535034" lon="7.798579866532236"><ele>1125.2999877929688</ele></trkpt><trkpt lat="46.17167036328465" lon="7.798450495582074"><ele>1127.1999816894531</ele></trkpt><trkpt lat="46.171090515796095" lon="7.798050462268293"><ele>1133.5999755859375</ele></trkpt><trkpt lat="46.17078982992098" lon="7.79784001968801"><ele>1136.5</ele></trkpt><trkpt lat="46.17075031157583" lon="7.797820338048041"><ele>1136.6999816894531</ele></trkpt><trkpt lat="46.170753901824355" lon="7.797822950873524"><ele>1136.6999816894531</ele></trkpt><trkpt lat="46.170753901824355" lon="7.797822950873524"><ele>1136.6999816894531</ele></trkpt><trkpt lat="46.170753901824355" lon="7.797822950873524"><ele>1136.6999816894531</ele></trkpt><trkpt lat="46.170753901824355" lon="7.797822950873524"><ele>1136.6999816894531</ele></trkpt><trkpt lat="46.170753901824355" lon="7.797822950873524"><ele>1136.6999816894531</ele></trkpt><trkpt lat="46.170753901824355" lon="7.797822950873524"><ele>1136.6999816894531</ele></trkpt><trkpt lat="46.170753901824355" lon="7.797822950873524"><ele>1136.6999816894531</ele></trkpt><trkpt lat="46.170753901824355" lon="7.797822950873524"><ele>1136.6999816894531</ele></trkpt><trkpt lat="46.170753901824355" lon="7.797822950873524"><ele>1136.6999816894531</ele></trkpt><trkpt lat="46.170753901824355" lon="7.797822950873524"><ele>1136.6999816894531</ele></trkpt><trkpt lat="46.170753901824355" lon="7.797822950873524"><ele>1136.6999816894531</ele></trkpt><trkpt lat="46.170753901824355" lon="7.797822950873524"><ele>1136.6999816894531</ele></trkpt><trkpt lat="46.170753901824355" lon="7.797822950873524"><ele>1136.6999816894531</ele></trkpt><trkpt lat="46.170753901824355" lon="7.797822950873524"><ele>1136.6999816894531</ele></trkpt><trkpt lat="46.170753901824355" lon="7.797822950873524"><ele>1136.6999816894531</ele></trkpt><trkpt lat="46.170753901824355" lon="7.797822950873524"><ele>1136.6999816894531</ele></trkpt><trkpt lat="46.17075031157583" lon="7.797820338048041"><ele>1136.6999816894531</ele></trkpt><trkpt lat="46.17078982992098" lon="7.79784001968801"><ele>1136.5</ele></trkpt><trkpt lat="46.17070003179833" lon="7.797790226526558"><ele>1136.8999938964844</ele></trkpt><trkpt lat="46.170660509262234" lon="7.797771839424968"><ele>1137.1999816894531</ele></trkpt><trkpt lat="46.170629928819835" lon="7.797770343720913"><ele>1137.8999938964844</ele></trkpt><trkpt lat="46.17060024384409" lon="7.7977701486088336"><ele>1138.0</ele></trkpt><trkpt lat="46.17056149756536" lon="7.79779061069712"><ele>1138.3999938964844</ele></trkpt><trkpt lat="46.170500200707465" lon="7.797830346506089"><ele>1139.0999755859375</ele></trkpt><trkpt lat="46.17041991930455" lon="7.797899737488478"><ele>1140.5</ele></trkpt><trkpt lat="46.1702900310047" lon="7.7980102356523275"><ele>1141.6999816894531</ele></trkpt><trkpt lat="46.17024046136066" lon="7.798039689660072"><ele>1141.8999938964844</ele></trkpt><trkpt lat="46.170112499501556" lon="7.798110061325133"><ele>1142.6999816894531</ele></trkpt><trkpt lat="46.170070187654346" lon="7.798120141029358"><ele>1142.7999877929688</ele></trkpt><trkpt lat="46.16997021064162" lon="7.79815962119028"><ele>1143.1999816894531</ele></trkpt><trkpt lat="46.16995038744062" lon="7.798169848974794"><ele>1143.1999816894531</ele></trkpt><trkpt lat="46.16995396092534" lon="7.798177641350776"><ele>1143.1999816894531</ele></trkpt><trkpt lat="46.16995396092534" lon="7.798177641350776"><ele>1143.1999816894531</ele></trkpt><trkpt lat="46.16995396092534" lon="7.798177641350776"><ele>1143.1999816894531</ele></trkpt><trkpt lat="46.16995396092534" lon="7.798177641350776"><ele>1143.1999816894531</ele></trkpt><trkpt lat="46.16995396092534" lon="7.798177641350776"><ele>1143.1999816894531</ele></trkpt><trkpt lat="46.16995396092534" lon="7.798177641350776"><ele>1143.1999816894531</ele></trkpt><trkpt lat="46.16995396092534" lon="7.798177641350776"><ele>1143.1999816894531</ele></trkpt><trkpt lat="46.16995396092534" lon="7.798177641350776"><ele>1143.1999816894531</ele></trkpt><trkpt lat="46.16995396092534" lon="7.798177641350776"><ele>1143.1999816894531</ele></trkpt><trkpt lat="46.16995396092534" lon="7.798177641350776"><ele>1143.1999816894531</ele></trkpt><trkpt lat="46.16995396092534" lon="7.798177641350776"><ele>1143.1999816894531</ele></trkpt><trkpt lat="46.16995396092534" lon="7.798177641350776"><ele>1143.1999816894531</ele></trkpt><trkpt lat="46.16995396092534" lon="7.798177641350776"><ele>1143.1999816894531</ele></trkpt><trkpt lat="46.16995396092534" lon="7.798177641350776"><ele>1143.1999816894531</ele></trkpt><trkpt lat="46.16995396092534" lon="7.798177641350776"><ele>1143.1999816894531</ele></trkpt><trkpt lat="46.16995396092534" lon="7.798177641350776"><ele>1143.1999816894531</ele></trkpt><trkpt lat="46.16995038744062" lon="7.798169848974794"><ele>1143.1999816894531</ele></trkpt><trkpt lat="46.16997021064162" lon="7.79815962119028"><ele>1143.1999816894531</ele></trkpt><trkpt lat="46.16989005217329" lon="7.798190168570727"><ele>1143.2999877929688</ele></trkpt><trkpt lat="46.169799998402596" lon="7.798220650292933"><ele>1143.3999938964844</ele></trkpt><trkpt lat="46.169460515026" lon="7.79832976590842"><ele>1143.7999877929688</ele></trkpt><trkpt lat="46.16909037716687" lon="7.798460688907653"><ele>1144.7999877929688</ele></trkpt><trkpt lat="46.16883014468476" lon="7.79854183876887"><ele>1145.2999877929688</ele></trkpt><trkpt lat="46.16869149077684" lon="7.798579767812043"><ele>1145.5</ele></trkpt><trkpt lat="46.16856998577714" lon="7.798599683213979"><ele>1145.6999816894531</ele></trkpt><trkpt lat="46.168422422837466" lon="7.798610363155603"><ele>1146.0999755859375</ele></trkpt><trkpt lat="46.16829018527642" lon="7.798610786441714"><ele>1146.2999877929688</ele></trkpt><trkpt lat="46.168180502485484" lon="7.798590642400086"><ele>1146.3999938964844</ele></trkpt><trkpt lat="46.16810047579929" lon="7.7985797566361725"><ele>1146.5999755859375</ele></trkpt><trkpt lat="46.1680205068551" lon="7.798550745472312"><ele>1147.1999816894531</ele></trkpt><trkpt lat="46.16802947735414" lon="7.798558573238552"><ele>1147.1999816894531</ele></trkpt><trkpt lat="46.16802947735414" lon="7.798558573238552"><ele>1147.1999816894531</ele></trkpt><trkpt lat="46.16802947735414" lon="7.798558573238552"><ele>1147.1999816894531</ele></trkpt><trkpt lat="46.16802947735414" lon="7.798558573238552"><ele>1147.1999816894531</ele></trkpt><trkpt lat="46.16802947735414" lon="7.798558573238552"><ele>1147.1999816894531</ele></trkpt><trkpt lat="46.16802947735414" lon="7.798558573238552"><ele>1147.1999816894531</ele></trkpt><trkpt lat="46.16802947735414" lon="7.798558573238552"><ele>1147.1999816894531</ele></trkpt><trkpt lat="46.16802947735414" lon="7.798558573238552"><ele>1147.1999816894531</ele></trkpt><trkpt lat="46.1680205068551" lon="7.798550745472312"><ele>1147.1999816894531</ele></trkpt><trkpt lat="46.16810047579929" lon="7.7985797566361725"><ele>1146.5999755859375</ele></trkpt><trkpt lat="46.167519895359874" lon="7.798410204704851"><ele>1147.6999816894531</ele></trkpt><trkpt lat="46.167350037489086" lon="7.798359886277467"><ele>1148.0</ele></trkpt><trkpt lat="46.16726020630449" lon="7.798320452682674"><ele>1148.2999877929688</ele></trkpt><trkpt lat="46.16718027414754" lon="7.798279790207744"><ele>1148.2999877929688</ele></trkpt><trkpt lat="46.16711023263633" lon="7.798240486998111"><ele>1148.3999938964844</ele></trkpt><trkpt lat="46.16706988075748" lon="7.798200085293502"><ele>1148.5</ele></trkpt><trkpt lat="46.167030428536236" lon="7.798159689176828"><ele>1148.6999816894531</ele></trkpt><trkpt lat="46.16701249917969" lon="7.7981401504948735"><ele>1148.7999877929688</ele></trkpt><trkpt lat="46.16698021022603" lon="7.7981101595796645"><ele>1148.8999938964844</ele></trkpt><trkpt lat="46.166910329367965" lon="7.798020364250988"><ele>1149.0</ele></trkpt><trkpt lat="46.16693005757406" lon="7.798039914574474"><ele>1148.8999938964844</ele></trkpt><trkpt lat="46.16693632956594" lon="7.7980477241799235"><ele>1148.8999938964844</ele></trkpt><trkpt lat="46.16693632956594" lon="7.7980477241799235"><ele>1148.8999938964844</ele></trkpt><trkpt lat="46.16693632956594" lon="7.7980477241799235"><ele>1148.8999938964844</ele></trkpt><trkpt lat="46.16693632956594" lon="7.7980477241799235"><ele>1148.8999938964844</ele></trkpt><trkpt lat="46.16693632956594" lon="7.7980477241799235"><ele>1148.8999938964844</ele></trkpt><trkpt lat="46.16693632956594" lon="7.7980477241799235"><ele>1148.8999938964844</ele></trkpt><trkpt lat="46.16693632956594" lon="7.7980477241799235"><ele>1148.8999938964844</ele></trkpt><trkpt lat="46.16693632956594" lon="7.7980477241799235"><ele>1148.8999938964844</ele></trkpt><trkpt lat="46.16693005757406" lon="7.798039914574474"><ele>1148.8999938964844</ele></trkpt><trkpt lat="46.166910329367965" lon="7.798020364250988"><ele>1149.0</ele></trkpt><trkpt lat="46.16685040900484" lon="7.797909919172525"><ele>1149.0999755859375</ele></trkpt><trkpt lat="46.166791417170316" lon="7.797790417447686"><ele>1149.3999938964844</ele></trkpt><trkpt lat="46.16674145357683" lon="7.7976606180891395"><ele>1149.7999877929688</ele></trkpt><trkpt lat="46.166701450478286" lon="7.797510168515146"><ele>1150.0</ele></trkpt><trkpt lat="46.166659804061055" lon="7.797310509718955"><ele>1150.2999877929688</ele></trkpt><trkpt lat="46.166610188782215" lon="7.797070662956685"><ele>1150.5999755859375</ele></trkpt><trkpt lat="46.16654004296288" lon="7.796780188102275"><ele>1150.2999877929688</ele></trkpt><trkpt lat="46.16651247255504" lon="7.7966803149320185"><ele>1150.3999938964844</ele></trkpt><trkpt lat="46.16648040432483" lon="7.796580412425101"><ele>1150.5999755859375</ele></trkpt><trkpt lat="46.1664401460439" lon="7.796510234940797"><ele>1151.0999755859375</ele></trkpt><trkpt lat="46.16639994876459" lon="7.796420637052506"><ele>1151.0999755859375</ele></trkpt><trkpt lat="46.166352494154125" lon="7.796350412070751"><ele>1151.1999816894531</ele></trkpt><trkpt lat="46.16629244526848" lon="7.79628010513261"><ele>1151.3999938964844</ele></trkpt><trkpt lat="46.16630050865933" lon="7.796290515456349"><ele>1151.2999877929688</ele></trkpt><trkpt lat="46.16630948334932" lon="7.796297047752887"><ele>1151.2999877929688</ele></trkpt><trkpt lat="46.16630948334932" lon="7.796297047752887"><ele>1151.2999877929688</ele></trkpt><trkpt lat="46.16630948334932" lon="7.796297047752887"><ele>1151.2999877929688</ele></trkpt><trkpt lat="46.16630948334932" lon="7.796297047752887"><ele>1151.2999877929688</ele></trkpt><trkpt lat="46.16630948334932" lon="7.796297047752887"><ele>1151.2999877929688</ele></trkpt><trkpt lat="46.16630948334932" lon="7.796297047752887"><ele>1151.2999877929688</ele></trkpt><trkpt lat="46.16630948334932" lon="7.796297047752887"><ele>1151.2999877929688</ele></trkpt><trkpt lat="46.16630948334932" lon="7.796297047752887"><ele>1151.2999877929688</ele></trkpt><trkpt lat="46.16630948334932" lon="7.796297047752887"><ele>1151.2999877929688</ele></trkpt><trkpt lat="46.16630948334932" lon="7.796297047752887"><ele>1151.2999877929688</ele></trkpt><trkpt lat="46.16630948334932" lon="7.796297047752887"><ele>1151.2999877929688</ele></trkpt><trkpt lat="46.16630948334932" lon="7.796297047752887"><ele>1151.2999877929688</ele></trkpt><trkpt lat="46.16630948334932" lon="7.796297047752887"><ele>1151.2999877929688</ele></trkpt><trkpt lat="46.16630948334932" lon="7.796297047752887"><ele>1151.2999877929688</ele></trkpt><trkpt lat="46.16630948334932" lon="7.796297047752887"><ele>1151.2999877929688</ele></trkpt><trkpt lat="46.16630948334932" lon="7.796297047752887"><ele>1151.2999877929688</ele></trkpt><trkpt lat="46.16630050865933" lon="7.796290515456349"><ele>1151.2999877929688</ele></trkpt><trkpt lat="46.16629244526848" lon="7.79628010513261"><ele>1151.3999938964844</ele></trkpt><trkpt lat="46.16623149719089" lon="7.796209792140871"><ele>1152.0</ele></trkpt><trkpt lat="46.166180345695466" lon="7.796170616522431"><ele>1152.1999816894531</ele></trkpt><trkpt lat="46.166091511491686" lon="7.79610012145713"><ele>1152.3999938964844</ele></trkpt><trkpt lat="46.1659514317289" lon="7.796020227950066"><ele>1152.6999816894531</ele></trkpt><trkpt lat="46.165779900271446" lon="7.795929772313684"><ele>1152.5999755859375</ele></trkpt><trkpt lat="46.165460160467774" lon="7.795769729185849"><ele>1153.2999877929688</ele></trkpt><trkpt lat="46.1650704103522" lon="7.795560033526272"><ele>1154.0</ele></trkpt><trkpt lat="46.164770427159965" lon="7.7954104812815785"><ele>1154.7999877929688</ele></trkpt><trkpt lat="46.164519890677184" lon="7.795270316302776"><ele>1155.2999877929688</ele></trkpt><trkpt lat="46.16413011122495" lon="7.79506968986243"><ele>1156.1999816894531</ele></trkpt><trkpt lat="46.1639603455551" lon="7.794989608693868"><ele>1156.5999755859375</ele></trkpt><trkpt lat="46.16398999793455" lon="7.7950001591816545"><ele>1156.3999938964844</ele></trkpt><trkpt lat="46.163997165858746" lon="7.795009268447757"><ele>1156.3999938964844</ele></trkpt><trkpt lat="46.163997165858746" lon="7.795009268447757"><ele>1156.3999938964844</ele></trkpt><trkpt lat="46.163997165858746" lon="7.795009268447757"><ele>1156.3999938964844</ele></trkpt><trkpt lat="46.163997165858746" lon="7.795009268447757"><ele>1156.3999938964844</ele></trkpt><trkpt lat="46.163997165858746" lon="7.795009268447757"><ele>1156.3999938964844</ele></trkpt><trkpt lat="46.163997165858746" lon="7.795009268447757"><ele>1156.3999938964844</ele></trkpt><trkpt lat="46.163997165858746" lon="7.795009268447757"><ele>1156.3999938964844</ele></trkpt><trkpt lat="46.163997165858746" lon="7.795009268447757"><ele>1156.3999938964844</ele></trkpt><trkpt lat="46.163997165858746" lon="7.795009268447757"><ele>1156.3999938964844</ele></trkpt><trkpt lat="46.163997165858746" lon="7.795009268447757"><ele>1156.3999938964844</ele></trkpt><trkpt lat="46.163997165858746" lon="7.795009268447757"><ele>1156.3999938964844</ele></trkpt><trkpt lat="46.163997165858746" lon="7.795009268447757"><ele>1156.3999938964844</ele></trkpt><trkpt lat="46.163997165858746" lon="7.795009268447757"><ele>1156.3999938964844</ele></trkpt><trkpt lat="46.163997165858746" lon="7.795009268447757"><ele>1156.3999938964844</ele></trkpt><trkpt lat="46.163997165858746" lon="7.795009268447757"><ele>1156.3999938964844</ele></trkpt><trkpt lat="46.163997165858746" lon="7.795009268447757"><ele>1156.3999938964844</ele></trkpt><trkpt lat="46.16398999793455" lon="7.7950001591816545"><ele>1156.3999938964844</ele></trkpt><trkpt lat="46.1639603455551" lon="7.794989608693868"><ele>1156.5999755859375</ele></trkpt><trkpt lat="46.16383009497076" lon="7.7949304999783635"><ele>1156.8999938964844</ele></trkpt><trkpt lat="46.163782451767474" lon="7.794919832143933"><ele>1157.0</ele></trkpt><trkpt lat="46.163650401402265" lon="7.794860711786896"><ele>1157.5</ele></trkpt><trkpt lat="46.16360009228811" lon="7.794839669484645"><ele>1157.6999816894531</ele></trkpt><trkpt lat="46.163549811113626" lon="7.794809564948082"><ele>1157.7999877929688</ele></trkpt><trkpt lat="46.16277147224173" lon="7.79401995241642"><ele>1162.3999938964844</ele></trkpt><trkpt lat="46.1630100030452" lon="7.794259714428335"><ele>1160.0999755859375</ele></trkpt><trkpt lat="46.16301447246224" lon="7.794268805999309"><ele>1160.0999755859375</ele></trkpt><trkpt lat="46.16301447246224" lon="7.794268805999309"><ele>1160.0999755859375</ele></trkpt><trkpt lat="46.16301447246224" lon="7.794268805999309"><ele>1160.0999755859375</ele></trkpt><trkpt lat="46.16301447246224" lon="7.794268805999309"><ele>1160.0999755859375</ele></trkpt><trkpt lat="46.16301447246224" lon="7.794268805999309"><ele>1160.0999755859375</ele></trkpt><trkpt lat="46.16301447246224" lon="7.794268805999309"><ele>1160.0999755859375</ele></trkpt><trkpt lat="46.16301447246224" lon="7.794268805999309"><ele>1160.0999755859375</ele></trkpt><trkpt lat="46.16301447246224" lon="7.794268805999309"><ele>1160.0999755859375</ele></trkpt><trkpt lat="46.16301447246224" lon="7.794268805999309"><ele>1160.0999755859375</ele></trkpt><trkpt lat="46.16301447246224" lon="7.794268805999309"><ele>1160.0999755859375</ele></trkpt><trkpt lat="46.16301447246224" lon="7.794268805999309"><ele>1160.0999755859375</ele></trkpt><trkpt lat="46.16301447246224" lon="7.794268805999309"><ele>1160.0999755859375</ele></trkpt><trkpt lat="46.16301447246224" lon="7.794268805999309"><ele>1160.0999755859375</ele></trkpt><trkpt lat="46.16301447246224" lon="7.794268805999309"><ele>1160.0999755859375</ele></trkpt><trkpt lat="46.16301447246224" lon="7.794268805999309"><ele>1160.0999755859375</ele></trkpt><trkpt lat="46.16301447246224" lon="7.794268805999309"><ele>1160.0999755859375</ele></trkpt><trkpt lat="46.1630100030452" lon="7.794259714428335"><ele>1160.0999755859375</ele></trkpt><trkpt lat="46.16277147224173" lon="7.79401995241642"><ele>1162.3999938964844</ele></trkpt><trkpt lat="46.16272041806951" lon="7.79394971113652"><ele>1163.1999816894531</ele></trkpt><trkpt lat="46.16268006013706" lon="7.793910610023886"><ele>1162.8999938964844</ele></trkpt><trkpt lat="46.16261988412589" lon="7.793880442623049"><ele>1163.1999816894531</ele></trkpt><trkpt lat="46.162561474367976" lon="7.793860643636435"><ele>1163.5</ele></trkpt><trkpt lat="46.16248147608712" lon="7.793840704020113"><ele>1163.8999938964844</ele></trkpt><trkpt lat="46.16188984643668" lon="7.793750118929893"><ele>1166.5</ele></trkpt><trkpt lat="46.16174151049927" lon="7.7937206737697124"><ele>1167.2999877929688</ele></trkpt><trkpt lat="46.16163992276415" lon="7.793700594455004"><ele>1167.6999816894531</ele></trkpt><trkpt lat="46.161550061777234" lon="7.793670234736055"><ele>1168.0999755859375</ele></trkpt><trkpt lat="46.161089924164116" lon="7.793530019000173"><ele>1169.3999938964844</ele></trkpt><trkpt lat="46.16104051005095" lon="7.793510279152542"><ele>1169.3999938964844</ele></trkpt><trkpt lat="46.1608904725872" lon="7.793449753895402"><ele>1169.6999816894531</ele></trkpt><trkpt lat="46.16077998233959" lon="7.793399842455983"><ele>1169.5</ele></trkpt><trkpt lat="46.16060038143769" lon="7.793300289195031"><ele>1169.5</ele></trkpt><trkpt lat="46.160680319182575" lon="7.793339645024389"><ele>1169.5</ele></trkpt><trkpt lat="46.16068749548867" lon="7.793346164748073"><ele>1169.5</ele></trkpt><trkpt lat="46.16068749548867" lon="7.793346164748073"><ele>1169.5</ele></trkpt><trkpt lat="46.16068749548867" lon="7.793346164748073"><ele>1169.5</ele></trkpt><trkpt lat="46.16068749548867" lon="7.793346164748073"><ele>1169.5</ele></trkpt><trkpt lat="46.16068749548867" lon="7.793346164748073"><ele>1169.5</ele></trkpt><trkpt lat="46.16068749548867" lon="7.793346164748073"><ele>1169.5</ele></trkpt><trkpt lat="46.16068749548867" lon="7.793346164748073"><ele>1169.5</ele></trkpt><trkpt lat="46.16068749548867" lon="7.793346164748073"><ele>1169.5</ele></trkpt><trkpt lat="46.16068749548867" lon="7.793346164748073"><ele>1169.5</ele></trkpt><trkpt lat="46.16068749548867" lon="7.793346164748073"><ele>1169.5</ele></trkpt><trkpt lat="46.16068749548867" lon="7.793346164748073"><ele>1169.5</ele></trkpt><trkpt lat="46.16068749548867" lon="7.793346164748073"><ele>1169.5</ele></trkpt><trkpt lat="46.16068749548867" lon="7.793346164748073"><ele>1169.5</ele></trkpt><trkpt lat="46.16068749548867" lon="7.793346164748073"><ele>1169.5</ele></trkpt><trkpt lat="46.16068749548867" lon="7.793346164748073"><ele>1169.5</ele></trkpt><trkpt lat="46.16068749548867" lon="7.793346164748073"><ele>1169.5</ele></trkpt><trkpt lat="46.160680319182575" lon="7.793339645024389"><ele>1169.5</ele></trkpt><trkpt lat="46.16060038143769" lon="7.793300289195031"><ele>1169.5</ele></trkpt><trkpt lat="46.16053031012416" lon="7.79327005892992"><ele>1169.3999938964844</ele></trkpt><trkpt lat="46.16050245240331" lon="7.79326081648469"><ele>1169.3999938964844</ele></trkpt><trkpt lat="46.16046014521271" lon="7.793269603513181"><ele>1169.5999755859375</ele></trkpt><trkpt lat="46.160370028577745" lon="7.793320800643414"><ele>1170.0</ele></trkpt><trkpt lat="46.160320492461324" lon="7.793339897412807"><ele>1170.2999877929688</ele></trkpt><trkpt lat="46.16026019025594" lon="7.793349862564355"><ele>1170.7999877929688</ele></trkpt><trkpt lat="46.160222470294684" lon="7.793330199085176"><ele>1171.0999755859375</ele></trkpt><trkpt lat="46.160180285107344" lon="7.793300150427967"><ele>1171.5</ele></trkpt><trkpt lat="46.15971022937447" lon="7.792880256194621"><ele>1177.0</ele></trkpt><trkpt lat="46.15952997980639" lon="7.792700441088527"><ele>1178.1999816894531</ele></trkpt><trkpt lat="46.159320045262575" lon="7.7925204345956445"><ele>1179.8999938964844</ele></trkpt><trkpt lat="46.15925009921193" lon="7.792450076900423"><ele>1180.5999755859375</ele></trkpt><trkpt lat="46.159180214162916" lon="7.792360301595181"><ele>1181.6999816894531</ele></trkpt><trkpt lat="46.159070068039" lon="7.792200361378491"><ele>1183.2999877929688</ele></trkpt><trkpt lat="46.158921459689736" lon="7.791970268823206"><ele>1185.5</ele></trkpt><trkpt lat="46.15887040365487" lon="7.791900034528226"><ele>1186.1999816894531</ele></trkpt><trkpt lat="46.158810320310295" lon="7.791840097866952"><ele>1187.0</ele></trkpt><trkpt lat="46.158750200178474" lon="7.791791812051088"><ele>1187.3999938964844</ele></trkpt><trkpt lat="46.158600291237235" lon="7.791689870879054"><ele>1189.2999877929688</ele></trkpt><trkpt lat="46.158470071386546" lon="7.79162042029202"><ele>1191.2999877929688</ele></trkpt><trkpt lat="46.158399999607354" lon="7.791590193752199"><ele>1191.6999816894531</ele></trkpt><trkpt lat="46.15836038766429" lon="7.791600293945521"><ele>1192.1999816894531</ele></trkpt><trkpt lat="46.158319875597954" lon="7.791610388085246"><ele>1192.6999816894531</ele></trkpt><trkpt lat="46.1582802310586" lon="7.791630844119936"><ele>1193.1999816894531</ele></trkpt><trkpt lat="46.158209880813956" lon="7.791689937002957"><ele>1194.0</ele></trkpt><trkpt lat="46.157969813328236" lon="7.791940813884139"><ele>1197.0</ele></trkpt><trkpt lat="46.158000494819134" lon="7.79190994380042"><ele>1195.5</ele></trkpt><trkpt lat="46.15800497634336" lon="7.791915150824934"><ele>1195.5</ele></trkpt><trkpt lat="46.15800497634336" lon="7.791915150824934"><ele>1195.5</ele></trkpt><trkpt lat="46.15800497634336" lon="7.791915150824934"><ele>1195.5</ele></trkpt><trkpt lat="46.15800497634336" lon="7.791915150824934"><ele>1195.5</ele></trkpt><trkpt lat="46.15800497634336" lon="7.791915150824934"><ele>1195.5</ele></trkpt><trkpt lat="46.15800497634336" lon="7.791915150824934"><ele>1195.5</ele></trkpt><trkpt lat="46.15800497634336" lon="7.791915150824934"><ele>1195.5</ele></trkpt><trkpt lat="46.15800497634336" lon="7.791915150824934"><ele>1195.5</ele></trkpt><trkpt lat="46.15800497634336" lon="7.791915150824934"><ele>1195.5</ele></trkpt><trkpt lat="46.15800497634336" lon="7.791915150824934"><ele>1195.5</ele></trkpt><trkpt lat="46.15800497634336" lon="7.791915150824934"><ele>1195.5</ele></trkpt><trkpt lat="46.15800497634336" lon="7.791915150824934"><ele>1195.5</ele></trkpt><trkpt lat="46.15800497634336" lon="7.791915150824934"><ele>1195.5</ele></trkpt><trkpt lat="46.15800497634336" lon="7.791915150824934"><ele>1195.5</ele></trkpt><trkpt lat="46.15800497634336" lon="7.791915150824934"><ele>1195.5</ele></trkpt><trkpt lat="46.15800497634336" lon="7.791915150824934"><ele>1195.5</ele></trkpt><trkpt lat="46.158000494819134" lon="7.79190994380042"><ele>1195.5</ele></trkpt><trkpt lat="46.157969813328236" lon="7.791940813884139"><ele>1197.0</ele></trkpt><trkpt lat="46.15792021295056" lon="7.791980622336268"><ele>1197.6999816894531</ele></trkpt><trkpt lat="46.15787247661501" lon="7.791999731212854"><ele>1198.0999755859375</ele></trkpt><trkpt lat="46.157830133102834" lon="7.792020169552416"><ele>1198.5</ele></trkpt><trkpt lat="46.15775004122406" lon="7.792030007112771"><ele>1198.7999877929688</ele></trkpt><trkpt lat="46.1574504240416" lon="7.79205007571727"><ele>1202.5</ele></trkpt><trkpt lat="46.157239893916994" lon="7.792060364503413"><ele>1204.5999755859375</ele></trkpt><trkpt lat="46.157181423623115" lon="7.792059985920787"><ele>1205.5</ele></trkpt><trkpt lat="46.1571202785708" lon="7.792051823809743"><ele>1205.7999877929688</ele></trkpt><trkpt lat="46.1571004926227" lon="7.79205040121451"><ele>1206.0</ele></trkpt><trkpt lat="46.15701149823144" lon="7.792030408512801"><ele>1206.8999938964844</ele></trkpt><trkpt lat="46.156909877900034" lon="7.7920206896960735"><ele>1207.5999755859375</ele></trkpt><trkpt lat="46.156819983851165" lon="7.7920006909407675"><ele>1208.6999816894531</ele></trkpt><trkpt lat="46.15678049670532" lon="7.7919706627726555"><ele>1208.6999816894531</ele></trkpt><trkpt lat="46.15672035282478" lon="7.7919301451183856"><ele>1208.7999877929688</ele></trkpt><trkpt lat="46.15660989424214" lon="7.791869885288179"><ele>1209.5</ele></trkpt><trkpt lat="46.15644012670964" lon="7.791789825074375"><ele>1209.7999877929688</ele></trkpt><trkpt lat="46.15636018803343" lon="7.791750474367291"><ele>1209.7999877929688</ele></trkpt><trkpt lat="46.156190359499305" lon="7.791689831297845"><ele>1209.5</ele></trkpt><trkpt lat="46.15613011829555" lon="7.791680380702019"><ele>1209.5</ele></trkpt><trkpt lat="46.15605005854741" lon="7.7916798633523285"><ele>1209.6999816894531</ele></trkpt><trkpt lat="46.15596013190225" lon="7.791670220904052"><ele>1209.6999816894531</ele></trkpt><trkpt lat="46.15588013315573" lon="7.791650286875665"><ele>1209.7999877929688</ele></trkpt><trkpt lat="46.15580016607419" lon="7.791619997937232"><ele>1209.7999877929688</ele></trkpt><trkpt lat="46.155710365157574" lon="7.791570228524506"><ele>1210.3999938964844</ele></trkpt><trkpt lat="46.15567987319082" lon="7.791540259029716"><ele>1210.3999938964844</ele></trkpt><trkpt lat="46.15562245575711" lon="7.791490699164569"><ele>1210.2999877929688</ele></trkpt><trkpt lat="46.155510290991515" lon="7.791400657966733"><ele>1210.2999877929688</ele></trkpt><trkpt lat="46.15540001774207" lon="7.791280857287347"><ele>1210.2999877929688</ele></trkpt><trkpt lat="46.15533999865875" lon="7.791200214531273"><ele>1210.5</ele></trkpt><trkpt lat="46.155270144343376" lon="7.791100092232227"><ele>1210.5</ele></trkpt><trkpt lat="46.15522991493344" lon="7.791019577533007"><ele>1210.5999755859375</ele></trkpt><trkpt lat="46.15517985075712" lon="7.790919582825154"><ele>1210.5999755859375</ele></trkpt><trkpt lat="46.15492242667824" lon="7.790099842939526"><ele>1210.5999755859375</ele></trkpt><trkpt lat="46.155011512339115" lon="7.79038001364097"><ele>1210.5999755859375</ele></trkpt><trkpt lat="46.155011512339115" lon="7.79038001364097"><ele>1210.5999755859375</ele></trkpt><trkpt lat="46.155011512339115" lon="7.79038001364097"><ele>1210.5999755859375</ele></trkpt><trkpt lat="46.155011512339115" lon="7.79038001364097"><ele>1210.5999755859375</ele></trkpt><trkpt lat="46.155011512339115" lon="7.79038001364097"><ele>1210.5999755859375</ele></trkpt><trkpt lat="46.155011512339115" lon="7.79038001364097"><ele>1210.5999755859375</ele></trkpt><trkpt lat="46.155011512339115" lon="7.79038001364097"><ele>1210.5999755859375</ele></trkpt><trkpt lat="46.155011512339115" lon="7.79038001364097"><ele>1210.5999755859375</ele></trkpt><trkpt lat="46.155011512339115" lon="7.79038001364097"><ele>1210.5999755859375</ele></trkpt><trkpt lat="46.155011512339115" lon="7.79038001364097"><ele>1210.5999755859375</ele></trkpt><trkpt lat="46.155011512339115" lon="7.79038001364097"><ele>1210.5999755859375</ele></trkpt><trkpt lat="46.155011512339115" lon="7.79038001364097"><ele>1210.5999755859375</ele></trkpt><trkpt lat="46.155011512339115" lon="7.79038001364097"><ele>1210.5999755859375</ele></trkpt><trkpt lat="46.155011512339115" lon="7.79038001364097"><ele>1210.5999755859375</ele></trkpt><trkpt lat="46.15501240780577" lon="7.790381313767284"><ele>1210.5999755859375</ele></trkpt><trkpt lat="46.15501240780577" lon="7.790381313767284"><ele>1210.5999755859375</ele></trkpt><trkpt lat="46.15501240780577" lon="7.790381313767284"><ele>1210.5999755859375</ele></trkpt><trkpt lat="46.155011512339115" lon="7.79038001364097"><ele>1210.5999755859375</ele></trkpt><trkpt lat="46.15492242667824" lon="7.790099842939526"><ele>1210.5999755859375</ele></trkpt><trkpt lat="46.15489022806287" lon="7.790040092077106"><ele>1210.5</ele></trkpt><trkpt lat="46.1548624667339" lon="7.789999786298722"><ele>1210.5</ele></trkpt><trkpt lat="46.154830175451934" lon="7.789969807025045"><ele>1210.5999755859375</ele></trkpt><trkpt lat="46.15479242242873" lon="7.789960503112525"><ele>1210.7999877929688</ele></trkpt><trkpt lat="46.15475017623976" lon="7.789949875790626"><ele>1211.0</ele></trkpt><trkpt lat="46.15471149561927" lon="7.789949627127498"><ele>1211.0</ele></trkpt><trkpt lat="46.15467994706705" lon="7.789970135316253"><ele>1211.0999755859375</ele></trkpt><trkpt lat="46.15462042018771" lon="7.790020234882832"><ele>1211.2999877929688</ele></trkpt><trkpt lat="46.154329953249544" lon="7.790279838256538"><ele>1211.8999938964844</ele></trkpt><trkpt lat="46.15424247644842" lon="7.790350468363613"><ele>1213.1999816894531</ele></trkpt><trkpt lat="46.15417032362893" lon="7.790410841349512"><ele>1213.8999938964844</ele></trkpt><trkpt lat="46.15410006605089" lon="7.790440160315484"><ele>1214.1999816894531</ele></trkpt><trkpt lat="46.15401004720479" lon="7.790460291318595"><ele>1215.3999938964844</ele></trkpt><trkpt lat="46.153939850628376" lon="7.790470194537193"><ele>1216.2999877929688</ele></trkpt><trkpt lat="46.153862489853054" lon="7.790469696279615"><ele>1216.8999938964844</ele></trkpt><trkpt lat="46.153769864700735" lon="7.790460038930178"><ele>1217.7999877929688</ele></trkpt><trkpt lat="46.153680002782494" lon="7.790429689455777"><ele>1218.5999755859375</ele></trkpt><trkpt lat="46.15357037913054" lon="7.790390151552856"><ele>1219.8999938964844</ele></trkpt><trkpt lat="46.153450053185225" lon="7.790320774074644"><ele>1221.1999816894531</ele></trkpt><trkpt lat="46.153331466019154" lon="7.790270823985338"><ele>1222.0</ele></trkpt><trkpt lat="46.153060108888894" lon="7.790170704014599"><ele>1222.7999877929688</ele></trkpt><trkpt lat="46.15294242091477" lon="7.79012075997889"><ele>1223.5</ele></trkpt><trkpt lat="46.15276986081153" lon="7.790070463437587"><ele>1224.0</ele></trkpt><trkpt lat="46.152720446232706" lon="7.790050730109215"><ele>1224.2999877929688</ele></trkpt><trkpt lat="46.152650341857225" lon="7.790030863601714"><ele>1224.5999755859375</ele></trkpt><trkpt lat="46.15260986238718" lon="7.790030603297055"><ele>1224.8999938964844</ele></trkpt><trkpt lat="46.15257028257474" lon="7.790030348580331"><ele>1224.8999938964844</ele></trkpt><trkpt lat="46.152500085532665" lon="7.790040251798928"><ele>1225.0999755859375</ele></trkpt><trkpt lat="46.15211032424122" lon="7.790120583958924"><ele>1225.7999877929688</ele></trkpt><trkpt lat="46.15167016070336" lon="7.7902096514590085"><ele>1227.2999877929688</ele></trkpt><trkpt lat="46.15182047709823" lon="7.790180848445743"><ele>1226.5</ele></trkpt><trkpt lat="46.15182047709823" lon="7.790180848445743"><ele>1226.5</ele></trkpt><trkpt lat="46.15182047709823" lon="7.790180848445743"><ele>1226.5</ele></trkpt><trkpt lat="46.15182047709823" lon="7.790180848445743"><ele>1226.5</ele></trkpt><trkpt lat="46.15182047709823" lon="7.790180848445743"><ele>1226.5</ele></trkpt><trkpt lat="46.15182047709823" lon="7.790180848445743"><ele>1226.5</ele></trkpt><trkpt lat="46.15182047709823" lon="7.790180848445743"><ele>1226.5</ele></trkpt><trkpt lat="46.15182047709823" lon="7.790180848445743"><ele>1226.5</ele></trkpt><trkpt lat="46.15182047709823" lon="7.790180848445743"><ele>1226.5</ele></trkpt><trkpt lat="46.15182047709823" lon="7.790180848445743"><ele>1226.5</ele></trkpt><trkpt lat="46.15182047709823" lon="7.790180848445743"><ele>1226.5</ele></trkpt><trkpt lat="46.15182047709823" lon="7.790180848445743"><ele>1226.5</ele></trkpt><trkpt lat="46.15182047709823" lon="7.790180848445743"><ele>1226.5</ele></trkpt><trkpt lat="46.15182047709823" lon="7.790180848445743"><ele>1226.5</ele></trkpt><trkpt lat="46.15182047709823" lon="7.790180848445743"><ele>1226.5</ele></trkpt><trkpt lat="46.151820473372936" lon="7.790182142984122"><ele>1226.5</ele></trkpt><trkpt lat="46.151820473372936" lon="7.790182142984122"><ele>1226.5</ele></trkpt><trkpt lat="46.15182047709823" lon="7.790180848445743"><ele>1226.5</ele></trkpt><trkpt lat="46.15167016070336" lon="7.7902096514590085"><ele>1227.2999877929688</ele></trkpt><trkpt lat="46.151509972754866" lon="7.7902306243777275"><ele>1227.1999816894531</ele></trkpt><trkpt lat="46.15128039941192" lon="7.790289981290698"><ele>1227.5</ele></trkpt><trkpt lat="46.15118144499138" lon="7.790290638338774"><ele>1227.2999877929688</ele></trkpt><trkpt lat="46.15109149040654" lon="7.790290059521794"><ele>1227.2999877929688</ele></trkpt><trkpt lat="46.15095032192767" lon="7.79026973573491"><ele>1227.2999877929688</ele></trkpt><trkpt lat="46.15075250994414" lon="7.79023998696357"><ele>1227.5</ele></trkpt><trkpt lat="46.15061040967703" lon="7.790230012498796"><ele>1227.6999816894531</ele></trkpt><trkpt lat="46.150511427316815" lon="7.7902397299185395"><ele>1228.0</ele></trkpt><trkpt lat="46.150411513168365" lon="7.790259796194732"><ele>1227.8999938964844</ele></trkpt><trkpt lat="46.15025032963604" lon="7.790311825461686"><ele>1228.0999755859375</ele></trkpt><trkpt lat="46.14974242122844" lon="7.790489759296179"><ele>1228.1999816894531</ele></trkpt><trkpt lat="46.14970997348428" lon="7.79051025910303"><ele>1228.1999816894531</ele></trkpt><trkpt lat="46.14958028169349" lon="7.790559901390225"><ele>1228.2999877929688</ele></trkpt><trkpt lat="46.149390222970396" lon="7.790640217717737"><ele>1227.3999938964844</ele></trkpt><trkpt lat="46.14897145843133" lon="7.790790245402604"><ele>1227.0999755859375</ele></trkpt><trkpt lat="46.14911014586687" lon="7.790740662254393"><ele>1227.1999816894531</ele></trkpt><trkpt lat="46.14911823347211" lon="7.790743303019553"><ele>1227.1999816894531</ele></trkpt><trkpt lat="46.14911823347211" lon="7.790743303019553"><ele>1227.1999816894531</ele></trkpt><trkpt lat="46.14911823347211" lon="7.790743303019553"><ele>1227.1999816894531</ele></trkpt><trkpt lat="46.14911823347211" lon="7.790743303019553"><ele>1227.1999816894531</ele></trkpt><trkpt lat="46.14911823347211" lon="7.790743303019553"><ele>1227.1999816894531</ele></trkpt><trkpt lat="46.14911823347211" lon="7.790743303019553"><ele>1227.1999816894531</ele></trkpt><trkpt lat="46.14911823347211" lon="7.790743303019553"><ele>1227.1999816894531</ele></trkpt><trkpt lat="46.14911823347211" lon="7.790743303019553"><ele>1227.1999816894531</ele></trkpt><trkpt lat="46.14911823347211" lon="7.790743303019553"><ele>1227.1999816894531</ele></trkpt><trkpt lat="46.14911823347211" lon="7.790743303019553"><ele>1227.1999816894531</ele></trkpt><trkpt lat="46.14911823347211" lon="7.790743303019553"><ele>1227.1999816894531</ele></trkpt><trkpt lat="46.14911823347211" lon="7.790743303019553"><ele>1227.1999816894531</ele></trkpt><trkpt lat="46.14911823347211" lon="7.790743303019553"><ele>1227.1999816894531</ele></trkpt><trkpt lat="46.14911823347211" lon="7.790743303019553"><ele>1227.1999816894531</ele></trkpt><trkpt lat="46.14911823347211" lon="7.790743303019553"><ele>1227.1999816894531</ele></trkpt><trkpt lat="46.14911823347211" lon="7.790743303019553"><ele>1227.1999816894531</ele></trkpt><trkpt lat="46.14911014586687" lon="7.790740662254393"><ele>1227.1999816894531</ele></trkpt><trkpt lat="46.14897145843133" lon="7.790790245402604"><ele>1227.0999755859375</ele></trkpt><trkpt lat="46.14890029747039" lon="7.790820849593729"><ele>1227.0999755859375</ele></trkpt><trkpt lat="46.148861492052674" lon="7.790860722307116"><ele>1227.1999816894531</ele></trkpt><trkpt lat="46.14884244836867" lon="7.790909782517701"><ele>1227.3999938964844</ele></trkpt><trkpt lat="46.14882246917114" lon="7.790970485191792"><ele>1227.8999938964844</ele></trkpt><trkpt lat="46.14882051665336" lon="7.791019655298442"><ele>1227.8999938964844</ele></trkpt><trkpt lat="46.14877010975033" lon="7.791029684711248"><ele>1227.8999938964844</ele></trkpt><trkpt lat="46.148770230822265" lon="7.790990856941789"><ele>1227.7999877929688</ele></trkpt><trkpt lat="46.14876040024683" lon="7.790970084723085"><ele>1227.7999877929688</ele></trkpt><trkpt lat="46.14875143719837" lon="7.790959673002362"><ele>1227.7999877929688</ele></trkpt><trkpt lat="46.148729876149446" lon="7.7909504738636315"><ele>1227.7999877929688</ele></trkpt><trkpt lat="46.148680368904024" lon="7.790960508864373"><ele>1228.0</ele></trkpt><trkpt lat="46.14861011132598" lon="7.790989824105054"><ele>1227.3999938964844</ele></trkpt><trkpt lat="46.14855247549713" lon="7.791010160930455"><ele>1227.0999755859375</ele></trkpt><trkpt lat="46.148500269744545" lon="7.791020178236067"><ele>1227.0</ele></trkpt><trkpt lat="46.14847148442641" lon="7.791019992437214"><ele>1227.0</ele></trkpt><trkpt lat="46.148449923377484" lon="7.791010793764144"><ele>1227.0</ele></trkpt><trkpt lat="46.14841043623164" lon="7.790980770718306"><ele>1227.0999755859375</ele></trkpt><trkpt lat="46.14837985159829" lon="7.7909805732779205"><ele>1227.0999755859375</ele></trkpt><trkpt lat="46.14833034388721" lon="7.790990608278662"><ele>1227.0</ele></trkpt><trkpt lat="46.148301498033106" lon="7.7910098363645375"><ele>1226.7999877929688</ele></trkpt><trkpt lat="46.14825999410823" lon="7.791049690917134"><ele>1226.6999816894531</ele></trkpt><trkpt lat="46.14822031697258" lon="7.791080497670919"><ele>1226.6999816894531</ele></trkpt><trkpt lat="46.14816981740296" lon="7.791120294015855"><ele>1227.0999755859375</ele></trkpt><trkpt lat="46.14807148464024" lon="7.791210258379579"><ele>1227.1999816894531</ele></trkpt><trkpt lat="46.14800029527396" lon="7.791249921079725"><ele>1226.8999938964844</ele></trkpt><trkpt lat="46.14793002977967" lon="7.79128182400018"><ele>1227.0</ele></trkpt><trkpt lat="46.147859836928546" lon="7.791290430817753"><ele>1227.0999755859375</ele></trkpt><trkpt lat="46.14782028878108" lon="7.791279821656644"><ele>1227.2999877929688</ele></trkpt><trkpt lat="46.14777003554627" lon="7.791240669321269"><ele>1227.6999816894531</ele></trkpt><trkpt lat="46.14760150993243" lon="7.791050620377064"><ele>1228.5</ele></trkpt><trkpt lat="46.14759251056239" lon="7.7910518567077816"><ele>1229.0999755859375</ele></trkpt><trkpt lat="46.14760150201619" lon="7.79105320898816"><ele>1229.0999755859375</ele></trkpt><trkpt lat="46.14760150201619" lon="7.79105320898816"><ele>1229.0999755859375</ele></trkpt><trkpt lat="46.14760150201619" lon="7.79105320898816"><ele>1229.0999755859375</ele></trkpt><trkpt lat="46.14760150201619" lon="7.79105320898816"><ele>1229.0999755859375</ele></trkpt><trkpt lat="46.14760150201619" lon="7.79105320898816"><ele>1229.0999755859375</ele></trkpt><trkpt lat="46.14760150201619" lon="7.79105320898816"><ele>1229.0999755859375</ele></trkpt><trkpt lat="46.14760150201619" lon="7.79105320898816"><ele>1229.0999755859375</ele></trkpt><trkpt lat="46.14760150201619" lon="7.79105320898816"><ele>1229.0999755859375</ele></trkpt><trkpt lat="46.14760150201619" lon="7.79105320898816"><ele>1229.0999755859375</ele></trkpt><trkpt lat="46.14760150201619" lon="7.79105320898816"><ele>1229.0999755859375</ele></trkpt><trkpt lat="46.14760150201619" lon="7.79105320898816"><ele>1229.0999755859375</ele></trkpt><trkpt lat="46.14760150201619" lon="7.79105320898816"><ele>1229.0999755859375</ele></trkpt><trkpt lat="46.14760150201619" lon="7.79105320898816"><ele>1229.0999755859375</ele></trkpt><trkpt lat="46.14760150201619" lon="7.79105320898816"><ele>1229.0999755859375</ele></trkpt><trkpt lat="46.14760150201619" lon="7.79105320898816"><ele>1229.0999755859375</ele></trkpt><trkpt lat="46.14760150201619" lon="7.79105320898816"><ele>1229.0999755859375</ele></trkpt><trkpt lat="46.14759251056239" lon="7.7910518567077816"><ele>1229.0999755859375</ele></trkpt><trkpt lat="46.14760150993243" lon="7.791050620377064"><ele>1228.5</ele></trkpt><trkpt lat="46.14747244305909" lon="7.790899654850364"><ele>1229.6999816894531</ele></trkpt><trkpt lat="46.147360302042216" lon="7.790801863186061"><ele>1230.1999816894531</ele></trkpt><trkpt lat="46.147211477160454" lon="7.790640417486429"><ele>1230.8999938964844</ele></trkpt><trkpt lat="46.14703035680577" lon="7.7904502912424505"><ele>1231.3999938964844</ele></trkpt><trkpt lat="46.14658032916486" lon="7.789950408041477"><ele>1231.3999938964844</ele></trkpt><trkpt lat="46.14652027655393" lon="7.789880133699626"><ele>1231.3999938964844</ele></trkpt><trkpt lat="46.14652385096997" lon="7.789887921884656"><ele>1231.3999938964844</ele></trkpt><trkpt lat="46.14652385096997" lon="7.789887921884656"><ele>1231.3999938964844</ele></trkpt><trkpt lat="46.14652385096997" lon="7.789887921884656"><ele>1231.3999938964844</ele></trkpt><trkpt lat="46.14652385096997" lon="7.789887921884656"><ele>1231.3999938964844</ele></trkpt><trkpt lat="46.14652385096997" lon="7.789887921884656"><ele>1231.3999938964844</ele></trkpt><trkpt lat="46.14652385096997" lon="7.789887921884656"><ele>1231.3999938964844</ele></trkpt><trkpt lat="46.14652385096997" lon="7.789887921884656"><ele>1231.3999938964844</ele></trkpt><trkpt lat="46.14652385096997" lon="7.789887921884656"><ele>1231.3999938964844</ele></trkpt><trkpt lat="46.14652385096997" lon="7.789887921884656"><ele>1231.3999938964844</ele></trkpt><trkpt lat="46.14652385096997" lon="7.789887921884656"><ele>1231.3999938964844</ele></trkpt><trkpt lat="46.14652385096997" lon="7.789887921884656"><ele>1231.3999938964844</ele></trkpt><trkpt lat="46.14652385096997" lon="7.789887921884656"><ele>1231.3999938964844</ele></trkpt><trkpt lat="46.14652385096997" lon="7.789887921884656"><ele>1231.3999938964844</ele></trkpt><trkpt lat="46.14652385096997" lon="7.789887921884656"><ele>1231.3999938964844</ele></trkpt><trkpt lat="46.14652385096997" lon="7.789887921884656"><ele>1231.3999938964844</ele></trkpt><trkpt lat="46.14652385096997" lon="7.789887921884656"><ele>1231.3999938964844</ele></trkpt><trkpt lat="46.14652027655393" lon="7.789880133699626"><ele>1231.3999938964844</ele></trkpt><trkpt lat="46.14658032916486" lon="7.789950408041477"><ele>1231.3999938964844</ele></trkpt><trkpt lat="46.14627996971831" lon="7.789630097802728"><ele>1231.5</ele></trkpt><trkpt lat="46.14620998967439" lon="7.789570113644004"><ele>1231.5</ele></trkpt><trkpt lat="46.14612025208771" lon="7.789499649312347"><ele>1231.5</ele></trkpt><trkpt lat="46.14603041764349" lon="7.789460245985538"><ele>1231.5</ele></trkpt><trkpt lat="46.145980103407055" lon="7.7894405093975365"><ele>1231.5</ele></trkpt><trkpt lat="46.14591989386827" lon="7.7894207099452615"><ele>1231.5</ele></trkpt><trkpt lat="46.14585246006027" lon="7.789409922901541"><ele>1231.5</ele></trkpt><trkpt lat="46.14576250128448" lon="7.789410639554262"><ele>1231.5</ele></trkpt><trkpt lat="46.14535143272951" lon="7.78940023528412"><ele>1231.0999755859375</ele></trkpt><trkpt lat="46.1450203913264" lon="7.789400698617101"><ele>1231.5</ele></trkpt><trkpt lat="46.14489985210821" lon="7.789399924688041"><ele>1231.5</ele></trkpt><trkpt lat="46.14482245920226" lon="7.78940978134051"><ele>1231.5</ele></trkpt><trkpt lat="46.14477025298402" lon="7.789419799577445"><ele>1231.5</ele></trkpt><trkpt lat="46.14474143553525" lon="7.789429968222976"><ele>1231.5</ele></trkpt><trkpt lat="46.14469999214634" lon="7.789450408890843"><ele>1231.5</ele></trkpt><trkpt lat="46.14466028753668" lon="7.7894902736879885"><ele>1231.5</ele></trkpt><trkpt lat="46.144640433602035" lon="7.78951085312292"><ele>1231.5</ele></trkpt><trkpt lat="46.144642216619104" lon="7.789516041520983"><ele>1231.5</ele></trkpt><trkpt lat="46.144642216619104" lon="7.789516041520983"><ele>1231.5</ele></trkpt><trkpt lat="46.144642216619104" lon="7.789516041520983"><ele>1231.5</ele></trkpt><trkpt lat="46.144642216619104" lon="7.789516041520983"><ele>1231.5</ele></trkpt><trkpt lat="46.144642216619104" lon="7.789516041520983"><ele>1231.5</ele></trkpt><trkpt lat="46.144642216619104" lon="7.789516041520983"><ele>1231.5</ele></trkpt><trkpt lat="46.144642216619104" lon="7.789516041520983"><ele>1231.5</ele></trkpt><trkpt lat="46.144642216619104" lon="7.789516041520983"><ele>1231.5</ele></trkpt><trkpt lat="46.144642216619104" lon="7.789516041520983"><ele>1231.5</ele></trkpt><trkpt lat="46.144642216619104" lon="7.789516041520983"><ele>1231.5</ele></trkpt><trkpt lat="46.144642216619104" lon="7.789516041520983"><ele>1231.5</ele></trkpt><trkpt lat="46.144642216619104" lon="7.789516041520983"><ele>1231.5</ele></trkpt><trkpt lat="46.144642216619104" lon="7.789516041520983"><ele>1231.5</ele></trkpt><trkpt lat="46.144642216619104" lon="7.789516041520983"><ele>1231.5</ele></trkpt><trkpt lat="46.144642216619104" lon="7.789516041520983"><ele>1231.5</ele></trkpt><trkpt lat="46.144642216619104" lon="7.789516041520983"><ele>1231.5</ele></trkpt><trkpt lat="46.144640433602035" lon="7.78951085312292"><ele>1231.5</ele></trkpt><trkpt lat="46.14466028753668" lon="7.7894902736879885"><ele>1231.5</ele></trkpt><trkpt lat="46.14458993449807" lon="7.789550648536533"><ele>1231.5</ele></trkpt><trkpt lat="46.14451046474278" lon="7.789649790152907"><ele>1231.1999816894531</ele></trkpt><trkpt lat="46.14429146563634" lon="7.789780389517546"><ele>1232.1999816894531</ele></trkpt><trkpt lat="46.14422033727169" lon="7.789800639264286"><ele>1232.6999816894531</ele></trkpt><trkpt lat="46.14416993036866" lon="7.789810668677092"><ele>1232.8999938964844</ele></trkpt><trkpt lat="46.144112423527986" lon="7.789789592381567"><ele>1233.0999755859375</ele></trkpt><trkpt lat="46.14401985472068" lon="7.78976181987673"><ele>1233.1999816894531</ele></trkpt><trkpt lat="46.14397041592747" lon="7.789749854709953"><ele>1233.1999816894531</ele></trkpt><trkpt lat="46.14391017425805" lon="7.789740408305079"><ele>1233.1999816894531</ele></trkpt><trkpt lat="46.143862498458475" lon="7.789740101899952"><ele>1233.1999816894531</ele></trkpt><trkpt lat="46.14380042999983" lon="7.78973970329389"><ele>1233.3999938964844</ele></trkpt><trkpt lat="46.143710378557444" lon="7.789770184550434"><ele>1233.1999816894531</ele></trkpt><trkpt lat="46.14362032758072" lon="7.789800665341318"><ele>1233.0999755859375</ele></trkpt><trkpt lat="46.143520321231335" lon="7.78985049482435"><ele>1233.6999816894531</ele></trkpt><trkpt lat="46.14345003198832" lon="7.789890162181109"><ele>1234.0999755859375</ele></trkpt><trkpt lat="46.14341035950929" lon="7.78991967253387"><ele>1234.5999755859375</ele></trkpt><trkpt lat="46.14337245002389" lon="7.789960842113942"><ele>1235.0999755859375</ele></trkpt><trkpt lat="46.14333001850173" lon="7.790009747259319"><ele>1235.3999938964844</ele></trkpt><trkpt lat="46.14329018909484" lon="7.790089728310704"><ele>1235.3999938964844</ele></trkpt><trkpt lat="46.143240340054035" lon="7.79020976414904"><ele>1235.3999938964844</ele></trkpt><trkpt lat="46.14321046601981" lon="7.790270396973938"><ele>1235.5999755859375</ele></trkpt><trkpt lat="46.143172467593104" lon="7.790340036619455"><ele>1235.6999816894531</ele></trkpt><trkpt lat="46.14312007650733" lon="7.790409583132714"><ele>1235.6999816894531</ele></trkpt><trkpt lat="46.14308033976704" lon="7.790459799114615"><ele>1235.6999816894531</ele></trkpt><trkpt lat="46.143070412334055" lon="7.790470088366419"><ele>1235.7999877929688</ele></trkpt><trkpt lat="46.143078504130244" lon="7.790471435058862"><ele>1235.7999877929688</ele></trkpt><trkpt lat="46.143078504130244" lon="7.790471435058862"><ele>1235.7999877929688</ele></trkpt><trkpt lat="46.143078504130244" lon="7.790471435058862"><ele>1235.7999877929688</ele></trkpt><trkpt lat="46.143078504130244" lon="7.790471435058862"><ele>1235.7999877929688</ele></trkpt><trkpt lat="46.143078504130244" lon="7.790471435058862"><ele>1235.7999877929688</ele></trkpt><trkpt lat="46.143078504130244" lon="7.790471435058862"><ele>1235.7999877929688</ele></trkpt><trkpt lat="46.143078504130244" lon="7.790471435058862"><ele>1235.7999877929688</ele></trkpt><trkpt lat="46.143078504130244" lon="7.790471435058862"><ele>1235.7999877929688</ele></trkpt><trkpt lat="46.143078504130244" lon="7.790471435058862"><ele>1235.7999877929688</ele></trkpt><trkpt lat="46.143078504130244" lon="7.790471435058862"><ele>1235.7999877929688</ele></trkpt><trkpt lat="46.143078504130244" lon="7.790471435058862"><ele>1235.7999877929688</ele></trkpt><trkpt lat="46.143078504130244" lon="7.790471435058862"><ele>1235.7999877929688</ele></trkpt><trkpt lat="46.143078504130244" lon="7.790471435058862"><ele>1235.7999877929688</ele></trkpt><trkpt lat="46.143078504130244" lon="7.790471435058862"><ele>1235.7999877929688</ele></trkpt><trkpt lat="46.143078504130244" lon="7.790471435058862"><ele>1235.7999877929688</ele></trkpt><trkpt lat="46.143078504130244" lon="7.790471435058862"><ele>1235.7999877929688</ele></trkpt><trkpt lat="46.143070412334055" lon="7.790470088366419"><ele>1235.7999877929688</ele></trkpt><trkpt lat="46.14308033976704" lon="7.790459799114615"><ele>1235.6999816894531</ele></trkpt><trkpt lat="46.143032506573945" lon="7.790509962942451"><ele>1235.8999938964844</ele></trkpt><trkpt lat="46.14296041801572" lon="7.7905496172606945"><ele>1235.8999938964844</ele></trkpt><trkpt lat="46.14290005201474" lon="7.790580288041383"><ele>1235.7999877929688</ele></trkpt><trkpt lat="46.142832460813224" lon="7.790619970764965"><ele>1235.6999816894531</ele></trkpt><trkpt lat="46.14269017148763" lon="7.790670820046216"><ele>1235.6999816894531</ele></trkpt><trkpt lat="46.14264246309176" lon="7.790680865757167"><ele>1235.6999816894531</ele></trkpt><trkpt lat="46.14232997363433" lon="7.790790147148073"><ele>1234.0999755859375</ele></trkpt><trkpt lat="46.14218145189807" lon="7.790820248890668"><ele>1233.2999877929688</ele></trkpt><trkpt lat="46.14207250997424" lon="7.790850605815649"><ele>1233.2999877929688</ele></trkpt><trkpt lat="46.141982490662485" lon="7.790870731230825"><ele>1233.2999877929688</ele></trkpt><trkpt lat="46.141910494770855" lon="7.7908806200139225"><ele>1233.2999877929688</ele></trkpt><trkpt lat="46.14189250394702" lon="7.790880504064262"><ele>1233.2999877929688</ele></trkpt><trkpt lat="46.14183049555868" lon="7.790860692504793"><ele>1233.5</ele></trkpt><trkpt lat="46.14176039164886" lon="7.790840828791261"><ele>1233.5</ele></trkpt><trkpt lat="46.14156996598467" lon="7.790750307962298"><ele>1234.2999877929688</ele></trkpt><trkpt lat="46.14153047837317" lon="7.790720288641751"><ele>1234.2999877929688</ele></trkpt><trkpt lat="46.141410124953836" lon="7.790659984108061"><ele>1234.8999938964844</ele></trkpt><trkpt lat="46.14131042826921" lon="7.790610165800899"><ele>1235.0999755859375</ele></trkpt><trkpt lat="46.141170284710824" lon="7.790549734607339"><ele>1236.2999877929688</ele></trkpt><trkpt lat="46.14110020874068" lon="7.790520813316107"><ele>1236.5</ele></trkpt><trkpt lat="46.14096000418067" lon="7.790479793213308"><ele>1236.0999755859375</ele></trkpt><trkpt lat="46.14069028897211" lon="7.790430174674839"><ele>1235.0999755859375</ele></trkpt><trkpt lat="46.140620152466" lon="7.790420664474368"><ele>1234.5</ele></trkpt><trkpt lat="46.14053032267839" lon="7.790379969403148"><ele>1234.7999877929688</ele></trkpt><trkpt lat="46.140502497088164" lon="7.790360379032791"><ele>1234.7999877929688</ele></trkpt><trkpt lat="46.14045044826344" lon="7.7903199275024235"><ele>1234.8999938964844</ele></trkpt><trkpt lat="46.140410089399666" lon="7.790280845016241"><ele>1235.0</ele></trkpt><trkpt lat="46.14038050081581" lon="7.790249596349895"><ele>1235.0999755859375</ele></trkpt><trkpt lat="46.140349976718426" lon="7.79022998875007"><ele>1235.1999816894531</ele></trkpt><trkpt lat="46.14035627339035" lon="7.790230029262602"><ele>1235.1999816894531</ele></trkpt><trkpt lat="46.14035627339035" lon="7.790230029262602"><ele>1235.1999816894531</ele></trkpt><trkpt lat="46.14035627339035" lon="7.790230029262602"><ele>1235.1999816894531</ele></trkpt><trkpt lat="46.14035627339035" lon="7.790230029262602"><ele>1235.1999816894531</ele></trkpt><trkpt lat="46.14035627339035" lon="7.790230029262602"><ele>1235.1999816894531</ele></trkpt><trkpt lat="46.14035627339035" lon="7.790230029262602"><ele>1235.1999816894531</ele></trkpt><trkpt lat="46.14035627339035" lon="7.790230029262602"><ele>1235.1999816894531</ele></trkpt><trkpt lat="46.14035627339035" lon="7.790230029262602"><ele>1235.1999816894531</ele></trkpt><trkpt lat="46.14035627339035" lon="7.790230029262602"><ele>1235.1999816894531</ele></trkpt><trkpt lat="46.14035627339035" lon="7.790230029262602"><ele>1235.1999816894531</ele></trkpt><trkpt lat="46.14035627339035" lon="7.790230029262602"><ele>1235.1999816894531</ele></trkpt><trkpt lat="46.14035627339035" lon="7.790230029262602"><ele>1235.1999816894531</ele></trkpt><trkpt lat="46.14035627339035" lon="7.790230029262602"><ele>1235.1999816894531</ele></trkpt><trkpt lat="46.14035627339035" lon="7.790230029262602"><ele>1235.1999816894531</ele></trkpt><trkpt lat="46.14035627339035" lon="7.790230029262602"><ele>1235.1999816894531</ele></trkpt><trkpt lat="46.14035627339035" lon="7.790230029262602"><ele>1235.1999816894531</ele></trkpt><trkpt lat="46.140349976718426" lon="7.79022998875007"><ele>1235.1999816894531</ele></trkpt><trkpt lat="46.14038050081581" lon="7.790249596349895"><ele>1235.0999755859375</ele></trkpt><trkpt lat="46.140260299667716" lon="7.7901401203125715"><ele>1235.2999877929688</ele></trkpt><trkpt lat="46.14019032008946" lon="7.790080142207444"><ele>1235.3999938964844</ele></trkpt><trkpt lat="46.14012030418962" lon="7.790031811222434"><ele>1235.3999938964844</ele></trkpt><trkpt lat="46.14007002627477" lon="7.790000429842621"><ele>1235.3999938964844</ele></trkpt><trkpt lat="46.13999991770834" lon="7.789981862064451"><ele>1235.3999938964844</ele></trkpt><trkpt lat="46.13991995481774" lon="7.7899502902291715"><ele>1235.3999938964844</ele></trkpt><trkpt lat="46.13982013333589" lon="7.789940590038896"><ele>1235.2999877929688</ele></trkpt><trkpt lat="46.139692425727844" lon="7.789930710103363"><ele>1235.5</ele></trkpt><trkpt lat="46.139611466787755" lon="7.789930189959705"><ele>1235.5</ele></trkpt><trkpt lat="46.13954037055373" lon="7.78994008526206"><ele>1235.3999938964844</ele></trkpt><trkpt lat="46.13948003621772" lon="7.789960402529687"><ele>1235.5</ele></trkpt><trkpt lat="46.13938995730132" lon="7.789999939035624"><ele>1235.0999755859375</ele></trkpt><trkpt lat="46.139099828433245" lon="7.790150771848857"><ele>1235.3999938964844</ele></trkpt><trkpt lat="46.13903043884784" lon="7.790190441068262"><ele>1235.3999938964844</ele></trkpt><trkpt lat="46.13885037275031" lon="7.790239750407636"><ele>1235.8999938964844</ele></trkpt><trkpt lat="46.138741463422775" lon="7.790259754285216"><ele>1236.1999816894531</ele></trkpt><trkpt lat="46.13855246221647" lon="7.790289595257491"><ele>1236.6999816894531</ele></trkpt><trkpt lat="46.13838144764304" lon="7.790320845786482"><ele>1237.0</ele></trkpt><trkpt lat="46.13816995406523" lon="7.790351835545152"><ele>1237.5999755859375</ele></trkpt><trkpt lat="46.13810242759064" lon="7.79037081124261"><ele>1237.8999938964844</ele></trkpt><trkpt lat="46.13810242759064" lon="7.79037081124261"><ele>1237.8999938964844</ele></trkpt><trkpt lat="46.13810242759064" lon="7.79037081124261"><ele>1237.8999938964844</ele></trkpt><trkpt lat="46.13810242759064" lon="7.79037081124261"><ele>1237.8999938964844</ele></trkpt><trkpt lat="46.13810242759064" lon="7.79037081124261"><ele>1237.8999938964844</ele></trkpt><trkpt lat="46.13810242759064" lon="7.79037081124261"><ele>1237.8999938964844</ele></trkpt><trkpt lat="46.13810242759064" lon="7.79037081124261"><ele>1237.8999938964844</ele></trkpt><trkpt lat="46.13810242759064" lon="7.79037081124261"><ele>1237.8999938964844</ele></trkpt><trkpt lat="46.13810242759064" lon="7.79037081124261"><ele>1237.8999938964844</ele></trkpt><trkpt lat="46.13810242759064" lon="7.79037081124261"><ele>1237.8999938964844</ele></trkpt><trkpt lat="46.13810242759064" lon="7.79037081124261"><ele>1237.8999938964844</ele></trkpt><trkpt lat="46.13810242759064" lon="7.79037081124261"><ele>1237.8999938964844</ele></trkpt><trkpt lat="46.13810242759064" lon="7.79037081124261"><ele>1237.8999938964844</ele></trkpt><trkpt lat="46.13810242759064" lon="7.79037081124261"><ele>1237.8999938964844</ele></trkpt><trkpt lat="46.13810242759064" lon="7.79037081124261"><ele>1237.8999938964844</ele></trkpt><trkpt lat="46.13810242386535" lon="7.790372105315328"><ele>1237.8999938964844</ele></trkpt><trkpt lat="46.13810242386535" lon="7.790372105315328"><ele>1237.8999938964844</ele></trkpt><trkpt lat="46.13810242759064" lon="7.79037081124261"><ele>1237.8999938964844</ele></trkpt><trkpt lat="46.13816995406523" lon="7.790351835545152"><ele>1237.5999755859375</ele></trkpt><trkpt lat="46.13796023512259" lon="7.790390600450337"><ele>1238.0999755859375</ele></trkpt><trkpt lat="46.13784142676741" lon="7.790411834139377"><ele>1238.3999938964844</ele></trkpt><trkpt lat="46.137770366389304" lon="7.790410082321614"><ele>1238.6999816894531</ele></trkpt><trkpt lat="46.137680472340435" lon="7.790390093810856"><ele>1239.0999755859375</ele></trkpt><trkpt lat="46.13759147794917" lon="7.790370110422373"><ele>1239.6999816894531</ele></trkpt><trkpt lat="46.13753036921844" lon="7.790350306779146"><ele>1239.5999755859375</ele></trkpt><trkpt lat="46.13746038964018" lon="7.790290331933647"><ele>1239.5</ele></trkpt><trkpt lat="46.137410167604685" lon="7.790240835864097"><ele>1239.5</ele></trkpt><trkpt lat="46.13727030530572" lon="7.790089830756187"><ele>1239.5</ele></trkpt><trkpt lat="46.13715007156134" lon="7.789990712888539"><ele>1239.3999938964844</ele></trkpt><trkpt lat="46.136980367358774" lon="7.789889983367175"><ele>1239.8999938964844</ele></trkpt><trkpt lat="46.13686990784481" lon="7.789829749614"><ele>1240.0</ele></trkpt><trkpt lat="46.136812429409474" lon="7.7897996180690825"><ele>1240.0</ele></trkpt><trkpt lat="46.13669027201831" lon="7.789740603417158"><ele>1240.2999877929688</ele></trkpt><trkpt lat="46.136582418810576" lon="7.789710148237646"><ele>1240.5999755859375</ele></trkpt><trkpt lat="46.13646014081314" lon="7.789689952973276"><ele>1240.7999877929688</ele></trkpt><trkpt lat="46.13628038438037" lon="7.789639626629651"><ele>1241.6999816894531</ele></trkpt><trkpt lat="46.13615007093176" lon="7.789599970448762"><ele>1241.6999816894531</ele></trkpt><trkpt lat="46.13606017641723" lon="7.789579983334988"><ele>1242.0</ele></trkpt><trkpt lat="46.13600983005017" lon="7.789570602122694"><ele>1242.1999816894531</ele></trkpt><trkpt lat="46.13594248890877" lon="7.789530056528747"><ele>1242.7999877929688</ele></trkpt><trkpt lat="46.13588144024834" lon="7.789490845054388"><ele>1243.0</ele></trkpt><trkpt lat="46.135811464395374" lon="7.7894295789301395"><ele>1243.0999755859375</ele></trkpt><trkpt lat="46.13573341630399" lon="7.789360497146845"><ele>1243.0999755859375</ele></trkpt><trkpt lat="46.13563021738082" lon="7.7892796085216105"><ele>1243.2999877929688</ele></trkpt><trkpt lat="46.13564994325861" lon="7.789300438947976"><ele>1243.1999816894531</ele></trkpt><trkpt lat="46.13565444108099" lon="7.7893004678189754"><ele>1243.1999816894531</ele></trkpt><trkpt lat="46.13565444108099" lon="7.7893004678189754"><ele>1243.1999816894531</ele></trkpt><trkpt lat="46.13565444108099" lon="7.7893004678189754"><ele>1243.1999816894531</ele></trkpt><trkpt lat="46.13565444108099" lon="7.7893004678189754"><ele>1243.1999816894531</ele></trkpt><trkpt lat="46.13565444108099" lon="7.7893004678189754"><ele>1243.1999816894531</ele></trkpt><trkpt lat="46.13565444108099" lon="7.7893004678189754"><ele>1243.1999816894531</ele></trkpt><trkpt lat="46.13565444108099" lon="7.7893004678189754"><ele>1243.1999816894531</ele></trkpt><trkpt lat="46.13565444108099" lon="7.7893004678189754"><ele>1243.1999816894531</ele></trkpt><trkpt lat="46.13565444108099" lon="7.7893004678189754"><ele>1243.1999816894531</ele></trkpt><trkpt lat="46.13565444108099" lon="7.7893004678189754"><ele>1243.1999816894531</ele></trkpt><trkpt lat="46.13565444108099" lon="7.7893004678189754"><ele>1243.1999816894531</ele></trkpt><trkpt lat="46.13565444108099" lon="7.7893004678189754"><ele>1243.1999816894531</ele></trkpt><trkpt lat="46.13565444108099" lon="7.7893004678189754"><ele>1243.1999816894531</ele></trkpt><trkpt lat="46.13565444108099" lon="7.7893004678189754"><ele>1243.1999816894531</ele></trkpt><trkpt lat="46.13565444108099" lon="7.7893004678189754"><ele>1243.1999816894531</ele></trkpt><trkpt lat="46.13565444108099" lon="7.7893004678189754"><ele>1243.1999816894531</ele></trkpt><trkpt lat="46.13564994325861" lon="7.789300438947976"><ele>1243.1999816894531</ele></trkpt><trkpt lat="46.13563021738082" lon="7.7892796085216105"><ele>1243.2999877929688</ele></trkpt><trkpt lat="46.13555031036958" lon="7.7892299252562225"><ele>1243.3999938964844</ele></trkpt><trkpt lat="46.135500056203455" lon="7.7891907836310565"><ele>1243.5</ele></trkpt><trkpt lat="46.135460508521646" lon="7.789180178195238"><ele>1243.6999816894531</ele></trkpt><trkpt lat="46.13542005699128" lon="7.78917086077854"><ele>1243.6999816894531</ele></trkpt><trkpt lat="46.13538047671318" lon="7.789170606993139"><ele>1243.6999816894531</ele></trkpt><trkpt lat="46.13532020710409" lon="7.78917022049427"><ele>1243.7999877929688</ele></trkpt><trkpt lat="46.13473248342052" lon="7.789269967004657"><ele>1247.2999877929688</ele></trkpt><trkpt lat="46.13458039611578" lon="7.789289694279432"><ele>1248.2999877929688</ele></trkpt><trkpt lat="46.13447151519358" lon="7.789300641510636"><ele>1249.0999755859375</ele></trkpt><trkpt lat="46.13438149634749" lon="7.789320766925812"><ele>1249.5</ele></trkpt><trkpt lat="46.13432026701048" lon="7.7893397831358016"><ele>1249.7999877929688</ele></trkpt><trkpt lat="46.1341499639675" lon="7.789431853685528"><ele>1249.6999816894531</ele></trkpt><trkpt lat="46.13404996180907" lon="7.789480381179601"><ele>1249.1999816894531</ele></trkpt><trkpt lat="46.13400045456365" lon="7.789490414783359"><ele>1249.7999877929688</ele></trkpt><trkpt lat="46.13376027205959" lon="7.789490166585892"><ele>1250.1999816894531</ele></trkpt><trkpt lat="46.133641499560326" lon="7.789499755483121"><ele>1250.2999877929688</ele></trkpt><trkpt lat="46.13352992013097" lon="7.789510684553534"><ele>1250.6999816894531</ele></trkpt><trkpt lat="46.13346242206171" lon="7.789520602673292"><ele>1251.0999755859375</ele></trkpt><trkpt lat="46.13339039403945" lon="7.789540842641145"><ele>1251.2999877929688</ele></trkpt><trkpt lat="46.13333003222942" lon="7.7895702151581645"><ele>1251.2999877929688</ele></trkpt><trkpt lat="46.13326147804037" lon="7.7896305890753865"><ele>1251.1999816894531</ele></trkpt><trkpt lat="46.13320009177551" lon="7.789700066205114"><ele>1251.3999938964844</ele></trkpt><trkpt lat="46.13314146455377" lon="7.789750152267516"><ele>1251.3999938964844</ele></trkpt><trkpt lat="46.133080198895186" lon="7.789780812337995"><ele>1251.3999938964844</ele></trkpt><trkpt lat="46.133009942248464" lon="7.789810120593756"><ele>1251.6999816894531</ele></trkpt><trkpt lat="46.13295050757006" lon="7.789830441586673"><ele>1251.7999877929688</ele></trkpt><trkpt lat="46.132900040596724" lon="7.789859876967967"><ele>1251.5</ele></trkpt><trkpt lat="46.13287029135972" lon="7.789880387950689"><ele>1251.3999938964844</ele></trkpt><trkpt lat="46.13284144550562" lon="7.789899611379951"><ele>1251.2999877929688</ele></trkpt><trkpt lat="46.132799909450114" lon="7.789949806407094"><ele>1251.1999816894531</ele></trkpt><trkpt lat="46.13274025823921" lon="7.790039996150881"><ele>1250.2999877929688</ele></trkpt><trkpt lat="46.13270042836666" lon="7.790119961835444"><ele>1249.2999877929688</ele></trkpt><trkpt lat="46.13265250297263" lon="7.790199875365943"><ele>1248.5999755859375</ele></trkpt><trkpt lat="46.13259021285921" lon="7.790270639117807"><ele>1247.8999938964844</ele></trkpt><trkpt lat="46.13261009939015" lon="7.7902397136203945"><ele>1248.2999877929688</ele></trkpt><trkpt lat="46.13261816743761" lon="7.7902488224208355"><ele>1248.2999877929688</ele></trkpt><trkpt lat="46.13261816743761" lon="7.7902488224208355"><ele>1248.2999877929688</ele></trkpt><trkpt lat="46.13261816743761" lon="7.7902488224208355"><ele>1248.2999877929688</ele></trkpt><trkpt lat="46.13261816743761" lon="7.7902488224208355"><ele>1248.2999877929688</ele></trkpt><trkpt lat="46.13261816743761" lon="7.7902488224208355"><ele>1248.2999877929688</ele></trkpt><trkpt lat="46.13261816743761" lon="7.7902488224208355"><ele>1248.2999877929688</ele></trkpt><trkpt lat="46.13261816743761" lon="7.7902488224208355"><ele>1248.2999877929688</ele></trkpt><trkpt lat="46.13261816743761" lon="7.7902488224208355"><ele>1248.2999877929688</ele></trkpt><trkpt lat="46.13261816743761" lon="7.7902488224208355"><ele>1248.2999877929688</ele></trkpt><trkpt lat="46.13261816743761" lon="7.7902488224208355"><ele>1248.2999877929688</ele></trkpt><trkpt lat="46.13261816743761" lon="7.7902488224208355"><ele>1248.2999877929688</ele></trkpt><trkpt lat="46.13261816743761" lon="7.7902488224208355"><ele>1248.2999877929688</ele></trkpt><trkpt lat="46.13261816743761" lon="7.7902488224208355"><ele>1248.2999877929688</ele></trkpt><trkpt lat="46.13261816743761" lon="7.7902488224208355"><ele>1248.2999877929688</ele></trkpt><trkpt lat="46.13261816743761" lon="7.7902488224208355"><ele>1248.2999877929688</ele></trkpt><trkpt lat="46.13261816743761" lon="7.7902488224208355"><ele>1248.2999877929688</ele></trkpt><trkpt lat="46.13261009939015" lon="7.7902397136203945"><ele>1248.2999877929688</ele></trkpt><trkpt lat="46.13259021285921" lon="7.790270639117807"><ele>1247.8999938964844</ele></trkpt><trkpt lat="46.13255047565326" lon="7.790320845320821"><ele>1247.1999816894531</ele></trkpt><trkpt lat="46.13245031610131" lon="7.7904198304750025"><ele>1246.2999877929688</ele></trkpt><trkpt lat="46.13237003516406" lon="7.790490477811545"><ele>1246.0999755859375</ele></trkpt><trkpt lat="46.13231044774875" lon="7.7905599642544985"><ele>1246.2999877929688</ele></trkpt><trkpt lat="46.13228246476501" lon="7.790590837597847"><ele>1246.3999938964844</ele></trkpt><trkpt lat="46.13224998861551" lon="7.790620387997478"><ele>1246.5</ele></trkpt><trkpt lat="46.1321904938668" lon="7.790660115424544"><ele>1247.2999877929688</ele></trkpt><trkpt lat="46.13200027914718" lon="7.790790866594762"><ele>1248.6999816894531</ele></trkpt><trkpt lat="46.13194984430447" lon="7.790809949859977"><ele>1249.0</ele></trkpt><trkpt lat="46.13191010663286" lon="7.790860155131668"><ele>1248.5</ele></trkpt><trkpt lat="46.131760435178876" lon="7.790970464237034"><ele>1247.5999755859375</ele></trkpt><trkpt lat="46.131650497205555" lon="7.791031861677766"><ele>1247.3999938964844</ele></trkpt><trkpt lat="46.13157031685114" lon="7.791070160921663"><ele>1247.7999877929688</ele></trkpt><trkpt lat="46.13153244322166" lon="7.791099675465375"><ele>1248.0999755859375</ele></trkpt><trkpt lat="46.13147005997598" lon="7.79120019543916"><ele>1248.7999877929688</ele></trkpt><trkpt lat="46.13141047209501" lon="7.791269680019468"><ele>1248.5999755859375</ele></trkpt><trkpt lat="46.13139244867489" lon="7.791279914788902"><ele>1248.5</ele></trkpt><trkpt lat="46.131330222357064" lon="7.79132997430861"><ele>1248.3999938964844</ele></trkpt><trkpt lat="46.13129144534469" lon="7.791360776871443"><ele>1248.2999877929688</ele></trkpt><trkpt lat="46.131250033620745" lon="7.791370860300958"><ele>1248.2999877929688</ele></trkpt><trkpt lat="46.13121036114171" lon="7.791400363203138"><ele>1248.1999816894531</ele></trkpt><trkpt lat="46.13115005940199" lon="7.7914103250950575"><ele>1248.7999877929688</ele></trkpt><trkpt lat="46.131101419217885" lon="7.791430712677538"><ele>1248.5</ele></trkpt><trkpt lat="46.13093044096604" lon="7.791450310964137"><ele>1248.8999938964844</ele></trkpt><trkpt lat="46.13086027605459" lon="7.791449857875705"><ele>1248.6999816894531</ele></trkpt><trkpt lat="46.130831490736455" lon="7.791449672076851"><ele>1248.6999816894531</ele></trkpt><trkpt lat="46.130835068877786" lon="7.791456164326519"><ele>1248.6999816894531</ele></trkpt><trkpt lat="46.130835068877786" lon="7.791456164326519"><ele>1248.6999816894531</ele></trkpt><trkpt lat="46.130835068877786" lon="7.791456164326519"><ele>1248.6999816894531</ele></trkpt><trkpt lat="46.130835068877786" lon="7.791456164326519"><ele>1248.6999816894531</ele></trkpt><trkpt lat="46.130835068877786" lon="7.791456164326519"><ele>1248.6999816894531</ele></trkpt><trkpt lat="46.130835068877786" lon="7.791456164326519"><ele>1248.6999816894531</ele></trkpt><trkpt lat="46.130835068877786" lon="7.791456164326519"><ele>1248.6999816894531</ele></trkpt><trkpt lat="46.130835068877786" lon="7.791456164326519"><ele>1248.6999816894531</ele></trkpt><trkpt lat="46.130835068877786" lon="7.791456164326519"><ele>1248.6999816894531</ele></trkpt><trkpt lat="46.130835068877786" lon="7.791456164326519"><ele>1248.6999816894531</ele></trkpt><trkpt lat="46.130835068877786" lon="7.791456164326519"><ele>1248.6999816894531</ele></trkpt><trkpt lat="46.130835068877786" lon="7.791456164326519"><ele>1248.6999816894531</ele></trkpt><trkpt lat="46.130835068877786" lon="7.791456164326519"><ele>1248.6999816894531</ele></trkpt><trkpt lat="46.130835068877786" lon="7.791456164326519"><ele>1248.6999816894531</ele></trkpt><trkpt lat="46.130835068877786" lon="7.791456164326519"><ele>1248.6999816894531</ele></trkpt><trkpt lat="46.130835068877786" lon="7.791456164326519"><ele>1248.6999816894531</ele></trkpt><trkpt lat="46.130831490736455" lon="7.791449672076851"><ele>1248.6999816894531</ele></trkpt><trkpt lat="46.13080000272021" lon="7.791450762655586"><ele>1248.6999816894531</ele></trkpt><trkpt lat="46.13072000350803" lon="7.791430838406086"><ele>1248.7999877929688</ele></trkpt><trkpt lat="46.130671492777765" lon="7.791409823577851"><ele>1249.0</ele></trkpt><trkpt lat="46.13057986041531" lon="7.791370416525751"><ele>1249.0999755859375</ele></trkpt><trkpt lat="46.130521482788026" lon="7.791340281255543"><ele>1249.1999816894531</ele></trkpt><trkpt lat="46.13035000860691" lon="7.791230491362512"><ele>1249.7999877929688</ele></trkpt><trkpt lat="46.13021985301748" lon="7.791140376590192"><ele>1249.7999877929688</ele></trkpt><trkpt lat="46.13007983425632" lon="7.791039847768843"><ele>1249.6999816894531</ele></trkpt><trkpt lat="46.129980319645256" lon="7.790931817609817"><ele>1250.2999877929688</ele></trkpt><trkpt lat="46.12973006395623" lon="7.790699902456254"><ele>1252.0999755859375</ele></trkpt><trkpt lat="46.129580210894346" lon="7.790579904802144"><ele>1252.5999755859375</ele></trkpt><trkpt lat="46.12946984451264" lon="7.790489920414984"><ele>1253.0</ele></trkpt><trkpt lat="46.1294114664197" lon="7.79045978654176"><ele>1252.5</ele></trkpt><trkpt lat="46.1293799825944" lon="7.7904595839791"><ele>1252.3999938964844</ele></trkpt><trkpt lat="46.129322472028434" lon="7.7904398064129055"><ele>1252.6999816894531</ele></trkpt><trkpt lat="46.12927032634616" lon="7.7904304140247405"><ele>1252.6999816894531</ele></trkpt><trkpt lat="46.12921014986932" lon="7.790400268509984"><ele>1253.0999755859375</ele></trkpt><trkpt lat="46.12904019607231" lon="7.79037976777181"><ele>1253.0</ele></trkpt><trkpt lat="46.12899248767644" lon="7.790389811154455"><ele>1253.0</ele></trkpt><trkpt lat="46.12894021347165" lon="7.790421819780022"><ele>1252.8999938964844</ele></trkpt><trkpt lat="46.12886986788362" lon="7.790479588788003"><ele>1252.8999938964844</ele></trkpt><trkpt lat="46.1287825149484" lon="7.790510077495128"><ele>1253.0</ele></trkpt><trkpt lat="46.128540316130966" lon="7.790579677559435"><ele>1253.3999938964844</ele></trkpt><trkpt lat="46.1284304424189" lon="7.790620371699333"><ele>1253.5</ele></trkpt><trkpt lat="46.12833149265498" lon="7.790619734209031"><ele>1253.3999938964844</ele></trkpt><trkpt lat="46.12822000961751" lon="7.790599609259516"><ele>1254.2999877929688</ele></trkpt><trkpt lat="46.1280404063873" lon="7.790500124916434"><ele>1255.0999755859375</ele></trkpt><trkpt lat="46.12768045812845" lon="7.790250695310533"><ele>1257.8999938964844</ele></trkpt><trkpt lat="46.1275404994376" lon="7.790130767039955"><ele>1258.5999755859375</ele></trkpt><trkpt lat="46.12747145164758" lon="7.7900604591704905"><ele>1258.8999938964844</ele></trkpt><trkpt lat="46.12746000709012" lon="7.789980171248317"><ele>1259.5</ele></trkpt><trkpt lat="46.12746019195765" lon="7.789920658804476"><ele>1259.5999755859375</ele></trkpt><trkpt lat="46.12744149053469" lon="7.789859731215984"><ele>1259.6999816894531</ele></trkpt><trkpt lat="46.12745042145252" lon="7.789880488999188"><ele>1259.6999816894531</ele></trkpt><trkpt lat="46.127458489499986" lon="7.789889597333968"><ele>1259.6999816894531</ele></trkpt><trkpt lat="46.127458489499986" lon="7.789889597333968"><ele>1259.6999816894531</ele></trkpt><trkpt lat="46.127458489499986" lon="7.789889597333968"><ele>1259.6999816894531</ele></trkpt><trkpt lat="46.127458489499986" lon="7.789889597333968"><ele>1259.6999816894531</ele></trkpt><trkpt lat="46.127458489499986" lon="7.789889597333968"><ele>1259.6999816894531</ele></trkpt><trkpt lat="46.127458489499986" lon="7.789889597333968"><ele>1259.6999816894531</ele></trkpt><trkpt lat="46.127458489499986" lon="7.789889597333968"><ele>1259.6999816894531</ele></trkpt><trkpt lat="46.127458489499986" lon="7.789889597333968"><ele>1259.6999816894531</ele></trkpt><trkpt lat="46.127458489499986" lon="7.789889597333968"><ele>1259.6999816894531</ele></trkpt><trkpt lat="46.127458489499986" lon="7.789889597333968"><ele>1259.6999816894531</ele></trkpt><trkpt lat="46.127458489499986" lon="7.789889597333968"><ele>1259.6999816894531</ele></trkpt><trkpt lat="46.127458489499986" lon="7.789889597333968"><ele>1259.6999816894531</ele></trkpt><trkpt lat="46.127458489499986" lon="7.789889597333968"><ele>1259.6999816894531</ele></trkpt><trkpt lat="46.127458489499986" lon="7.789889597333968"><ele>1259.6999816894531</ele></trkpt><trkpt lat="46.127458489499986" lon="7.789889597333968"><ele>1259.6999816894531</ele></trkpt><trkpt lat="46.127458489499986" lon="7.789889597333968"><ele>1259.6999816894531</ele></trkpt><trkpt lat="46.12745042145252" lon="7.789880488999188"><ele>1259.6999816894531</ele></trkpt><trkpt lat="46.12744149053469" lon="7.789859731215984"><ele>1259.6999816894531</ele></trkpt><trkpt lat="46.12737014563754" lon="7.789660031441599"><ele>1260.0</ele></trkpt><trkpt lat="46.127339931204915" lon="7.789540810510516"><ele>1263.0999755859375</ele></trkpt><trkpt lat="46.12735007563606" lon="7.789460661821067"><ele>1264.5999755859375</ele></trkpt><trkpt lat="46.127311459276825" lon="7.7894397135823965"><ele>1264.5999755859375</ele></trkpt><trkpt lat="46.12726021325216" lon="7.789430328179151"><ele>1264.3999938964844</ele></trkpt><trkpt lat="46.127240017522126" lon="7.789560869336128"><ele>1263.5</ele></trkpt><trkpt lat="46.12720996281132" lon="7.7896797033026814"><ele>1262.1999816894531</ele></trkpt><trkpt lat="46.127179903909564" lon="7.7897998304106295"><ele>1261.1999816894531</ele></trkpt><trkpt lat="46.1271003363654" lon="7.790219794493169"><ele>1260.7999877929688</ele></trkpt><trkpt lat="46.12713051633909" lon="7.790060854982585"><ele>1261.0</ele></trkpt><trkpt lat="46.127135002054274" lon="7.790064765140414"><ele>1261.0</ele></trkpt><trkpt lat="46.127135002054274" lon="7.790064765140414"><ele>1261.0</ele></trkpt><trkpt lat="46.127135002054274" lon="7.790064765140414"><ele>1261.0</ele></trkpt><trkpt lat="46.127135002054274" lon="7.790064765140414"><ele>1261.0</ele></trkpt><trkpt lat="46.127135002054274" lon="7.790064765140414"><ele>1261.0</ele></trkpt><trkpt lat="46.127135002054274" lon="7.790064765140414"><ele>1261.0</ele></trkpt><trkpt lat="46.127135002054274" lon="7.790064765140414"><ele>1261.0</ele></trkpt><trkpt lat="46.127135002054274" lon="7.790064765140414"><ele>1261.0</ele></trkpt><trkpt lat="46.127135002054274" lon="7.790064765140414"><ele>1261.0</ele></trkpt><trkpt lat="46.127135002054274" lon="7.790064765140414"><ele>1261.0</ele></trkpt><trkpt lat="46.127135002054274" lon="7.790064765140414"><ele>1261.0</ele></trkpt><trkpt lat="46.127135002054274" lon="7.790064765140414"><ele>1261.0</ele></trkpt><trkpt lat="46.127135002054274" lon="7.790064765140414"><ele>1261.0</ele></trkpt><trkpt lat="46.127135002054274" lon="7.790064765140414"><ele>1261.0</ele></trkpt><trkpt lat="46.127135002054274" lon="7.790064765140414"><ele>1261.0</ele></trkpt><trkpt lat="46.127135002054274" lon="7.790064765140414"><ele>1261.0</ele></trkpt><trkpt lat="46.12713051633909" lon="7.790060854982585"><ele>1261.0</ele></trkpt><trkpt lat="46.1271003363654" lon="7.790219794493169"><ele>1260.7999877929688</ele></trkpt><trkpt lat="46.12706019310281" lon="7.790400663856417"><ele>1261.5999755859375</ele></trkpt><trkpt lat="46.126952465157956" lon="7.790330106858164"><ele>1261.5</ele></trkpt><trkpt lat="46.126869924366474" lon="7.790259712841362"><ele>1261.8999938964844</ele></trkpt><trkpt lat="46.126752510201186" lon="7.790121818892658"><ele>1262.5999755859375</ele></trkpt><trkpt lat="46.12666013883427" lon="7.790030661504716"><ele>1262.8999938964844</ele></trkpt><trkpt lat="46.12656146613881" lon="7.78994075814262"><ele>1263.1999816894531</ele></trkpt><trkpt lat="46.12648246297613" lon="7.789889793843031"><ele>1263.3999938964844</ele></trkpt><trkpt lat="46.126420515123755" lon="7.7898505832999945"><ele>1263.8999938964844</ele></trkpt><trkpt lat="46.126360370311886" lon="7.789810090325773"><ele>1264.2999877929688</ele></trkpt><trkpt lat="46.12628043117002" lon="7.789770764298737"><ele>1264.3999938964844</ele></trkpt><trkpt lat="46.126150214113295" lon="7.7897000652737916"><ele>1264.6999816894531</ele></trkpt><trkpt lat="46.126042421441525" lon="7.789650211110711"><ele>1265.0999755859375</ele></trkpt><trkpt lat="46.12591037340462" lon="7.789589850697666"><ele>1265.7999877929688</ele></trkpt><trkpt lat="46.125821438618004" lon="7.789550467859954"><ele>1265.8999938964844</ele></trkpt><trkpt lat="46.12582321790978" lon="7.7895569475367665"><ele>1265.8999938964844</ele></trkpt><trkpt lat="46.12582321790978" lon="7.7895569475367665"><ele>1265.8999938964844</ele></trkpt><trkpt lat="46.12582321790978" lon="7.7895569475367665"><ele>1265.8999938964844</ele></trkpt><trkpt lat="46.12582321790978" lon="7.7895569475367665"><ele>1265.8999938964844</ele></trkpt><trkpt lat="46.12582321790978" lon="7.7895569475367665"><ele>1265.8999938964844</ele></trkpt><trkpt lat="46.12582321790978" lon="7.7895569475367665"><ele>1265.8999938964844</ele></trkpt><trkpt lat="46.12582321790978" lon="7.7895569475367665"><ele>1265.8999938964844</ele></trkpt><trkpt lat="46.12582321790978" lon="7.7895569475367665"><ele>1265.8999938964844</ele></trkpt><trkpt lat="46.12582321790978" lon="7.7895569475367665"><ele>1265.8999938964844</ele></trkpt><trkpt lat="46.12582321790978" lon="7.7895569475367665"><ele>1265.8999938964844</ele></trkpt><trkpt lat="46.12582321790978" lon="7.7895569475367665"><ele>1265.8999938964844</ele></trkpt><trkpt lat="46.12582321790978" lon="7.7895569475367665"><ele>1265.8999938964844</ele></trkpt><trkpt lat="46.12582321790978" lon="7.7895569475367665"><ele>1265.8999938964844</ele></trkpt><trkpt lat="46.12582321790978" lon="7.7895569475367665"><ele>1265.8999938964844</ele></trkpt><trkpt lat="46.12582321790978" lon="7.7895569475367665"><ele>1265.8999938964844</ele></trkpt><trkpt lat="46.12582321790978" lon="7.7895569475367665"><ele>1265.8999938964844</ele></trkpt><trkpt lat="46.125821438618004" lon="7.789550467859954"><ele>1265.8999938964844</ele></trkpt><trkpt lat="46.12574147153646" lon="7.789520198479295"><ele>1265.8999938964844</ele></trkpt><trkpt lat="46.125662432052195" lon="7.789480878971517"><ele>1266.2999877929688</ele></trkpt><trkpt lat="46.12560045579448" lon="7.7894507250748575"><ele>1266.5</ele></trkpt><trkpt lat="46.1255214526318" lon="7.789399762637913"><ele>1266.6999816894531</ele></trkpt><trkpt lat="46.125442444812506" lon="7.789350093808025"><ele>1266.7999877929688</ele></trkpt><trkpt lat="46.125359839294106" lon="7.789300402160734"><ele>1267.0</ele></trkpt><trkpt lat="46.125279932282865" lon="7.78925072774291"><ele>1267.2999877929688</ele></trkpt><trkpt lat="46.12520005740225" lon="7.789190704002976"><ele>1267.5</ele></trkpt><trkpt lat="46.12513991212472" lon="7.7891502128914"><ele>1267.6999816894531</ele></trkpt><trkpt lat="46.12506993254647" lon="7.7890902534127235"><ele>1268.0999755859375</ele></trkpt><trkpt lat="46.125012513715774" lon="7.78904072381556"><ele>1268.2999877929688</ele></trkpt><trkpt lat="46.12483027111739" lon="7.788921827450395"><ele>1268.7999877929688</ele></trkpt><trkpt lat="46.12475036783144" lon="7.7888708603568375"><ele>1269.0999755859375</ele></trkpt><trkpt lat="46.1246714242734" lon="7.788800494279712"><ele>1269.3999938964844</ele></trkpt><trkpt lat="46.12443983461708" lon="7.788639884907752"><ele>1269.5</ele></trkpt><trkpt lat="46.1243734206073" lon="7.788590298499912"><ele>1269.7999877929688</ele></trkpt><trkpt lat="46.12391026830301" lon="7.788260029163212"><ele>1271.7999877929688</ele></trkpt><trkpt lat="46.12381150247529" lon="7.788199887610972"><ele>1272.0999755859375</ele></trkpt><trkpt lat="46.12385009042919" lon="7.788229889236391"><ele>1271.8999938964844</ele></trkpt><trkpt lat="46.12385998154059" lon="7.788231246173382"><ele>1271.8999938964844</ele></trkpt><trkpt lat="46.12385998154059" lon="7.788231246173382"><ele>1271.8999938964844</ele></trkpt><trkpt lat="46.12385998154059" lon="7.788231246173382"><ele>1271.8999938964844</ele></trkpt><trkpt lat="46.12385998154059" lon="7.788231246173382"><ele>1271.8999938964844</ele></trkpt><trkpt lat="46.12385998154059" lon="7.788231246173382"><ele>1271.8999938964844</ele></trkpt><trkpt lat="46.12385998154059" lon="7.788231246173382"><ele>1271.8999938964844</ele></trkpt><trkpt lat="46.12385998154059" lon="7.788231246173382"><ele>1271.8999938964844</ele></trkpt><trkpt lat="46.12385998154059" lon="7.788231246173382"><ele>1271.8999938964844</ele></trkpt><trkpt lat="46.12385998154059" lon="7.788231246173382"><ele>1271.8999938964844</ele></trkpt><trkpt lat="46.12385998154059" lon="7.788231246173382"><ele>1271.8999938964844</ele></trkpt><trkpt lat="46.12385998154059" lon="7.788231246173382"><ele>1271.8999938964844</ele></trkpt><trkpt lat="46.12385998154059" lon="7.788231246173382"><ele>1271.8999938964844</ele></trkpt><trkpt lat="46.12385998154059" lon="7.788231246173382"><ele>1271.8999938964844</ele></trkpt><trkpt lat="46.12385998154059" lon="7.788231246173382"><ele>1271.8999938964844</ele></trkpt><trkpt lat="46.12385998154059" lon="7.788231246173382"><ele>1271.8999938964844</ele></trkpt><trkpt lat="46.12385998154059" lon="7.788231246173382"><ele>1271.8999938964844</ele></trkpt><trkpt lat="46.12385009042919" lon="7.788229889236391"><ele>1271.8999938964844</ele></trkpt><trkpt lat="46.12381150247529" lon="7.788199887610972"><ele>1272.0999755859375</ele></trkpt><trkpt lat="46.1237504533492" lon="7.7881606868468225"><ele>1272.5</ele></trkpt><trkpt lat="46.12360044522211" lon="7.7880898686125875"><ele>1273.0999755859375</ele></trkpt><trkpt lat="46.1234298995696" lon="7.787969759199768"><ele>1273.6999816894531</ele></trkpt><trkpt lat="46.12333023408428" lon="7.787909612990916"><ele>1273.8999938964844</ele></trkpt><trkpt lat="46.12319008493796" lon="7.787850502412766"><ele>1274.3999938964844</ele></trkpt><trkpt lat="46.12311011739075" lon="7.787820236757398"><ele>1274.5</ele></trkpt><trkpt lat="46.12304001254961" lon="7.787800383754075"><ele>1274.5999755859375</ele></trkpt><trkpt lat="46.122959981206805" lon="7.787790817208588"><ele>1274.8999938964844</ele></trkpt><trkpt lat="46.12285026861355" lon="7.78777976706624"><ele>1275.0999755859375</ele></trkpt><trkpt lat="46.12270990386605" lon="7.7877905131317675"><ele>1275.2999877929688</ele></trkpt><trkpt lat="46.12252993090078" lon="7.78781006205827"><ele>1275.8999938964844</ele></trkpt><trkpt lat="46.12211250187829" lon="7.7878203322179615"><ele>1276.6999816894531</ele></trkpt><trkpt lat="46.12161045195535" lon="7.787850759923458"><ele>1277.7999877929688</ele></trkpt><trkpt lat="46.121370265726" lon="7.787851812783629"><ele>1278.3999938964844</ele></trkpt><trkpt lat="46.12120025139302" lon="7.787850726395845"><ele>1278.6999816894531</ele></trkpt><trkpt lat="46.12113008694723" lon="7.787850278429687"><ele>1278.8999938964844</ele></trkpt><trkpt lat="46.12105005560443" lon="7.787840711418539"><ele>1279.0999755859375</ele></trkpt><trkpt lat="46.12078031199053" lon="7.787800179794431"><ele>1279.5999755859375</ele></trkpt><trkpt lat="46.12060048710555" lon="7.787771865259856"><ele>1279.8999938964844</ele></trkpt><trkpt lat="46.12051245942712" lon="7.787729907315224"><ele>1280.0999755859375</ele></trkpt><trkpt lat="46.120550176594406" lon="7.7877508462406695"><ele>1280.0</ele></trkpt><trkpt lat="46.120550176594406" lon="7.7877508462406695"><ele>1280.0</ele></trkpt><trkpt lat="46.120550176594406" lon="7.7877508462406695"><ele>1280.0</ele></trkpt><trkpt lat="46.120550176594406" lon="7.7877508462406695"><ele>1280.0</ele></trkpt><trkpt lat="46.120550176594406" lon="7.7877508462406695"><ele>1280.0</ele></trkpt><trkpt lat="46.120550176594406" lon="7.7877508462406695"><ele>1280.0</ele></trkpt><trkpt lat="46.120550176594406" lon="7.7877508462406695"><ele>1280.0</ele></trkpt><trkpt lat="46.120550176594406" lon="7.7877508462406695"><ele>1280.0</ele></trkpt><trkpt lat="46.120550176594406" lon="7.7877508462406695"><ele>1280.0</ele></trkpt><trkpt lat="46.120550176594406" lon="7.7877508462406695"><ele>1280.0</ele></trkpt><trkpt lat="46.120550176594406" lon="7.7877508462406695"><ele>1280.0</ele></trkpt><trkpt lat="46.120550176594406" lon="7.7877508462406695"><ele>1280.0</ele></trkpt><trkpt lat="46.120550176594406" lon="7.7877508462406695"><ele>1280.0</ele></trkpt><trkpt lat="46.120550176594406" lon="7.7877508462406695"><ele>1280.0</ele></trkpt><trkpt lat="46.120550176594406" lon="7.7877508462406695"><ele>1280.0</ele></trkpt><trkpt lat="46.120550172403455" lon="7.787752139847726"><ele>1280.0</ele></trkpt><trkpt lat="46.120550172403455" lon="7.787752139847726"><ele>1280.0</ele></trkpt><trkpt lat="46.120550176594406" lon="7.7877508462406695"><ele>1280.0</ele></trkpt><trkpt lat="46.12051245942712" lon="7.787729907315224"><ele>1280.0999755859375</ele></trkpt><trkpt lat="46.12040016800165" lon="7.787680033128709"><ele>1280.5</ele></trkpt><trkpt lat="46.12029150687158" lon="7.787619833368808"><ele>1280.7999877929688</ele></trkpt><trkpt lat="46.12011996563524" lon="7.787530773319304"><ele>1281.7999877929688</ele></trkpt><trkpt lat="46.11999247781932" lon="7.787449756637216"><ele>1282.6999816894531</ele></trkpt><trkpt lat="46.119890173431486" lon="7.7873701942153275"><ele>1283.5999755859375</ele></trkpt><trkpt lat="46.11979149887338" lon="7.787280306685716"><ele>1284.5</ele></trkpt><trkpt lat="46.119700020644814" lon="7.787190465722233"><ele>1285.5</ele></trkpt><trkpt lat="46.1196005102247" lon="7.78707987582311"><ele>1286.5</ele></trkpt><trkpt lat="46.119560182560235" lon="7.787030462641269"><ele>1287.0</ele></trkpt><trkpt lat="46.11955031938851" lon="7.787020050920546"><ele>1287.0999755859375</ele></trkpt><trkpt lat="46.11944004241377" lon="7.786900338251144"><ele>1288.5</ele></trkpt><trkpt lat="46.11931990226731" lon="7.786770214792341"><ele>1289.8999938964844</ele></trkpt><trkpt lat="46.11924014938995" lon="7.786670100875199"><ele>1290.8999938964844</ele></trkpt><trkpt lat="46.119120040908456" lon="7.786529629956931"><ele>1292.5</ele></trkpt><trkpt lat="46.11905008740723" lon="7.78646062547341"><ele>1293.2999877929688</ele></trkpt><trkpt lat="46.11898997332901" lon="7.786409793421626"><ele>1294.0</ele></trkpt><trkpt lat="46.11893342155963" lon="7.786370626650751"><ele>1294.6999816894531</ele></trkpt><trkpt lat="46.1188103989698" lon="7.7862999914214015"><ele>1295.7999877929688</ele></trkpt><trkpt lat="46.118699906393886" lon="7.7862501330673695"><ele>1296.8999938964844</ele></trkpt><trkpt lat="46.11854002997279" lon="7.786170208826661"><ele>1298.0999755859375</ele></trkpt><trkpt lat="46.118399852421135" lon="7.78612016281113"><ele>1299.2999877929688</ele></trkpt><trkpt lat="46.11836030008271" lon="7.786110856104642"><ele>1299.6999816894531</ele></trkpt><trkpt lat="46.11821984825656" lon="7.786150063853711"><ele>1301.5</ele></trkpt><trkpt lat="46.11817037360743" lon="7.786149749532342"><ele>1301.8999938964844</ele></trkpt><trkpt lat="46.1181299216114" lon="7.78614043770358"><ele>1302.0999755859375</ele></trkpt><trkpt lat="46.11810029670596" lon="7.786120845936239"><ele>1302.5</ele></trkpt><trkpt lat="46.118082428816706" lon="7.786080632358789"><ele>1302.8999938964844</ele></trkpt><trkpt lat="46.118040456436574" lon="7.7859807619825006"><ele>1303.6999816894531</ele></trkpt><trkpt lat="46.11800010036677" lon="7.785940405447036"><ele>1304.0999755859375</ele></trkpt><trkpt lat="46.11793989036232" lon="7.7859206199646"><ele>1304.7999877929688</ele></trkpt><trkpt lat="46.11770988162607" lon="7.785829904023558"><ele>1307.0</ele></trkpt><trkpt lat="46.11749245831743" lon="7.7857418563216925"><ele>1309.0999755859375</ele></trkpt><trkpt lat="46.11732985917479" lon="7.785669679287821"><ele>1310.1999816894531</ele></trkpt><trkpt lat="46.11723022023216" lon="7.785600489936769"><ele>1311.0</ele></trkpt><trkpt lat="46.117170106153935" lon="7.785549660678953"><ele>1311.8999938964844</ele></trkpt><trkpt lat="46.11709032068029" lon="7.785459900740534"><ele>1313.5</ele></trkpt><trkpt lat="46.11709028854966" lon="7.785470248665661"><ele>1312.6999816894531</ele></trkpt><trkpt lat="46.11709747323766" lon="7.785474175121635"><ele>1312.6999816894531</ele></trkpt><trkpt lat="46.11709747323766" lon="7.785474175121635"><ele>1312.6999816894531</ele></trkpt><trkpt lat="46.11709747323766" lon="7.785474175121635"><ele>1312.6999816894531</ele></trkpt><trkpt lat="46.11709747323766" lon="7.785474175121635"><ele>1312.6999816894531</ele></trkpt><trkpt lat="46.11709747323766" lon="7.785474175121635"><ele>1312.6999816894531</ele></trkpt><trkpt lat="46.11709747323766" lon="7.785474175121635"><ele>1312.6999816894531</ele></trkpt><trkpt lat="46.11709747323766" lon="7.785474175121635"><ele>1312.6999816894531</ele></trkpt><trkpt lat="46.11709747323766" lon="7.785474175121635"><ele>1312.6999816894531</ele></trkpt><trkpt lat="46.11709747323766" lon="7.785474175121635"><ele>1312.6999816894531</ele></trkpt><trkpt lat="46.11709747323766" lon="7.785474175121635"><ele>1312.6999816894531</ele></trkpt><trkpt lat="46.11709747323766" lon="7.785474175121635"><ele>1312.6999816894531</ele></trkpt><trkpt lat="46.11709747323766" lon="7.785474175121635"><ele>1312.6999816894531</ele></trkpt><trkpt lat="46.11709747323766" lon="7.785474175121635"><ele>1312.6999816894531</ele></trkpt><trkpt lat="46.11709747323766" lon="7.785474175121635"><ele>1312.6999816894531</ele></trkpt><trkpt lat="46.11709747323766" lon="7.785474175121635"><ele>1312.6999816894531</ele></trkpt><trkpt lat="46.11709747323766" lon="7.785474175121635"><ele>1312.6999816894531</ele></trkpt><trkpt lat="46.11709028854966" lon="7.785470248665661"><ele>1312.6999816894531</ele></trkpt><trkpt lat="46.11709032068029" lon="7.785459900740534"><ele>1313.5</ele></trkpt><trkpt lat="46.117030201945454" lon="7.785410365555435"><ele>1314.3999938964844</ele></trkpt><trkpt lat="46.11700147623196" lon="7.7853907803073525"><ele>1314.8999938964844</ele></trkpt><trkpt lat="46.11696009337902" lon="7.785391811281443"><ele>1315.1999816894531</ele></trkpt><trkpt lat="46.11691242130473" lon="7.785390215460211"><ele>1315.5999755859375</ele></trkpt><trkpt lat="46.11685025785118" lon="7.785420865751803"><ele>1316.0999755859375</ele></trkpt><trkpt lat="46.11678986111656" lon="7.7854618756100535"><ele>1316.3999938964844</ele></trkpt><trkpt lat="46.1167303128168" lon="7.785519706550986"><ele>1316.7999877929688</ele></trkpt><trkpt lat="46.11669150553644" lon="7.785560852847993"><ele>1317.3999938964844</ele></trkpt><trkpt lat="46.11663009040058" lon="7.7856406616047025"><ele>1318.1999816894531</ele></trkpt><trkpt lat="46.11657050577924" lon="7.785710133612156"><ele>1318.8999938964844</ele></trkpt><trkpt lat="46.11652993503958" lon="7.785739626735449"><ele>1319.0999755859375</ele></trkpt><trkpt lat="46.11645151581615" lon="7.785790869500488"><ele>1318.8999938964844</ele></trkpt><trkpt lat="46.116370401810855" lon="7.7858408014290035"><ele>1319.2999877929688</ele></trkpt><trkpt lat="46.11631987662986" lon="7.78588963393122"><ele>1319.7999877929688</ele></trkpt><trkpt lat="46.116250392980874" lon="7.785960336215794"><ele>1321.0999755859375</ele></trkpt><trkpt lat="46.11618996877223" lon="7.786010398995131"><ele>1322.2999877929688</ele></trkpt><trkpt lat="46.116170146968216" lon="7.78602062119171"><ele>1322.5999755859375</ele></trkpt><trkpt lat="46.1161503251642" lon="7.786030843388289"><ele>1322.6999816894531</ele></trkpt><trkpt lat="46.11610342608765" lon="7.786070644389838"><ele>1323.3999938964844</ele></trkpt><trkpt lat="46.115981462877244" lon="7.786240612156689"><ele>1325.0999755859375</ele></trkpt><trkpt lat="46.1159101203084" lon="7.786330703645945"><ele>1326.3999938964844</ele></trkpt><trkpt lat="46.11582051264122" lon="7.786509931087494"><ele>1328.5999755859375</ele></trkpt><trkpt lat="46.11567041603848" lon="7.786759914830327"><ele>1331.0</ele></trkpt><trkpt lat="46.115622429642826" lon="7.786860501859337"><ele>1332.1999816894531</ele></trkpt><trkpt lat="46.11554016871378" lon="7.786990621127188"><ele>1334.0999755859375</ele></trkpt><trkpt lat="46.11549047892913" lon="7.787060153204948"><ele>1335.0</ele></trkpt><trkpt lat="46.11544984392822" lon="7.78711034078151"><ele>1335.6999816894531</ele></trkpt><trkpt lat="46.115439916960895" lon="7.787120625376701"><ele>1335.8999938964844</ele></trkpt><trkpt lat="46.115380331873894" lon="7.787190094124526"><ele>1336.6999816894531</ele></trkpt><trkpt lat="46.11529013002291" lon="7.787269715219736"><ele>1337.6999816894531</ele></trkpt><trkpt lat="46.11522250901908" lon="7.787319730501622"><ele>1338.5999755859375</ele></trkpt><trkpt lat="46.115109846461564" lon="7.787390153389424"><ele>1339.6999816894531</ele></trkpt><trkpt lat="46.11502243531868" lon="7.7874400415457785"><ele>1340.0999755859375</ele></trkpt><trkpt lat="46.11489994125441" lon="7.787489705719054"><ele>1340.5</ele></trkpt><trkpt lat="46.11489994125441" lon="7.787489705719054"><ele>1340.5</ele></trkpt><trkpt lat="46.114904419053346" lon="7.787496201694012"><ele>1340.5</ele></trkpt><trkpt lat="46.114904419053346" lon="7.787496201694012"><ele>1340.5</ele></trkpt><trkpt lat="46.114904419053346" lon="7.787496201694012"><ele>1340.5</ele></trkpt><trkpt lat="46.114904419053346" lon="7.787496201694012"><ele>1340.5</ele></trkpt><trkpt lat="46.114904419053346" lon="7.787496201694012"><ele>1340.5</ele></trkpt><trkpt lat="46.114904419053346" lon="7.787496201694012"><ele>1340.5</ele></trkpt><trkpt lat="46.114904419053346" lon="7.787496201694012"><ele>1340.5</ele></trkpt><trkpt lat="46.114904419053346" lon="7.787496201694012"><ele>1340.5</ele></trkpt><trkpt lat="46.114904419053346" lon="7.787496201694012"><ele>1340.5</ele></trkpt><trkpt lat="46.114904419053346" lon="7.787496201694012"><ele>1340.5</ele></trkpt><trkpt lat="46.114904419053346" lon="7.787496201694012"><ele>1340.5</ele></trkpt><trkpt lat="46.114904419053346" lon="7.787496201694012"><ele>1340.5</ele></trkpt><trkpt lat="46.114904419053346" lon="7.787496201694012"><ele>1340.5</ele></trkpt><trkpt lat="46.114904419053346" lon="7.787496201694012"><ele>1340.5</ele></trkpt><trkpt lat="46.114904419053346" lon="7.787496201694012"><ele>1340.5</ele></trkpt><trkpt lat="46.114904419053346" lon="7.787496201694012"><ele>1340.5</ele></trkpt><trkpt lat="46.11489994125441" lon="7.787489705719054"><ele>1340.5</ele></trkpt><trkpt lat="46.11489994125441" lon="7.787489705719054"><ele>1340.5</ele></trkpt><trkpt lat="46.1146299187094" lon="7.787539721932262"><ele>1343.0999755859375</ele></trkpt><trkpt lat="46.11449042148888" lon="7.78756082104519"><ele>1344.0999755859375</ele></trkpt><trkpt lat="46.11438244441524" lon="7.787570479791611"><ele>1345.2999877929688</ele></trkpt><trkpt lat="46.11425021151081" lon="7.7875696355476975"><ele>1346.5999755859375</ele></trkpt><trkpt lat="46.11409998405725" lon="7.787569970358163"><ele>1347.8999938964844</ele></trkpt><trkpt lat="46.11398040456697" lon="7.7875498053617775"><ele>1348.7999877929688</ele></trkpt><trkpt lat="46.113840132020414" lon="7.787530802190304"><ele>1350.3999938964844</ele></trkpt><trkpt lat="46.113769967574626" lon="7.787530354224145"><ele>1351.0</ele></trkpt><trkpt lat="46.11371242860332" lon="7.787519639823586"><ele>1351.8999938964844</ele></trkpt><trkpt lat="46.11364042945206" lon="7.787530821282417"><ele>1352.3999938964844</ele></trkpt><trkpt lat="46.113370378967375" lon="7.787589890416712"><ele>1355.3999938964844</ele></trkpt><trkpt lat="46.1132398811169" lon="7.787609752267599"><ele>1356.8999938964844</ele></trkpt><trkpt lat="46.11319037433714" lon="7.787619784008712"><ele>1357.5</ele></trkpt><trkpt lat="46.11312023829669" lon="7.787610282190144"><ele>1358.3999938964844</ele></trkpt><trkpt lat="46.11305999662727" lon="7.787600843701512"><ele>1359.1999816894531</ele></trkpt><trkpt lat="46.11275988491252" lon="7.787490280810744"><ele>1363.0</ele></trkpt><trkpt lat="46.11267994949594" lon="7.787449674680829"><ele>1364.0999755859375</ele></trkpt><trkpt lat="46.11260993685573" lon="7.7874000780284405"><ele>1364.7999877929688</ele></trkpt><trkpt lat="46.11254985118285" lon="7.787340197246522"><ele>1365.7999877929688</ele></trkpt><trkpt lat="46.1124315103516" lon="7.787210100796074"><ele>1367.5</ele></trkpt><trkpt lat="46.11235985439271" lon="7.787110050674528"><ele>1368.7999877929688</ele></trkpt><trkpt lat="46.11228999681771" lon="7.787010012194514"><ele>1369.7999877929688</ele></trkpt><trkpt lat="46.11224343627691" lon="7.786939871497452"><ele>1370.5</ele></trkpt><trkpt lat="46.112201432697475" lon="7.786850357893854"><ele>1371.1999816894531</ele></trkpt><trkpt lat="46.11209143418819" lon="7.786640124861151"><ele>1373.1999816894531</ele></trkpt><trkpt lat="46.11204043123871" lon="7.7865518485195935"><ele>1374.0</ele></trkpt><trkpt lat="46.111980504356325" lon="7.786440233699977"><ele>1374.8999938964844</ele></trkpt><trkpt lat="46.11193037685007" lon="7.78635972365737"><ele>1375.6999816894531</ele></trkpt><trkpt lat="46.11187029024586" lon="7.786299845203757"><ele>1376.5</ele></trkpt><trkpt lat="46.1117725148797" lon="7.786209978628904"><ele>1377.8999938964844</ele></trkpt><trkpt lat="46.11170343309641" lon="7.786150042898953"><ele>1379.3999938964844</ele></trkpt><trkpt lat="46.11163341999054" lon="7.786100448574871"><ele>1380.3999938964844</ele></trkpt><trkpt lat="46.111540018580854" lon="7.786050706170499"><ele>1381.7999877929688</ele></trkpt><trkpt lat="46.11142146214843" lon="7.785990457050502"><ele>1385.1999816894531</ele></trkpt><trkpt lat="46.11142146214843" lon="7.785990457050502"><ele>1385.1999816894531</ele></trkpt><trkpt lat="46.11143028084189" lon="7.786000229418278"><ele>1382.7899780273438</ele></trkpt><trkpt lat="46.11143028130755" lon="7.786000229418278"><ele>1383.1599731445312</ele></trkpt><trkpt lat="46.11140028107911" lon="7.785990229342133"><ele>1383.6499938964844</ele></trkpt><trkpt lat="46.111250281799585" lon="7.785930229816586"><ele>1385.6999816894531</ele></trkpt><trkpt lat="46.11105028213933" lon="7.785850230138749"><ele>1389.0</ele></trkpt><trkpt lat="46.11094028223306" lon="7.78583023045212"><ele>1390.1999816894531</ele></trkpt><trkpt lat="46.11092028254643" lon="7.78583023045212"><ele>1390.5</ele></trkpt><trkpt lat="46.11083028279245" lon="7.785860230680555"><ele>1391.219970703125</ele></trkpt><trkpt lat="46.11075028264895" lon="7.78589023090899"><ele>1391.5999755859375</ele></trkpt><trkpt lat="46.11067028250545" lon="7.785940230824053"><ele>1391.5999755859375</ele></trkpt><trkpt lat="46.110610282514244" lon="7.785970230586827"><ele>1391.8999938964844</ele></trkpt><trkpt lat="46.11058028275147" lon="7.785980230662972"><ele>1392.0</ele></trkpt><trkpt lat="46.110550282523036" lon="7.785980230662972"><ele>1392.0</ele></trkpt><trkpt lat="46.11051028268412" lon="7.785960230976343"><ele>1392.2999877929688</ele></trkpt><trkpt lat="46.11051028268412" lon="7.785950230900198"><ele>1392.3399963378906</ele></trkpt><trkpt lat="46.11043028300628" lon="7.7858402309939265"><ele>1393.1999816894531</ele></trkpt><trkpt lat="46.11036028293893" lon="7.785710230935365"><ele>1394.1899719238281</ele></trkpt><trkpt lat="46.11032028310001" lon="7.785660231020302"><ele>1394.6499938964844</ele></trkpt><trkpt lat="46.11028028326109" lon="7.78559023141861"><ele>1395.1999816894531</ele></trkpt><trkpt lat="46.11025028349832" lon="7.785540231503546"><ele>1395.5999755859375</ele></trkpt><trkpt lat="46.11025028349832" lon="7.785530231427401"><ele>1395.6599731445312</ele></trkpt><trkpt lat="46.11023028334603" lon="7.785490231588483"><ele>1395.75</ele></trkpt><trkpt lat="46.11019028350711" lon="7.7854302315972745"><ele>1396.3799743652344</ele></trkpt><trkpt lat="46.11012028390542" lon="7.785330231767148"><ele>1397.0999755859375</ele></trkpt><trkpt lat="46.11007028399035" lon="7.78525023162365"><ele>1397.9599914550781</ele></trkpt><trkpt lat="46.110000283923" lon="7.785150231793523"><ele>1398.8099975585938</ele></trkpt><trkpt lat="46.10991028416902" lon="7.785010232124478"><ele>1399.989990234375</ele></trkpt><trkpt lat="46.10985028464347" lon="7.784930231980979"><ele>1400.7699890136719</ele></trkpt><trkpt lat="46.10981028433889" lon="7.784880232065916"><ele>1401.22998046875</ele></trkpt><trkpt lat="46.109750284813344" lon="7.784810232464224"><ele>1401.6999816894531</ele></trkpt><trkpt lat="46.10968028474599" lon="7.784720232244581"><ele>1402.8599853515625</ele></trkpt><trkpt lat="46.1093202852644" lon="7.784370232839137"><ele>1406.47998046875</ele></trkpt><trkpt lat="46.10929028550163" lon="7.784330233000219"><ele>1406.8999938964844</ele></trkpt><trkpt lat="46.10908028576523" lon="7.784150233492255"><ele>1408.8999938964844</ele></trkpt><trkpt lat="46.10895028617233" lon="7.784020233433694"><ele>1410.3999938964844</ele></trkpt><trkpt lat="46.10888028657064" lon="7.783960233908147"><ele>1411.0499877929688</ele></trkpt><trkpt lat="46.10870028659701" lon="7.7838002340868115"><ele>1412.8799743652344</ele></trkpt><trkpt lat="46.10852028662339" lon="7.7836402342654765"><ele>1413.7099914550781</ele></trkpt><trkpt lat="46.10848028678447" lon="7.783600234426558"><ele>1414.5399780273438</ele></trkpt><trkpt lat="46.10841028718278" lon="7.783550234511495"><ele>1415.0899963378906</ele></trkpt><trkpt lat="46.108360287267715" lon="7.783510234206915"><ele>1415.469970703125</ele></trkpt><trkpt lat="46.10828028712422" lon="7.783480234444141"><ele>1416.1799926757812</ele></trkpt><trkpt lat="46.108190287370235" lon="7.783430234529078"><ele>1416.7099914550781</ele></trkpt><trkpt lat="46.1079502874054" lon="7.783310234546661"><ele>1417.6199951171875</ele></trkpt><trkpt lat="46.107830287888646" lon="7.783240234944969"><ele>1418.25</ele></trkpt><trkpt lat="46.107790287584066" lon="7.7832202347926795"><ele>1418.3399963378906</ele></trkpt><trkpt lat="46.10754028754309" lon="7.783080234657973"><ele>1418.5899963378906</ele></trkpt><trkpt lat="46.107510287780315" lon="7.783070235047489"><ele>1418.5799865722656</ele></trkpt><trkpt lat="46.10741028795019" lon="7.783010235056281"><ele>1419.1999816894531</ele></trkpt><trkpt lat="46.107300287578255" lon="7.7829502345994115"><ele>1418.5499877929688</ele></trkpt><trkpt lat="46.10724028758705" lon="7.782910234760493"><ele>1418.4199829101562</ele></trkpt><trkpt lat="46.10717028751969" lon="7.782870234921575"><ele>1418.5</ele></trkpt><trkpt lat="46.10717028751969" lon="7.782870234921575"><ele>1418.5</ele></trkpt><trkpt lat="46.10717028751969" lon="7.782870234921575"><ele>1418.5</ele></trkpt><trkpt lat="46.10697028785944" lon="7.782720234710723"><ele>1418.3399963378906</ele></trkpt><trkpt lat="46.10687028756365" lon="7.782620234880596"><ele>1418.1299743652344</ele></trkpt><trkpt lat="46.106750287581235" lon="7.782510234974325"><ele>1418.239990234375</ele></trkpt><trkpt lat="46.10672028781846" lon="7.782490234822035"><ele>1417.989990234375</ele></trkpt><trkpt lat="46.106580287683755" lon="7.7823302345350385"><ele>1417.7899780273438</ele></trkpt><trkpt lat="46.10647028731182" lon="7.782190234400332"><ele>1417.5499877929688</ele></trkpt><trkpt lat="46.10630028741434" lon="7.782000234350562"><ele>1417.1499938964844</ele></trkpt><trkpt lat="46.10623028734699" lon="7.78193023474887"><ele>1417.3099975585938</ele></trkpt><trkpt lat="46.106070287525654" lon="7.781750234309584"><ele>1416.5899963378906</ele></trkpt><trkpt lat="46.10598028730601" lon="7.781680234707892"><ele>1416.7899780273438</ele></trkpt><trkpt lat="46.10574028734118" lon="7.781470234505832"><ele>1416.3499755859375</ele></trkpt><trkpt lat="46.105650287121534" lon="7.781400234438479"><ele>1416.1799926757812</ele></trkpt><trkpt lat="46.105500287376344" lon="7.781290234532207"><ele>1415.8799743652344</ele></trkpt><trkpt lat="46.10545028699562" lon="7.7812502342276275"><ele>1415.7999877929688</ele></trkpt><trkpt lat="46.1054102871567" lon="7.781230234075338"><ele>1415.7099914550781</ele></trkpt><trkpt lat="46.10536028724164" lon="7.781200234312564"><ele>1415.5999755859375</ele></trkpt><trkpt lat="46.10516028711572" lon="7.7810802343301475"><ele>1415.0999755859375</ele></trkpt><trkpt lat="46.10501028690487" lon="7.781020234338939"><ele>1414.9299926757812</ele></trkpt><trkpt lat="46.10499028721824" lon="7.781010234262794"><ele>1414.8999938964844</ele></trkpt><trkpt lat="46.10477028694004" lon="7.780920234043151"><ele>1414.3799743652344</ele></trkpt><trkpt lat="46.10469028679654" lon="7.780890233814716"><ele>1413.989990234375</ele></trkpt><trkpt lat="46.10459028696641" lon="7.780850233975798"><ele>1413.9199829101562</ele></trkpt><trkpt lat="46.104470286984" lon="7.7808102341368794"><ele>1413.8399963378906</ele></trkpt><trkpt lat="46.10442028660327" lon="7.7808002340607345"><ele>1413.8199768066406</ele></trkpt><trkpt lat="46.10425028670579" lon="7.780760233756155"><ele>1413.6999816894531</ele></trkpt><trkpt lat="46.10407028673217" lon="7.780730233993381"><ele>1413.6699829101562</ele></trkpt><trkpt lat="46.104000286664814" lon="7.780720233917236"><ele>1413.6299743652344</ele></trkpt><trkpt lat="46.103920286521316" lon="7.780720233917236"><ele>1413.6299743652344</ele></trkpt><trkpt lat="46.103850286919624" lon="7.780720233917236"><ele>1413.6999816894531</ele></trkpt><trkpt lat="46.10384028684348" lon="7.780730233993381"><ele>1413.969970703125</ele></trkpt><trkpt lat="46.1038002865389" lon="7.780740234069526"><ele>1413.8999938964844</ele></trkpt><trkpt lat="46.103770286776125" lon="7.780760234221816"><ele>1414.0499877929688</ele></trkpt><trkpt lat="46.10374028654769" lon="7.78079023398459"><ele>1413.75</ele></trkpt><trkpt lat="46.10370028670877" lon="7.7808002340607345"><ele>1413.6599731445312</ele></trkpt><trkpt lat="46.10365028679371" lon="7.78079023398459"><ele>1413.6399841308594</ele></trkpt><trkpt lat="46.10354028688744" lon="7.7807702338323"><ele>1413.6999816894531</ele></trkpt><trkpt lat="46.10342028690502" lon="7.780760234221816"><ele>1414.0499877929688</ele></trkpt><trkpt lat="46.103280286770314" lon="7.780740234069526"><ele>1414.0999755859375</ele></trkpt><trkpt lat="46.103280286770314" lon="7.780640233773738"><ele>1413.9399719238281</ele></trkpt><trkpt lat="46.103280286770314" lon="7.78062023408711"><ele>1413.8999938964844</ele></trkpt><trkpt lat="46.10327028669417" lon="7.78058023378253"><ele>1413.8999938964844</ele></trkpt><trkpt lat="46.10327028669417" lon="7.780570234172046"><ele>1413.8999938964844</ele></trkpt><trkpt lat="46.10325028654188" lon="7.7805302338674664"><ele>1413.6999816894531</ele></trkpt><trkpt lat="46.10323028685525" lon="7.780500234104693"><ele>1413.5999755859375</ele></trkpt><trkpt lat="46.10321028670296" lon="7.780480233952403"><ele>1413.5299987792969</ele></trkpt><trkpt lat="46.10319028655067" lon="7.780460233800113"><ele>1413.1399841308594</ele></trkpt><trkpt lat="46.10315028671175" lon="7.780440233647823"><ele>1412.969970703125</ele></trkpt><trkpt lat="46.10312028648332" lon="7.780440234113485"><ele>1413.2099914550781</ele></trkpt><trkpt lat="46.103070286568254" lon="7.780440233647823"><ele>1413.0599975585938</ele></trkpt><trkpt lat="46.103050286415964" lon="7.780440233647823"><ele>1412.8999938964844</ele></trkpt><trkpt lat="46.10297028673813" lon="7.780460233800113"><ele>1412.6799926757812</ele></trkpt><trkpt lat="46.10275028645992" lon="7.780510233715177"><ele>1411.8199768066406</ele></trkpt><trkpt lat="46.102690286468714" lon="7.780530233401805"><ele>1411.5699768066406</ele></trkpt><trkpt lat="46.10255028633401" lon="7.78056023363024"><ele>1410.9199829101562</ele></trkpt><trkpt lat="46.10250028595328" lon="7.780570233240724"><ele>1410.2599792480469</ele></trkpt><trkpt lat="46.10239028604701" lon="7.780570233240724"><ele>1410.1599731445312</ele></trkpt><trkpt lat="46.10230028582737" lon="7.780560233164579"><ele>1409.7999877929688</ele></trkpt><trkpt lat="46.1021902859211" lon="7.780550233088434"><ele>1409.219970703125</ele></trkpt><trkpt lat="46.1021102857776" lon="7.780540233012289"><ele>1408.7099914550781</ele></trkpt><trkpt lat="46.102020285557956" lon="7.780520232859999"><ele>1407.9199829101562</ele></trkpt><trkpt lat="46.1019502854906" lon="7.780510232783854"><ele>1407.5499877929688</ele></trkpt><trkpt lat="46.10184028558433" lon="7.780500232707709"><ele>1407.1099853515625</ele></trkpt><trkpt lat="46.10178028559312" lon="7.780500232707709"><ele>1406.989990234375</ele></trkpt><trkpt lat="46.10171028552577" lon="7.780510232783854"><ele>1407.0199890136719</ele></trkpt><trkpt lat="46.10161028522998" lon="7.780520232859999"><ele>1407.1099853515625</ele></trkpt><trkpt lat="46.101490285247564" lon="7.780550233088434"><ele>1407.3199768066406</ele></trkpt><trkpt lat="46.10135028557852" lon="7.780590232927352"><ele>1407.9599914550781</ele></trkpt><trkpt lat="46.1012302855961" lon="7.780630233231932"><ele>1407.9599914550781</ele></trkpt><trkpt lat="46.10114028584212" lon="7.780660232994705"><ele>1408.3199768066406</ele></trkpt><trkpt lat="46.10110028553754" lon="7.780680233146995"><ele>1408.5199890136719</ele></trkpt><trkpt lat="46.10108028585091" lon="7.780700233299285"><ele>1408.9499816894531</ele></trkpt><trkpt lat="46.10107028577477" lon="7.780720232985914"><ele>1408.7599792480469</ele></trkpt><trkpt lat="46.101040286011994" lon="7.780770233366638"><ele>1409.1399841308594</ele></trkpt><trkpt lat="46.10103028593585" lon="7.780800233129412"><ele>1409.5</ele></trkpt><trkpt lat="46.101020285859704" lon="7.780850233510137"><ele>1409.5</ele></trkpt><trkpt lat="46.10101028578356" lon="7.780890233349055"><ele>1409.8399963378906</ele></trkpt><trkpt lat="46.101000286173075" lon="7.780950233340263"><ele>1410.469970703125</ele></trkpt><trkpt lat="46.101000286173075" lon="7.780970233492553"><ele>1410.6199951171875</ele></trkpt><trkpt lat="46.101000286173075" lon="7.781020233407617"><ele>1410.3199768066406</ele></trkpt><trkpt lat="46.101000286173075" lon="7.781020233407617"><ele>1410.7799987792969</ele></trkpt><trkpt lat="46.100960285868496" lon="7.781010233331472"><ele>1410.239990234375</ele></trkpt><trkpt lat="46.10093028610572" lon="7.781010233331472"><ele>1410.1499938964844</ele></trkpt><trkpt lat="46.100850285962224" lon="7.781020233407617"><ele>1410.0699768066406</ele></trkpt><trkpt lat="46.10082028619945" lon="7.7810402335599065"><ele>1410.25</ele></trkpt><trkpt lat="46.10071028582752" lon="7.78109023347497"><ele>1410.0999755859375</ele></trkpt><trkpt lat="46.100680286064744" lon="7.78111023362726"><ele>1410.0699768066406</ele></trkpt><trkpt lat="46.10057028615847" lon="7.781160233542323"><ele>1409.9499816894531</ele></trkpt><trkpt lat="46.10053028585389" lon="7.781180233228952"><ele>1409.8999938964844</ele></trkpt><trkpt lat="46.100490286014974" lon="7.7812102334573865"><ele>1409.7699890136719</ele></trkpt><trkpt lat="46.10044028609991" lon="7.78124023322016"><ele>1409.6599731445312</ele></trkpt><trkpt lat="46.10036028595641" lon="7.781310233287513"><ele>1409.5999755859375</ele></trkpt><trkpt lat="46.10033028572798" lon="7.781330233439803"><ele>1409.489990234375</ele></trkpt><trkpt lat="46.10031028604135" lon="7.781350233126432"><ele>1409.6599731445312</ele></trkpt><trkpt lat="46.100300285965204" lon="7.781360233202577"><ele>1409.6999816894531</ele></trkpt><trkpt lat="46.09983028564602" lon="7.781930233351886"><ele>1409.5999755859375</ele></trkpt><trkpt lat="46.09981028595939" lon="7.781950233504176"><ele>1409.5999755859375</ele></trkpt><trkpt lat="46.09981028595939" lon="7.781960233580321"><ele>1409.5999755859375</ele></trkpt><trkpt lat="46.09974028589204" lon="7.782050233334303"><ele>1409.5999755859375</ele></trkpt><trkpt lat="46.09945028601214" lon="7.7824502335861325"><ele>1409.5</ele></trkpt><trkpt lat="46.09949028585106" lon="7.782410233281553"><ele>1409.5699768066406</ele></trkpt><trkpt lat="46.09945028601214" lon="7.7824502335861325"><ele>1409.5</ele></trkpt><trkpt lat="46.099330285564065" lon="7.7826302335597575"><ele>1409.3999938964844</ele></trkpt><trkpt lat="46.09927028557286" lon="7.782700233161449"><ele>1409.1599731445312</ele></trkpt><trkpt lat="46.09923028573394" lon="7.782750233076513"><ele>1409.0</ele></trkpt><trkpt lat="46.09917028574273" lon="7.782860233448446"><ele>1408.8299865722656</ele></trkpt><trkpt lat="46.09915028559044" lon="7.782880233135074"><ele>1408.7999877929688</ele></trkpt><trkpt lat="46.099140285514295" lon="7.782900233287364"><ele>1408.7699890136719</ele></trkpt><trkpt lat="46.09907028544694" lon="7.782980233430862"><ele>1408.5799865722656</ele></trkpt><trkpt lat="46.09904028568417" lon="7.783010233193636"><ele>1408.5</ele></trkpt><trkpt lat="46.09904028568417" lon="7.783010233193636"><ele>1408.5</ele></trkpt><trkpt lat="46.09901028545573" lon="7.783020233269781"><ele>1408.5999755859375</ele></trkpt><trkpt lat="46.098950285464525" lon="7.783020233269781"><ele>1408.2999877929688</ele></trkpt><trkpt lat="46.09890028554946" lon="7.783010233193636"><ele>1407.7999877929688</ele></trkpt><trkpt lat="46.09886028524488" lon="7.782990233041346"><ele>1407.5299987792969</ele></trkpt><trkpt lat="46.09862028528005" lon="7.782880232669413"><ele>1405.8999938964844</ele></trkpt><trkpt lat="46.0981802851893" lon="7.78266023285687"><ele>1405.6599731445312</ele></trkpt><trkpt lat="46.097980285063386" lon="7.782560233026743"><ele>1405.8599853515625</ele></trkpt><trkpt lat="46.097870285157114" lon="7.782500233035535"><ele>1406.0099792480469</ele></trkpt><trkpt lat="46.0977502851747" lon="7.782420232892036"><ele>1406.1899719238281</ele></trkpt><trkpt lat="46.09765400970355" lon="7.782350945286453"><ele>1406.1999816894531</ele></trkpt><trkpt lat="46.09765400970355" lon="7.782350945286453"><ele>1406.1999816894531</ele></trkpt><trkpt lat="46.09765400970355" lon="7.782350945286453"><ele>1406.1999816894531</ele></trkpt><trkpt lat="46.09765400970355" lon="7.782350945286453"><ele>1406.1999816894531</ele></trkpt><trkpt lat="46.09765400970355" lon="7.782350945286453"><ele>1406.1999816894531</ele></trkpt><trkpt lat="46.09765400970355" lon="7.782350945286453"><ele>1406.1999816894531</ele></trkpt><trkpt lat="46.09765400970355" lon="7.782350945286453"><ele>1406.1999816894531</ele></trkpt><trkpt lat="46.09765400970355" lon="7.782350945286453"><ele>1406.1999816894531</ele></trkpt><trkpt lat="46.09765400970355" lon="7.782350945286453"><ele>1406.1999816894531</ele></trkpt><trkpt lat="46.09765400970355" lon="7.782350945286453"><ele>1406.1999816894531</ele></trkpt><trkpt lat="46.09765400970355" lon="7.782350945286453"><ele>1406.1999816894531</ele></trkpt><trkpt lat="46.09765400970355" lon="7.782350945286453"><ele>1406.1999816894531</ele></trkpt><trkpt lat="46.09765400970355" lon="7.782350945286453"><ele>1406.1999816894531</ele></trkpt><trkpt lat="46.09765400970355" lon="7.782350945286453"><ele>1406.1999816894531</ele></trkpt><trkpt lat="46.09765400970355" lon="7.782350945286453"><ele>1406.1999816894531</ele></trkpt><trkpt lat="46.09765400970355" lon="7.782350945286453"><ele>1406.1999816894531</ele></trkpt><trkpt lat="46.09765041572973" lon="7.782349629793316"><ele>1406.1999816894531</ele></trkpt><trkpt lat="46.097750052809715" lon="7.782420082017779"><ele>1406.0999755859375</ele></trkpt><trkpt lat="46.097520276904106" lon="7.782251831609756"><ele>1406.2999877929688</ele></trkpt><trkpt lat="46.097380286082625" lon="7.782139748800546"><ele>1406.5999755859375</ele></trkpt><trkpt lat="46.09739027172327" lon="7.782110071275383"><ele>1406.5999755859375</ele></trkpt><trkpt lat="46.09741030493751" lon="7.782030026894063"><ele>1406.0999755859375</ele></trkpt><trkpt lat="46.0974502498284" lon="7.781910022255033"><ele>1404.0999755859375</ele></trkpt><trkpt lat="46.0974702835083" lon="7.781829977873713"><ele>1404.0999755859375</ele></trkpt><trkpt lat="46.09749022638425" lon="7.7817796734161675"><ele>1404.0999755859375</ele></trkpt><trkpt lat="46.09748039068654" lon="7.781760215759277"><ele>1404.0999755859375</ele></trkpt><trkpt lat="46.097480449359864" lon="7.781740820035338"><ele>1404.0999755859375</ele></trkpt><trkpt lat="46.09746342105791" lon="7.78172002453357"><ele>1404.0999755859375</ele></trkpt><trkpt lat="46.09735031845048" lon="7.781640438362956"><ele>1406.5999755859375</ele></trkpt><trkpt lat="46.0973404860124" lon="7.781619687564671"><ele>1406.5999755859375</ele></trkpt><trkpt lat="46.097340513486415" lon="7.78161063650623"><ele>1406.6999816894531</ele></trkpt><trkpt lat="46.09738049004227" lon="7.781480287667364"><ele>1406.2999877929688</ele></trkpt><trkpt lat="46.09743039216846" lon="7.781339656561613"><ele>1406.1999816894531</ele></trkpt><trkpt lat="46.09745030384511" lon="7.781299696303904"><ele>1406.0</ele></trkpt><trkpt lat="46.09745748853311" lon="7.781303620431572"><ele>1406.0</ele></trkpt><trkpt lat="46.09745748853311" lon="7.781303620431572"><ele>1406.0</ele></trkpt><trkpt lat="46.09745748853311" lon="7.781303620431572"><ele>1406.0</ele></trkpt><trkpt lat="46.09745748853311" lon="7.781303620431572"><ele>1406.0</ele></trkpt><trkpt lat="46.09745748853311" lon="7.781303620431572"><ele>1406.0</ele></trkpt><trkpt lat="46.09745748853311" lon="7.781303620431572"><ele>1406.0</ele></trkpt><trkpt lat="46.09745748853311" lon="7.781303620431572"><ele>1406.0</ele></trkpt><trkpt lat="46.09745748853311" lon="7.781303620431572"><ele>1406.0</ele></trkpt><trkpt lat="46.09745748853311" lon="7.781303620431572"><ele>1406.0</ele></trkpt><trkpt lat="46.09745748853311" lon="7.781303620431572"><ele>1406.0</ele></trkpt><trkpt lat="46.09745748853311" lon="7.781303620431572"><ele>1406.0</ele></trkpt><trkpt lat="46.09745748853311" lon="7.781303620431572"><ele>1406.0</ele></trkpt><trkpt lat="46.09745748853311" lon="7.781303620431572"><ele>1406.0</ele></trkpt><trkpt lat="46.09745748853311" lon="7.781303620431572"><ele>1406.0</ele></trkpt><trkpt lat="46.09745748853311" lon="7.781303620431572"><ele>1406.0</ele></trkpt><trkpt lat="46.09745748853311" lon="7.781303620431572"><ele>1406.0</ele></trkpt><trkpt lat="46.09745030384511" lon="7.781299696303904"><ele>1406.0</ele></trkpt><trkpt lat="46.09750017058104" lon="7.781170702073723"><ele>1405.8999938964844</ele></trkpt><trkpt lat="46.09754017787054" lon="7.7810300081036985"><ele>1405.5999755859375</ele></trkpt><trkpt lat="46.097550163045526" lon="7.7810003301128745"><ele>1405.5999755859375</ele></trkpt><trkpt lat="46.09754032641649" lon="7.780980872455984"><ele>1405.5999755859375</ele></trkpt><trkpt lat="46.097530462779105" lon="7.780970466323197"><ele>1405.5999755859375</ele></trkpt><trkpt lat="46.09733999846503" lon="7.780890397261828"><ele>1405.8999938964844</ele></trkpt><trkpt lat="46.09712344733998" lon="7.78081016568467"><ele>1406.1999816894531</ele></trkpt><trkpt lat="46.09710009070113" lon="7.7807996748015285"><ele>1406.1999816894531</ele></trkpt><trkpt lat="46.0971054607071" lon="7.780808759853244"><ele>1406.1999816894531</ele></trkpt><trkpt lat="46.0971054607071" lon="7.780808759853244"><ele>1406.1999816894531</ele></trkpt><trkpt lat="46.0971054607071" lon="7.780808759853244"><ele>1406.1999816894531</ele></trkpt><trkpt lat="46.0971054607071" lon="7.780808759853244"><ele>1406.1999816894531</ele></trkpt><trkpt lat="46.0971054607071" lon="7.780808759853244"><ele>1406.1999816894531</ele></trkpt><trkpt lat="46.0971054607071" lon="7.780808759853244"><ele>1406.1999816894531</ele></trkpt><trkpt lat="46.0971054607071" lon="7.780808759853244"><ele>1406.1999816894531</ele></trkpt><trkpt lat="46.0971054607071" lon="7.780808759853244"><ele>1406.1999816894531</ele></trkpt><trkpt lat="46.0971054607071" lon="7.780808759853244"><ele>1406.1999816894531</ele></trkpt><trkpt lat="46.0971054607071" lon="7.780808759853244"><ele>1406.1999816894531</ele></trkpt><trkpt lat="46.0971054607071" lon="7.780808759853244"><ele>1406.1999816894531</ele></trkpt><trkpt lat="46.0971054607071" lon="7.780808759853244"><ele>1406.1999816894531</ele></trkpt><trkpt lat="46.0971054607071" lon="7.780808759853244"><ele>1406.1999816894531</ele></trkpt><trkpt lat="46.0971054607071" lon="7.780808759853244"><ele>1406.1999816894531</ele></trkpt><trkpt lat="46.0971054607071" lon="7.780808759853244"><ele>1406.1999816894531</ele></trkpt><trkpt lat="46.0971054607071" lon="7.780808759853244"><ele>1406.1999816894531</ele></trkpt><trkpt lat="46.09710009070113" lon="7.7807996748015285"><ele>1406.1999816894531</ele></trkpt><trkpt lat="46.09706143802032" lon="7.780790381599218"><ele>1406.2999877929688</ele></trkpt><trkpt lat="46.09696344612166" lon="7.780770373065025"><ele>1406.5999755859375</ele></trkpt><trkpt lat="46.096901468001306" lon="7.780740244779736"><ele>1406.5999755859375</ele></trkpt><trkpt lat="46.09686020994559" lon="7.78069990221411"><ele>1406.3999938964844</ele></trkpt><trkpt lat="46.09684146847576" lon="7.780650649219751"><ele>1406.2999877929688</ele></trkpt><trkpt lat="46.09684248548001" lon="7.78061186382547"><ele>1406.2999877929688</ele></trkpt><trkpt lat="46.09684986947104" lon="7.7805498437955976"><ele>1406.1999816894531</ele></trkpt><trkpt lat="46.09687002329156" lon="7.780429715756327"><ele>1405.8999938964844</ele></trkpt><trkpt lat="46.096920252777636" lon="7.7801804705522954"><ele>1405.5</ele></trkpt><trkpt lat="46.09697042312473" lon="7.77995062014088"><ele>1405.2999877929688</ele></trkpt><trkpt lat="46.096990486141294" lon="7.779860231559724"><ele>1405.2999877929688</ele></trkpt><trkpt lat="46.097170188091695" lon="7.779929885175079"><ele>1405.0</ele></trkpt><trkpt lat="46.09739033784717" lon="7.78001013584435"><ele>1404.8999938964844</ele></trkpt><trkpt lat="46.097410428803414" lon="7.779910695273429"><ele>1404.8999938964844</ele></trkpt><trkpt lat="46.09742143796757" lon="7.779839645605534"><ele>1404.8999938964844</ele></trkpt><trkpt lat="46.09745247522369" lon="7.779689843766391"><ele>1405.0999755859375</ele></trkpt><trkpt lat="46.09745426662266" lon="7.779692440759391"><ele>1405.0999755859375</ele></trkpt><trkpt lat="46.09745426662266" lon="7.779692440759391"><ele>1405.0999755859375</ele></trkpt><trkpt lat="46.09745426662266" lon="7.779692440759391"><ele>1405.0999755859375</ele></trkpt><trkpt lat="46.09745426662266" lon="7.779692440759391"><ele>1405.0999755859375</ele></trkpt><trkpt lat="46.09745426662266" lon="7.779692440759391"><ele>1405.0999755859375</ele></trkpt><trkpt lat="46.09745426662266" lon="7.779692440759391"><ele>1405.0999755859375</ele></trkpt><trkpt lat="46.09745426662266" lon="7.779692440759391"><ele>1405.0999755859375</ele></trkpt><trkpt lat="46.09745426662266" lon="7.779692440759391"><ele>1405.0999755859375</ele></trkpt><trkpt lat="46.09745426662266" lon="7.779692440759391"><ele>1405.0999755859375</ele></trkpt><trkpt lat="46.09745426662266" lon="7.779692440759391"><ele>1405.0999755859375</ele></trkpt><trkpt lat="46.09745426662266" lon="7.779692440759391"><ele>1405.0999755859375</ele></trkpt><trkpt lat="46.09745426662266" lon="7.779692440759391"><ele>1405.0999755859375</ele></trkpt><trkpt lat="46.09745426662266" lon="7.779692440759391"><ele>1405.0999755859375</ele></trkpt><trkpt lat="46.09745426662266" lon="7.779692440759391"><ele>1405.0999755859375</ele></trkpt><trkpt lat="46.09745426662266" lon="7.779692440759391"><ele>1405.0999755859375</ele></trkpt><trkpt lat="46.09745426662266" lon="7.779692440759391"><ele>1405.0999755859375</ele></trkpt><trkpt lat="46.09745247522369" lon="7.779689843766391"><ele>1405.0999755859375</ele></trkpt><trkpt lat="46.097479914315045" lon="7.779540019109845"><ele>1405.3999938964844</ele></trkpt><trkpt lat="46.09748008986935" lon="7.77948183240369"><ele>1405.0</ele></trkpt><trkpt lat="46.09747026115656" lon="7.779459788929671"><ele>1405.0</ele></trkpt><trkpt lat="46.09744243370369" lon="7.779440219514072"><ele>1405.1999816894531</ele></trkpt><trkpt lat="46.0974001865834" lon="7.779429611749947"><ele>1405.0</ele></trkpt><trkpt lat="46.097370439209044" lon="7.7794501152820885"><ele>1404.8999938964844</ele></trkpt><trkpt lat="46.09732009191066" lon="7.7794407503679395"><ele>1404.8999938964844</ele></trkpt><trkpt lat="46.097230195999146" lon="7.779420793987811"><ele>1405.0999755859375</ele></trkpt><trkpt lat="46.09686000132933" lon="7.779280130751431"><ele>1405.5999755859375</ele></trkpt><trkpt lat="46.09676024178043" lon="7.779249769169837"><ele>1405.6999816894531</ele></trkpt><trkpt lat="46.09676294028759" lon="7.779249785933644"><ele>1405.6999816894531</ele></trkpt><trkpt lat="46.09676294028759" lon="7.779249785933644"><ele>1405.6999816894531</ele></trkpt><trkpt lat="46.09676294028759" lon="7.779249785933644"><ele>1405.6999816894531</ele></trkpt><trkpt lat="46.09676294028759" lon="7.779249785933644"><ele>1405.6999816894531</ele></trkpt><trkpt lat="46.09676294028759" lon="7.779249785933644"><ele>1405.6999816894531</ele></trkpt><trkpt lat="46.09676294028759" lon="7.779249785933644"><ele>1405.6999816894531</ele></trkpt><trkpt lat="46.09676294028759" lon="7.779249785933644"><ele>1405.6999816894531</ele></trkpt><trkpt lat="46.09676294028759" lon="7.779249785933644"><ele>1405.6999816894531</ele></trkpt><trkpt lat="46.09676294028759" lon="7.779249785933644"><ele>1405.6999816894531</ele></trkpt><trkpt lat="46.09676294028759" lon="7.779249785933644"><ele>1405.6999816894531</ele></trkpt><trkpt lat="46.09676294028759" lon="7.779249785933644"><ele>1405.6999816894531</ele></trkpt><trkpt lat="46.09676294028759" lon="7.779249785933644"><ele>1405.6999816894531</ele></trkpt><trkpt lat="46.09676294028759" lon="7.779249785933644"><ele>1405.6999816894531</ele></trkpt><trkpt lat="46.09676294028759" lon="7.779249785933644"><ele>1405.6999816894531</ele></trkpt><trkpt lat="46.09676294028759" lon="7.779249785933644"><ele>1405.6999816894531</ele></trkpt><trkpt lat="46.09676294028759" lon="7.779249785933644"><ele>1405.6999816894531</ele></trkpt><trkpt lat="46.09676024178043" lon="7.779249769169837"><ele>1405.6999816894531</ele></trkpt><trkpt lat="46.09669016301632" lon="7.779220886062831"><ele>1405.7999877929688</ele></trkpt><trkpt lat="46.09650050336495" lon="7.7791718621738255"><ele>1405.8999938964844</ele></trkpt><trkpt lat="46.09635049384087" lon="7.779099810868502"><ele>1406.0</ele></trkpt><trkpt lat="46.09619148122147" lon="7.779030289966613"><ele>1405.6999816894531</ele></trkpt><trkpt lat="46.095699874684215" lon="7.778879825491458"><ele>1406.6999816894531</ele></trkpt><trkpt lat="46.09538002265617" lon="7.778749827295542"><ele>1407.0</ele></trkpt><trkpt lat="46.09516343893483" lon="7.77867995062843"><ele>1407.1999816894531</ele></trkpt><trkpt lat="46.095060104038566" lon="7.778641811106354"><ele>1407.3999938964844</ele></trkpt><trkpt lat="46.094851499423385" lon="7.778610775247216"><ele>1408.0999755859375</ele></trkpt><trkpt lat="46.09461050760001" lon="7.778580831363797"><ele>1408.5</ele></trkpt><trkpt lat="46.09399011405185" lon="7.778480001259595"><ele>1409.1999816894531</ele></trkpt><trkpt lat="46.093772509135306" lon="7.77845020359382"><ele>1409.2999877929688</ele></trkpt><trkpt lat="46.09362150263041" lon="7.778410476166755"><ele>1409.5</ele></trkpt><trkpt lat="46.093440000899136" lon="7.778340821154416"><ele>1410.0999755859375</ele></trkpt><trkpt lat="46.093440000899136" lon="7.778340821154416"><ele>1410.0999755859375</ele></trkpt><trkpt lat="46.09344088891521" lon="7.778344705700874"><ele>1410.0999755859375</ele></trkpt><trkpt lat="46.09344088891521" lon="7.778344705700874"><ele>1410.0999755859375</ele></trkpt><trkpt lat="46.09344088891521" lon="7.778344705700874"><ele>1410.0999755859375</ele></trkpt><trkpt lat="46.09344088891521" lon="7.778344705700874"><ele>1410.0999755859375</ele></trkpt><trkpt lat="46.09344088891521" lon="7.778344705700874"><ele>1410.0999755859375</ele></trkpt><trkpt lat="46.09344088891521" lon="7.778344705700874"><ele>1410.0999755859375</ele></trkpt><trkpt lat="46.09344088891521" lon="7.778344705700874"><ele>1410.0999755859375</ele></trkpt><trkpt lat="46.09344088891521" lon="7.778344705700874"><ele>1410.0999755859375</ele></trkpt><trkpt lat="46.09344088891521" lon="7.778344705700874"><ele>1410.0999755859375</ele></trkpt><trkpt lat="46.09344088891521" lon="7.778344705700874"><ele>1410.0999755859375</ele></trkpt><trkpt lat="46.09344088891521" lon="7.778344705700874"><ele>1410.0999755859375</ele></trkpt><trkpt lat="46.09344088891521" lon="7.778344705700874"><ele>1410.0999755859375</ele></trkpt><trkpt lat="46.09344088891521" lon="7.778344705700874"><ele>1410.0999755859375</ele></trkpt><trkpt lat="46.09344088891521" lon="7.778344705700874"><ele>1410.0999755859375</ele></trkpt><trkpt lat="46.09344088891521" lon="7.778344705700874"><ele>1410.0999755859375</ele></trkpt><trkpt lat="46.09344088891521" lon="7.778344705700874"><ele>1410.0999755859375</ele></trkpt><trkpt lat="46.093440000899136" lon="7.778340821154416"><ele>1410.0999755859375</ele></trkpt><trkpt lat="46.09328009234741" lon="7.778270008042455"><ele>1410.2999877929688</ele></trkpt><trkpt lat="46.09314012108371" lon="7.778150186408311"><ele>1410.8999938964844</ele></trkpt><trkpt lat="46.09303148603067" lon="7.778079692274332"><ele>1411.5999755859375</ele></trkpt><trkpt lat="46.09286008961499" lon="7.777940282598138"><ele>1414.7999877929688</ele></trkpt><trkpt lat="46.09277034504339" lon="7.777869906742126"><ele>1416.5</ele></trkpt><trkpt lat="46.09272006014362" lon="7.7778398571535945"><ele>1417.2999877929688</ele></trkpt><trkpt lat="46.09263034258038" lon="7.777760430704802"><ele>1419.1999816894531</ele></trkpt><trkpt lat="46.09251004084945" lon="7.777680815197527"><ele>1420.5</ele></trkpt><trkpt lat="46.09240146772936" lon="7.777589635923505"><ele>1420.5</ele></trkpt><trkpt lat="46.09236014680937" lon="7.777569985948503"><ele>1420.5</ele></trkpt><trkpt lat="46.092340325936675" lon="7.777580206748098"><ele>1420.5</ele></trkpt><trkpt lat="46.09231247100979" lon="7.777569690253586"><ele>1420.5</ele></trkpt><trkpt lat="46.0922504873015" lon="7.777540861163288"><ele>1418.8999938964844</ele></trkpt><trkpt lat="46.09217141661793" lon="7.777510633692145"><ele>1417.8999938964844</ele></trkpt><trkpt lat="46.09210047265515" lon="7.777470112778246"><ele>1417.2999877929688</ele></trkpt><trkpt lat="46.09202047158033" lon="7.777450222987682"><ele>1417.2999877929688</ele></trkpt><trkpt lat="46.09197996137664" lon="7.777460315730423"><ele>1417.7999877929688</ele></trkpt><trkpt lat="46.091921428684145" lon="7.777480639982969"><ele>1418.0999755859375</ele></trkpt><trkpt lat="46.091880050022155" lon="7.7774803838692605"><ele>1418.0999755859375</ele></trkpt><trkpt lat="46.09185036504641" lon="7.777480199933052"><ele>1418.3999938964844</ele></trkpt><trkpt lat="46.091841427609324" lon="7.777460750658065"><ele>1418.6999816894531</ele></trkpt><trkpt lat="46.09181986982003" lon="7.777450273744762"><ele>1419.5999755859375</ele></trkpt><trkpt lat="46.09179021604359" lon="7.77743974654004"><ele>1419.7999877929688</ele></trkpt><trkpt lat="46.091742447111756" lon="7.777470481116325"><ele>1420.3999938964844</ele></trkpt><trkpt lat="46.09168037865311" lon="7.777470096480101"><ele>1421.0</ele></trkpt><trkpt lat="46.091610063333064" lon="7.777520085219294"><ele>1421.0</ele></trkpt><trkpt lat="46.09148013731465" lon="7.777649865485728"><ele>1421.8999938964844</ele></trkpt><trkpt lat="46.09141342015937" lon="7.777699876111001"><ele>1422.7999877929688</ele></trkpt><trkpt lat="46.09141342015937" lon="7.777699876111001"><ele>1422.7999877929688</ele></trkpt><trkpt lat="46.0914124972187" lon="7.777707627974451"><ele>1422.7999877929688</ele></trkpt><trkpt lat="46.0914124972187" lon="7.777707627974451"><ele>1422.7999877929688</ele></trkpt><trkpt lat="46.0914124972187" lon="7.777707627974451"><ele>1422.7999877929688</ele></trkpt><trkpt lat="46.0914124972187" lon="7.777707627974451"><ele>1422.7999877929688</ele></trkpt><trkpt lat="46.0914124972187" lon="7.777707627974451"><ele>1422.7999877929688</ele></trkpt><trkpt lat="46.0914124972187" lon="7.777707627974451"><ele>1422.7999877929688</ele></trkpt><trkpt lat="46.0914124972187" lon="7.777707627974451"><ele>1422.7999877929688</ele></trkpt><trkpt lat="46.0914124972187" lon="7.777707627974451"><ele>1422.7999877929688</ele></trkpt><trkpt lat="46.0914124972187" lon="7.777707627974451"><ele>1422.7999877929688</ele></trkpt><trkpt lat="46.0914124972187" lon="7.777707627974451"><ele>1422.7999877929688</ele></trkpt><trkpt lat="46.0914124972187" lon="7.777707627974451"><ele>1422.7999877929688</ele></trkpt><trkpt lat="46.0914124972187" lon="7.777707627974451"><ele>1422.7999877929688</ele></trkpt><trkpt lat="46.0914124972187" lon="7.777707627974451"><ele>1422.7999877929688</ele></trkpt><trkpt lat="46.0914124972187" lon="7.777707627974451"><ele>1422.7999877929688</ele></trkpt><trkpt lat="46.0914124972187" lon="7.777707627974451"><ele>1422.7999877929688</ele></trkpt><trkpt lat="46.0914124972187" lon="7.777707627974451"><ele>1422.7999877929688</ele></trkpt><trkpt lat="46.09141342015937" lon="7.777699876111001"><ele>1422.7999877929688</ele></trkpt><trkpt lat="46.09133032429963" lon="7.777811844833195"><ele>1423.0999755859375</ele></trkpt><trkpt lat="46.09128247387707" lon="7.777869729790837"><ele>1423.1999816894531</ele></trkpt><trkpt lat="46.09123011818156" lon="7.777930172160268"><ele>1423.1999816894531</ele></trkpt><trkpt lat="46.09120025020093" lon="7.777990753762424"><ele>1421.1999816894531</ele></trkpt><trkpt lat="46.091180339921266" lon="7.778030710294843"><ele>1421.1999816894531</ele></trkpt><trkpt lat="46.09117002505809" lon="7.778170281089842"><ele>1419.1999816894531</ele></trkpt><trkpt lat="46.09116987325251" lon="7.778220703825355"><ele>1418.8999938964844</ele></trkpt><trkpt lat="46.091149935498834" lon="7.778269710484892"><ele>1418.2999877929688</ele></trkpt><trkpt lat="46.091139920055866" lon="7.778309728950262"><ele>1418.3999938964844</ele></trkpt><trkpt lat="46.091143425088376" lon="7.778340780641884"><ele>1418.3999938964844</ele></trkpt><trkpt lat="46.09114246722311" lon="7.778360168449581"><ele>1418.3999938964844</ele></trkpt><trkpt lat="46.09121008217335" lon="7.778610121458769"><ele>1418.5</ele></trkpt><trkpt lat="46.09120012493804" lon="7.778630746062845"><ele>1418.1999816894531</ele></trkpt><trkpt lat="46.091200097464025" lon="7.778639796189964"><ele>1417.6999816894531</ele></trkpt><trkpt lat="46.09118027612567" lon="7.778650016058236"><ele>1417.2999877929688</ele></trkpt><trkpt lat="46.091160455252975" lon="7.77866023639217"><ele>1417.1999816894531</ele></trkpt><trkpt lat="46.09114342229441" lon="7.778640736825764"><ele>1417.2999877929688</ele></trkpt><trkpt lat="46.0911200302653" lon="7.778641884215176"><ele>1417.1999816894531</ele></trkpt><trkpt lat="46.09107023105025" lon="7.778450223151594"><ele>1415.5999755859375</ele></trkpt><trkpt lat="46.091070289257914" lon="7.778430829755962"><ele>1415.5999755859375</ele></trkpt><trkpt lat="46.09101988375187" lon="7.7784408601000905"><ele>1415.6999816894531</ele></trkpt><trkpt lat="46.09096045559272" lon="7.7784598846919835"><ele>1416.1999816894531</ele></trkpt><trkpt lat="46.090890139807016" lon="7.7785098711028695"><ele>1416.5</ele></trkpt><trkpt lat="46.090831455774605" lon="7.778580616693944"><ele>1416.8999938964844</ele></trkpt><trkpt lat="46.090799850877374" lon="7.77862050011754"><ele>1417.5</ele></trkpt><trkpt lat="46.090780002996325" lon="7.778639770578593"><ele>1418.0</ele></trkpt><trkpt lat="46.090760236606" lon="7.778631890192628"><ele>1418.5999755859375</ele></trkpt><trkpt lat="46.090770286973566" lon="7.778580236714333"><ele>1419.3999938964844</ele></trkpt><trkpt lat="46.09077040757984" lon="7.778540157247335"><ele>1419.5999755859375</ele></trkpt><trkpt lat="46.09072989737615" lon="7.778550249058753"><ele>1421.0999755859375</ele></trkpt><trkpt lat="46.09070021286607" lon="7.7785500646568835"><ele>1421.7999877929688</ele></trkpt><trkpt lat="46.090600511524826" lon="7.778500314801931"><ele>1422.8999938964844</ele></trkpt><trkpt lat="46.0905799116008" lon="7.778470450080931"><ele>1423.5999755859375</ele></trkpt><trkpt lat="46.09054036298767" lon="7.778459861408919"><ele>1424.2999877929688</ele></trkpt><trkpt lat="46.09048995748162" lon="7.778469891753048"><ele>1425.0</ele></trkpt><trkpt lat="46.090440505649894" lon="7.778461826965213"><ele>1424.5999755859375</ele></trkpt><trkpt lat="46.09040006110445" lon="7.77844993956387"><ele>1424.7999877929688</ele></trkpt><trkpt lat="46.090351454913616" lon="7.778459980618209"><ele>1425.0</ele></trkpt><trkpt lat="46.090290281921625" lon="7.778460893779993"><ele>1425.0</ele></trkpt><trkpt lat="46.09016989497468" lon="7.778409722726792"><ele>1425.2999877929688</ele></trkpt><trkpt lat="46.090130342170596" lon="7.778400427196175"><ele>1426.0999755859375</ele></trkpt><trkpt lat="46.090111514087766" lon="7.778379623778164"><ele>1426.5999755859375</ele></trkpt><trkpt lat="46.09011329384521" lon="7.778386099264026"><ele>1426.5999755859375</ele></trkpt><trkpt lat="46.09011329384521" lon="7.778386099264026"><ele>1426.5999755859375</ele></trkpt><trkpt lat="46.09011329384521" lon="7.778386099264026"><ele>1426.5999755859375</ele></trkpt><trkpt lat="46.09011329384521" lon="7.778386099264026"><ele>1426.5999755859375</ele></trkpt><trkpt lat="46.09011329384521" lon="7.778386099264026"><ele>1426.5999755859375</ele></trkpt><trkpt lat="46.09011329384521" lon="7.778386099264026"><ele>1426.5999755859375</ele></trkpt><trkpt lat="46.09011329384521" lon="7.778386099264026"><ele>1426.5999755859375</ele></trkpt><trkpt lat="46.09011329384521" lon="7.778386099264026"><ele>1426.5999755859375</ele></trkpt><trkpt lat="46.09011329384521" lon="7.778386099264026"><ele>1426.5999755859375</ele></trkpt><trkpt lat="46.09011329384521" lon="7.778386099264026"><ele>1426.5999755859375</ele></trkpt><trkpt lat="46.09011329384521" lon="7.778386099264026"><ele>1426.5999755859375</ele></trkpt><trkpt lat="46.09011329384521" lon="7.778386099264026"><ele>1426.5999755859375</ele></trkpt><trkpt lat="46.09011329384521" lon="7.778386099264026"><ele>1426.5999755859375</ele></trkpt><trkpt lat="46.09011329384521" lon="7.778386099264026"><ele>1426.5999755859375</ele></trkpt><trkpt lat="46.09011329384521" lon="7.778386099264026"><ele>1426.5999755859375</ele></trkpt><trkpt lat="46.09011329384521" lon="7.778386099264026"><ele>1426.5999755859375</ele></trkpt><trkpt lat="46.090111514087766" lon="7.778379623778164"><ele>1426.5999755859375</ele></trkpt><trkpt lat="46.09008995257318" lon="7.778370440006256"><ele>1427.1999816894531</ele></trkpt><trkpt lat="46.09001999814063" lon="7.77830018941313"><ele>1427.3999938964844</ele></trkpt><trkpt lat="46.08998050773516" lon="7.778270207811147"><ele>1427.2999877929688</ele></trkpt><trkpt lat="46.08992029633373" lon="7.778250440489501"><ele>1426.3999938964844</ele></trkpt><trkpt lat="46.089900474995375" lon="7.778260660357773"><ele>1425.5999755859375</ele></trkpt><trkpt lat="46.08984020538628" lon="7.778260285500437"><ele>1423.7999877929688</ele></trkpt><trkpt lat="46.089760173112154" lon="7.778250738512725"><ele>1423.2999877929688</ele></trkpt><trkpt lat="46.08969012927264" lon="7.778210224583745"><ele>1424.2999877929688</ele></trkpt><trkpt lat="46.08966050297022" lon="7.778190647251904"><ele>1424.6999816894531</ele></trkpt><trkpt lat="46.08962011244148" lon="7.7781606605276465"><ele>1424.1999816894531</ele></trkpt><trkpt lat="46.08959141653031" lon="7.778130745980889"><ele>1424.1999816894531</ele></trkpt><trkpt lat="46.08953027892858" lon="7.778120023664087"><ele>1424.5999755859375</ele></trkpt><trkpt lat="46.08949246676639" lon="7.778130131773651"><ele>1424.5</ele></trkpt><trkpt lat="46.089450215455145" lon="7.778120819479227"><ele>1424.0999755859375</ele></trkpt><trkpt lat="46.08939987234771" lon="7.778110164217651"><ele>1425.0</ele></trkpt><trkpt lat="46.089340502396226" lon="7.778109795413911"><ele>1425.0</ele></trkpt><trkpt lat="46.08925048541278" lon="7.778129922691733"><ele>1423.1999816894531</ele></trkpt><trkpt lat="46.089190274477005" lon="7.778110155835748"><ele>1423.2999877929688</ele></trkpt><trkpt lat="46.08916145795956" lon="7.778120319824666"><ele>1423.1999816894531</ele></trkpt><trkpt lat="46.089129974134266" lon="7.778120124246925"><ele>1423.1999816894531</ele></trkpt><trkpt lat="46.08905003126711" lon="7.778080842457712"><ele>1423.6999816894531</ele></trkpt><trkpt lat="46.08893048111349" lon="7.778050364460796"><ele>1423.1999816894531</ele></trkpt><trkpt lat="46.08888025814667" lon="7.777999631129205"><ele>1423.6999816894531</ele></trkpt><trkpt lat="46.088882042095065" lon="7.778004813939333"><ele>1423.6999816894531</ele></trkpt><trkpt lat="46.088882042095065" lon="7.778004813939333"><ele>1423.6999816894531</ele></trkpt><trkpt lat="46.088882042095065" lon="7.778004813939333"><ele>1423.6999816894531</ele></trkpt><trkpt lat="46.088882042095065" lon="7.778004813939333"><ele>1423.6999816894531</ele></trkpt><trkpt lat="46.088882042095065" lon="7.778004813939333"><ele>1423.6999816894531</ele></trkpt><trkpt lat="46.088882042095065" lon="7.778004813939333"><ele>1423.6999816894531</ele></trkpt><trkpt lat="46.088882042095065" lon="7.778004813939333"><ele>1423.6999816894531</ele></trkpt><trkpt lat="46.088882042095065" lon="7.778004813939333"><ele>1423.6999816894531</ele></trkpt><trkpt lat="46.088882042095065" lon="7.778004813939333"><ele>1423.6999816894531</ele></trkpt><trkpt lat="46.088882042095065" lon="7.778004813939333"><ele>1423.6999816894531</ele></trkpt><trkpt lat="46.088882042095065" lon="7.778004813939333"><ele>1423.6999816894531</ele></trkpt><trkpt lat="46.088882042095065" lon="7.778004813939333"><ele>1423.6999816894531</ele></trkpt><trkpt lat="46.088882042095065" lon="7.778004813939333"><ele>1423.6999816894531</ele></trkpt><trkpt lat="46.088882042095065" lon="7.778004813939333"><ele>1423.6999816894531</ele></trkpt><trkpt lat="46.088882042095065" lon="7.778004813939333"><ele>1423.6999816894531</ele></trkpt><trkpt lat="46.088882042095065" lon="7.778004813939333"><ele>1423.6999816894531</ele></trkpt><trkpt lat="46.08888025814667" lon="7.777999631129205"><ele>1423.6999816894531</ele></trkpt><trkpt lat="46.088870386593044" lon="7.777991813141853"><ele>1424.0999755859375</ele></trkpt><trkpt lat="46.08881021058187" lon="7.777960410807282"><ele>1424.3999938964844</ele></trkpt><trkpt lat="46.088679865933955" lon="7.777929866686463"><ele>1423.5999755859375</ele></trkpt><trkpt lat="46.088581481482834" lon="7.778040441218764"><ele>1420.7999877929688</ele></trkpt><trkpt lat="46.088530086912215" lon="7.778080200776458"><ele>1420.3999938964844</ele></trkpt><trkpt lat="46.08849047590047" lon="7.7780902977101505"><ele>1420.2999877929688</ele></trkpt><trkpt lat="46.08844010159373" lon="7.778089985251427"><ele>1420.5999755859375</ele></trkpt><trkpt lat="46.08831149386242" lon="7.778080136980861"><ele>1420.8999938964844</ele></trkpt><trkpt lat="46.08819011412561" lon="7.778059991076589"><ele>1420.8999938964844</ele></trkpt><trkpt lat="46.088080428075045" lon="7.778039917815477"><ele>1420.8999938964844</ele></trkpt><trkpt lat="46.08797344053164" lon="7.778019861318171"><ele>1421.0</ele></trkpt><trkpt lat="46.08785023028031" lon="7.77801004704088"><ele>1420.8999938964844</ele></trkpt><trkpt lat="46.08776027197018" lon="7.778010781854391"><ele>1421.0</ele></trkpt><trkpt lat="46.08776385849342" lon="7.778014682698995"><ele>1421.0</ele></trkpt><trkpt lat="46.08776385849342" lon="7.778014682698995"><ele>1421.0</ele></trkpt><trkpt lat="46.08776385849342" lon="7.778014682698995"><ele>1421.0</ele></trkpt><trkpt lat="46.08776385849342" lon="7.778014682698995"><ele>1421.0</ele></trkpt><trkpt lat="46.08776385849342" lon="7.778014682698995"><ele>1421.0</ele></trkpt><trkpt lat="46.08776385849342" lon="7.778014682698995"><ele>1421.0</ele></trkpt><trkpt lat="46.08776385849342" lon="7.778014682698995"><ele>1421.0</ele></trkpt><trkpt lat="46.08776385849342" lon="7.778014682698995"><ele>1421.0</ele></trkpt><trkpt lat="46.08776385849342" lon="7.778014682698995"><ele>1421.0</ele></trkpt><trkpt lat="46.08776385849342" lon="7.778014682698995"><ele>1421.0</ele></trkpt><trkpt lat="46.08776385849342" lon="7.778014682698995"><ele>1421.0</ele></trkpt><trkpt lat="46.08776385849342" lon="7.778014682698995"><ele>1421.0</ele></trkpt><trkpt lat="46.08776385849342" lon="7.778014682698995"><ele>1421.0</ele></trkpt><trkpt lat="46.08776385849342" lon="7.778014682698995"><ele>1421.0</ele></trkpt><trkpt lat="46.08776385849342" lon="7.778014682698995"><ele>1421.0</ele></trkpt><trkpt lat="46.08776385849342" lon="7.778014682698995"><ele>1421.0</ele></trkpt><trkpt lat="46.08776027197018" lon="7.778010781854391"><ele>1421.0</ele></trkpt><trkpt lat="46.087731482926756" lon="7.778011896181852"><ele>1421.0999755859375</ele></trkpt><trkpt lat="46.08767034905031" lon="7.7779998811893165"><ele>1421.0999755859375</ele></trkpt><trkpt lat="46.08764243219048" lon="7.77801005076617"><ele>1421.0999755859375</ele></trkpt><trkpt lat="46.087570464704186" lon="7.778010896872729"><ele>1421.0999755859375</ele></trkpt><trkpt lat="46.08751016436145" lon="7.7780208652839065"><ele>1421.0</ele></trkpt><trkpt lat="46.087410256732255" lon="7.778039637953043"><ele>1421.0</ele></trkpt><trkpt lat="46.08722041826695" lon="7.778050095308572"><ele>1421.0999755859375</ele></trkpt><trkpt lat="46.08699996396899" lon="7.778070705477148"><ele>1421.3999938964844</ele></trkpt><trkpt lat="46.08677147235721" lon="7.778071872889996"><ele>1421.3999938964844</ele></trkpt><trkpt lat="46.08664011163637" lon="7.7780801076442"><ele>1421.5999755859375</ele></trkpt><trkpt lat="46.08664011163637" lon="7.7780801076442"><ele>1421.5999755859375</ele></trkpt><trkpt lat="46.08664190676063" lon="7.778081411495805"><ele>1421.5</ele></trkpt><trkpt lat="46.08664190676063" lon="7.778081411495805"><ele>1421.5</ele></trkpt><trkpt lat="46.08664190676063" lon="7.778081411495805"><ele>1421.5</ele></trkpt><trkpt lat="46.08664190676063" lon="7.778081411495805"><ele>1421.5</ele></trkpt><trkpt lat="46.08664190676063" lon="7.778081411495805"><ele>1421.5</ele></trkpt><trkpt lat="46.08664190676063" lon="7.778081411495805"><ele>1421.5</ele></trkpt><trkpt lat="46.08664190676063" lon="7.778081411495805"><ele>1421.5</ele></trkpt><trkpt lat="46.08664011163637" lon="7.7780801076442"><ele>1421.5999755859375</ele></trkpt><trkpt lat="46.08648988418281" lon="7.778080468066037"><ele>1421.5</ele></trkpt><trkpt lat="46.08646016800776" lon="7.778090626001358"><ele>1421.6999816894531</ele></trkpt><trkpt lat="46.08566031139344" lon="7.778139959089458"><ele>1421.6999816894531</ele></trkpt><trkpt lat="46.08521043881774" lon="7.77817077934742"><ele>1422.1999816894531</ele></trkpt><trkpt lat="46.08480018097907" lon="7.778190209530294"><ele>1422.2999877929688</ele></trkpt><trkpt lat="46.08480286831036" lon="7.778194104786962"><ele>1422.2999877929688</ele></trkpt><trkpt lat="46.08480286831036" lon="7.778194104786962"><ele>1422.2999877929688</ele></trkpt><trkpt lat="46.08480286831036" lon="7.778194104786962"><ele>1422.2999877929688</ele></trkpt><trkpt lat="46.08480286831036" lon="7.778194104786962"><ele>1422.2999877929688</ele></trkpt><trkpt lat="46.08480286831036" lon="7.778194104786962"><ele>1422.2999877929688</ele></trkpt><trkpt lat="46.08480286831036" lon="7.778194104786962"><ele>1422.2999877929688</ele></trkpt><trkpt lat="46.08480286831036" lon="7.778194104786962"><ele>1422.2999877929688</ele></trkpt><trkpt lat="46.08480018097907" lon="7.778190209530294"><ele>1422.2999877929688</ele></trkpt><trkpt lat="46.08472012169659" lon="7.7781897126697"><ele>1422.3999938964844</ele></trkpt><trkpt lat="46.08438002457842" lon="7.778210871387273"><ele>1422.5999755859375</ele></trkpt><trkpt lat="46.083760138601065" lon="7.778240634594113"><ele>1423.0</ele></trkpt><trkpt lat="46.0835801679641" lon="7.778260200750083"><ele>1423.3999938964844</ele></trkpt><trkpt lat="46.08341011963785" lon="7.778270779643208"><ele>1423.3999938964844</ele></trkpt><trkpt lat="46.08292342815548" lon="7.778280685190111"><ele>1424.0</ele></trkpt><trkpt lat="46.082569961901754" lon="7.778260392602533"><ele>1424.0999755859375</ele></trkpt><trkpt lat="46.082262493204325" lon="7.778200312051922"><ele>1424.3999938964844</ele></trkpt><trkpt lat="46.08196042198688" lon="7.778140265494585"><ele>1424.5</ele></trkpt><trkpt lat="46.08164051081985" lon="7.778029694221914"><ele>1424.2999877929688</ele></trkpt><trkpt lat="46.08156143641099" lon="7.778000764083117"><ele>1424.5</ele></trkpt><trkpt lat="46.08144014608115" lon="7.777950889896601"><ele>1424.7999877929688</ele></trkpt><trkpt lat="46.08132248464972" lon="7.777890696655959"><ele>1424.7999877929688</ele></trkpt><trkpt lat="46.08117243926972" lon="7.7778303027153015"><ele>1424.7999877929688</ele></trkpt><trkpt lat="46.08115987665951" lon="7.777819883543998"><ele>1424.8999938964844</ele></trkpt><trkpt lat="46.0811634673737" lon="7.777822491247207"><ele>1424.8999938964844</ele></trkpt><trkpt lat="46.0811634673737" lon="7.777822491247207"><ele>1424.8999938964844</ele></trkpt><trkpt lat="46.0811634673737" lon="7.777822491247207"><ele>1424.8999938964844</ele></trkpt><trkpt lat="46.0811634673737" lon="7.777822491247207"><ele>1424.8999938964844</ele></trkpt><trkpt lat="46.0811634673737" lon="7.777822491247207"><ele>1424.8999938964844</ele></trkpt><trkpt lat="46.0811634673737" lon="7.777822491247207"><ele>1424.8999938964844</ele></trkpt><trkpt lat="46.08115987665951" lon="7.777819883543998"><ele>1424.8999938964844</ele></trkpt><trkpt lat="46.08106017531827" lon="7.777770143467933"><ele>1425.0</ele></trkpt><trkpt lat="46.080951509065926" lon="7.777710007037967"><ele>1425.0</ele></trkpt><trkpt lat="46.080859903246164" lon="7.777660317718983"><ele>1425.0</ele></trkpt><trkpt lat="46.080802452750504" lon="7.777619889006019"><ele>1424.8999938964844</ele></trkpt><trkpt lat="46.08077021269128" lon="7.777571860235184"><ele>1424.8999938964844</ele></trkpt><trkpt lat="46.080742481630296" lon="7.777519981842488"><ele>1425.0</ele></trkpt><trkpt lat="46.080690486356616" lon="7.7774601969867945"><ele>1424.2999877929688</ele></trkpt><trkpt lat="46.08062032237649" lon="7.777459762059152"><ele>1424.2999877929688</ele></trkpt><trkpt lat="46.08060143189505" lon="7.777459645178169"><ele>1424.2999877929688</ele></trkpt><trkpt lat="46.08056028559804" lon="7.777381830383092"><ele>1424.3999938964844</ele></trkpt><trkpt lat="46.08053996041417" lon="7.777260194532573"><ele>1424.6999816894531</ele></trkpt><trkpt lat="46.080500019248575" lon="7.777080266736448"><ele>1424.5999755859375</ele></trkpt><trkpt lat="46.08046002034098" lon="7.776919729541987"><ele>1424.5999755859375</ele></trkpt><trkpt lat="46.0804503033869" lon="7.776860206853598"><ele>1424.5999755859375</ele></trkpt><trkpt lat="46.0804503923282" lon="7.776830476243049"><ele>1424.3999938964844</ele></trkpt><trkpt lat="46.08046040730551" lon="7.776790465693921"><ele>1424.5</ele></trkpt><trkpt lat="46.08045150060207" lon="7.776760679204017"><ele>1424.6999816894531</ele></trkpt><trkpt lat="46.08046049205586" lon="7.776762027293444"><ele>1424.6999816894531</ele></trkpt><trkpt lat="46.08046049205586" lon="7.776762027293444"><ele>1424.6999816894531</ele></trkpt><trkpt lat="46.08046049205586" lon="7.776762027293444"><ele>1424.6999816894531</ele></trkpt><trkpt lat="46.08046049205586" lon="7.776762027293444"><ele>1424.6999816894531</ele></trkpt><trkpt lat="46.08046049205586" lon="7.776762027293444"><ele>1424.6999816894531</ele></trkpt><trkpt lat="46.08046049205586" lon="7.776762027293444"><ele>1424.6999816894531</ele></trkpt><trkpt lat="46.08045150060207" lon="7.776760679204017"><ele>1424.6999816894531</ele></trkpt><trkpt lat="46.080452462192625" lon="7.776740002445877"><ele>1424.8999938964844</ele></trkpt><trkpt lat="46.080449937842786" lon="7.776681817136705"><ele>1425.0999755859375</ele></trkpt><trkpt lat="46.08045998727903" lon="7.776630172971636"><ele>1425.1999816894531</ele></trkpt><trkpt lat="46.08046016516164" lon="7.776570711750537"><ele>1425.3999938964844</ele></trkpt><trkpt lat="46.0804603160359" lon="7.776520298793912"><ele>1425.5</ele></trkpt><trkpt lat="46.08044244535267" lon="7.776480115950108"><ele>1425.5</ele></trkpt><trkpt lat="46.08043009135872" lon="7.776399894617498"><ele>1425.6999816894531</ele></trkpt><trkpt lat="46.08043023804203" lon="7.776350774336606"><ele>1425.5</ele></trkpt><trkpt lat="46.08043033070862" lon="7.776319751050323"><ele>1425.6999816894531</ele></trkpt><trkpt lat="46.080450298730284" lon="7.776260411832482"><ele>1426.0</ele></trkpt><trkpt lat="46.08049020683393" lon="7.776150782126933"><ele>1426.3999938964844</ele></trkpt><trkpt lat="46.080490419175476" lon="7.776079686824232"><ele>1426.8999938964844</ele></trkpt><trkpt lat="46.0804924541153" lon="7.776000847108662"><ele>1427.2999877929688</ele></trkpt><trkpt lat="46.08048016158864" lon="7.775899943429977"><ele>1427.1999816894531</ele></trkpt><trkpt lat="46.080450356937945" lon="7.775939832441509"><ele>1427.0999755859375</ele></trkpt><trkpt lat="46.08042150968686" lon="7.775960336904973"><ele>1427.0</ele></trkpt><trkpt lat="46.08039002586156" lon="7.775960142724216"><ele>1427.1999816894531</ele></trkpt><trkpt lat="46.08031988842413" lon="7.775950661860406"><ele>1427.0</ele></trkpt><trkpt lat="46.08014015760273" lon="7.775890091434121"><ele>1426.5999755859375</ele></trkpt><trkpt lat="46.080031459219754" lon="7.775840300600976"><ele>1426.2999877929688</ele></trkpt><trkpt lat="46.079960484057665" lon="7.775810132268816"><ele>1426.5</ele></trkpt><trkpt lat="46.07990033458918" lon="7.775769689120352"><ele>1426.1999816894531</ele></trkpt><trkpt lat="46.0798401767388" lon="7.775731831789017"><ele>1426.3999938964844</ele></trkpt><trkpt lat="46.07975028036162" lon="7.775711887981743"><ele>1426.0999755859375</ele></trkpt><trkpt lat="46.0793800544925" lon="7.775580343324691"><ele>1426.0999755859375</ele></trkpt><trkpt lat="46.079309944063425" lon="7.775561814662069"><ele>1426.0999755859375</ele></trkpt><trkpt lat="46.07931714039296" lon="7.775561858899891"><ele>1426.0999755859375</ele></trkpt><trkpt lat="46.07931714039296" lon="7.775561858899891"><ele>1426.0999755859375</ele></trkpt><trkpt lat="46.07931714039296" lon="7.775561858899891"><ele>1426.0999755859375</ele></trkpt><trkpt lat="46.079309944063425" lon="7.775561814662069"><ele>1426.0999755859375</ele></trkpt><trkpt lat="46.07926143053919" lon="7.775540833827108"><ele>1426.1999816894531</ele></trkpt><trkpt lat="46.07915987074375" lon="7.77551047783345"><ele>1426.0</ele></trkpt><trkpt lat="46.079021549317986" lon="7.775439823977649"><ele>1426.0999755859375</ele></trkpt><trkpt lat="46.078730448149145" lon="7.775320403277874"><ele>1426.2999877929688</ele></trkpt><trkpt lat="46.07854004204273" lon="7.775219700299203"><ele>1426.5</ele></trkpt><trkpt lat="46.07844033930451" lon="7.775169967208058"><ele>1426.6999816894531</ele></trkpt><trkpt lat="46.07838012743741" lon="7.775150207802653"><ele>1426.5</ele></trkpt><trkpt lat="46.07813010457903" lon="7.7751318658702075"><ele>1426.1999816894531</ele></trkpt><trkpt lat="46.077991605736315" lon="7.775120673235506"><ele>1426.0999755859375</ele></trkpt><trkpt lat="46.07794027402997" lon="7.775139746721834"><ele>1426.2999877929688</ele></trkpt><trkpt lat="46.07790153240785" lon="7.775160189718008"><ele>1426.2999877929688</ele></trkpt><trkpt lat="46.077860064804554" lon="7.775189664680511"><ele>1426.1999816894531</ele></trkpt><trkpt lat="46.07781043974683" lon="7.775239770766348"><ele>1426.2999877929688</ele></trkpt><trkpt lat="46.07774003269151" lon="7.775320771150291"><ele>1426.1999816894531</ele></trkpt><trkpt lat="46.07770027546212" lon="7.775379986036569"><ele>1426.1999816894531</ele></trkpt><trkpt lat="46.07767049828544" lon="7.775410824920982"><ele>1426.0999755859375</ele></trkpt><trkpt lat="46.07752996124327" lon="7.775479760020971"><ele>1426.3999938964844</ele></trkpt><trkpt lat="46.0774714294821" lon="7.775500081013888"><ele>1426.3999938964844</ele></trkpt><trkpt lat="46.077390409074724" lon="7.775520263239741"><ele>1426.5999755859375</ele></trkpt><trkpt lat="46.077320183161646" lon="7.77554051252082"><ele>1426.7999877929688</ele></trkpt><trkpt lat="46.077321962919086" lon="7.775546986144036"><ele>1426.7999877929688</ele></trkpt><trkpt lat="46.077321962919086" lon="7.775546986144036"><ele>1426.7999877929688</ele></trkpt><trkpt lat="46.077321962919086" lon="7.775546986144036"><ele>1426.7999877929688</ele></trkpt><trkpt lat="46.077320183161646" lon="7.77554051252082"><ele>1426.7999877929688</ele></trkpt><trkpt lat="46.07731028832495" lon="7.775540451519191"><ele>1427.0</ele></trkpt><trkpt lat="46.07723010936752" lon="7.7755800280719995"><ele>1427.5999755859375</ele></trkpt><trkpt lat="46.07716159382835" lon="7.775630016811192"><ele>1428.2999877929688</ele></trkpt><trkpt lat="46.0771299903281" lon="7.775669892318547"><ele>1428.3999938964844</ele></trkpt><trkpt lat="46.077100154943764" lon="7.775720119476318"><ele>1428.5</ele></trkpt><trkpt lat="46.07698156218976" lon="7.775670270435512"><ele>1428.5999755859375</ele></trkpt><trkpt lat="46.07677142415196" lon="7.775550059042871"><ele>1428.7999877929688</ele></trkpt><trkpt lat="46.076270246412605" lon="7.775289752986282"><ele>1429.5999755859375</ele></trkpt><trkpt lat="46.076400502584875" lon="7.7753500123508275"><ele>1429.1999816894531</ele></trkpt><trkpt lat="46.076404969673604" lon="7.775360380299389"><ele>1429.1999816894531</ele></trkpt><trkpt lat="46.076404969673604" lon="7.775360380299389"><ele>1429.1999816894531</ele></trkpt><trkpt lat="46.076404969673604" lon="7.775360380299389"><ele>1429.1999816894531</ele></trkpt><trkpt lat="46.076400502584875" lon="7.7753500123508275"><ele>1429.1999816894531</ele></trkpt><trkpt lat="46.076270246412605" lon="7.775289752986282"><ele>1429.5999755859375</ele></trkpt><trkpt lat="46.07594154123217" lon="7.775110650341958"><ele>1429.6999816894531</ele></trkpt><trkpt lat="46.0757305030711" lon="7.774990438017994"><ele>1429.7999877929688</ele></trkpt><trkpt lat="46.07549157878384" lon="7.774870054796338"><ele>1430.1999816894531</ele></trkpt><trkpt lat="46.07524995598942" lon="7.774749656673521"><ele>1430.1999816894531</ele></trkpt><trkpt lat="46.07486017001793" lon="7.774540457408875"><ele>1430.5</ele></trkpt><trkpt lat="46.074821547139436" lon="7.774520832113922"><ele>1430.5</ele></trkpt><trkpt lat="46.074821535497904" lon="7.774524709675461"><ele>1430.5</ele></trkpt><trkpt lat="46.074821535497904" lon="7.774524709675461"><ele>1430.5</ele></trkpt><trkpt lat="46.074821535497904" lon="7.774524709675461"><ele>1430.5</ele></trkpt><trkpt lat="46.074821547139436" lon="7.774520832113922"><ele>1430.5</ele></trkpt><trkpt lat="46.07486017001793" lon="7.774540457408875"><ele>1430.5</ele></trkpt><trkpt lat="46.07469038711861" lon="7.774461863096803"><ele>1430.5</ele></trkpt><trkpt lat="46.07453050650656" lon="7.774380745831877"><ele>1430.5</ele></trkpt><trkpt lat="46.07440024986863" lon="7.774320490658283"><ele>1430.5999755859375</ele></trkpt><trkpt lat="46.074301476590335" lon="7.774260428734124"><ele>1431.0999755859375</ele></trkpt><trkpt lat="46.074200036004186" lon="7.774190010968596"><ele>1431.1999816894531</ele></trkpt><trkpt lat="46.07404015166685" lon="7.7741101873107255"><ele>1431.0999755859375</ele></trkpt><trkpt lat="46.073931514285505" lon="7.7740397257730365"><ele>1431.3999938964844</ele></trkpt><trkpt lat="46.07388029806316" lon="7.774020024109632"><ele>1431.3999938964844</ele></trkpt><trkpt lat="46.073551445268095" lon="7.773890051059425"><ele>1432.0</ele></trkpt><trkpt lat="46.0734804966487" lon="7.773850841447711"><ele>1432.0999755859375</ele></trkpt><trkpt lat="46.07331152865663" lon="7.773800691589713"><ele>1432.2999877929688</ele></trkpt><trkpt lat="46.07322160480544" lon="7.7737898007035255"><ele>1432.0999755859375</ele></trkpt><trkpt lat="46.07304003927857" lon="7.773740866687149"><ele>1432.1999816894531</ele></trkpt><trkpt lat="46.07296001072973" lon="7.773730036336929"><ele>1432.2999877929688</ele></trkpt><trkpt lat="46.07290154043585" lon="7.773729678243399"><ele>1432.1999816894531</ele></trkpt><trkpt lat="46.07274144887924" lon="7.773719650693238"><ele>1432.6999816894531</ele></trkpt><trkpt lat="46.072590379510075" lon="7.773700630757958"><ele>1433.0</ele></trkpt><trkpt lat="46.0724815656431" lon="7.773689624853432"><ele>1433.0999755859375</ele></trkpt><trkpt lat="46.07232144335285" lon="7.773689936380833"><ele>1433.0999755859375</ele></trkpt><trkpt lat="46.072270192205906" lon="7.773681867867708"><ele>1433.1999816894531</ele></trkpt><trkpt lat="46.07227648515254" lon="7.773683199193329"><ele>1433.1999816894531</ele></trkpt><trkpt lat="46.07227648515254" lon="7.773683199193329"><ele>1433.1999816894531</ele></trkpt><trkpt lat="46.07227648515254" lon="7.773683199193329"><ele>1433.1999816894531</ele></trkpt><trkpt lat="46.07227648515254" lon="7.773683199193329"><ele>1433.1999816894531</ele></trkpt><trkpt lat="46.07227648515254" lon="7.773683199193329"><ele>1433.1999816894531</ele></trkpt><trkpt lat="46.07227648515254" lon="7.773683199193329"><ele>1433.1999816894531</ele></trkpt><trkpt lat="46.07227648515254" lon="7.773683199193329"><ele>1433.1999816894531</ele></trkpt><trkpt lat="46.07227648515254" lon="7.773683199193329"><ele>1433.1999816894531</ele></trkpt><trkpt lat="46.07227648515254" lon="7.773683199193329"><ele>1433.1999816894531</ele></trkpt><trkpt lat="46.07227648515254" lon="7.773683199193329"><ele>1433.1999816894531</ele></trkpt><trkpt lat="46.07227648515254" lon="7.773683199193329"><ele>1433.1999816894531</ele></trkpt><trkpt lat="46.07227648515254" lon="7.773683199193329"><ele>1433.1999816894531</ele></trkpt><trkpt lat="46.07227648515254" lon="7.773683199193329"><ele>1433.1999816894531</ele></trkpt><trkpt lat="46.07227648515254" lon="7.773683199193329"><ele>1433.1999816894531</ele></trkpt><trkpt lat="46.07227648515254" lon="7.773683199193329"><ele>1433.1999816894531</ele></trkpt><trkpt lat="46.07227648515254" lon="7.773683199193329"><ele>1433.1999816894531</ele></trkpt><trkpt lat="46.072270192205906" lon="7.773681867867708"><ele>1433.1999816894531</ele></trkpt><trkpt lat="46.07222345052287" lon="7.773669949732721"><ele>1433.2999877929688</ele></trkpt><trkpt lat="46.07207148568705" lon="7.773649631999433"><ele>1433.3999938964844</ele></trkpt><trkpt lat="46.07184032630175" lon="7.773640462197363"><ele>1433.3999938964844</ele></trkpt><trkpt lat="46.07174050388858" lon="7.773630803450942"><ele>1433.0999755859375</ele></trkpt><trkpt lat="46.07168029574677" lon="7.773609755560756"><ele>1432.8999938964844</ele></trkpt><trkpt lat="46.07162994844839" lon="7.773600400425494"><ele>1432.7999877929688</ele></trkpt><trkpt lat="46.071520204190165" lon="7.773599728476256"><ele>1433.1999816894531</ele></trkpt><trkpt lat="46.07136994600296" lon="7.773610440548509"><ele>1433.0999755859375</ele></trkpt><trkpt lat="46.071189945563674" lon="7.773640357423574"><ele>1433.2999877929688</ele></trkpt><trkpt lat="46.070851476397365" lon="7.773719708435237"><ele>1433.8999938964844</ele></trkpt><trkpt lat="46.070770425722" lon="7.773750230204314"><ele>1433.6999816894531</ele></trkpt><trkpt lat="46.07063993066549" lon="7.7737701097503304"><ele>1433.7999877929688</ele></trkpt><trkpt lat="46.07051033526659" lon="7.773789994884282"><ele>1434.0999755859375</ele></trkpt><trkpt lat="46.07038343837485" lon="7.773809896782041"><ele>1434.0999755859375</ele></trkpt><trkpt lat="46.0702303936705" lon="7.77385031664744"><ele>1434.3999938964844</ele></trkpt><trkpt lat="46.07012148760259" lon="7.773870327975601"><ele>1434.5</ele></trkpt><trkpt lat="46.06991986744106" lon="7.773910449817777"><ele>1434.6999816894531</ele></trkpt><trkpt lat="46.06962007842958" lon="7.773990034591407"><ele>1434.8999938964844</ele></trkpt><trkpt lat="46.06935006240383" lon="7.774040075484663"><ele>1435.2999877929688</ele></trkpt><trkpt lat="46.06915020663291" lon="7.774091838859022"><ele>1435.3999938964844</ele></trkpt><trkpt lat="46.06901341909543" lon="7.774110386148095"><ele>1435.6999816894531</ele></trkpt><trkpt lat="46.06871020793915" lon="7.774130497593433"><ele>1436.0</ele></trkpt><trkpt lat="46.06871020793915" lon="7.774130497593433"><ele>1436.0</ele></trkpt><trkpt lat="46.06871829647571" lon="7.774133131839335"><ele>1436.0</ele></trkpt><trkpt lat="46.06871829647571" lon="7.774133131839335"><ele>1436.0</ele></trkpt><trkpt lat="46.06871829647571" lon="7.774133131839335"><ele>1436.0</ele></trkpt><trkpt lat="46.06871829647571" lon="7.774133131839335"><ele>1436.0</ele></trkpt><trkpt lat="46.06871829647571" lon="7.774133131839335"><ele>1436.0</ele></trkpt><trkpt lat="46.06871829647571" lon="7.774133131839335"><ele>1436.0</ele></trkpt><trkpt lat="46.06871829647571" lon="7.774133131839335"><ele>1436.0</ele></trkpt><trkpt lat="46.06871829647571" lon="7.774133131839335"><ele>1436.0</ele></trkpt><trkpt lat="46.06871829647571" lon="7.774133131839335"><ele>1436.0</ele></trkpt><trkpt lat="46.06871829647571" lon="7.774133131839335"><ele>1436.0</ele></trkpt><trkpt lat="46.06871829647571" lon="7.774133131839335"><ele>1436.0</ele></trkpt><trkpt lat="46.06871829647571" lon="7.774133131839335"><ele>1436.0</ele></trkpt><trkpt lat="46.06871829647571" lon="7.774133131839335"><ele>1436.0</ele></trkpt><trkpt lat="46.06871829647571" lon="7.774133131839335"><ele>1436.0</ele></trkpt><trkpt lat="46.06871829647571" lon="7.774133131839335"><ele>1436.0</ele></trkpt><trkpt lat="46.06871829647571" lon="7.774133131839335"><ele>1436.0</ele></trkpt><trkpt lat="46.06871020793915" lon="7.774130497593433"><ele>1436.0</ele></trkpt><trkpt lat="46.06871020793915" lon="7.774130497593433"><ele>1436.0</ele></trkpt><trkpt lat="46.068591468501836" lon="7.774129769764841"><ele>1436.0999755859375</ele></trkpt><trkpt lat="46.06811020243913" lon="7.774130695965141"><ele>1436.5</ele></trkpt><trkpt lat="46.06781245023012" lon="7.774130162782967"><ele>1437.0999755859375</ele></trkpt><trkpt lat="46.06760018505156" lon="7.7741198148578405"><ele>1437.2999877929688</ele></trkpt><trkpt lat="46.06743019865826" lon="7.774109726306051"><ele>1437.5</ele></trkpt><trkpt lat="46.06739148776978" lon="7.774119827896357"><ele>1437.6999816894531</ele></trkpt><trkpt lat="46.06739148776978" lon="7.774119827896357"><ele>1437.6999816894531</ele></trkpt><trkpt lat="46.06739148776978" lon="7.774119827896357"><ele>1437.6999816894531</ele></trkpt><trkpt lat="46.06739148776978" lon="7.774119827896357"><ele>1437.6999816894531</ele></trkpt><trkpt lat="46.06739148776978" lon="7.774119827896357"><ele>1437.6999816894531</ele></trkpt><trkpt lat="46.06739148776978" lon="7.774119827896357"><ele>1437.6999816894531</ele></trkpt><trkpt lat="46.06739148776978" lon="7.774119827896357"><ele>1437.6999816894531</ele></trkpt><trkpt lat="46.06739148776978" lon="7.774119827896357"><ele>1437.6999816894531</ele></trkpt><trkpt lat="46.06739148776978" lon="7.774119827896357"><ele>1437.6999816894531</ele></trkpt><trkpt lat="46.06739148776978" lon="7.774119827896357"><ele>1437.6999816894531</ele></trkpt><trkpt lat="46.06739148776978" lon="7.774119827896357"><ele>1437.6999816894531</ele></trkpt><trkpt lat="46.06739148776978" lon="7.774119827896357"><ele>1437.6999816894531</ele></trkpt><trkpt lat="46.06739148776978" lon="7.774119827896357"><ele>1437.6999816894531</ele></trkpt><trkpt lat="46.06739148776978" lon="7.774119827896357"><ele>1437.6999816894531</ele></trkpt><trkpt lat="46.06739148776978" lon="7.774119827896357"><ele>1437.6999816894531</ele></trkpt><trkpt lat="46.06739148404449" lon="7.774121120106429"><ele>1437.6999816894531</ele></trkpt><trkpt lat="46.06739148404449" lon="7.774121120106429"><ele>1437.6999816894531</ele></trkpt><trkpt lat="46.06739148776978" lon="7.774119827896357"><ele>1437.6999816894531</ele></trkpt><trkpt lat="46.06743019865826" lon="7.774109726306051"><ele>1437.5</ele></trkpt><trkpt lat="46.06732042040676" lon="7.774120684247464"><ele>1437.8999938964844</ele></trkpt><trkpt lat="46.06724032619968" lon="7.7741318247281015"><ele>1437.8999938964844</ele></trkpt><trkpt lat="46.06715031480417" lon="7.774150657933205"><ele>1438.0999755859375</ele></trkpt><trkpt lat="46.067060272209346" lon="7.77417982975021"><ele>1438.2999877929688</ele></trkpt><trkpt lat="46.066970225889236" lon="7.774210293777287"><ele>1438.6999816894531</ele></trkpt><trkpt lat="46.06687028473243" lon="7.774240697268397"><ele>1438.6999816894531</ele></trkpt><trkpt lat="46.06684146868065" lon="7.774250858929008"><ele>1438.5999755859375</ele></trkpt><trkpt lat="46.06676045246422" lon="7.774269747082144"><ele>1438.5999755859375</ele></trkpt><trkpt lat="46.0666901380755" lon="7.774319716729224"><ele>1438.2999877929688</ele></trkpt><trkpt lat="46.0666000302881" lon="7.774370857514441"><ele>1438.1999816894531</ele></trkpt><trkpt lat="46.06647013872862" lon="7.774490247480571"><ele>1438.0999755859375</ele></trkpt><trkpt lat="46.06640246603638" lon="7.774559617508203"><ele>1438.3999938964844</ele></trkpt><trkpt lat="46.066370020620525" lon="7.774580095894635"><ele>1438.3999938964844</ele></trkpt><trkpt lat="46.06623029196635" lon="7.774680039379746"><ele>1438.5999755859375</ele></trkpt><trkpt lat="46.06607344094664" lon="7.774790215771645"><ele>1438.7999877929688</ele></trkpt><trkpt lat="46.06587149342522" lon="7.774940175935626"><ele>1439.1999816894531</ele></trkpt><trkpt lat="46.06579038500786" lon="7.774990078061819"><ele>1439.0999755859375</ele></trkpt><trkpt lat="46.065710144583136" lon="7.775050323456526"><ele>1439.2999877929688</ele></trkpt><trkpt lat="46.065629900898784" lon="7.775111861061305"><ele>1439.3999938964844</ele></trkpt><trkpt lat="46.065542499069124" lon="7.775160431396216"><ele>1439.5</ele></trkpt><trkpt lat="46.065542499069124" lon="7.775160431396216"><ele>1439.5</ele></trkpt><trkpt lat="46.06555149424821" lon="7.775160486809909"><ele>1439.5</ele></trkpt><trkpt lat="46.06555149424821" lon="7.775160486809909"><ele>1439.5</ele></trkpt><trkpt lat="46.06555149424821" lon="7.775160486809909"><ele>1439.5</ele></trkpt><trkpt lat="46.06555149424821" lon="7.775160486809909"><ele>1439.5</ele></trkpt><trkpt lat="46.06555149424821" lon="7.775160486809909"><ele>1439.5</ele></trkpt><trkpt lat="46.06555149424821" lon="7.775160486809909"><ele>1439.5</ele></trkpt><trkpt lat="46.06555149424821" lon="7.775160486809909"><ele>1439.5</ele></trkpt><trkpt lat="46.06555149424821" lon="7.775160486809909"><ele>1439.5</ele></trkpt><trkpt lat="46.06555149424821" lon="7.775160486809909"><ele>1439.5</ele></trkpt><trkpt lat="46.06555149424821" lon="7.775160486809909"><ele>1439.5</ele></trkpt><trkpt lat="46.06555149424821" lon="7.775160486809909"><ele>1439.5</ele></trkpt><trkpt lat="46.06555149424821" lon="7.775160486809909"><ele>1439.5</ele></trkpt><trkpt lat="46.06555149424821" lon="7.775160486809909"><ele>1439.5</ele></trkpt><trkpt lat="46.06555149424821" lon="7.775160486809909"><ele>1439.5</ele></trkpt><trkpt lat="46.06555149424821" lon="7.775160486809909"><ele>1439.5</ele></trkpt><trkpt lat="46.06555149424821" lon="7.775160486809909"><ele>1439.5</ele></trkpt><trkpt lat="46.065542499069124" lon="7.775160431396216"><ele>1439.5</ele></trkpt><trkpt lat="46.065542499069124" lon="7.775160431396216"><ele>1439.5</ele></trkpt><trkpt lat="46.06536244042218" lon="7.775209723971784"><ele>1440.3999938964844</ele></trkpt><trkpt lat="46.065320131368935" lon="7.775219802279025"><ele>1440.1999816894531</ele></trkpt><trkpt lat="46.065200368873775" lon="7.7752604191191494"><ele>1439.8999938964844</ele></trkpt><trkpt lat="46.065110384020954" lon="7.77527020405978"><ele>1440.0</ele></trkpt><trkpt lat="46.06503029400483" lon="7.775280049536377"><ele>1440.1999816894531</ele></trkpt><trkpt lat="46.064880097750574" lon="7.775270079728216"><ele>1440.2999877929688</ele></trkpt><trkpt lat="46.064742494840175" lon="7.775260187219828"><ele>1440.5</ele></trkpt><trkpt lat="46.06464989995584" lon="7.775240233168006"><ele>1440.6999816894531</ele></trkpt><trkpt lat="46.06456003431231" lon="7.77520995773375"><ele>1440.5999755859375</ele></trkpt><trkpt lat="46.06445040553808" lon="7.7751705148257315"><ele>1440.6999816894531</ele></trkpt><trkpt lat="46.0643614702858" lon="7.775129907298833"><ele>1440.7999877929688</ele></trkpt><trkpt lat="46.06425999943167" lon="7.775069838855416"><ele>1440.8999938964844</ele></trkpt><trkpt lat="46.06402026442811" lon="7.774919753428549"><ele>1441.0999755859375</ele></trkpt><trkpt lat="46.06382994260639" lon="7.774790649302304"><ele>1441.0999755859375</ele></trkpt><trkpt lat="46.06380028836429" lon="7.774780129082501"><ele>1441.1999816894531</ele></trkpt><trkpt lat="46.06380838062614" lon="7.774781471118331"><ele>1441.1999816894531</ele></trkpt><trkpt lat="46.06380838062614" lon="7.774781471118331"><ele>1441.1999816894531</ele></trkpt><trkpt lat="46.06380838062614" lon="7.774781471118331"><ele>1441.1999816894531</ele></trkpt><trkpt lat="46.06380838062614" lon="7.774781471118331"><ele>1441.1999816894531</ele></trkpt><trkpt lat="46.06380838062614" lon="7.774781471118331"><ele>1441.1999816894531</ele></trkpt><trkpt lat="46.06380838062614" lon="7.774781471118331"><ele>1441.1999816894531</ele></trkpt><trkpt lat="46.06380838062614" lon="7.774781471118331"><ele>1441.1999816894531</ele></trkpt><trkpt lat="46.06380838062614" lon="7.774781471118331"><ele>1441.1999816894531</ele></trkpt><trkpt lat="46.06380838062614" lon="7.774781471118331"><ele>1441.1999816894531</ele></trkpt><trkpt lat="46.06380838062614" lon="7.774781471118331"><ele>1441.1999816894531</ele></trkpt><trkpt lat="46.06380838062614" lon="7.774781471118331"><ele>1441.1999816894531</ele></trkpt><trkpt lat="46.06380838062614" lon="7.774781471118331"><ele>1441.1999816894531</ele></trkpt><trkpt lat="46.06380838062614" lon="7.774781471118331"><ele>1441.1999816894531</ele></trkpt><trkpt lat="46.06380838062614" lon="7.774781471118331"><ele>1441.1999816894531</ele></trkpt><trkpt lat="46.06380838062614" lon="7.774781471118331"><ele>1441.1999816894531</ele></trkpt><trkpt lat="46.06380838062614" lon="7.774781471118331"><ele>1441.1999816894531</ele></trkpt><trkpt lat="46.06380028836429" lon="7.774780129082501"><ele>1441.1999816894531</ele></trkpt><trkpt lat="46.06382994260639" lon="7.774790649302304"><ele>1441.0999755859375</ele></trkpt><trkpt lat="46.06360999727622" lon="7.7746406882070005"><ele>1441.1999816894531</ele></trkpt><trkpt lat="46.06325985630974" lon="7.774409809149802"><ele>1441.7999877929688</ele></trkpt><trkpt lat="46.063000419177115" lon="7.774229886941612"><ele>1442.0</ele></trkpt><trkpt lat="46.06280026305467" lon="7.774080051574856"><ele>1442.0999755859375</ele></trkpt><trkpt lat="46.06253995606676" lon="7.773889789357781"><ele>1442.5999755859375</ele></trkpt><trkpt lat="46.062370230443776" lon="7.773791831918061"><ele>1442.7999877929688</ele></trkpt><trkpt lat="46.06207028636709" lon="7.773620713502169"><ele>1443.1999816894531</ele></trkpt><trkpt lat="46.062010135967284" lon="7.7735802861861885"><ele>1443.3999938964844</ele></trkpt><trkpt lat="46.06204248871654" lon="7.773590822238475"><ele>1443.2999877929688</ele></trkpt><trkpt lat="46.06204246170819" lon="7.773599867708981"><ele>1443.2999877929688</ele></trkpt><trkpt lat="46.06204246170819" lon="7.773599867708981"><ele>1443.2999877929688</ele></trkpt><trkpt lat="46.06204246170819" lon="7.773599867708981"><ele>1443.2999877929688</ele></trkpt><trkpt lat="46.06204246170819" lon="7.773599867708981"><ele>1443.2999877929688</ele></trkpt><trkpt lat="46.06204246170819" lon="7.773599867708981"><ele>1443.2999877929688</ele></trkpt><trkpt lat="46.06204246170819" lon="7.773599867708981"><ele>1443.2999877929688</ele></trkpt><trkpt lat="46.06204246170819" lon="7.773599867708981"><ele>1443.2999877929688</ele></trkpt><trkpt lat="46.06204246170819" lon="7.773599867708981"><ele>1443.2999877929688</ele></trkpt><trkpt lat="46.06204246170819" lon="7.773599867708981"><ele>1443.2999877929688</ele></trkpt><trkpt lat="46.06204246170819" lon="7.773599867708981"><ele>1443.2999877929688</ele></trkpt><trkpt lat="46.06204246170819" lon="7.773599867708981"><ele>1443.2999877929688</ele></trkpt><trkpt lat="46.06204246170819" lon="7.773599867708981"><ele>1443.2999877929688</ele></trkpt><trkpt lat="46.06204246170819" lon="7.773599867708981"><ele>1443.2999877929688</ele></trkpt><trkpt lat="46.06204246170819" lon="7.773599867708981"><ele>1443.2999877929688</ele></trkpt><trkpt lat="46.06204246170819" lon="7.773599867708981"><ele>1443.2999877929688</ele></trkpt><trkpt lat="46.06204246170819" lon="7.773599867708981"><ele>1443.2999877929688</ele></trkpt><trkpt lat="46.06204248871654" lon="7.773590822238475"><ele>1443.2999877929688</ele></trkpt><trkpt lat="46.062010135967284" lon="7.7735802861861885"><ele>1443.3999938964844</ele></trkpt><trkpt lat="46.06182244978845" lon="7.773471883498132"><ele>1443.1999816894531</ele></trkpt><trkpt lat="46.06172005133703" lon="7.773420860525221"><ele>1443.2999877929688</ele></trkpt><trkpt lat="46.06164997536689" lon="7.773390710819513"><ele>1443.5</ele></trkpt><trkpt lat="46.061499897390604" lon="7.773340688552707"><ele>1443.5999755859375</ele></trkpt><trkpt lat="46.06138034677133" lon="7.773310236632824"><ele>1443.7999877929688</ele></trkpt><trkpt lat="46.06124013289809" lon="7.773270613048226"><ele>1444.0</ele></trkpt><trkpt lat="46.06111248629168" lon="7.773240111768246"><ele>1444.3999938964844</ele></trkpt><trkpt lat="46.06100010126829" lon="7.773220041766763"><ele>1444.3999938964844</ele></trkpt><trkpt lat="46.060920068994164" lon="7.773210506886244"><ele>1444.5999755859375</ele></trkpt><trkpt lat="46.06083014514297" lon="7.773199619725347"><ele>1444.5999755859375</ele></trkpt><trkpt lat="46.06073026172817" lon="7.773210638668388"><ele>1444.7999877929688</ele></trkpt><trkpt lat="46.06064030760899" lon="7.773210088722408"><ele>1444.7999877929688</ele></trkpt><trkpt lat="46.060522464104" lon="7.773210660554469"><ele>1444.8999938964844</ele></trkpt><trkpt lat="46.06043250998482" lon="7.773210110608488"><ele>1444.8999938964844</ele></trkpt><trkpt lat="46.06027143076062" lon="7.773229801096022"><ele>1445.3999938964844</ele></trkpt><trkpt lat="46.06017247727141" lon="7.773230487946421"><ele>1445.5</ele></trkpt><trkpt lat="46.059893435798585" lon="7.77329080644995"><ele>1445.7999877929688</ele></trkpt><trkpt lat="46.059660186525434" lon="7.7733798320405185"><ele>1446.0</ele></trkpt><trkpt lat="46.0594504061155" lon="7.773441865108907"><ele>1446.1999816894531</ele></trkpt><trkpt lat="46.059480094816536" lon="7.773440754506737"><ele>1446.0999755859375</ele></trkpt><trkpt lat="46.059480094816536" lon="7.773440754506737"><ele>1446.0999755859375</ele></trkpt><trkpt lat="46.059480094816536" lon="7.773440754506737"><ele>1446.0999755859375</ele></trkpt><trkpt lat="46.059480094816536" lon="7.773440754506737"><ele>1446.0999755859375</ele></trkpt><trkpt lat="46.059480094816536" lon="7.773440754506737"><ele>1446.0999755859375</ele></trkpt><trkpt lat="46.059480094816536" lon="7.773440754506737"><ele>1446.0999755859375</ele></trkpt><trkpt lat="46.059480094816536" lon="7.773440754506737"><ele>1446.0999755859375</ele></trkpt><trkpt lat="46.059480094816536" lon="7.773440754506737"><ele>1446.0999755859375</ele></trkpt><trkpt lat="46.059480094816536" lon="7.773440754506737"><ele>1446.0999755859375</ele></trkpt><trkpt lat="46.059480094816536" lon="7.773440754506737"><ele>1446.0999755859375</ele></trkpt><trkpt lat="46.059480094816536" lon="7.773440754506737"><ele>1446.0999755859375</ele></trkpt><trkpt lat="46.059480094816536" lon="7.773440754506737"><ele>1446.0999755859375</ele></trkpt><trkpt lat="46.059480094816536" lon="7.773440754506737"><ele>1446.0999755859375</ele></trkpt><trkpt lat="46.059480094816536" lon="7.773440754506737"><ele>1446.0999755859375</ele></trkpt><trkpt lat="46.059480094816536" lon="7.773440754506737"><ele>1446.0999755859375</ele></trkpt><trkpt lat="46.05948099028319" lon="7.773442051839083"><ele>1446.0999755859375</ele></trkpt><trkpt lat="46.05948099028319" lon="7.773442051839083"><ele>1446.0999755859375</ele></trkpt><trkpt lat="46.059480094816536" lon="7.773440754506737"><ele>1446.0999755859375</ele></trkpt><trkpt lat="46.0594504061155" lon="7.773441865108907"><ele>1446.1999816894531</ele></trkpt><trkpt lat="46.0589299579151" lon="7.773611829616129"><ele>1447.0999755859375</ele></trkpt><trkpt lat="46.05858150590211" lon="7.773720820900053"><ele>1447.2999877929688</ele></trkpt><trkpt lat="46.05840141745284" lon="7.7737804488278925"><ele>1447.5999755859375</ele></trkpt><trkpt lat="46.05826009390876" lon="7.7738118870183825"><ele>1447.7999877929688</ele></trkpt><trkpt lat="46.05818987218663" lon="7.773830838967115"><ele>1447.8999938964844</ele></trkpt><trkpt lat="46.05815026536584" lon="7.773839641362429"><ele>1448.0</ele></trkpt><trkpt lat="46.05808003991842" lon="7.773859885521233"><ele>1448.0</ele></trkpt><trkpt lat="46.0578901716508" lon="7.773880688473582"><ele>1448.0999755859375</ele></trkpt><trkpt lat="46.05780018679798" lon="7.773890474345535"><ele>1448.2999877929688</ele></trkpt><trkpt lat="46.057710259221494" lon="7.7738808784633875"><ele>1448.3999938964844</ele></trkpt><trkpt lat="46.057630261871964" lon="7.773859714623541"><ele>1448.5</ele></trkpt><trkpt lat="46.05762036656961" lon="7.773859654087573"><ele>1448.5</ele></trkpt><trkpt lat="46.05762843973935" lon="7.773867456242442"><ele>1448.5</ele></trkpt><trkpt lat="46.05762843973935" lon="7.773867456242442"><ele>1448.5</ele></trkpt><trkpt lat="46.05762843973935" lon="7.773867456242442"><ele>1448.5</ele></trkpt><trkpt lat="46.05762843973935" lon="7.773867456242442"><ele>1448.5</ele></trkpt><trkpt lat="46.05762843973935" lon="7.773867456242442"><ele>1448.5</ele></trkpt><trkpt lat="46.05762843973935" lon="7.773867456242442"><ele>1448.5</ele></trkpt><trkpt lat="46.05762843973935" lon="7.773867456242442"><ele>1448.5</ele></trkpt><trkpt lat="46.05762843973935" lon="7.773867456242442"><ele>1448.5</ele></trkpt><trkpt lat="46.05762843973935" lon="7.773867456242442"><ele>1448.5</ele></trkpt><trkpt lat="46.05762843973935" lon="7.773867456242442"><ele>1448.5</ele></trkpt><trkpt lat="46.05762843973935" lon="7.773867456242442"><ele>1448.5</ele></trkpt><trkpt lat="46.05762843973935" lon="7.773867456242442"><ele>1448.5</ele></trkpt><trkpt lat="46.05762843973935" lon="7.773867456242442"><ele>1448.5</ele></trkpt><trkpt lat="46.05762843973935" lon="7.773867456242442"><ele>1448.5</ele></trkpt><trkpt lat="46.05762843973935" lon="7.773867456242442"><ele>1448.5</ele></trkpt><trkpt lat="46.05762843973935" lon="7.773867456242442"><ele>1448.5</ele></trkpt><trkpt lat="46.05762036656961" lon="7.773859654087573"><ele>1448.5</ele></trkpt><trkpt lat="46.057630261871964" lon="7.773859714623541"><ele>1448.5</ele></trkpt><trkpt lat="46.057550286874175" lon="7.773830797988921"><ele>1448.5</ele></trkpt><trkpt lat="46.057490105740726" lon="7.773800710681826"><ele>1448.5999755859375</ele></trkpt><trkpt lat="46.05741022340953" lon="7.773740784265101"><ele>1448.7999877929688</ele></trkpt><trkpt lat="46.05732146371156" lon="7.773640748113394"><ele>1449.0</ele></trkpt><trkpt lat="46.057261432521045" lon="7.7735602697357535"><ele>1449.1999816894531</ele></trkpt><trkpt lat="46.05719246296212" lon="7.773460355121642"><ele>1449.5</ele></trkpt><trkpt lat="46.057110061403364" lon="7.773339685052633"><ele>1449.6999816894531</ele></trkpt><trkpt lat="46.05695343809202" lon="7.773069969378412"><ele>1450.0999755859375</ele></trkpt><trkpt lat="46.05690149823204" lon="7.772990833502263"><ele>1450.1999816894531</ele></trkpt><trkpt lat="46.056570262182504" lon="7.7724500061012805"><ele>1450.8999938964844</ele></trkpt><trkpt lat="46.05646995268762" lon="7.772300803568214"><ele>1451.0999755859375</ele></trkpt><trkpt lat="46.056320435367525" lon="7.772060855291784"><ele>1451.0</ele></trkpt><trkpt lat="46.056260402780026" lon="7.771980380173773"><ele>1451.0</ele></trkpt><trkpt lat="46.05627026734874" lon="7.771990776993334"><ele>1451.0</ele></trkpt><trkpt lat="46.05627743713558" lon="7.771999865304679"><ele>1451.0</ele></trkpt><trkpt lat="46.05627743713558" lon="7.771999865304679"><ele>1451.0</ele></trkpt><trkpt lat="46.05627743713558" lon="7.771999865304679"><ele>1451.0</ele></trkpt><trkpt lat="46.05627743713558" lon="7.771999865304679"><ele>1451.0</ele></trkpt><trkpt lat="46.05627743713558" lon="7.771999865304679"><ele>1451.0</ele></trkpt><trkpt lat="46.05627743713558" lon="7.771999865304679"><ele>1451.0</ele></trkpt><trkpt lat="46.05627743713558" lon="7.771999865304679"><ele>1451.0</ele></trkpt><trkpt lat="46.05627743713558" lon="7.771999865304679"><ele>1451.0</ele></trkpt><trkpt lat="46.05627743713558" lon="7.771999865304679"><ele>1451.0</ele></trkpt><trkpt lat="46.05627743713558" lon="7.771999865304679"><ele>1451.0</ele></trkpt><trkpt lat="46.05627743713558" lon="7.771999865304679"><ele>1451.0</ele></trkpt><trkpt lat="46.05627743713558" lon="7.771999865304679"><ele>1451.0</ele></trkpt><trkpt lat="46.05627743713558" lon="7.771999865304679"><ele>1451.0</ele></trkpt><trkpt lat="46.05627743713558" lon="7.771999865304679"><ele>1451.0</ele></trkpt><trkpt lat="46.05627743713558" lon="7.771999865304679"><ele>1451.0</ele></trkpt><trkpt lat="46.05627743713558" lon="7.771999865304679"><ele>1451.0</ele></trkpt><trkpt lat="46.05627026734874" lon="7.771990776993334"><ele>1451.0</ele></trkpt><trkpt lat="46.056260402780026" lon="7.771980380173773"><ele>1451.0</ele></trkpt><trkpt lat="46.05616000527516" lon="7.771860897075385"><ele>1451.2999877929688</ele></trkpt><trkpt lat="46.055991421453655" lon="7.77168027125299"><ele>1451.5</ele></trkpt><trkpt lat="46.05589990084991" lon="7.771600897423923"><ele>1451.6999816894531</ele></trkpt><trkpt lat="46.055810182821006" lon="7.771520242560655"><ele>1451.7999877929688</ele></trkpt><trkpt lat="46.05566034046933" lon="7.771390123758465"><ele>1452.0999755859375</ele></trkpt><trkpt lat="46.05547988275066" lon="7.7712701563723385"><ele>1452.5</ele></trkpt><trkpt lat="46.05513243051246" lon="7.771040642168373"><ele>1453.0</ele></trkpt><trkpt lat="46.055039952509105" lon="7.770980645436794"><ele>1453.0999755859375</ele></trkpt><trkpt lat="46.05491245351732" lon="7.7708997637964785"><ele>1453.0999755859375</ele></trkpt><trkpt lat="46.05474995588884" lon="7.770790244918317"><ele>1453.2999877929688</ele></trkpt><trkpt lat="46.05465028202161" lon="7.77073020581156"><ele>1453.3999938964844</ele></trkpt><trkpt lat="46.054560468532145" lon="7.770681855268776"><ele>1453.5999755859375</ele></trkpt><trkpt lat="46.054481430444866" lon="7.770640030037612"><ele>1453.5999755859375</ele></trkpt><trkpt lat="46.0543798962608" lon="7.770600653253496"><ele>1453.7999877929688</ele></trkpt><trkpt lat="46.0542899989523" lon="7.7705807271413505"><ele>1453.7999877929688</ele></trkpt><trkpt lat="46.054170390591025" lon="7.7705696653574705"><ele>1453.8999938964844</ele></trkpt><trkpt lat="46.05406247219071" lon="7.7705599665641785"><ele>1454.0</ele></trkpt><trkpt lat="46.05394012713805" lon="7.770561809185892"><ele>1454.2999877929688</ele></trkpt><trkpt lat="46.05395992100239" lon="7.770560637116432"><ele>1454.0999755859375</ele></trkpt><trkpt lat="46.05397249944508" lon="7.77056588139385"><ele>1454.0999755859375</ele></trkpt><trkpt lat="46.05397249944508" lon="7.77056588139385"><ele>1454.0999755859375</ele></trkpt><trkpt lat="46.05397249944508" lon="7.77056588139385"><ele>1454.0999755859375</ele></trkpt><trkpt lat="46.05397249944508" lon="7.77056588139385"><ele>1454.0999755859375</ele></trkpt><trkpt lat="46.05397249944508" lon="7.77056588139385"><ele>1454.0999755859375</ele></trkpt><trkpt lat="46.05397249944508" lon="7.77056588139385"><ele>1454.0999755859375</ele></trkpt><trkpt lat="46.05397251434624" lon="7.770560713484883"><ele>1454.0999755859375</ele></trkpt><trkpt lat="46.05394012713805" lon="7.770561809185892"><ele>1454.2999877929688</ele></trkpt><trkpt lat="46.05376016208902" lon="7.770580098032951"><ele>1454.7999877929688</ele></trkpt><trkpt lat="46.053590088151395" lon="7.770599739160389"><ele>1455.1999816894531</ele></trkpt><trkpt lat="46.05354243936017" lon="7.770590405911207"><ele>1455.5</ele></trkpt><trkpt lat="46.0534714628011" lon="7.770560258999467"><ele>1455.6999816894531</ele></trkpt><trkpt lat="46.053410411812365" lon="7.7705198363401"><ele>1455.8999938964844</ele></trkpt><trkpt lat="46.05336015159264" lon="7.770480771083385"><ele>1456.0999755859375</ele></trkpt><trkpt lat="46.05334042245522" lon="7.770459978841245"><ele>1456.2999877929688</ele></trkpt><trkpt lat="46.05330006079748" lon="7.770419681910425"><ele>1456.2999877929688</ele></trkpt><trkpt lat="46.05327046336606" lon="7.770389785990119"><ele>1456.5999755859375</ele></trkpt><trkpt lat="46.05323007144034" lon="7.770359824877232"><ele>1456.5999755859375</ele></trkpt><trkpt lat="46.05309003172442" lon="7.7702607829123735"><ele>1457.2999877929688</ele></trkpt><trkpt lat="46.05287988856435" lon="7.770140645559877"><ele>1459.6999816894531</ele></trkpt><trkpt lat="46.05287019861862" lon="7.770070818718523"><ele>1460.5</ele></trkpt><trkpt lat="46.05288030207157" lon="7.769999819342047"><ele>1461.3999938964844</ele></trkpt><trkpt lat="46.052900444716215" lon="7.769879784435034"><ele>1462.5999755859375</ele></trkpt><trkpt lat="46.05295024206862" lon="7.769770265556872"><ele>1463.6999816894531</ele></trkpt><trkpt lat="46.05280024698004" lon="7.769691837951541"><ele>1468.0</ele></trkpt><trkpt lat="46.05273014353588" lon="7.769670742563903"><ele>1469.5999755859375</ele></trkpt><trkpt lat="46.052681451197714" lon="7.769710500258952"><ele>1471.5</ele></trkpt><trkpt lat="46.05262033967301" lon="7.769690750632435"><ele>1472.1999816894531</ele></trkpt><trkpt lat="46.0525700263679" lon="7.769669774454087"><ele>1474.1999816894531</ele></trkpt><trkpt lat="46.0525700263679" lon="7.769669774454087"><ele>1474.1999816894531</ele></trkpt><trkpt lat="46.05257541593164" lon="7.769672391470522"><ele>1474.1999816894531</ele></trkpt><trkpt lat="46.05257541593164" lon="7.769672391470522"><ele>1474.1999816894531</ele></trkpt><trkpt lat="46.05257541593164" lon="7.769672391470522"><ele>1474.1999816894531</ele></trkpt><trkpt lat="46.05257541593164" lon="7.769672391470522"><ele>1474.1999816894531</ele></trkpt><trkpt lat="46.05257541593164" lon="7.769672391470522"><ele>1474.1999816894531</ele></trkpt><trkpt lat="46.05257541593164" lon="7.769672391470522"><ele>1474.1999816894531</ele></trkpt><trkpt lat="46.0525700263679" lon="7.769669774454087"><ele>1474.1999816894531</ele></trkpt><trkpt lat="46.0525700263679" lon="7.769669774454087"><ele>1474.1999816894531</ele></trkpt><trkpt lat="46.05249991919845" lon="7.76964997081086"><ele>1475.1999816894531</ele></trkpt><trkpt lat="46.05244243564084" lon="7.7696199072524905"><ele>1476.1999816894531</ele></trkpt><trkpt lat="46.05237142927945" lon="7.76960009848699"><ele>1478.1999816894531</ele></trkpt><trkpt lat="46.0522914272733" lon="7.769580234773457"><ele>1479.1999816894531</ele></trkpt><trkpt lat="46.052240123040974" lon="7.769590260926634"><ele>1480.5</ele></trkpt><trkpt lat="46.05217004613951" lon="7.769560121465474"><ele>1481.2999877929688</ele></trkpt><trkpt lat="46.05204245587811" lon="7.7695102551952"><ele>1484.5</ele></trkpt><trkpt lat="46.05193012719974" lon="7.769470816478133"><ele>1484.7999877929688</ele></trkpt><trkpt lat="46.051910367794335" lon="7.769460361450911"><ele>1485.6999816894531</ele></trkpt><trkpt lat="46.05191048514098" lon="7.7694203103892505"><ele>1486.3999938964844</ele></trkpt><trkpt lat="46.05192049732432" lon="7.7693803193978965"><ele>1487.0</ele></trkpt><trkpt lat="46.05195026937872" lon="7.7693507838994265"><ele>1488.0999755859375</ele></trkpt><trkpt lat="46.05198999727145" lon="7.769300636835396"><ele>1489.5</ele></trkpt><trkpt lat="46.05200003972277" lon="7.769250310026109"><ele>1490.5</ele></trkpt><trkpt lat="46.052029902581125" lon="7.76918976707384"><ele>1491.6999816894531</ele></trkpt><trkpt lat="46.05205250857398" lon="7.769149851985276"><ele>1492.5</ele></trkpt><trkpt lat="46.05209040688351" lon="7.769110029563308"><ele>1493.3999938964844</ele></trkpt><trkpt lat="46.05210038879886" lon="7.769080373924226"><ele>1494.1999816894531</ele></trkpt><trkpt lat="46.05207345960662" lon="7.769060831982642"><ele>1495.3999938964844</ele></trkpt><trkpt lat="46.05203034216538" lon="7.769039900042117"><ele>1497.0</ele></trkpt><trkpt lat="46.05203042924404" lon="7.76901018479839"><ele>1497.5999755859375</ele></trkpt><trkpt lat="46.052060201298445" lon="7.768980648834258"><ele>1498.1999816894531</ele></trkpt><trkpt lat="46.05207018693909" lon="7.768949701450765"><ele>1498.6999816894531</ele></trkpt><trkpt lat="46.05205045407638" lon="7.768930202815682"><ele>1499.3999938964844</ele></trkpt><trkpt lat="46.05200994480401" lon="7.768940294161439"><ele>1500.3999938964844</ele></trkpt><trkpt lat="46.05195242725313" lon="7.768921859562397"><ele>1500.8999938964844</ele></trkpt><trkpt lat="46.0519200777635" lon="7.768910036422312"><ele>1501.5</ele></trkpt><trkpt lat="46.05189044959843" lon="7.768890478182584"><ele>1502.0999755859375</ele></trkpt><trkpt lat="46.05187248904258" lon="7.768880033865571"><ele>1503.0999755859375</ele></trkpt><trkpt lat="46.05182025535032" lon="7.768900390714407"><ele>1503.5999755859375</ele></trkpt><trkpt lat="46.05175995640457" lon="7.768910362850875"><ele>1504.5</ele></trkpt><trkpt lat="46.051710481755435" lon="7.7689100643619895"><ele>1506.0</ele></trkpt><trkpt lat="46.05164040438831" lon="7.768879926297814"><ele>1505.5999755859375</ele></trkpt><trkpt lat="46.05158022232354" lon="7.768849847372621"><ele>1505.5999755859375</ele></trkpt><trkpt lat="46.051542464178056" lon="7.768841867800802"><ele>1505.6999816894531</ele></trkpt><trkpt lat="46.05150010297075" lon="7.7688700361177325"><ele>1507.2999877929688</ele></trkpt><trkpt lat="46.051460375543684" lon="7.768920183181763"><ele>1507.2999877929688</ele></trkpt><trkpt lat="46.0514225079678" lon="7.768949670251459"><ele>1506.6999816894531</ele></trkpt><trkpt lat="46.051380169112235" lon="7.768970086239278"><ele>1506.1999816894531</ele></trkpt><trkpt lat="46.05132988188416" lon="7.768940067384392"><ele>1506.1999816894531</ele></trkpt><trkpt lat="46.051280406769365" lon="7.768939768895507"><ele>1506.1999816894531</ele></trkpt><trkpt lat="46.051220016554" lon="7.768980747554451"><ele>1506.1999816894531</ele></trkpt><trkpt lat="46.0511703947559" lon="7.769030834548175"><ele>1506.1999816894531</ele></trkpt><trkpt lat="46.05108032329008" lon="7.769070341717452"><ele>1506.0</ele></trkpt><trkpt lat="46.050971418153495" lon="7.76909035583958"><ele>1505.3999938964844</ele></trkpt><trkpt lat="46.05093996413052" lon="7.769079830031842"><ele>1504.0</ele></trkpt><trkpt lat="46.05094802984968" lon="7.769090214278549"><ele>1504.0</ele></trkpt><trkpt lat="46.05094802984968" lon="7.769090214278549"><ele>1504.0</ele></trkpt><trkpt lat="46.05094802984968" lon="7.769090214278549"><ele>1504.0</ele></trkpt><trkpt lat="46.05094802984968" lon="7.769090214278549"><ele>1504.0</ele></trkpt><trkpt lat="46.05094802984968" lon="7.769090214278549"><ele>1504.0</ele></trkpt><trkpt lat="46.05094802984968" lon="7.769090214278549"><ele>1504.0</ele></trkpt><trkpt lat="46.05093996413052" lon="7.769079830031842"><ele>1504.0</ele></trkpt><trkpt lat="46.050971418153495" lon="7.76909035583958"><ele>1505.3999938964844</ele></trkpt><trkpt lat="46.05080151418224" lon="7.769051862880588"><ele>1502.6999816894531</ele></trkpt><trkpt lat="46.05074034910649" lon="7.7690502014011145"><ele>1502.0</ele></trkpt><trkpt lat="46.05062247859314" lon="7.769059825222939"><ele>1500.1999816894531</ele></trkpt><trkpt lat="46.05055045476183" lon="7.769080061465502"><ele>1498.6999816894531</ele></trkpt><trkpt lat="46.05049996310845" lon="7.769119807053357"><ele>1498.1999816894531</ele></trkpt><trkpt lat="46.050441432744265" lon="7.7691401252523065"><ele>1499.0999755859375</ele></trkpt><trkpt lat="46.05036049662158" lon="7.769131884910166"><ele>1500.0999755859375</ele></trkpt><trkpt lat="46.050281488802284" lon="7.7690797303803265"><ele>1501.2999877929688</ele></trkpt><trkpt lat="46.05020250380039" lon="7.769019824452698"><ele>1504.0</ele></trkpt><trkpt lat="46.05020248470828" lon="7.769026284106076"><ele>1504.0</ele></trkpt><trkpt lat="46.05020248470828" lon="7.769026284106076"><ele>1504.0</ele></trkpt><trkpt lat="46.05020248470828" lon="7.769026284106076"><ele>1504.0</ele></trkpt><trkpt lat="46.05020248470828" lon="7.769026284106076"><ele>1504.0</ele></trkpt><trkpt lat="46.05020248470828" lon="7.769026284106076"><ele>1504.0</ele></trkpt><trkpt lat="46.05020248470828" lon="7.769026284106076"><ele>1504.0</ele></trkpt><trkpt lat="46.05020248470828" lon="7.769026284106076"><ele>1504.0</ele></trkpt><trkpt lat="46.05020248470828" lon="7.769026284106076"><ele>1504.0</ele></trkpt><trkpt lat="46.05020248470828" lon="7.769026284106076"><ele>1504.0</ele></trkpt><trkpt lat="46.05020248470828" lon="7.769026284106076"><ele>1504.0</ele></trkpt><trkpt lat="46.05020248470828" lon="7.769026284106076"><ele>1504.0</ele></trkpt><trkpt lat="46.05020248470828" lon="7.769026284106076"><ele>1504.0</ele></trkpt><trkpt lat="46.05020248470828" lon="7.769026284106076"><ele>1504.0</ele></trkpt><trkpt lat="46.05020250380039" lon="7.769019824452698"><ele>1504.0</ele></trkpt><trkpt lat="46.050281488802284" lon="7.7690797303803265"><ele>1501.2999877929688</ele></trkpt><trkpt lat="46.04992245603353" lon="7.768810132518411"><ele>1506.6999816894531</ele></trkpt><trkpt lat="46.049840019550174" lon="7.768699821084738"><ele>1508.3999938964844</ele></trkpt><trkpt lat="46.04987048683688" lon="7.7687400546856225"><ele>1507.5999755859375</ele></trkpt><trkpt lat="46.04987226333469" lon="7.768747816793621"><ele>1507.5999755859375</ele></trkpt><trkpt lat="46.04987226333469" lon="7.768747816793621"><ele>1507.5999755859375</ele></trkpt><trkpt lat="46.04987226333469" lon="7.768747816793621"><ele>1507.5999755859375</ele></trkpt><trkpt lat="46.04987226333469" lon="7.768747816793621"><ele>1507.5999755859375</ele></trkpt><trkpt lat="46.04987226333469" lon="7.768747816793621"><ele>1507.5999755859375</ele></trkpt><trkpt lat="46.04987226333469" lon="7.768747816793621"><ele>1507.5999755859375</ele></trkpt><trkpt lat="46.04987226333469" lon="7.768747816793621"><ele>1507.5999755859375</ele></trkpt><trkpt lat="46.04987226333469" lon="7.768747816793621"><ele>1507.5999755859375</ele></trkpt><trkpt lat="46.04987226333469" lon="7.768747816793621"><ele>1507.5999755859375</ele></trkpt><trkpt lat="46.04987226333469" lon="7.768747816793621"><ele>1507.5999755859375</ele></trkpt><trkpt lat="46.04987226333469" lon="7.768747816793621"><ele>1507.5999755859375</ele></trkpt><trkpt lat="46.04987226333469" lon="7.768747816793621"><ele>1507.5999755859375</ele></trkpt><trkpt lat="46.04987226333469" lon="7.768747816793621"><ele>1507.5999755859375</ele></trkpt><trkpt lat="46.04987226333469" lon="7.768747816793621"><ele>1507.5999755859375</ele></trkpt><trkpt lat="46.04987226333469" lon="7.768747816793621"><ele>1507.5999755859375</ele></trkpt><trkpt lat="46.04987226333469" lon="7.768747816793621"><ele>1507.5999755859375</ele></trkpt><trkpt lat="46.04987048683688" lon="7.7687400546856225"><ele>1507.5999755859375</ele></trkpt><trkpt lat="46.049840019550174" lon="7.768699821084738"><ele>1508.3999938964844</ele></trkpt><trkpt lat="46.04953020019457" lon="7.768519667442888"><ele>1514.8999938964844</ele></trkpt><trkpt lat="46.04934245394543" lon="7.76843068562448"><ele>1518.5</ele></trkpt><trkpt lat="46.04926344193518" lon="7.768379825167358"><ele>1520.3999938964844</ele></trkpt><trkpt lat="46.049230181612074" lon="7.768371873069555"><ele>1521.0999755859375</ele></trkpt><trkpt lat="46.049182509537786" lon="7.768370294477791"><ele>1521.5999755859375</ele></trkpt><trkpt lat="46.04916005162522" lon="7.768359823618084"><ele>1522.0</ele></trkpt><trkpt lat="46.04915024340153" lon="7.768330050632358"><ele>1523.0999755859375</ele></trkpt><trkpt lat="46.04913242626935" lon="7.768270515371114"><ele>1524.0999755859375</ele></trkpt><trkpt lat="46.049119892995805" lon="7.768249768763781"><ele>1524.0999755859375</ele></trkpt><trkpt lat="46.04910012567416" lon="7.768241898622364"><ele>1523.8999938964844</ele></trkpt><trkpt lat="46.04908030945808" lon="7.768250822555274"><ele>1523.8999938964844</ele></trkpt><trkpt lat="46.04907035827637" lon="7.7682701414451"><ele>1524.3999938964844</ele></trkpt><trkpt lat="46.04906043317169" lon="7.768280417192727"><ele>1524.7999877929688</ele></trkpt><trkpt lat="46.049041512422264" lon="7.768290638457984"><ele>1524.7999877929688</ele></trkpt><trkpt lat="46.0489804004319" lon="7.768270891625434"><ele>1525.0</ele></trkpt><trkpt lat="46.048930113203824" lon="7.768240875098854"><ele>1526.5</ele></trkpt><trkpt lat="46.048869874794036" lon="7.768230177462101"><ele>1529.7999877929688</ele></trkpt><trkpt lat="46.04878990305588" lon="7.768199982587248"><ele>1532.1999816894531</ele></trkpt><trkpt lat="46.0487314555794" lon="7.768191879149526"><ele>1533.7999877929688</ele></trkpt><trkpt lat="46.048690110910684" lon="7.768180003389716"><ele>1535.0999755859375</ele></trkpt><trkpt lat="46.048619917128235" lon="7.7681899163872"><ele>1537.0999755859375</ele></trkpt><trkpt lat="46.04856150364503" lon="7.768170186318457"><ele>1538.3999938964844</ele></trkpt><trkpt lat="46.048473461996764" lon="7.7681308994069695"><ele>1538.8999938964844</ele></trkpt><trkpt lat="46.04839346325025" lon="7.768109747674316"><ele>1539.5</ele></trkpt><trkpt lat="46.048340330366045" lon="7.768130098003894"><ele>1540.2999877929688</ele></trkpt><trkpt lat="46.04829343780875" lon="7.768169865012169"><ele>1541.7999877929688</ele></trkpt><trkpt lat="46.04814999969676" lon="7.768309818115085"><ele>1542.1999816894531</ele></trkpt><trkpt lat="46.048090452328324" lon="7.76837017852813"><ele>1541.5</ele></trkpt><trkpt lat="46.04803000204265" lon="7.768431825563312"><ele>1541.0999755859375</ele></trkpt><trkpt lat="46.04799030907452" lon="7.7684703432023525"><ele>1541.1999816894531</ele></trkpt><trkpt lat="46.047943472862244" lon="7.768490731250495"><ele>1541.1999816894531</ele></trkpt><trkpt lat="46.04790023807436" lon="7.768509848974645"><ele>1541.3999938964844</ele></trkpt><trkpt lat="46.04786245385185" lon="7.768510913010687"><ele>1541.6999816894531</ele></trkpt><trkpt lat="46.04786245385185" lon="7.768510913010687"><ele>1541.6999816894531</ele></trkpt><trkpt lat="46.047871430404484" lon="7.7685174266807735"><ele>1541.6999816894531</ele></trkpt><trkpt lat="46.047871430404484" lon="7.7685174266807735"><ele>1541.6999816894531</ele></trkpt><trkpt lat="46.047871430404484" lon="7.7685174266807735"><ele>1541.6999816894531</ele></trkpt><trkpt lat="46.047871430404484" lon="7.7685174266807735"><ele>1541.6999816894531</ele></trkpt><trkpt lat="46.047871430404484" lon="7.7685174266807735"><ele>1541.6999816894531</ele></trkpt><trkpt lat="46.047871430404484" lon="7.7685174266807735"><ele>1541.6999816894531</ele></trkpt><trkpt lat="46.047871430404484" lon="7.7685174266807735"><ele>1541.6999816894531</ele></trkpt><trkpt lat="46.047871430404484" lon="7.7685174266807735"><ele>1541.6999816894531</ele></trkpt><trkpt lat="46.047871430404484" lon="7.7685174266807735"><ele>1541.6999816894531</ele></trkpt><trkpt lat="46.047871430404484" lon="7.7685174266807735"><ele>1541.6999816894531</ele></trkpt><trkpt lat="46.047871430404484" lon="7.7685174266807735"><ele>1541.6999816894531</ele></trkpt><trkpt lat="46.047871430404484" lon="7.7685174266807735"><ele>1541.6999816894531</ele></trkpt><trkpt lat="46.047871430404484" lon="7.7685174266807735"><ele>1541.6999816894531</ele></trkpt><trkpt lat="46.047871430404484" lon="7.7685174266807735"><ele>1541.6999816894531</ele></trkpt><trkpt lat="46.047871430404484" lon="7.7685174266807735"><ele>1541.6999816894531</ele></trkpt><trkpt lat="46.047871430404484" lon="7.7685174266807735"><ele>1541.6999816894531</ele></trkpt><trkpt lat="46.04786245385185" lon="7.768510913010687"><ele>1541.6999816894531</ele></trkpt><trkpt lat="46.04786245385185" lon="7.768510913010687"><ele>1541.6999816894531</ele></trkpt><trkpt lat="46.047820118721575" lon="7.7685300363227725"><ele>1542.1999816894531</ele></trkpt><trkpt lat="46.04776243120432" lon="7.7685697372071445"><ele>1541.5999755859375</ele></trkpt><trkpt lat="46.04770027194172" lon="7.768600367475301"><ele>1540.3999938964844</ele></trkpt><trkpt lat="46.04766249097884" lon="7.7686001397669315"><ele>1539.5999755859375</ele></trkpt><trkpt lat="46.04763994226232" lon="7.768620674032718"><ele>1539.3999938964844</ele></trkpt><trkpt lat="46.04761011013761" lon="7.768670877441764"><ele>1539.0</ele></trkpt><trkpt lat="46.04758028173819" lon="7.768719789106399"><ele>1539.0999755859375</ele></trkpt><trkpt lat="46.04754145396873" lon="7.768769938498735"><ele>1539.1999816894531</ele></trkpt><trkpt lat="46.04749003332108" lon="7.768820011988282"><ele>1539.5</ele></trkpt><trkpt lat="46.047470178920776" lon="7.768841854296625"><ele>1539.7999877929688</ele></trkpt><trkpt lat="46.04743147222325" lon="7.768850663676858"><ele>1540.1999816894531</ele></trkpt><trkpt lat="46.04737038677558" lon="7.76882187416777"><ele>1540.8999938964844</ele></trkpt><trkpt lat="46.047300374135375" lon="7.768769776914269"><ele>1542.0</ele></trkpt><trkpt lat="46.047259921208024" lon="7.768760489765555"><ele>1542.5</ele></trkpt><trkpt lat="46.04717017151415" lon="7.768690187484026"><ele>1543.0999755859375</ele></trkpt><trkpt lat="46.04709034273401" lon="7.768610902130604"><ele>1544.0999755859375</ele></trkpt><trkpt lat="46.04705001087859" lon="7.76856027636677"><ele>1545.3999938964844</ele></trkpt><trkpt lat="46.04699000250548" lon="7.76847077626735"><ele>1547.2999877929688</ele></trkpt><trkpt lat="46.04694247432053" lon="7.7684201071970165"><ele>1548.1999816894531</ele></trkpt><trkpt lat="46.0467100138776" lon="7.768240429926664"><ele>1548.5999755859375</ele></trkpt><trkpt lat="46.04667142080143" lon="7.768210484646261"><ele>1548.5999755859375</ele></trkpt><trkpt lat="46.04658250929788" lon="7.768160858657211"><ele>1548.6999816894531</ele></trkpt><trkpt lat="46.04652145737782" lon="7.768120443448424"><ele>1548.6999816894531</ele></trkpt><trkpt lat="46.04646046226844" lon="7.76806065114215"><ele>1549.3999938964844</ele></trkpt><trkpt lat="46.04638345213607" lon="7.767940045334399"><ele>1549.0</ele></trkpt><trkpt lat="46.04635025607422" lon="7.767910132650286"><ele>1548.7999877929688</ele></trkpt><trkpt lat="46.046321500558406" lon="7.767899625003338"><ele>1548.3999938964844</ele></trkpt><trkpt lat="46.04628014797345" lon="7.767890333198011"><ele>1548.1999816894531</ele></trkpt><trkpt lat="46.046233428642154" lon="7.767870674375445"><ele>1548.8999938964844</ele></trkpt><trkpt lat="46.04614988854155" lon="7.767830125056207"><ele>1549.3999938964844</ele></trkpt><trkpt lat="46.04610142996535" lon="7.767789786215872"><ele>1549.5999755859375</ele></trkpt><trkpt lat="46.04606010764837" lon="7.767770159989595"><ele>1549.5999755859375</ele></trkpt><trkpt lat="46.046030475758016" lon="7.767751896288246"><ele>1549.8999938964844</ele></trkpt><trkpt lat="46.04600987676531" lon="7.767720767762512"><ele>1549.8999938964844</ele></trkpt><trkpt lat="46.04598025185987" lon="7.7676999205723405"><ele>1550.1999816894531</ele></trkpt><trkpt lat="46.045960462186486" lon="7.767699801363051"><ele>1550.5</ele></trkpt><trkpt lat="46.04596945364028" lon="7.7677011475898325"><ele>1550.5</ele></trkpt><trkpt lat="46.04596945364028" lon="7.7677011475898325"><ele>1550.5</ele></trkpt><trkpt lat="46.04596945364028" lon="7.7677011475898325"><ele>1550.5</ele></trkpt><trkpt lat="46.04596945364028" lon="7.7677011475898325"><ele>1550.5</ele></trkpt><trkpt lat="46.04596945364028" lon="7.7677011475898325"><ele>1550.5</ele></trkpt><trkpt lat="46.04596945364028" lon="7.7677011475898325"><ele>1550.5</ele></trkpt><trkpt lat="46.04596945364028" lon="7.7677011475898325"><ele>1550.5</ele></trkpt><trkpt lat="46.04596945364028" lon="7.7677011475898325"><ele>1550.5</ele></trkpt><trkpt lat="46.04596945364028" lon="7.7677011475898325"><ele>1550.5</ele></trkpt><trkpt lat="46.04596945364028" lon="7.7677011475898325"><ele>1550.5</ele></trkpt><trkpt lat="46.04596945364028" lon="7.7677011475898325"><ele>1550.5</ele></trkpt><trkpt lat="46.04596945364028" lon="7.7677011475898325"><ele>1550.5</ele></trkpt><trkpt lat="46.04596945364028" lon="7.7677011475898325"><ele>1550.5</ele></trkpt><trkpt lat="46.04596945364028" lon="7.7677011475898325"><ele>1550.5</ele></trkpt><trkpt lat="46.04596945364028" lon="7.7677011475898325"><ele>1550.5</ele></trkpt><trkpt lat="46.04596945364028" lon="7.7677011475898325"><ele>1550.5</ele></trkpt><trkpt lat="46.045960462186486" lon="7.767699801363051"><ele>1550.5</ele></trkpt><trkpt lat="46.04595149308443" lon="7.767690704669803"><ele>1550.6999816894531</ele></trkpt><trkpt lat="46.045820333994925" lon="7.767630491871387"><ele>1552.6999816894531</ele></trkpt><trkpt lat="46.04580344213173" lon="7.767561922781169"><ele>1552.6999816894531</ele></trkpt><trkpt lat="46.04576035449281" lon="7.767530659679323"><ele>1553.2999877929688</ele></trkpt><trkpt lat="46.0457324385643" lon="7.7675408269278705"><ele>1553.2999877929688</ele></trkpt><trkpt lat="46.045709980186075" lon="7.767530357465148"><ele>1553.2999877929688</ele></trkpt><trkpt lat="46.04563998943195" lon="7.767470512073487"><ele>1553.0</ele></trkpt><trkpt lat="46.045592460315675" lon="7.76741984533146"><ele>1553.0</ele></trkpt><trkpt lat="46.045570058282465" lon="7.767389998305589"><ele>1553.0</ele></trkpt><trkpt lat="46.045490086078644" lon="7.767359806224704"><ele>1554.0999755859375</ele></trkpt><trkpt lat="46.04545241827145" lon="7.767320824787021"><ele>1554.0999755859375</ele></trkpt><trkpt lat="46.04540036106482" lon="7.767280465457588"><ele>1553.5</ele></trkpt><trkpt lat="46.04535015998408" lon="7.76722074020654"><ele>1553.5</ele></trkpt><trkpt lat="46.04532245080918" lon="7.767159857787192"><ele>1553.5</ele></trkpt><trkpt lat="46.045290206559" lon="7.767111866734922"><ele>1554.0999755859375</ele></trkpt><trkpt lat="46.04525988921523" lon="7.7670199647545815"><ele>1554.0999755859375</ele></trkpt><trkpt lat="46.04523032065481" lon="7.766979740932584"><ele>1554.0999755859375</ele></trkpt><trkpt lat="46.04517019446939" lon="7.766930290963501"><ele>1554.0999755859375</ele></trkpt><trkpt lat="46.04506010282785" lon="7.766739732585847"><ele>1554.3999938964844</ele></trkpt><trkpt lat="46.0450404859148" lon="7.766680191271007"><ele>1554.5999755859375</ele></trkpt><trkpt lat="46.045042431447655" lon="7.766629822086543"><ele>1554.5999755859375</ele></trkpt><trkpt lat="46.04503990523517" lon="7.7665703827515244"><ele>1554.3999938964844</ele></trkpt><trkpt lat="46.045030092820525" lon="7.766541904304177"><ele>1554.3999938964844</ele></trkpt><trkpt lat="46.044931466225535" lon="7.7664302168414"><ele>1555.5</ele></trkpt><trkpt lat="46.04492345685139" lon="7.76640045735985"><ele>1555.7999877929688</ele></trkpt><trkpt lat="46.0449101398699" lon="7.766339662019163"><ele>1556.0</ele></trkpt><trkpt lat="46.04492028988898" lon="7.766251878812909"><ele>1556.0</ele></trkpt><trkpt lat="46.044900150969625" lon="7.76606186106801"><ele>1555.5</ele></trkpt><trkpt lat="46.04488245630637" lon="7.765959701500833"><ele>1555.5</ele></trkpt><trkpt lat="46.04487003479153" lon="7.765900203492492"><ele>1554.5999755859375</ele></trkpt><trkpt lat="46.0448503610678" lon="7.76586003927514"><ele>1554.5999755859375</ele></trkpt><trkpt lat="46.04480012925342" lon="7.765810650307685"><ele>1554.8999938964844</ele></trkpt><trkpt lat="46.04479034617543" lon="7.765771836973727"><ele>1554.5999755859375</ele></trkpt><trkpt lat="46.04478243039921" lon="7.76570978295058"><ele>1555.5</ele></trkpt><trkpt lat="46.04476992273703" lon="7.765679996460676"><ele>1555.5</ele></trkpt><trkpt lat="46.04474049573764" lon="7.765590684954077"><ele>1554.0999755859375</ele></trkpt><trkpt lat="46.04473344562575" lon="7.765540262218565"><ele>1553.8999938964844</ele></trkpt><trkpt lat="46.04471011366695" lon="7.765520745422691"><ele>1553.8999938964844</ele></trkpt><trkpt lat="46.044671493116766" lon="7.7654998460784554"><ele>1554.3999938964844</ele></trkpt><trkpt lat="46.04462021589279" lon="7.765500831883401"><ele>1555.0</ele></trkpt><trkpt lat="46.04459244245663" lon="7.7654619119130075"><ele>1555.8999938964844</ele></trkpt><trkpt lat="46.04454050445929" lon="7.765380217693746"><ele>1555.5999755859375</ele></trkpt><trkpt lat="46.044393439777195" lon="7.765220447443426"><ele>1556.0</ele></trkpt><trkpt lat="46.044341498520225" lon="7.765140045899898"><ele>1557.0</ele></trkpt><trkpt lat="46.04423017986119" lon="7.765061873942614"><ele>1558.3999938964844</ele></trkpt><trkpt lat="46.04422034835443" lon="7.765039854682982"><ele>1559.0999755859375</ele></trkpt><trkpt lat="46.044221240561455" lon="7.765042443759739"><ele>1559.0999755859375</ele></trkpt><trkpt lat="46.044221240561455" lon="7.765042443759739"><ele>1559.0999755859375</ele></trkpt><trkpt lat="46.044221240561455" lon="7.765042443759739"><ele>1559.0999755859375</ele></trkpt><trkpt lat="46.044221240561455" lon="7.765042443759739"><ele>1559.0999755859375</ele></trkpt><trkpt lat="46.044221240561455" lon="7.765042443759739"><ele>1559.0999755859375</ele></trkpt><trkpt lat="46.044221240561455" lon="7.765042443759739"><ele>1559.0999755859375</ele></trkpt><trkpt lat="46.044221240561455" lon="7.765042443759739"><ele>1559.0999755859375</ele></trkpt><trkpt lat="46.044221240561455" lon="7.765042443759739"><ele>1559.0999755859375</ele></trkpt><trkpt lat="46.044221240561455" lon="7.765042443759739"><ele>1559.0999755859375</ele></trkpt><trkpt lat="46.044221240561455" lon="7.765042443759739"><ele>1559.0999755859375</ele></trkpt><trkpt lat="46.044221240561455" lon="7.765042443759739"><ele>1559.0999755859375</ele></trkpt><trkpt lat="46.044221240561455" lon="7.765042443759739"><ele>1559.0999755859375</ele></trkpt><trkpt lat="46.044221240561455" lon="7.765042443759739"><ele>1559.0999755859375</ele></trkpt><trkpt lat="46.044221240561455" lon="7.765042443759739"><ele>1559.0999755859375</ele></trkpt><trkpt lat="46.044221240561455" lon="7.765042443759739"><ele>1559.0999755859375</ele></trkpt><trkpt lat="46.044221240561455" lon="7.765042443759739"><ele>1559.0999755859375</ele></trkpt><trkpt lat="46.04422034835443" lon="7.765039854682982"><ele>1559.0999755859375</ele></trkpt><trkpt lat="46.04423017986119" lon="7.765061873942614"><ele>1558.3999938964844</ele></trkpt><trkpt lat="46.044110018759966" lon="7.764930685982108"><ele>1559.6999816894531</ele></trkpt><trkpt lat="46.044062429107726" lon="7.7649006908759475"><ele>1559.5999755859375</ele></trkpt><trkpt lat="46.044039910659194" lon="7.764910891186446"><ele>1559.3999938964844</ele></trkpt><trkpt lat="46.043939975555986" lon="7.764940006658435"><ele>1559.2999877929688</ele></trkpt><trkpt lat="46.043882427271456" lon="7.7649319129996"><ele>1559.2999877929688</ele></trkpt><trkpt lat="46.043850077781826" lon="7.764920094050467"><ele>1559.3999938964844</ele></trkpt><trkpt lat="46.043820418883115" lon="7.764910874888301"><ele>1559.5</ele></trkpt><trkpt lat="46.04379247734323" lon="7.7649300852790475"><ele>1559.3999938964844</ele></trkpt><trkpt lat="46.04368992568925" lon="7.764930765610188"><ele>1559.1999816894531</ele></trkpt><trkpt lat="46.04355151252821" lon="7.764889895450324"><ele>1559.5</ele></trkpt><trkpt lat="46.04349042987451" lon="7.764859820250422"><ele>1560.0999755859375</ele></trkpt><trkpt lat="46.0434599313885" lon="7.764829927589744"><ele>1560.3999938964844</ele></trkpt><trkpt lat="46.043410456739366" lon="7.7648296328261495"><ele>1560.3999938964844</ele></trkpt><trkpt lat="46.04332145815715" lon="7.764809725806117"><ele>1560.5</ele></trkpt><trkpt lat="46.04318037210032" lon="7.764759797602892"><ele>1560.8999938964844</ele></trkpt><trkpt lat="46.04306006152183" lon="7.764680282678455"><ele>1560.5999755859375</ele></trkpt><trkpt lat="46.042980233673006" lon="7.764599717222154"><ele>1561.0999755859375</ele></trkpt><trkpt lat="46.04290043190122" lon="7.7645101100206375"><ele>1561.3999938964844</ele></trkpt><trkpt lat="46.042840416077524" lon="7.764421912375838"><ele>1561.5</ele></trkpt><trkpt lat="46.042810067068785" lon="7.764340350404382"><ele>1562.2999877929688</ele></trkpt><trkpt lat="46.04280043300241" lon="7.764249869156629"><ele>1562.8999938964844</ele></trkpt><trkpt lat="46.042750315740705" lon="7.764160439372063"><ele>1563.5999755859375</ele></trkpt><trkpt lat="46.042710007634014" lon="7.7641007783822715"><ele>1563.5999755859375</ele></trkpt><trkpt lat="46.04263017931953" lon="7.764020214322954"><ele>1563.1999816894531</ele></trkpt><trkpt lat="46.04255142202601" lon="7.763880235608667"><ele>1563.3999938964844</ele></trkpt><trkpt lat="46.0424403664656" lon="7.763710355386138"><ele>1564.1999816894531</ele></trkpt><trkpt lat="46.04240008816123" lon="7.7636403613723814"><ele>1564.3999938964844</ele></trkpt><trkpt lat="46.04236346716061" lon="7.763549720868468"><ele>1564.7999877929688</ele></trkpt><trkpt lat="46.04230345459655" lon="7.7634602333419025"><ele>1565.5</ele></trkpt><trkpt lat="46.042242486495525" lon="7.763390116859227"><ele>1565.5</ele></trkpt><trkpt lat="46.04219042882323" lon="7.763349764049053"><ele>1565.5999755859375</ele></trkpt><trkpt lat="46.04214028082788" lon="7.763270669616759"><ele>1566.0</ele></trkpt><trkpt lat="46.042062452062964" lon="7.7631203648634255"><ele>1567.0</ele></trkpt><trkpt lat="46.04209019290283" lon="7.76317090773955"><ele>1566.5</ele></trkpt><trkpt lat="46.04209648584947" lon="7.763172236736864"><ele>1566.5</ele></trkpt><trkpt lat="46.04209648584947" lon="7.763172236736864"><ele>1566.5</ele></trkpt><trkpt lat="46.04209648584947" lon="7.763172236736864"><ele>1566.5</ele></trkpt><trkpt lat="46.04209648584947" lon="7.763172236736864"><ele>1566.5</ele></trkpt><trkpt lat="46.04209648584947" lon="7.763172236736864"><ele>1566.5</ele></trkpt><trkpt lat="46.04209648584947" lon="7.763172236736864"><ele>1566.5</ele></trkpt><trkpt lat="46.04209648584947" lon="7.763172236736864"><ele>1566.5</ele></trkpt><trkpt lat="46.04209648584947" lon="7.763172236736864"><ele>1566.5</ele></trkpt><trkpt lat="46.04209648584947" lon="7.763172236736864"><ele>1566.5</ele></trkpt><trkpt lat="46.04209648584947" lon="7.763172236736864"><ele>1566.5</ele></trkpt><trkpt lat="46.04209648584947" lon="7.763172236736864"><ele>1566.5</ele></trkpt><trkpt lat="46.04209648584947" lon="7.763172236736864"><ele>1566.5</ele></trkpt><trkpt lat="46.04209648584947" lon="7.763172236736864"><ele>1566.5</ele></trkpt><trkpt lat="46.04209648584947" lon="7.763172236736864"><ele>1566.5</ele></trkpt><trkpt lat="46.04209648584947" lon="7.763172236736864"><ele>1566.5</ele></trkpt><trkpt lat="46.04209648584947" lon="7.763172236736864"><ele>1566.5</ele></trkpt><trkpt lat="46.04209019290283" lon="7.76317090773955"><ele>1566.5</ele></trkpt><trkpt lat="46.042062452062964" lon="7.7631203648634255"><ele>1567.0</ele></trkpt><trkpt lat="46.042000469285995" lon="7.763090287335217"><ele>1566.6999816894531</ele></trkpt><trkpt lat="46.04191147023812" lon="7.763070383574814"><ele>1566.5</ele></trkpt><trkpt lat="46.04186042677611" lon="7.762989992741495"><ele>1566.6999816894531</ele></trkpt><trkpt lat="46.0418103383854" lon="7.762890231795609"><ele>1567.0</ele></trkpt><trkpt lat="46.04177998378873" lon="7.762809963896871"><ele>1567.2999877929688</ele></trkpt><trkpt lat="46.0417514545843" lon="7.762720664497465"><ele>1567.5</ele></trkpt><trkpt lat="46.041720115114" lon="7.762670101132244"><ele>1567.6999816894531</ele></trkpt><trkpt lat="46.04171146452427" lon="7.76254991767928"><ele>1568.0</ele></trkpt><trkpt lat="46.041660505812615" lon="7.762439818121493"><ele>1568.1999816894531</ele></trkpt><trkpt lat="46.04160150652751" lon="7.762310295365751"><ele>1568.5</ele></trkpt><trkpt lat="46.041483426466584" lon="7.762079667765647"><ele>1569.0</ele></trkpt><trkpt lat="46.04144035978243" lon="7.7620406611822546"><ele>1569.2999877929688</ele></trkpt><trkpt lat="46.04132028017193" lon="7.761879777070135"><ele>1570.0999755859375</ele></trkpt><trkpt lat="46.0412798859179" lon="7.761849828530103"><ele>1570.2999877929688</ele></trkpt><trkpt lat="46.04124036151916" lon="7.761830219533294"><ele>1570.3999938964844</ele></trkpt><trkpt lat="46.041160417255014" lon="7.76178970374167"><ele>1569.7999877929688</ele></trkpt><trkpt lat="46.041110039222986" lon="7.761790698394179"><ele>1569.8999938964844</ele></trkpt><trkpt lat="46.04107141820714" lon="7.761769802775234"><ele>1570.0</ele></trkpt><trkpt lat="46.04101021960378" lon="7.761779775377363"><ele>1570.1999816894531</ele></trkpt><trkpt lat="46.0409804424271" lon="7.76181189250201"><ele>1570.1999816894531</ele></trkpt><trkpt lat="46.040939937345684" lon="7.761820695828646"><ele>1570.3999938964844</ele></trkpt><trkpt lat="46.040859907865524" lon="7.761809889692813"><ele>1570.5999755859375</ele></trkpt><trkpt lat="46.04082035040483" lon="7.761801905464381"><ele>1570.5999755859375</ele></trkpt><trkpt lat="46.04077993379906" lon="7.761779707856476"><ele>1570.5999755859375</ele></trkpt><trkpt lat="46.04073048522696" lon="7.7617703741416335"><ele>1570.6999816894531</ele></trkpt><trkpt lat="46.04068997642025" lon="7.76178046874702"><ele>1570.8999938964844</ele></trkpt><trkpt lat="46.04064050177112" lon="7.761780176777393"><ele>1571.0</ele></trkpt><trkpt lat="46.04059024201706" lon="7.761739837005734"><ele>1571.1999816894531</ele></trkpt><trkpt lat="46.04044009651989" lon="7.761711824685335"><ele>1571.5999755859375</ele></trkpt><trkpt lat="46.04027042724192" lon="7.7615906950086355"><ele>1572.0999755859375</ele></trkpt><trkpt lat="46.04023992782459" lon="7.761560805607587"><ele>1572.0999755859375</ele></trkpt><trkpt lat="46.04018145799637" lon="7.7615604610182345"><ele>1572.2999877929688</ele></trkpt><trkpt lat="46.040103452745825" lon="7.761470872908831"><ele>1572.5999755859375</ele></trkpt><trkpt lat="46.040000319480896" lon="7.761360470205545"><ele>1572.7999877929688</ele></trkpt><trkpt lat="46.0399304991588" lon="7.761239930521697"><ele>1573.1999816894531</ele></trkpt><trkpt lat="46.03966000396758" lon="7.760830161161721"><ele>1574.1999816894531</ele></trkpt><trkpt lat="46.039542477577925" lon="7.760719676036388"><ele>1574.5999755859375</ele></trkpt><trkpt lat="46.03946000337601" lon="7.7606197306886315"><ele>1574.0999755859375</ele></trkpt><trkpt lat="46.03940245881677" lon="7.76061035040766"><ele>1574.8999938964844</ele></trkpt><trkpt lat="46.03932147054002" lon="7.760620207991451"><ele>1575.5</ele></trkpt><trkpt lat="46.03920008800924" lon="7.760600118897855"><ele>1576.0</ele></trkpt><trkpt lat="46.03901042509824" lon="7.760549919679761"><ele>1576.1999816894531</ele></trkpt><trkpt lat="46.03891248255968" lon="7.760511885397136"><ele>1576.6999816894531</ele></trkpt><trkpt lat="46.03884246572852" lon="7.760459806770086"><ele>1577.0999755859375</ele></trkpt><trkpt lat="46.03878245037049" lon="7.760370328556746"><ele>1577.2999877929688</ele></trkpt><trkpt lat="46.03864243486896" lon="7.760259713511914"><ele>1575.7999877929688</ele></trkpt><trkpt lat="46.03859043074772" lon="7.760199991520494"><ele>1575.8999938964844</ele></trkpt><trkpt lat="46.038469947874546" lon="7.7601799089461565"><ele>1577.0</ele></trkpt><trkpt lat="46.03833025833592" lon="7.7602707971818745"><ele>1579.7999877929688</ele></trkpt><trkpt lat="46.03829146036878" lon="7.760311902500689"><ele>1580.3999938964844</ele></trkpt><trkpt lat="46.03823023661971" lon="7.760330917779356"><ele>1581.2999877929688</ele></trkpt><trkpt lat="46.03819150151685" lon="7.760350065305829"><ele>1581.8999938964844</ele></trkpt><trkpt lat="46.03816001769155" lon="7.760349880438298"><ele>1582.0999755859375</ele></trkpt><trkpt lat="46.03805024083704" lon="7.760360860265791"><ele>1583.3999938964844</ele></trkpt><trkpt lat="46.037980161607265" lon="7.760330740362406"><ele>1583.1999816894531</ele></trkpt><trkpt lat="46.03795050596818" lon="7.760320233181119"><ele>1583.1999816894531</ele></trkpt><trkpt lat="46.03790024574846" lon="7.76027989666909"><ele>1583.1999816894531</ele></trkpt><trkpt lat="46.03786347527057" lon="7.7602409310638905"><ele>1583.2999877929688</ele></trkpt><trkpt lat="46.037880511023104" lon="7.760260405950248"><ele>1583.1999816894531</ele></trkpt><trkpt lat="46.03788410220295" lon="7.760263010393828"><ele>1583.1999816894531</ele></trkpt><trkpt lat="46.03788410220295" lon="7.760263010393828"><ele>1583.1999816894531</ele></trkpt><trkpt lat="46.03788410220295" lon="7.760263010393828"><ele>1583.1999816894531</ele></trkpt><trkpt lat="46.03788410220295" lon="7.760263010393828"><ele>1583.1999816894531</ele></trkpt><trkpt lat="46.03788410220295" lon="7.760263010393828"><ele>1583.1999816894531</ele></trkpt><trkpt lat="46.03788410220295" lon="7.760263010393828"><ele>1583.1999816894531</ele></trkpt><trkpt lat="46.03788410220295" lon="7.760263010393828"><ele>1583.1999816894531</ele></trkpt><trkpt lat="46.03788410220295" lon="7.760263010393828"><ele>1583.1999816894531</ele></trkpt><trkpt lat="46.03788410220295" lon="7.760263010393828"><ele>1583.1999816894531</ele></trkpt><trkpt lat="46.03788410220295" lon="7.760263010393828"><ele>1583.1999816894531</ele></trkpt><trkpt lat="46.03788410220295" lon="7.760263010393828"><ele>1583.1999816894531</ele></trkpt><trkpt lat="46.03788410220295" lon="7.760263010393828"><ele>1583.1999816894531</ele></trkpt><trkpt lat="46.03788410220295" lon="7.760263010393828"><ele>1583.1999816894531</ele></trkpt><trkpt lat="46.03788410220295" lon="7.760263010393828"><ele>1583.1999816894531</ele></trkpt><trkpt lat="46.03788410220295" lon="7.760263010393828"><ele>1583.1999816894531</ele></trkpt><trkpt lat="46.03788410220295" lon="7.760263010393828"><ele>1583.1999816894531</ele></trkpt><trkpt lat="46.037880511023104" lon="7.760260405950248"><ele>1583.1999816894531</ele></trkpt><trkpt lat="46.03786347527057" lon="7.7602409310638905"><ele>1583.2999877929688</ele></trkpt><trkpt lat="46.03776995278895" lon="7.760230048559606"><ele>1583.6999816894531</ele></trkpt><trkpt lat="46.037622509524226" lon="7.760200766846538"><ele>1586.7999877929688</ele></trkpt><trkpt lat="46.037529970984906" lon="7.760160182602704"><ele>1587.6999816894531</ele></trkpt><trkpt lat="46.0374815100804" lon="7.760119857266545"><ele>1588.2999877929688</ele></trkpt><trkpt lat="46.037450081668794" lon="7.7601002980954945"><ele>1589.0999755859375</ele></trkpt><trkpt lat="46.03740341961384" lon="7.760059983469546"><ele>1590.5</ele></trkpt><trkpt lat="46.03734047431499" lon="7.76005186419934"><ele>1590.5</ele></trkpt><trkpt lat="46.037300057243556" lon="7.760029668919742"><ele>1590.7999877929688</ele></trkpt><trkpt lat="46.03722016746178" lon="7.759969784878194"><ele>1590.7999877929688</ele></trkpt><trkpt lat="46.037182497326285" lon="7.759930814616382"><ele>1590.7999877929688</ele></trkpt><trkpt lat="46.03714030329138" lon="7.759900859557092"><ele>1590.1999816894531</ele></trkpt><trkpt lat="46.03697026101872" lon="7.75991019513458"><ele>1592.5</ele></trkpt><trkpt lat="46.03691991278902" lon="7.759900858160108"><ele>1592.1999816894531</ele></trkpt><trkpt lat="46.03687049681321" lon="7.759879902005196"><ele>1591.8999938964844</ele></trkpt><trkpt lat="46.036810253281146" lon="7.759870507288724"><ele>1591.0999755859375</ele></trkpt><trkpt lat="46.036791421473026" lon="7.759849730879068"><ele>1591.0999755859375</ele></trkpt><trkpt lat="46.036769887432456" lon="7.7598302299156785"><ele>1590.5</ele></trkpt><trkpt lat="46.036740257870406" lon="7.759810681454837"><ele>1590.0</ele></trkpt><trkpt lat="46.03668988356367" lon="7.75981038575992"><ele>1589.0999755859375</ele></trkpt><trkpt lat="46.036590232513845" lon="7.759740053676069"><ele>1586.5999755859375</ele></trkpt><trkpt lat="46.03652998851612" lon="7.759730658493936"><ele>1585.0</ele></trkpt><trkpt lat="46.03649049345404" lon="7.759700719732791"><ele>1584.5</ele></trkpt><trkpt lat="46.036420387681574" lon="7.759679642505944"><ele>1583.0999755859375</ele></trkpt><trkpt lat="46.0363404978998" lon="7.75961975986138"><ele>1583.3999938964844</ele></trkpt><trkpt lat="46.03627145336941" lon="7.759541857987642"><ele>1583.2999877929688</ele></trkpt><trkpt lat="46.03622041083872" lon="7.7594601875171065"><ele>1583.2999877929688</ele></trkpt><trkpt lat="46.03616042435169" lon="7.759360381867737"><ele>1583.2999877929688</ele></trkpt><trkpt lat="46.03613003809005" lon="7.759290456771851"><ele>1583.6999816894531</ele></trkpt><trkpt lat="46.03603047179058" lon="7.759190419688821"><ele>1583.2999877929688</ele></trkpt><trkpt lat="46.03599024936557" lon="7.759099772199988"><ele>1585.3999938964844</ele></trkpt><trkpt lat="46.03591145714745" lon="7.758970150724053"><ele>1587.5</ele></trkpt><trkpt lat="46.03581017581746" lon="7.758840397931635"><ele>1588.1999816894531</ele></trkpt><trkpt lat="46.035720503889024" lon="7.75874042045325"><ele>1588.1999816894531</ele></trkpt><trkpt lat="46.03562000812963" lon="7.758650712668896"><ele>1588.2999877929688</ele></trkpt><trkpt lat="46.03553036507219" lon="7.758540403097868"><ele>1589.0999755859375</ele></trkpt><trkpt lat="46.03544150851667" lon="7.758470137603581"><ele>1589.5</ele></trkpt><trkpt lat="46.03538042400032" lon="7.758440074510872"><ele>1589.7999877929688</ele></trkpt><trkpt lat="46.03514246735722" lon="7.758290152531117"><ele>1592.0999755859375</ele></trkpt><trkpt lat="46.03506246255711" lon="7.758270311169326"><ele>1590.6999816894531</ele></trkpt><trkpt lat="46.0350202685222" lon="7.758240358438343"><ele>1590.3999938964844</ele></trkpt><trkpt lat="46.03474050806835" lon="7.758240017108619"><ele>1590.8999938964844</ele></trkpt><trkpt lat="46.03468020958826" lon="7.758249998092651"><ele>1591.5</ele></trkpt><trkpt lat="46.03458027308807" lon="7.758280412759632"><ele>1591.5</ele></trkpt><trkpt lat="46.034519974607974" lon="7.758290393278003"><ele>1591.2999877929688</ele></trkpt><trkpt lat="46.03447142848745" lon="7.758279777131975"><ele>1591.0999755859375</ele></trkpt><trkpt lat="46.034420125652105" lon="7.758289810270071"><ele>1591.0999755859375</ele></trkpt><trkpt lat="46.034381467383355" lon="7.758281835354865"><ele>1591.0</ele></trkpt><trkpt lat="46.034359911456704" lon="7.758270085323602"><ele>1590.7999877929688</ele></trkpt><trkpt lat="46.03434028616175" lon="7.7582118501886725"><ele>1591.1999816894531</ele></trkpt><trkpt lat="46.03432151302695" lon="7.758170410525054"><ele>1591.5999755859375</ele></trkpt><trkpt lat="46.03431347524747" lon="7.758149698376656"><ele>1591.5999755859375</ele></trkpt><trkpt lat="46.034280218183994" lon="7.758140463382006"><ele>1591.3999938964844</ele></trkpt><trkpt lat="46.03425151342526" lon="7.758111881557852"><ele>1591.8999938964844</ele></trkpt><trkpt lat="46.034233471378684" lon="7.7581298584118485"><ele>1592.3999938964844</ele></trkpt><trkpt lat="46.03419023519382" lon="7.758150271140039"><ele>1593.0</ele></trkpt><trkpt lat="46.03417036123574" lon="7.75817986112088"><ele>1593.5</ele></trkpt><trkpt lat="46.034150429069996" lon="7.7582301162183285"><ele>1595.0</ele></trkpt><trkpt lat="46.03413145476952" lon="7.758259711321443"><ele>1595.6999816894531</ele></trkpt><trkpt lat="46.034122459590435" lon="7.758259659167379"><ele>1596.2999877929688</ele></trkpt><trkpt lat="46.034122459590435" lon="7.758259659167379"><ele>1596.2999877929688</ele></trkpt><trkpt lat="46.03410988813266" lon="7.758251836523414"><ele>1597.1999816894531</ele></trkpt><trkpt lat="46.034109976142645" lon="7.758220839314163"><ele>1598.0</ele></trkpt><trkpt lat="46.034120042808354" lon="7.758160194847733"><ele>1597.7999877929688</ele></trkpt><trkpt lat="46.03414992149919" lon="7.758091916330159"><ele>1598.8999938964844</ele></trkpt><trkpt lat="46.03419245965779" lon="7.7580004637129605"><ele>1600.3999938964844</ele></trkpt><trkpt lat="46.03421145956963" lon="7.757961827795953"><ele>1601.3999938964844</ele></trkpt><trkpt lat="46.03423044178635" lon="7.757929649204016"><ele>1602.2999877929688</ele></trkpt><trkpt lat="46.03430347284302" lon="7.757870663423091"><ele>1604.0999755859375</ele></trkpt><trkpt lat="46.03434041235596" lon="7.757850213441998"><ele>1604.7999877929688</ele></trkpt><trkpt lat="46.03436026070267" lon="7.75782966427505"><ele>1605.1999816894531</ele></trkpt><trkpt lat="46.0343603156507" lon="7.757810290902853"><ele>1605.5999755859375</ele></trkpt><trkpt lat="46.03436039574444" lon="7.757781877182424"><ele>1605.8999938964844</ele></trkpt><trkpt lat="46.03435050090775" lon="7.757781819440424"><ele>1606.0</ele></trkpt><trkpt lat="46.03434243798256" lon="7.757770148571581"><ele>1606.1999816894531</ele></trkpt><trkpt lat="46.03433344280347" lon="7.757770095951855"><ele>1606.2999877929688</ele></trkpt><trkpt lat="46.034300185739994" lon="7.757760861422867"><ele>1607.3999938964844</ele></trkpt><trkpt lat="46.03429029043764" lon="7.757760803680867"><ele>1607.5999755859375</ele></trkpt><trkpt lat="46.034261505585164" lon="7.7577606360428035"><ele>1608.0</ele></trkpt><trkpt lat="46.03422009758651" lon="7.757770727388561"><ele>1608.5</ele></trkpt><trkpt lat="46.03417050978169" lon="7.757810476701707"><ele>1609.1999816894531</ele></trkpt><trkpt lat="46.03412002231926" lon="7.75785022135824"><ele>1610.1999816894531</ele></trkpt><trkpt lat="46.034090279601514" lon="7.757870712783188"><ele>1611.0999755859375</ele></trkpt><trkpt lat="46.03406149055809" lon="7.757871836889535"><ele>1611.6999816894531</ele></trkpt><trkpt lat="46.034039905294776" lon="7.757870419416577"><ele>1612.2999877929688</ele></trkpt><trkpt lat="46.03394347988069" lon="7.757931852713227"><ele>1614.3999938964844</ele></trkpt><trkpt lat="46.033920095302165" lon="7.757930424530059"><ele>1614.5999755859375</ele></trkpt><trkpt lat="46.03389041079208" lon="7.7579302517697215"><ele>1615.1999816894531</ele></trkpt><trkpt lat="46.033840062562376" lon="7.757920917589217"><ele>1616.5999755859375</ele></trkpt><trkpt lat="46.03382030175999" lon="7.757910470012575"><ele>1616.7999877929688</ele></trkpt><trkpt lat="46.03383019287139" lon="7.757911819033325"><ele>1616.6999816894531</ele></trkpt><trkpt lat="46.03383647510782" lon="7.757917021866888"><ele>1616.6999816894531</ele></trkpt><trkpt lat="46.03383647510782" lon="7.757917021866888"><ele>1616.6999816894531</ele></trkpt><trkpt lat="46.03383647510782" lon="7.757917021866888"><ele>1616.6999816894531</ele></trkpt><trkpt lat="46.03383647510782" lon="7.757917021866888"><ele>1616.6999816894531</ele></trkpt><trkpt lat="46.03383647510782" lon="7.757917021866888"><ele>1616.6999816894531</ele></trkpt><trkpt lat="46.03383647510782" lon="7.757917021866888"><ele>1616.6999816894531</ele></trkpt><trkpt lat="46.03383647510782" lon="7.757917021866888"><ele>1616.6999816894531</ele></trkpt><trkpt lat="46.03383647510782" lon="7.757917021866888"><ele>1616.6999816894531</ele></trkpt><trkpt lat="46.03383647510782" lon="7.757917021866888"><ele>1616.6999816894531</ele></trkpt><trkpt lat="46.03383647510782" lon="7.757917021866888"><ele>1616.6999816894531</ele></trkpt><trkpt lat="46.03383647510782" lon="7.757917021866888"><ele>1616.6999816894531</ele></trkpt><trkpt lat="46.03383647510782" lon="7.757917021866888"><ele>1616.6999816894531</ele></trkpt><trkpt lat="46.03383647510782" lon="7.757917021866888"><ele>1616.6999816894531</ele></trkpt><trkpt lat="46.03383647510782" lon="7.757917021866888"><ele>1616.6999816894531</ele></trkpt><trkpt lat="46.03383647510782" lon="7.757917021866888"><ele>1616.6999816894531</ele></trkpt><trkpt lat="46.03383647510782" lon="7.757917021866888"><ele>1616.6999816894531</ele></trkpt><trkpt lat="46.03383019287139" lon="7.757911819033325"><ele>1616.6999816894531</ele></trkpt><trkpt lat="46.03382030175999" lon="7.757910470012575"><ele>1616.7999877929688</ele></trkpt><trkpt lat="46.03376011643559" lon="7.7578804129734635"><ele>1616.3999938964844</ele></trkpt><trkpt lat="46.03372149122879" lon="7.757860814686865"><ele>1615.8999938964844</ele></trkpt><trkpt lat="46.03368017077446" lon="7.757839908823371"><ele>1615.5999755859375</ele></trkpt><trkpt lat="46.033651469275355" lon="7.757810035720468"><ele>1615.5999755859375</ele></trkpt><trkpt lat="46.03362006926909" lon="7.75778014678508"><ele>1615.6999816894531</ele></trkpt><trkpt lat="46.03359038475901" lon="7.757779974024743"><ele>1615.6999816894531</ele></trkpt><trkpt lat="46.033563423901796" lon="7.757770776282996"><ele>1616.1999816894531</ele></trkpt><trkpt lat="46.03352027526125" lon="7.757760192267597"><ele>1616.2999877929688</ele></trkpt><trkpt lat="46.033460119739175" lon="7.757719804067165"><ele>1617.3999938964844</ele></trkpt><trkpt lat="46.033440355211496" lon="7.757710647769272"><ele>1617.6999816894531</ele></trkpt><trkpt lat="46.03343141824007" lon="7.757689930964261"><ele>1617.6999816894531</ele></trkpt><trkpt lat="46.033422478009015" lon="7.757670505903661"><ele>1617.6999816894531</ele></trkpt><trkpt lat="46.033410026691854" lon="7.757620062679052"><ele>1617.2999877929688</ele></trkpt><trkpt lat="46.03340027388185" lon="7.7575696357525885"><ele>1617.3999938964844</ele></trkpt><trkpt lat="46.03339141700417" lon="7.7575205052271485"><ele>1617.1999816894531</ele></trkpt><trkpt lat="46.03338343417272" lon="7.757480421103537"><ele>1617.1999816894531</ele></trkpt><trkpt lat="46.03336018836126" lon="7.757429915480316"><ele>1617.1999816894531</ele></trkpt><trkpt lat="46.03334051184356" lon="7.757389762904495"><ele>1617.1999816894531</ele></trkpt><trkpt lat="46.03330011619255" lon="7.757359822280705"><ele>1617.3999938964844</ele></trkpt><trkpt lat="46.03328038146719" lon="7.757340334355831"><ele>1617.5</ele></trkpt><trkpt lat="46.03317991364747" lon="7.757240300998092"><ele>1617.5999755859375</ele></trkpt><trkpt lat="46.03315028361976" lon="7.757220755331218"><ele>1617.6999816894531</ele></trkpt><trkpt lat="46.033099993132055" lon="7.75719075743109"><ele>1617.3999938964844</ele></trkpt><trkpt lat="46.03304248070344" lon="7.7571697579696774"><ele>1616.6999816894531</ele></trkpt><trkpt lat="46.03301011910662" lon="7.757161820307374"><ele>1616.3999938964844</ele></trkpt><trkpt lat="46.03294010087848" lon="7.757109751924872"><ele>1616.3999938964844</ele></trkpt><trkpt lat="46.03290147520602" lon="7.757090154103935"><ele>1615.8999938964844</ele></trkpt><trkpt lat="46.032879969570786" lon="7.75706032384187"><ele>1615.0999755859375</ele></trkpt><trkpt lat="46.032850368879735" lon="7.757030446082354"><ele>1614.5</ele></trkpt><trkpt lat="46.03283245814964" lon="7.757001928053796"><ele>1614.0999755859375</ele></trkpt><trkpt lat="46.03281997749582" lon="7.756961818318814"><ele>1614.0999755859375</ele></trkpt><trkpt lat="46.03281022794545" lon="7.7569101001136005"><ele>1614.0999755859375</ele></trkpt><trkpt lat="46.03278343845159" lon="7.756840201560408"><ele>1613.8999938964844</ele></trkpt><trkpt lat="46.03273146180436" lon="7.756770156789571"><ele>1613.5999755859375</ele></trkpt><trkpt lat="46.03272344963625" lon="7.756740405224264"><ele>1613.5</ele></trkpt><trkpt lat="46.03270020335913" lon="7.756689900532365"><ele>1613.3999938964844</ele></trkpt><trkpt lat="46.03267243038863" lon="7.756649701856077"><ele>1613.3999938964844</ele></trkpt><trkpt lat="46.032630319241434" lon="7.756590046919882"><ele>1613.1999816894531</ele></trkpt><trkpt lat="46.03258992359042" lon="7.756560107227415"><ele>1613.1999816894531</ele></trkpt><trkpt lat="46.032550398726016" lon="7.756540504749864"><ele>1613.1999816894531</ele></trkpt><trkpt lat="46.03250999934971" lon="7.756511856801808"><ele>1613.0</ele></trkpt><trkpt lat="46.03248043078929" lon="7.75647035613656"><ele>1612.7999877929688</ele></trkpt><trkpt lat="46.032430223654956" lon="7.756410654634237"><ele>1612.6999816894531</ele></trkpt><trkpt lat="46.03244009334594" lon="7.756419752724469"><ele>1612.6999816894531</ele></trkpt><trkpt lat="46.03244636487216" lon="7.756428829859942"><ele>1612.6999816894531</ele></trkpt><trkpt lat="46.03244636487216" lon="7.756428829859942"><ele>1612.6999816894531</ele></trkpt><trkpt lat="46.03244636487216" lon="7.756428829859942"><ele>1612.6999816894531</ele></trkpt><trkpt lat="46.03244636487216" lon="7.756428829859942"><ele>1612.6999816894531</ele></trkpt><trkpt lat="46.03244636487216" lon="7.756428829859942"><ele>1612.6999816894531</ele></trkpt><trkpt lat="46.03244636487216" lon="7.756428829859942"><ele>1612.6999816894531</ele></trkpt><trkpt lat="46.03244636487216" lon="7.756428829859942"><ele>1612.6999816894531</ele></trkpt><trkpt lat="46.03244636487216" lon="7.756428829859942"><ele>1612.6999816894531</ele></trkpt><trkpt lat="46.03244636487216" lon="7.756428829859942"><ele>1612.6999816894531</ele></trkpt><trkpt lat="46.03244636487216" lon="7.756428829859942"><ele>1612.6999816894531</ele></trkpt><trkpt lat="46.03244636487216" lon="7.756428829859942"><ele>1612.6999816894531</ele></trkpt><trkpt lat="46.03244636487216" lon="7.756428829859942"><ele>1612.6999816894531</ele></trkpt><trkpt lat="46.03244636487216" lon="7.756428829859942"><ele>1612.6999816894531</ele></trkpt><trkpt lat="46.03244636487216" lon="7.756428829859942"><ele>1612.6999816894531</ele></trkpt><trkpt lat="46.03244636487216" lon="7.756428829859942"><ele>1612.6999816894531</ele></trkpt><trkpt lat="46.03244636487216" lon="7.756428829859942"><ele>1612.6999816894531</ele></trkpt><trkpt lat="46.03244009334594" lon="7.756419752724469"><ele>1612.6999816894531</ele></trkpt><trkpt lat="46.032430223654956" lon="7.756410654634237"><ele>1612.6999816894531</ele></trkpt><trkpt lat="46.03240242181346" lon="7.756380788516253"><ele>1612.5</ele></trkpt><trkpt lat="46.03236022684723" lon="7.7563508385792375"><ele>1612.1999816894531</ele></trkpt><trkpt lat="46.03232345497236" lon="7.756311879493296"><ele>1611.8999938964844</ele></trkpt><trkpt lat="46.032280473038554" lon="7.756241888273507"><ele>1611.7999877929688</ele></trkpt><trkpt lat="46.03219993924722" lon="7.756090313196182"><ele>1610.8999938964844</ele></trkpt><trkpt lat="46.032161484472454" lon="7.756010015960783"><ele>1610.5999755859375</ele></trkpt><trkpt lat="46.032120330259204" lon="7.755929703358561"><ele>1610.0</ele></trkpt><trkpt lat="46.03208004683256" lon="7.755859727971256"><ele>1608.8999938964844</ele></trkpt><trkpt lat="46.03205050015822" lon="7.75581047963351"><ele>1608.5999755859375</ele></trkpt><trkpt lat="46.03201016224921" lon="7.75575987668708"><ele>1608.0</ele></trkpt><trkpt lat="46.0319303534925" lon="7.755670300219208"><ele>1607.2999877929688</ele></trkpt><trkpt lat="46.03190249670297" lon="7.7556598065420985"><ele>1607.0999755859375</ele></trkpt><trkpt lat="46.03184051159769" lon="7.755629742983729"><ele>1606.7999877929688</ele></trkpt><trkpt lat="46.03180011594668" lon="7.755599804688245"><ele>1606.7999877929688</ele></trkpt><trkpt lat="46.03178046038374" lon="7.755551904905587"><ele>1606.7999877929688</ele></trkpt><trkpt lat="46.03172047389671" lon="7.7554508205503225"><ele>1608.1999816894531</ele></trkpt><trkpt lat="46.03168013645336" lon="7.755400218535215"><ele>1609.0999755859375</ele></trkpt><trkpt lat="46.031629987061024" lon="7.755319855641574"><ele>1610.1999816894531</ele></trkpt><trkpt lat="46.03160041430965" lon="7.75527964765206"><ele>1610.1999816894531</ele></trkpt><trkpt lat="46.031530417036265" lon="7.755219833925366"><ele>1609.7999877929688</ele></trkpt><trkpt lat="46.03151242621243" lon="7.755219729617238"><ele>1609.3999938964844</ele></trkpt><trkpt lat="46.03148993384093" lon="7.75522089144215"><ele>1609.0999755859375</ele></trkpt><trkpt lat="46.03146019484848" lon="7.755240092054009"><ele>1609.0</ele></trkpt><trkpt lat="46.03144037583843" lon="7.755250309128314"><ele>1609.0</ele></trkpt><trkpt lat="46.0314124901779" lon="7.755250148009509"><ele>1608.7999877929688</ele></trkpt><trkpt lat="46.03141341870651" lon="7.7552398215048015"><ele>1608.1999816894531</ele></trkpt><trkpt lat="46.03139005601406" lon="7.755230645649135"><ele>1607.7999877929688</ele></trkpt><trkpt lat="46.03137032361701" lon="7.755209867376834"><ele>1607.1999816894531</ele></trkpt><trkpt lat="46.03136048326269" lon="7.7551904381252825"><ele>1606.5999755859375</ele></trkpt><trkpt lat="46.031352445017546" lon="7.755169727373868"><ele>1606.0999755859375</ele></trkpt><trkpt lat="46.031320144888014" lon="7.755139836110175"><ele>1605.1999816894531</ele></trkpt><trkpt lat="46.03131036181003" lon="7.755099743138999"><ele>1604.6999816894531</ele></trkpt><trkpt lat="46.0313104740344" lon="7.755059707444161"><ele>1604.5</ele></trkpt><trkpt lat="46.031311457045376" lon="7.7550300089642406"><ele>1604.5999755859375</ele></trkpt><trkpt lat="46.03131243959069" lon="7.755000310018659"><ele>1604.5999755859375</ele></trkpt><trkpt lat="46.03129992587492" lon="7.7549718245863914"><ele>1604.3999938964844</ele></trkpt><trkpt lat="46.031290117651224" lon="7.754940771963447"><ele>1604.3999938964844</ele></trkpt><trkpt lat="46.031270385719836" lon="7.754919994156808"><ele>1604.2999877929688</ele></trkpt><trkpt lat="46.03126144083217" lon="7.754901861771941"><ele>1604.1999816894531</ele></trkpt><trkpt lat="46.03125250712037" lon="7.754879854619503"><ele>1604.2999877929688</ele></trkpt><trkpt lat="46.03123010182753" lon="7.754850020632148"><ele>1604.1999816894531</ele></trkpt><trkpt lat="46.03122023586184" lon="7.754839631728828"><ele>1604.0999755859375</ele></trkpt><trkpt lat="46.031193444970995" lon="7.754769736435264"><ele>1604.0</ele></trkpt><trkpt lat="46.03118000598624" lon="7.754750286694616"><ele>1604.0</ele></trkpt><trkpt lat="46.03114050952718" lon="7.754720353987068"><ele>1604.0999755859375</ele></trkpt><trkpt lat="46.031132471747696" lon="7.754699644166976"><ele>1604.5</ele></trkpt><trkpt lat="46.03113425243646" lon="7.754706111736596"><ele>1604.5</ele></trkpt><trkpt lat="46.03113425243646" lon="7.754706111736596"><ele>1604.5</ele></trkpt><trkpt lat="46.03113425243646" lon="7.754706111736596"><ele>1604.5</ele></trkpt><trkpt lat="46.03113425243646" lon="7.754706111736596"><ele>1604.5</ele></trkpt><trkpt lat="46.03113425243646" lon="7.754706111736596"><ele>1604.5</ele></trkpt><trkpt lat="46.03113425243646" lon="7.754706111736596"><ele>1604.5</ele></trkpt><trkpt lat="46.03113425243646" lon="7.754706111736596"><ele>1604.5</ele></trkpt><trkpt lat="46.03113425243646" lon="7.754706111736596"><ele>1604.5</ele></trkpt><trkpt lat="46.03113425243646" lon="7.754706111736596"><ele>1604.5</ele></trkpt><trkpt lat="46.03113425243646" lon="7.754706111736596"><ele>1604.5</ele></trkpt><trkpt lat="46.03113425243646" lon="7.754706111736596"><ele>1604.5</ele></trkpt><trkpt lat="46.03113425243646" lon="7.754706111736596"><ele>1604.5</ele></trkpt><trkpt lat="46.03113425243646" lon="7.754706111736596"><ele>1604.5</ele></trkpt><trkpt lat="46.03113425243646" lon="7.754706111736596"><ele>1604.5</ele></trkpt><trkpt lat="46.03113425243646" lon="7.754706111736596"><ele>1604.5</ele></trkpt><trkpt lat="46.03113425243646" lon="7.754706111736596"><ele>1604.5</ele></trkpt><trkpt lat="46.031132471747696" lon="7.754699644166976"><ele>1604.5</ele></trkpt><trkpt lat="46.03114050952718" lon="7.754720353987068"><ele>1604.0999755859375</ele></trkpt><trkpt lat="46.03111003758386" lon="7.754680142272264"><ele>1604.8999938964844</ele></trkpt><trkpt lat="46.03109033079818" lon="7.754650324117392"><ele>1605.3999938964844</ele></trkpt><trkpt lat="46.03105999995023" lon="7.754559745080769"><ele>1606.3999938964844</ele></trkpt><trkpt lat="46.031050238758326" lon="7.754511903505772"><ele>1607.5</ele></trkpt><trkpt lat="46.03102151490748" lon="7.75448978273198"><ele>1608.0</ele></trkpt><trkpt lat="46.03100990410894" lon="7.754460011608899"><ele>1608.0999755859375</ele></trkpt><trkpt lat="46.03100998746231" lon="7.754430308006704"><ele>1608.1999816894531</ele></trkpt><trkpt lat="46.03100020438433" lon="7.754390215035528"><ele>1608.2999877929688</ele></trkpt><trkpt lat="46.03099039243534" lon="7.754360454622656"><ele>1608.5</ele></trkpt><trkpt lat="46.03097248496488" lon="7.754330646712333"><ele>1608.0999755859375</ele></trkpt><trkpt lat="46.03095005406067" lon="7.754309853538871"><ele>1608.0</ele></trkpt><trkpt lat="46.030920394230634" lon="7.754300642292947"><ele>1607.5999755859375</ele></trkpt><trkpt lat="46.03087994409725" lon="7.754290076903999"><ele>1606.7999877929688</ele></trkpt><trkpt lat="46.03086020471528" lon="7.754271882586181"><ele>1606.5</ele></trkpt><trkpt lat="46.03083243453875" lon="7.75423039495945"><ele>1606.5999755859375</ele></trkpt><trkpt lat="46.03081002552062" lon="7.754201853182167"><ele>1606.8999938964844</ele></trkpt><trkpt lat="46.030790322460234" lon="7.754170744214207"><ele>1607.3999938964844</ele></trkpt><trkpt lat="46.03077148972079" lon="7.754149971995503"><ele>1607.5999755859375</ele></trkpt><trkpt lat="46.03073016507551" lon="7.75413036160171"><ele>1607.7999877929688</ele></trkpt><trkpt lat="46.03069148492068" lon="7.754130138549954"><ele>1608.0</ele></trkpt><trkpt lat="46.03066989593208" lon="7.75413001421839"><ele>1608.0999755859375</ele></trkpt><trkpt lat="46.03063042834401" lon="7.754089751280844"><ele>1608.5999755859375</ele></trkpt><trkpt lat="46.03059000335634" lon="7.754070146009326"><ele>1608.8999938964844</ele></trkpt><trkpt lat="46.030551434960216" lon="7.754029888194054"><ele>1609.0999755859375</ele></trkpt><trkpt lat="46.030510276090354" lon="7.753950871061534"><ele>1609.6999816894531</ele></trkpt><trkpt lat="46.030460010282695" lon="7.753911837469786"><ele>1609.3999938964844</ele></trkpt><trkpt lat="46.030440335627645" lon="7.753870396874845"><ele>1609.6999816894531</ele></trkpt><trkpt lat="46.03037033416331" lon="7.75381187768653"><ele>1610.5999755859375</ele></trkpt><trkpt lat="46.030343434773386" lon="7.753780727740377"><ele>1612.3999938964844</ele></trkpt><trkpt lat="46.030310263857245" lon="7.753740501124412"><ele>1612.3999938964844</ele></trkpt><trkpt lat="46.03027346171439" lon="7.753711876925081"><ele>1612.5</ele></trkpt><trkpt lat="46.03022044664249" lon="7.753690908662975"><ele>1612.3999938964844</ele></trkpt><trkpt lat="46.0301898913458" lon="7.753680401016027"><ele>1612.1999816894531</ele></trkpt><trkpt lat="46.030160260386765" lon="7.753660858608782"><ele>1612.0999755859375</ele></trkpt><trkpt lat="46.030132432468235" lon="7.753640034701675"><ele>1611.5999755859375</ele></trkpt><trkpt lat="46.03010010300204" lon="7.753620476927608"><ele>1611.5999755859375</ele></trkpt><trkpt lat="46.030071429442614" lon="7.753580276388675"><ele>1612.0999755859375</ele></trkpt><trkpt lat="46.02997011272237" lon="7.753460878971964"><ele>1611.8999938964844</ele></trkpt><trkpt lat="46.02988043613732" lon="7.753360921051353"><ele>1612.0999755859375</ele></trkpt><trkpt lat="46.02986250305548" lon="7.753340154420584"><ele>1612.2999877929688</ele></trkpt><trkpt lat="46.02984009729698" lon="7.753310322295874"><ele>1612.5999755859375</ele></trkpt><trkpt lat="46.02983028162271" lon="7.7532818536274135"><ele>1613.0</ele></trkpt><trkpt lat="46.029811452608556" lon="7.753259790595621"><ele>1613.5999755859375</ele></trkpt><trkpt lat="46.02975033828989" lon="7.753240067977458"><ele>1614.2999877929688</ele></trkpt><trkpt lat="46.029731473419815" lon="7.7532309191301465"><ele>1614.6999816894531</ele></trkpt><trkpt lat="46.02970001799986" lon="7.7532204068265855"><ele>1614.7999877929688</ele></trkpt><trkpt lat="46.029670412652194" lon="7.753191825002432"><ele>1615.1999816894531</ele></trkpt><trkpt lat="46.02965245442465" lon="7.753180098719895"><ele>1615.3999938964844</ele></trkpt><trkpt lat="46.0296434587799" lon="7.753180047031492"><ele>1615.3999938964844</ele></trkpt><trkpt lat="46.029639914631844" lon="7.753160654567182"><ele>1615.6999816894531</ele></trkpt><trkpt lat="46.02965250844136" lon="7.753160727210343"><ele>1615.8999938964844</ele></trkpt><trkpt lat="46.0296714277938" lon="7.753150504082441"><ele>1616.5999755859375</ele></trkpt><trkpt lat="46.02971008280292" lon="7.753159766551107"><ele>1617.7999877929688</ele></trkpt><trkpt lat="46.02976045710966" lon="7.753160056192428"><ele>1618.5999755859375</ele></trkpt><trkpt lat="46.029770323541015" lon="7.753170444630086"><ele>1618.8999938964844</ele></trkpt><trkpt lat="46.02978024724871" lon="7.753160169813782"><ele>1619.0999755859375</ele></trkpt><trkpt lat="46.02978027611971" lon="7.7531498381868005"><ele>1619.0999755859375</ele></trkpt><trkpt lat="46.029761468525976" lon="7.753120027016848"><ele>1620.0999755859375</ele></trkpt><trkpt lat="46.029700494371355" lon="7.753049938008189"><ele>1621.2999877929688</ele></trkpt><trkpt lat="46.02967002149671" lon="7.75300972815603"><ele>1621.7999877929688</ele></trkpt><trkpt lat="46.029650285840034" lon="7.752990243025124"><ele>1622.0</ele></trkpt><trkpt lat="46.02963049616665" lon="7.75299012940377"><ele>1622.5</ele></trkpt><trkpt lat="46.02959018247202" lon="7.752930491231382"><ele>1624.5</ele></trkpt><trkpt lat="46.02957045007497" lon="7.752909714821726"><ele>1625.2999877929688</ele></trkpt><trkpt lat="46.029552513733506" lon="7.75289024040103"><ele>1625.6999816894531</ele></trkpt><trkpt lat="46.02948243217543" lon="7.752860134933144"><ele>1626.2999877929688</ele></trkpt><trkpt lat="46.029430341441184" lon="7.752830132376403"><ele>1626.3999938964844</ele></trkpt><trkpt lat="46.02923991251737" lon="7.75273089017719"><ele>1627.1999816894531</ele></trkpt><trkpt lat="46.02920044073835" lon="7.752691920381039"><ele>1627.8999938964844</ele></trkpt><trkpt lat="46.02914028707892" lon="7.752650249283761"><ele>1629.1999816894531</ele></trkpt><trkpt lat="46.029121450614184" lon="7.75263076974079"><ele>1629.7999877929688</ele></trkpt><trkpt lat="46.02909991890192" lon="7.752609983086586"><ele>1630.0</ele></trkpt><trkpt lat="46.02909994777292" lon="7.752599651925266"><ele>1630.1999816894531</ele></trkpt><trkpt lat="46.02908018324524" lon="7.752590498421341"><ele>1630.6999816894531</ele></trkpt><trkpt lat="46.02907031727955" lon="7.752580110449344"><ele>1631.0</ele></trkpt><trkpt lat="46.029010102152824" lon="7.752560393884778"><ele>1631.8999938964844</ele></trkpt><trkpt lat="46.02898047119379" lon="7.752540852408856"><ele>1632.0999755859375</ele></trkpt><trkpt lat="46.028962509240955" lon="7.75253041787073"><ele>1632.0</ele></trkpt><trkpt lat="46.02894013188779" lon="7.752490255050361"><ele>1631.7999877929688</ele></trkpt><trkpt lat="46.028920395765454" lon="7.752470770385116"><ele>1631.3999938964844</ele></trkpt><trkpt lat="46.02890249108896" lon="7.752439673058689"><ele>1630.8999938964844</ele></trkpt><trkpt lat="46.02887999871746" lon="7.752440835349262"><ele>1630.3999938964844</ele></trkpt><trkpt lat="46.02886029519141" lon="7.752409727778286"><ele>1629.7999877929688</ele></trkpt><trkpt lat="46.02885045390576" lon="7.752390299923718"><ele>1629.3999938964844</ele></trkpt><trkpt lat="46.02884243708104" lon="7.752361842431128"><ele>1629.0999755859375</ele></trkpt><trkpt lat="46.0288299866952" lon="7.752310113515705"><ele>1628.7999877929688</ele></trkpt><trkpt lat="46.02880341652781" lon="7.752160154283047"><ele>1626.3999938964844</ele></trkpt><trkpt lat="46.02878018980846" lon="7.752101906109601"><ele>1625.3999938964844</ele></trkpt><trkpt lat="46.02877043792978" lon="7.752050193026662"><ele>1624.8999938964844</ele></trkpt><trkpt lat="46.02877043792978" lon="7.752050193026662"><ele>1624.8999938964844</ele></trkpt><trkpt lat="46.02877043792978" lon="7.752050193026662"><ele>1624.8999938964844</ele></trkpt><trkpt lat="46.02877043792978" lon="7.752050193026662"><ele>1624.8999938964844</ele></trkpt><trkpt lat="46.02877043792978" lon="7.752050193026662"><ele>1624.8999938964844</ele></trkpt><trkpt lat="46.02877043792978" lon="7.752050193026662"><ele>1624.8999938964844</ele></trkpt><trkpt lat="46.02877043792978" lon="7.752050193026662"><ele>1624.8999938964844</ele></trkpt><trkpt lat="46.02877043792978" lon="7.752050193026662"><ele>1624.8999938964844</ele></trkpt><trkpt lat="46.02877043792978" lon="7.752050193026662"><ele>1624.8999938964844</ele></trkpt><trkpt lat="46.02877043792978" lon="7.752050193026662"><ele>1624.8999938964844</ele></trkpt><trkpt lat="46.02877043792978" lon="7.752050193026662"><ele>1624.8999938964844</ele></trkpt><trkpt lat="46.02877043792978" lon="7.752050193026662"><ele>1624.8999938964844</ele></trkpt><trkpt lat="46.02877043792978" lon="7.752050193026662"><ele>1624.8999938964844</ele></trkpt><trkpt lat="46.02877043792978" lon="7.752050193026662"><ele>1624.8999938964844</ele></trkpt><trkpt lat="46.02877043792978" lon="7.752050193026662"><ele>1624.8999938964844</ele></trkpt><trkpt lat="46.02876147115603" lon="7.752039810176939"><ele>1624.0999755859375</ele></trkpt><trkpt lat="46.02877044165507" lon="7.752048901282251"><ele>1624.0999755859375</ele></trkpt><trkpt lat="46.02877044165507" lon="7.752048901282251"><ele>1624.0999755859375</ele></trkpt><trkpt lat="46.02876147115603" lon="7.752039810176939"><ele>1624.0999755859375</ele></trkpt><trkpt lat="46.02877043792978" lon="7.752050193026662"><ele>1624.8999938964844</ele></trkpt><trkpt lat="46.02873020572588" lon="7.7519608535803854"><ele>1623.2999877929688</ele></trkpt><trkpt lat="46.02871047332883" lon="7.751940077636391"><ele>1622.6999816894531</ele></trkpt><trkpt lat="46.02865036856383" lon="7.751880327705294"><ele>1621.7999877929688</ele></trkpt><trkpt lat="46.02861992409453" lon="7.751829787623137"><ele>1621.6999816894531</ele></trkpt><trkpt lat="46.02858042670414" lon="7.751799858640879"><ele>1621.0999755859375</ele></trkpt><trkpt lat="46.028549953363836" lon="7.751759649720043"><ele>1620.0999755859375</ele></trkpt><trkpt lat="46.02850247081369" lon="7.7516896412707865"><ele>1619.6999816894531</ele></trkpt><trkpt lat="46.028470194898546" lon="7.751650713849813"><ele>1619.3999938964844</ele></trkpt><trkpt lat="46.02846035733819" lon="7.751629994716495"><ele>1619.3999938964844</ele></trkpt><trkpt lat="46.028419960290194" lon="7.751600060611963"><ele>1619.0999755859375</ele></trkpt><trkpt lat="46.02834992809221" lon="7.751551877241582"><ele>1616.5999755859375</ele></trkpt><trkpt lat="46.0283203041181" lon="7.751529753673822"><ele>1616.0999755859375</ele></trkpt><trkpt lat="46.028270065784454" lon="7.7514803926460445"><ele>1615.0999755859375</ele></trkpt><trkpt lat="46.028241420164704" lon="7.751429863274097"><ele>1614.6999816894531</ele></trkpt><trkpt lat="46.02818046975881" lon="7.751350738108158"><ele>1614.0</ele></trkpt><trkpt lat="46.028149967547506" lon="7.7513208612799644"><ele>1613.5</ele></trkpt><trkpt lat="46.0281203398481" lon="7.7513000294566154"><ele>1612.7999877929688</ele></trkpt><trkpt lat="46.028079942800105" lon="7.751270095817745"><ele>1612.1999816894531</ele></trkpt><trkpt lat="46.028040444944054" lon="7.7512401677668095"><ele>1611.8999938964844</ele></trkpt><trkpt lat="46.02797028096393" lon="7.751239767298102"><ele>1610.3999938964844</ele></trkpt><trkpt lat="46.0279199029319" lon="7.7512407707981765"><ele>1610.0999755859375</ele></trkpt><trkpt lat="46.027781509794295" lon="7.75119090732187"><ele>1610.0</ele></trkpt><trkpt lat="46.02774018794298" lon="7.751170008908957"><ele>1609.8999938964844</ele></trkpt><trkpt lat="46.02768989605829" lon="7.751140019390732"><ele>1610.0999755859375</ele></trkpt><trkpt lat="46.02766026509926" lon="7.751120479311794"><ele>1610.2999877929688</ele></trkpt><trkpt lat="46.0276198964566" lon="7.751080215442926"><ele>1610.3999938964844</ele></trkpt><trkpt lat="46.02754017012194" lon="7.750959659460932"><ele>1610.7999877929688</ele></trkpt><trkpt lat="46.027493476402014" lon="7.750929690897465"><ele>1610.7999877929688</ele></trkpt><trkpt lat="46.0274404855445" lon="7.750899686478078"><ele>1610.7999877929688</ele></trkpt><trkpt lat="46.02741000847891" lon="7.750860770698637"><ele>1610.7999877929688</ele></trkpt><trkpt lat="46.02733019925654" lon="7.750769917387515"><ele>1611.0</ele></trkpt><trkpt lat="46.02731049153954" lon="7.750740102957934"><ele>1611.3999938964844</ele></trkpt><trkpt lat="46.02731946576387" lon="7.7507479027844965"><ele>1611.3999938964844</ele></trkpt><trkpt lat="46.02731946576387" lon="7.7507479027844965"><ele>1611.3999938964844</ele></trkpt><trkpt lat="46.02731946576387" lon="7.7507479027844965"><ele>1611.3999938964844</ele></trkpt><trkpt lat="46.02731946576387" lon="7.7507479027844965"><ele>1611.3999938964844</ele></trkpt><trkpt lat="46.02731946576387" lon="7.7507479027844965"><ele>1611.3999938964844</ele></trkpt><trkpt lat="46.02731946576387" lon="7.7507479027844965"><ele>1611.3999938964844</ele></trkpt><trkpt lat="46.02731946576387" lon="7.7507479027844965"><ele>1611.3999938964844</ele></trkpt><trkpt lat="46.02731946576387" lon="7.7507479027844965"><ele>1611.3999938964844</ele></trkpt><trkpt lat="46.02731946576387" lon="7.7507479027844965"><ele>1611.3999938964844</ele></trkpt><trkpt lat="46.02731946576387" lon="7.7507479027844965"><ele>1611.3999938964844</ele></trkpt><trkpt lat="46.02731946576387" lon="7.7507479027844965"><ele>1611.3999938964844</ele></trkpt><trkpt lat="46.02731946576387" lon="7.7507479027844965"><ele>1611.3999938964844</ele></trkpt><trkpt lat="46.02731946576387" lon="7.7507479027844965"><ele>1611.3999938964844</ele></trkpt><trkpt lat="46.02731946576387" lon="7.7507479027844965"><ele>1611.3999938964844</ele></trkpt><trkpt lat="46.02731946576387" lon="7.7507479027844965"><ele>1611.3999938964844</ele></trkpt><trkpt lat="46.02731946576387" lon="7.7507479027844965"><ele>1611.3999938964844</ele></trkpt><trkpt lat="46.02731049153954" lon="7.750740102957934"><ele>1611.3999938964844</ele></trkpt><trkpt lat="46.02733019925654" lon="7.750769917387515"><ele>1611.0</ele></trkpt><trkpt lat="46.02721010055393" lon="7.750610391143709"><ele>1611.7999877929688</ele></trkpt><trkpt lat="46.02715005259961" lon="7.750529982149601"><ele>1612.0999755859375</ele></trkpt><trkpt lat="46.02708997623995" lon="7.750459904782474"><ele>1612.0999755859375</ele></trkpt><trkpt lat="46.027000236324966" lon="7.75038191024214"><ele>1611.7999877929688</ele></trkpt><trkpt lat="46.026930407155305" lon="7.750260121654719"><ele>1611.7999877929688</ele></trkpt><trkpt lat="46.02691246988252" lon="7.7502406486310065"><ele>1611.6999816894531</ele></trkpt><trkpt lat="46.026899904944" lon="7.750230246223509"><ele>1611.5999755859375</ele></trkpt><trkpt lat="46.02688014367595" lon="7.750219802372158"><ele>1611.3999938964844</ele></trkpt><trkpt lat="46.02685036929324" lon="7.750251917634159"><ele>1610.2999877929688</ele></trkpt><trkpt lat="46.02683151094243" lon="7.750240188091993"><ele>1609.7999877929688</ele></trkpt><trkpt lat="46.02680992195383" lon="7.7502400651574135"><ele>1609.5999755859375</ele></trkpt><trkpt lat="46.02672021370381" lon="7.750150448642671"><ele>1608.3999938964844</ele></trkpt><trkpt lat="46.02672019600868" lon="7.750156905502081"><ele>1608.3999938964844</ele></trkpt><trkpt lat="46.02672019600868" lon="7.750156905502081"><ele>1608.3999938964844</ele></trkpt><trkpt lat="46.02672019600868" lon="7.750156905502081"><ele>1608.3999938964844</ele></trkpt><trkpt lat="46.02672019600868" lon="7.750156905502081"><ele>1608.3999938964844</ele></trkpt><trkpt lat="46.02672019600868" lon="7.750156905502081"><ele>1608.3999938964844</ele></trkpt><trkpt lat="46.02672019600868" lon="7.750156905502081"><ele>1608.3999938964844</ele></trkpt><trkpt lat="46.02672019600868" lon="7.750156905502081"><ele>1608.3999938964844</ele></trkpt><trkpt lat="46.02672019600868" lon="7.750156905502081"><ele>1608.3999938964844</ele></trkpt><trkpt lat="46.02672019600868" lon="7.750156905502081"><ele>1608.3999938964844</ele></trkpt><trkpt lat="46.02672019600868" lon="7.750156905502081"><ele>1608.3999938964844</ele></trkpt><trkpt lat="46.02672019600868" lon="7.750156905502081"><ele>1608.3999938964844</ele></trkpt><trkpt lat="46.02672019600868" lon="7.750156905502081"><ele>1608.3999938964844</ele></trkpt><trkpt lat="46.02672019600868" lon="7.750156905502081"><ele>1608.3999938964844</ele></trkpt><trkpt lat="46.02672019600868" lon="7.750156905502081"><ele>1608.3999938964844</ele></trkpt><trkpt lat="46.02672019600868" lon="7.750156905502081"><ele>1608.3999938964844</ele></trkpt><trkpt lat="46.02672019600868" lon="7.750156905502081"><ele>1608.3999938964844</ele></trkpt><trkpt lat="46.02672021370381" lon="7.750150448642671"><ele>1608.3999938964844</ele></trkpt><trkpt lat="46.02669148193672" lon="7.7501309141516685"><ele>1607.1999816894531</ele></trkpt><trkpt lat="46.02664037514478" lon="7.750069928355515"><ele>1605.0999755859375</ele></trkpt><trkpt lat="46.026590132620186" lon="7.750021860934794"><ele>1604.0999755859375</ele></trkpt><trkpt lat="46.02651247289032" lon="7.750129895750433"><ele>1604.2999877929688</ele></trkpt><trkpt lat="46.02647038688883" lon="7.750059921760112"><ele>1604.2999877929688</ele></trkpt><trkpt lat="46.02643010020256" lon="7.749989958014339"><ele>1604.2999877929688</ele></trkpt><trkpt lat="46.02637004852295" lon="7.749910842627287"><ele>1604.5</ele></trkpt><trkpt lat="46.026290288660675" lon="7.749801913741976"><ele>1604.6999816894531</ele></trkpt><trkpt lat="46.026201511733234" lon="7.749700682237744"><ele>1604.8999938964844</ele></trkpt><trkpt lat="46.0261001130566" lon="7.749609710182995"><ele>1605.0</ele></trkpt><trkpt lat="46.025860398542136" lon="7.749440471176058"><ele>1605.3999938964844</ele></trkpt><trkpt lat="46.02580021088943" lon="7.749410428106785"><ele>1605.2999877929688</ele></trkpt><trkpt lat="46.02578042121604" lon="7.749410315882415"><ele>1605.1999816894531</ele></trkpt><trkpt lat="46.02578849904239" lon="7.749416818842292"><ele>1605.1999816894531</ele></trkpt><trkpt lat="46.02578849904239" lon="7.749416818842292"><ele>1605.1999816894531</ele></trkpt><trkpt lat="46.02578849904239" lon="7.749416818842292"><ele>1605.1999816894531</ele></trkpt><trkpt lat="46.02578849904239" lon="7.749416818842292"><ele>1605.1999816894531</ele></trkpt><trkpt lat="46.02578849904239" lon="7.749416818842292"><ele>1605.1999816894531</ele></trkpt><trkpt lat="46.02578849904239" lon="7.749416818842292"><ele>1605.1999816894531</ele></trkpt><trkpt lat="46.02578849904239" lon="7.749416818842292"><ele>1605.1999816894531</ele></trkpt><trkpt lat="46.02578849904239" lon="7.749416818842292"><ele>1605.1999816894531</ele></trkpt><trkpt lat="46.02578849904239" lon="7.749416818842292"><ele>1605.1999816894531</ele></trkpt><trkpt lat="46.02578849904239" lon="7.749416818842292"><ele>1605.1999816894531</ele></trkpt><trkpt lat="46.02578849904239" lon="7.749416818842292"><ele>1605.1999816894531</ele></trkpt><trkpt lat="46.02578849904239" lon="7.749416818842292"><ele>1605.1999816894531</ele></trkpt><trkpt lat="46.02578849904239" lon="7.749416818842292"><ele>1605.1999816894531</ele></trkpt><trkpt lat="46.02578849904239" lon="7.749416818842292"><ele>1605.1999816894531</ele></trkpt><trkpt lat="46.02578849904239" lon="7.749416818842292"><ele>1605.1999816894531</ele></trkpt><trkpt lat="46.02578849904239" lon="7.749416818842292"><ele>1605.1999816894531</ele></trkpt><trkpt lat="46.02578042121604" lon="7.749410315882415"><ele>1605.1999816894531</ele></trkpt><trkpt lat="46.0257300469093" lon="7.749410029966384"><ele>1605.0</ele></trkpt><trkpt lat="46.025483458768576" lon="7.749449953902513"><ele>1602.1999816894531</ele></trkpt><trkpt lat="46.02544025238603" lon="7.749460039660335"><ele>1602.0999755859375</ele></trkpt><trkpt lat="46.02542040217668" lon="7.749481880106032"><ele>1602.0999755859375</ele></trkpt><trkpt lat="46.02532003773376" lon="7.749341844115406"><ele>1602.6999816894531</ele></trkpt><trkpt lat="46.025250126142055" lon="7.749249761458486"><ele>1602.8999938964844</ele></trkpt><trkpt lat="46.02514248015359" lon="7.749140677973628"><ele>1603.3999938964844</ele></trkpt><trkpt lat="46.02500248234719" lon="7.749019789043814"><ele>1603.7999877929688</ele></trkpt><trkpt lat="46.02490999316797" lon="7.74895986309275"><ele>1604.0</ele></trkpt><trkpt lat="46.02469001431018" lon="7.748810112476349"><ele>1604.1999816894531</ele></trkpt><trkpt lat="46.024470035452396" lon="7.748660363256931"><ele>1604.5</ele></trkpt><trkpt lat="46.02444040356204" lon="7.7486408255063"><ele>1604.5</ele></trkpt><trkpt lat="46.02444939920679" lon="7.748640876729041"><ele>1604.5</ele></trkpt><trkpt lat="46.02444939920679" lon="7.748640876729041"><ele>1604.5</ele></trkpt><trkpt lat="46.02444939920679" lon="7.748640876729041"><ele>1604.5</ele></trkpt><trkpt lat="46.02444939920679" lon="7.748640876729041"><ele>1604.5</ele></trkpt><trkpt lat="46.02444939920679" lon="7.748640876729041"><ele>1604.5</ele></trkpt><trkpt lat="46.02444939920679" lon="7.748640876729041"><ele>1604.5</ele></trkpt><trkpt lat="46.02444939920679" lon="7.748640876729041"><ele>1604.5</ele></trkpt><trkpt lat="46.02444939920679" lon="7.748640876729041"><ele>1604.5</ele></trkpt><trkpt lat="46.02444939920679" lon="7.748640876729041"><ele>1604.5</ele></trkpt><trkpt lat="46.02444939920679" lon="7.748640876729041"><ele>1604.5</ele></trkpt><trkpt lat="46.02444939920679" lon="7.748640876729041"><ele>1604.5</ele></trkpt><trkpt lat="46.02444939920679" lon="7.748640876729041"><ele>1604.5</ele></trkpt><trkpt lat="46.02444939920679" lon="7.748640876729041"><ele>1604.5</ele></trkpt><trkpt lat="46.02444939920679" lon="7.748640876729041"><ele>1604.5</ele></trkpt><trkpt lat="46.02444939920679" lon="7.748640876729041"><ele>1604.5</ele></trkpt><trkpt lat="46.02444939920679" lon="7.748640876729041"><ele>1604.5</ele></trkpt><trkpt lat="46.02444040356204" lon="7.7486408255063"><ele>1604.5</ele></trkpt><trkpt lat="46.024281514808536" lon="7.748519832734019"><ele>1604.5</ele></trkpt><trkpt lat="46.02403016155586" lon="7.748329877387732"><ele>1604.5999755859375</ele></trkpt><trkpt lat="46.02386044617742" lon="7.748220446985215"><ele>1604.6999816894531</ele></trkpt><trkpt lat="46.02382991509512" lon="7.7482009045779705"><ele>1604.7999877929688</ele></trkpt><trkpt lat="46.023820044938475" lon="7.748191809281707"><ele>1604.7999877929688</ele></trkpt><trkpt lat="46.023829999845475" lon="7.748169913422316"><ele>1605.0999755859375</ele></trkpt><trkpt lat="46.02383447671309" lon="7.748177686706185"><ele>1605.0999755859375</ele></trkpt><trkpt lat="46.02383447671309" lon="7.748177686706185"><ele>1605.0999755859375</ele></trkpt><trkpt lat="46.02383447671309" lon="7.748177686706185"><ele>1605.0999755859375</ele></trkpt><trkpt lat="46.02383447671309" lon="7.748177686706185"><ele>1605.0999755859375</ele></trkpt><trkpt lat="46.02383447671309" lon="7.748177686706185"><ele>1605.0999755859375</ele></trkpt><trkpt lat="46.02383447671309" lon="7.748177686706185"><ele>1605.0999755859375</ele></trkpt><trkpt lat="46.02383447671309" lon="7.748177686706185"><ele>1605.0999755859375</ele></trkpt><trkpt lat="46.02383447671309" lon="7.748177686706185"><ele>1605.0999755859375</ele></trkpt><trkpt lat="46.02383447671309" lon="7.748177686706185"><ele>1605.0999755859375</ele></trkpt><trkpt lat="46.02383447671309" lon="7.748177686706185"><ele>1605.0999755859375</ele></trkpt><trkpt lat="46.02383447671309" lon="7.748177686706185"><ele>1605.0999755859375</ele></trkpt><trkpt lat="46.02383447671309" lon="7.748177686706185"><ele>1605.0999755859375</ele></trkpt><trkpt lat="46.02383447671309" lon="7.748177686706185"><ele>1605.0999755859375</ele></trkpt><trkpt lat="46.02383447671309" lon="7.748177686706185"><ele>1605.0999755859375</ele></trkpt><trkpt lat="46.02383447671309" lon="7.748177686706185"><ele>1605.0999755859375</ele></trkpt><trkpt lat="46.02383447671309" lon="7.748177686706185"><ele>1605.0999755859375</ele></trkpt><trkpt lat="46.023829999845475" lon="7.748169913422316"><ele>1605.0999755859375</ele></trkpt><trkpt lat="46.023820044938475" lon="7.748191809281707"><ele>1604.7999877929688</ele></trkpt><trkpt lat="46.02374999411404" lon="7.7481500916182995"><ele>1604.8999938964844</ele></trkpt><trkpt lat="46.02365033654496" lon="7.748079797253013"><ele>1604.8999938964844</ele></trkpt><trkpt lat="46.02352014742792" lon="7.747989961411804"><ele>1605.0999755859375</ele></trkpt><trkpt lat="46.02346000960097" lon="7.747941843234003"><ele>1605.3999938964844</ele></trkpt><trkpt lat="46.0233504883945" lon="7.7478598724119365"><ele>1605.5</ele></trkpt><trkpt lat="46.023280458990484" lon="7.747810407541692"><ele>1605.5999755859375</ele></trkpt><trkpt lat="46.02323016617447" lon="7.7477804236114025"><ele>1605.6999816894531</ele></trkpt><trkpt lat="46.0227604676038" lon="7.747500144410878"><ele>1607.0999755859375</ele></trkpt><trkpt lat="46.02271017478779" lon="7.747470161411911"><ele>1607.2999877929688</ele></trkpt><trkpt lat="46.02231044881046" lon="7.747260010801256"><ele>1608.0</ele></trkpt><trkpt lat="46.0224424903281" lon="7.747330484446138"><ele>1607.6999816894531</ele></trkpt><trkpt lat="46.02244696998969" lon="7.747336965985596"><ele>1607.6999816894531</ele></trkpt><trkpt lat="46.02244696998969" lon="7.747336965985596"><ele>1607.6999816894531</ele></trkpt><trkpt lat="46.02244696998969" lon="7.747336965985596"><ele>1607.6999816894531</ele></trkpt><trkpt lat="46.02244696998969" lon="7.747336965985596"><ele>1607.6999816894531</ele></trkpt><trkpt lat="46.02244696998969" lon="7.747336965985596"><ele>1607.6999816894531</ele></trkpt><trkpt lat="46.02244696998969" lon="7.747336965985596"><ele>1607.6999816894531</ele></trkpt><trkpt lat="46.02244696998969" lon="7.747336965985596"><ele>1607.6999816894531</ele></trkpt><trkpt lat="46.02244696998969" lon="7.747336965985596"><ele>1607.6999816894531</ele></trkpt><trkpt lat="46.02244696998969" lon="7.747336965985596"><ele>1607.6999816894531</ele></trkpt><trkpt lat="46.02244696998969" lon="7.747336965985596"><ele>1607.6999816894531</ele></trkpt><trkpt lat="46.02244696998969" lon="7.747336965985596"><ele>1607.6999816894531</ele></trkpt><trkpt lat="46.02244696998969" lon="7.747336965985596"><ele>1607.6999816894531</ele></trkpt><trkpt lat="46.02244696998969" lon="7.747336965985596"><ele>1607.6999816894531</ele></trkpt><trkpt lat="46.02244696998969" lon="7.747336965985596"><ele>1607.6999816894531</ele></trkpt><trkpt lat="46.02244696998969" lon="7.747336965985596"><ele>1607.6999816894531</ele></trkpt><trkpt lat="46.02244696998969" lon="7.747336965985596"><ele>1607.6999816894531</ele></trkpt><trkpt lat="46.0224424903281" lon="7.747330484446138"><ele>1607.6999816894531</ele></trkpt><trkpt lat="46.02231044881046" lon="7.747260010801256"><ele>1608.0</ele></trkpt><trkpt lat="46.022221500054" lon="7.747220771387219"><ele>1608.0999755859375</ele></trkpt><trkpt lat="46.02208046335727" lon="7.747150247916579"><ele>1608.5</ele></trkpt><trkpt lat="46.02193043101579" lon="7.74707967415452"><ele>1608.7999877929688</ele></trkpt><trkpt lat="46.021729964297265" lon="7.747030768543482"><ele>1609.6999816894531</ele></trkpt><trkpt lat="46.02159246895462" lon="7.746980926487595"><ele>1610.2999877929688</ele></trkpt><trkpt lat="46.02137047378346" lon="7.746909948531538"><ele>1611.2999877929688</ele></trkpt><trkpt lat="46.02125006960705" lon="7.746860203333199"><ele>1611.5999755859375</ele></trkpt><trkpt lat="46.021220413036644" lon="7.7468497063964605"><ele>1611.7999877929688</ele></trkpt><trkpt lat="46.021160224918276" lon="7.746819668915123"><ele>1612.0999755859375</ele></trkpt><trkpt lat="46.021080300211906" lon="7.746770151425153"><ele>1612.2999877929688</ele></trkpt><trkpt lat="46.02107043331489" lon="7.7467597662471235"><ele>1612.3999938964844</ele></trkpt><trkpt lat="46.02103006001562" lon="7.746720801573247"><ele>1612.6999816894531</ele></trkpt><trkpt lat="46.0209914855659" lon="7.746681847143918"><ele>1613.2999877929688</ele></trkpt><trkpt lat="46.020950329024345" lon="7.746600266546011"><ele>1613.5</ele></trkpt><trkpt lat="46.020890278276056" lon="7.746519871521741"><ele>1613.7999877929688</ele></trkpt><trkpt lat="46.02082027634606" lon="7.746460081078112"><ele>1614.0</ele></trkpt><trkpt lat="46.02076008822769" lon="7.746430044062436"><ele>1614.1999816894531</ele></trkpt><trkpt lat="46.02070346986875" lon="7.746410357300192"><ele>1614.0</ele></trkpt><trkpt lat="46.0206000758335" lon="7.746390407439321"><ele>1614.0999755859375</ele></trkpt><trkpt lat="46.02033042907715" lon="7.746310127433389"><ele>1614.0</ele></trkpt><trkpt lat="46.020139888860285" lon="7.74624966038391"><ele>1614.3999938964844</ele></trkpt><trkpt lat="46.020030222367495" lon="7.746220637578517"><ele>1614.6999816894531</ele></trkpt><trkpt lat="46.02003200026229" lon="7.7462283950299025"><ele>1614.6999816894531</ele></trkpt><trkpt lat="46.02003200026229" lon="7.7462283950299025"><ele>1614.6999816894531</ele></trkpt><trkpt lat="46.02003200026229" lon="7.7462283950299025"><ele>1614.6999816894531</ele></trkpt><trkpt lat="46.02003200026229" lon="7.7462283950299025"><ele>1614.6999816894531</ele></trkpt><trkpt lat="46.02003200026229" lon="7.7462283950299025"><ele>1614.6999816894531</ele></trkpt><trkpt lat="46.02003200026229" lon="7.7462283950299025"><ele>1614.6999816894531</ele></trkpt><trkpt lat="46.02003200026229" lon="7.7462283950299025"><ele>1614.6999816894531</ele></trkpt><trkpt lat="46.02003200026229" lon="7.7462283950299025"><ele>1614.6999816894531</ele></trkpt><trkpt lat="46.02003200026229" lon="7.7462283950299025"><ele>1614.6999816894531</ele></trkpt><trkpt lat="46.02003200026229" lon="7.7462283950299025"><ele>1614.6999816894531</ele></trkpt><trkpt lat="46.02003200026229" lon="7.7462283950299025"><ele>1614.6999816894531</ele></trkpt><trkpt lat="46.02003200026229" lon="7.7462283950299025"><ele>1614.6999816894531</ele></trkpt><trkpt lat="46.02003200026229" lon="7.7462283950299025"><ele>1614.6999816894531</ele></trkpt><trkpt lat="46.02003200026229" lon="7.7462283950299025"><ele>1614.6999816894531</ele></trkpt><trkpt lat="46.02003200026229" lon="7.7462283950299025"><ele>1614.6999816894531</ele></trkpt><trkpt lat="46.02003200026229" lon="7.7462283950299025"><ele>1614.6999816894531</ele></trkpt><trkpt lat="46.020030222367495" lon="7.746220637578517"><ele>1614.6999816894531</ele></trkpt><trkpt lat="46.019870213698596" lon="7.746179711073637"><ele>1615.0999755859375</ele></trkpt><trkpt lat="46.0197902075015" lon="7.746159893460572"><ele>1615.2999877929688</ele></trkpt><trkpt lat="46.019700278528035" lon="7.74615035019815"><ele>1615.6999816894531</ele></trkpt><trkpt lat="46.01943248324096" lon="7.74605071451515"><ele>1616.1999816894531</ele></trkpt><trkpt lat="46.01937145181" lon="7.746000014711171"><ele>1615.8999938964844</ele></trkpt><trkpt lat="46.01929250685498" lon="7.745920808054507"><ele>1615.7999877929688</ele></trkpt><trkpt lat="46.0192503654398" lon="7.745870214421302"><ele>1616.0</ele></trkpt><trkpt lat="46.019200233742595" lon="7.745780839584768"><ele>1616.5</ele></trkpt><trkpt lat="46.019191512372345" lon="7.745680076535791"><ele>1616.8999938964844</ele></trkpt><trkpt lat="46.01917016599327" lon="7.745590863283724"><ele>1617.1999816894531</ele></trkpt><trkpt lat="46.01914241723716" lon="7.745540351141244"><ele>1617.5999755859375</ele></trkpt><trkpt lat="46.01910024788231" lon="7.745500087272376"><ele>1617.8999938964844</ele></trkpt><trkpt lat="46.01909040566534" lon="7.745480664074421"><ele>1618.0</ele></trkpt><trkpt lat="46.01905000722036" lon="7.745450740214437"><ele>1618.2999877929688</ele></trkpt><trkpt lat="46.019010483752936" lon="7.745429859496653"><ele>1619.1999816894531</ele></trkpt><trkpt lat="46.01897005736828" lon="7.745410265401006"><ele>1620.0999755859375</ele></trkpt><trkpt lat="46.018663473427296" lon="7.745350445155054"><ele>1623.7999877929688</ele></trkpt><trkpt lat="46.018489968031645" lon="7.745310738217086"><ele>1625.2999877929688</ele></trkpt><trkpt lat="46.018400066997856" lon="7.745290867052972"><ele>1626.1999816894531</ele></trkpt><trkpt lat="46.018343452364206" lon="7.7452698913402855"><ele>1626.7999877929688</ele></trkpt><trkpt lat="46.01814050739631" lon="7.745139637030661"><ele>1628.6999816894531</ele></trkpt><trkpt lat="46.018090214114636" lon="7.7451096582226455"><ele>1629.0999755859375</ele></trkpt><trkpt lat="46.01802999759093" lon="7.745089953765273"><ele>1629.2999877929688</ele></trkpt><trkpt lat="46.017930201254785" lon="7.745070027653128"><ele>1628.8999938964844</ele></trkpt><trkpt lat="46.0178699567914" lon="7.7450606524944305"><ele>1628.2999877929688</ele></trkpt><trkpt lat="46.01783043285832" lon="7.745039772707969"><ele>1627.8999938964844</ele></trkpt><trkpt lat="46.017770296894014" lon="7.74499037116766"><ele>1626.8999938964844</ele></trkpt><trkpt lat="46.01766000362113" lon="7.744860637001693"><ele>1625.6999816894531</ele></trkpt><trkpt lat="46.01759008457884" lon="7.7447698642499745"><ele>1625.0</ele></trkpt><trkpt lat="46.0175301656127" lon="7.744640411809087"><ele>1623.7999877929688</ele></trkpt><trkpt lat="46.017480036243796" lon="7.744549749884754"><ele>1623.5</ele></trkpt><trkpt lat="46.01742000877857" lon="7.74446032429114"><ele>1622.5999755859375</ele></trkpt><trkpt lat="46.01737249363214" lon="7.744400665163994"><ele>1621.8999938964844</ele></trkpt><trkpt lat="46.01728998078033" lon="7.744309823028743"><ele>1621.0999755859375</ele></trkpt><trkpt lat="46.017102487850934" lon="7.7441202672198415"><ele>1620.5999755859375</ele></trkpt><trkpt lat="46.01710606133565" lon="7.744129325263202"><ele>1620.5999755859375</ele></trkpt><trkpt lat="46.01710606133565" lon="7.744129325263202"><ele>1620.5999755859375</ele></trkpt><trkpt lat="46.01710606133565" lon="7.744129325263202"><ele>1620.5999755859375</ele></trkpt><trkpt lat="46.01710606133565" lon="7.744129325263202"><ele>1620.5999755859375</ele></trkpt><trkpt lat="46.01710606133565" lon="7.744129325263202"><ele>1620.5999755859375</ele></trkpt><trkpt lat="46.01710606133565" lon="7.744129325263202"><ele>1620.5999755859375</ele></trkpt><trkpt lat="46.01710606133565" lon="7.744129325263202"><ele>1620.5999755859375</ele></trkpt><trkpt lat="46.01710606133565" lon="7.744129325263202"><ele>1620.5999755859375</ele></trkpt><trkpt lat="46.01710606133565" lon="7.744129325263202"><ele>1620.5999755859375</ele></trkpt><trkpt lat="46.01710606133565" lon="7.744129325263202"><ele>1620.5999755859375</ele></trkpt><trkpt lat="46.01710606133565" lon="7.744129325263202"><ele>1620.5999755859375</ele></trkpt><trkpt lat="46.01710606133565" lon="7.744129325263202"><ele>1620.5999755859375</ele></trkpt><trkpt lat="46.01710606133565" lon="7.744129325263202"><ele>1620.5999755859375</ele></trkpt><trkpt lat="46.01710606133565" lon="7.744129325263202"><ele>1620.5999755859375</ele></trkpt><trkpt lat="46.01710606133565" lon="7.744129325263202"><ele>1620.5999755859375</ele></trkpt><trkpt lat="46.01710606133565" lon="7.744129325263202"><ele>1620.5999755859375</ele></trkpt><trkpt lat="46.017102487850934" lon="7.7441202672198415"><ele>1620.5999755859375</ele></trkpt><trkpt lat="46.017060317564756" lon="7.744080006144941"><ele>1620.1999816894531</ele></trkpt><trkpt lat="46.01699036639184" lon="7.744000855367631"><ele>1619.2999877929688</ele></trkpt><trkpt lat="46.01669994229451" lon="7.743619638029486"><ele>1618.1999816894531</ele></trkpt><trkpt lat="46.01663007121533" lon="7.7435107924975455"><ele>1617.6999816894531</ele></trkpt><trkpt lat="46.016570046078414" lon="7.743420077953488"><ele>1617.3999938964844</ele></trkpt><trkpt lat="46.01651001768187" lon="7.743330655153841"><ele>1617.0999755859375</ele></trkpt><trkpt lat="46.01642033178359" lon="7.743230738211423"><ele>1616.7999877929688</ele></trkpt><trkpt lat="46.01631009252742" lon="7.743080352433026"><ele>1615.1999816894531</ele></trkpt><trkpt lat="46.01627244753763" lon="7.7430297886021435"><ele>1615.0</ele></trkpt><trkpt lat="46.016190090216696" lon="7.742880850099027"><ele>1614.2999877929688</ele></trkpt><trkpt lat="46.01616046112031" lon="7.742860027123243"><ele>1614.0999755859375</ele></trkpt><trkpt lat="46.01614247029647" lon="7.742859927471727"><ele>1614.0999755859375</ele></trkpt><trkpt lat="46.016079906374216" lon="7.742709808051586"><ele>1614.1999816894531</ele></trkpt><trkpt lat="46.016019904986024" lon="7.742610057815909"><ele>1614.1999816894531</ele></trkpt><trkpt lat="46.015963449608535" lon="7.742529694456607"><ele>1614.5</ele></trkpt><trkpt lat="46.01584145985544" lon="7.742399904876947"><ele>1614.3999938964844</ele></trkpt><trkpt lat="46.01584595069289" lon="7.742402511648834"><ele>1614.3999938964844</ele></trkpt><trkpt lat="46.01584595069289" lon="7.742402511648834"><ele>1614.3999938964844</ele></trkpt><trkpt lat="46.01584595069289" lon="7.742402511648834"><ele>1614.3999938964844</ele></trkpt><trkpt lat="46.01584595069289" lon="7.742402511648834"><ele>1614.3999938964844</ele></trkpt><trkpt lat="46.01584595069289" lon="7.742402511648834"><ele>1614.3999938964844</ele></trkpt><trkpt lat="46.01584595069289" lon="7.742402511648834"><ele>1614.3999938964844</ele></trkpt><trkpt lat="46.01584595069289" lon="7.742402511648834"><ele>1614.3999938964844</ele></trkpt><trkpt lat="46.01584595069289" lon="7.742402511648834"><ele>1614.3999938964844</ele></trkpt><trkpt lat="46.01584595069289" lon="7.742402511648834"><ele>1614.3999938964844</ele></trkpt><trkpt lat="46.01584595069289" lon="7.742402511648834"><ele>1614.3999938964844</ele></trkpt><trkpt lat="46.01584595069289" lon="7.742402511648834"><ele>1614.3999938964844</ele></trkpt><trkpt lat="46.01584595069289" lon="7.742402511648834"><ele>1614.3999938964844</ele></trkpt><trkpt lat="46.01584595069289" lon="7.742402511648834"><ele>1614.3999938964844</ele></trkpt><trkpt lat="46.01584595069289" lon="7.742402511648834"><ele>1614.3999938964844</ele></trkpt><trkpt lat="46.01584595069289" lon="7.742402511648834"><ele>1614.3999938964844</ele></trkpt><trkpt lat="46.01584595069289" lon="7.742402511648834"><ele>1614.3999938964844</ele></trkpt><trkpt lat="46.01584145985544" lon="7.742399904876947"><ele>1614.3999938964844</ele></trkpt><trkpt lat="46.01574010401964" lon="7.742290887981653"><ele>1614.2999877929688</ele></trkpt><trkpt lat="46.01561991637573" lon="7.742159818299115"><ele>1614.1999816894531</ele></trkpt><trkpt lat="46.01545991608873" lon="7.741780633106828"><ele>1615.0999755859375</ele></trkpt><trkpt lat="46.015413431450725" lon="7.741671922150999"><ele>1615.2999877929688</ele></trkpt><trkpt lat="46.01535248104483" lon="7.741590244229883"><ele>1615.3999938964844</ele></trkpt><trkpt lat="46.01529242703691" lon="7.741509863175452"><ele>1615.5999755859375</ele></trkpt><trkpt lat="46.01523141749203" lon="7.741450134664774"><ele>1615.7999877929688</ele></trkpt><trkpt lat="46.0151901980862" lon="7.741390515584499"><ele>1615.7999877929688</ele></trkpt><trkpt lat="46.01513011613861" lon="7.741320463363081"><ele>1616.0</ele></trkpt><trkpt lat="46.01500990008935" lon="7.7411997257731855"><ele>1616.0999755859375</ele></trkpt><trkpt lat="46.014920129440725" lon="7.741130801383406"><ele>1616.2999877929688</ele></trkpt><trkpt lat="46.014840233139694" lon="7.741069678217173"><ele>1616.2999877929688</ele></trkpt><trkpt lat="46.01465000864118" lon="7.7408904558978975"><ele>1616.5</ele></trkpt><trkpt lat="46.0146105051972" lon="7.740861834026873"><ele>1617.6999816894531</ele></trkpt><trkpt lat="46.0145099745132" lon="7.740779940504581"><ele>1617.8999938964844</ele></trkpt><trkpt lat="46.01439147442579" lon="7.74069020152092"><ele>1619.6999816894531</ele></trkpt><trkpt lat="46.014321469236165" lon="7.740630425512791"><ele>1620.5</ele></trkpt><trkpt lat="46.01429014466703" lon="7.74057086231187"><ele>1621.0</ele></trkpt><trkpt lat="46.014280249830335" lon="7.740570807829499"><ele>1621.1999816894531</ele></trkpt><trkpt lat="46.01422016741708" lon="7.740500757936388"><ele>1622.1999816894531</ele></trkpt><trkpt lat="46.01410995237529" lon="7.740340055897832"><ele>1623.8999938964844</ele></trkpt><trkpt lat="46.01404989743605" lon="7.74025967810303"><ele>1625.1999816894531</ele></trkpt><trkpt lat="46.013979971874505" lon="7.740170208271593"><ele>1626.3999938964844</ele></trkpt><trkpt lat="46.01394142629579" lon="7.740119643975049"><ele>1627.2999877929688</ele></trkpt><trkpt lat="46.01394950831309" lon="7.740124852862209"><ele>1627.2999877929688</ele></trkpt><trkpt lat="46.01394950831309" lon="7.740124852862209"><ele>1627.2999877929688</ele></trkpt><trkpt lat="46.01394950831309" lon="7.740124852862209"><ele>1627.2999877929688</ele></trkpt><trkpt lat="46.01394950831309" lon="7.740124852862209"><ele>1627.2999877929688</ele></trkpt><trkpt lat="46.01394950831309" lon="7.740124852862209"><ele>1627.2999877929688</ele></trkpt><trkpt lat="46.01394950831309" lon="7.740124852862209"><ele>1627.2999877929688</ele></trkpt><trkpt lat="46.01394950831309" lon="7.740124852862209"><ele>1627.2999877929688</ele></trkpt><trkpt lat="46.01394950831309" lon="7.740124852862209"><ele>1627.2999877929688</ele></trkpt><trkpt lat="46.01394950831309" lon="7.740124852862209"><ele>1627.2999877929688</ele></trkpt><trkpt lat="46.01394950831309" lon="7.740124852862209"><ele>1627.2999877929688</ele></trkpt><trkpt lat="46.01394950831309" lon="7.740124852862209"><ele>1627.2999877929688</ele></trkpt><trkpt lat="46.01394950831309" lon="7.740124852862209"><ele>1627.2999877929688</ele></trkpt><trkpt lat="46.01394950831309" lon="7.740124852862209"><ele>1627.2999877929688</ele></trkpt><trkpt lat="46.01394950831309" lon="7.740124852862209"><ele>1627.2999877929688</ele></trkpt><trkpt lat="46.01394950831309" lon="7.740124852862209"><ele>1627.2999877929688</ele></trkpt><trkpt lat="46.01394950831309" lon="7.740124852862209"><ele>1627.2999877929688</ele></trkpt><trkpt lat="46.01394142629579" lon="7.740119643975049"><ele>1627.2999877929688</ele></trkpt><trkpt lat="46.01388049591333" lon="7.74003022396937"><ele>1628.1999816894531</ele></trkpt><trkpt lat="46.01384996343404" lon="7.740010689944029"><ele>1628.5999755859375</ele></trkpt><trkpt lat="46.01382035808638" lon="7.739980832207948"><ele>1629.0</ele></trkpt><trkpt lat="46.013779934030026" lon="7.739959952421486"><ele>1629.5</ele></trkpt><trkpt lat="46.0137305110693" lon="7.739940314553678"><ele>1629.8999938964844</ele></trkpt><trkpt lat="46.013660395517945" lon="7.739921853877604"><ele>1630.3999938964844</ele></trkpt><trkpt lat="46.01359028695151" lon="7.739900811575353"><ele>1631.2999877929688</ele></trkpt><trkpt lat="46.01353994011879" lon="7.739890206139535"><ele>1632.0999755859375</ele></trkpt><trkpt lat="46.01348149450496" lon="7.739880847278982"><ele>1632.7999877929688</ele></trkpt><trkpt lat="46.01335021387786" lon="7.7398607595823705"><ele>1634.5</ele></trkpt><trkpt lat="46.01317038573325" lon="7.7398300766944885"><ele>1636.3999938964844</ele></trkpt><trkpt lat="46.01314342394471" lon="7.739820891059935"><ele>1636.6999816894531</ele></trkpt><trkpt lat="46.013100273907185" lon="7.739810325670987"><ele>1637.0999755859375</ele></trkpt><trkpt lat="46.01304995128885" lon="7.739790683146566"><ele>1637.3999938964844</ele></trkpt><trkpt lat="46.013010426890105" lon="7.739769808482379"><ele>1637.6999816894531</ele></trkpt><trkpt lat="46.01296999910846" lon="7.739750220440328"><ele>1638.0</ele></trkpt><trkpt lat="46.012930498924106" lon="7.739720309153199"><ele>1638.1999816894531</ele></trkpt><trkpt lat="46.01288025919348" lon="7.739669681992382"><ele>1638.8999938964844</ele></trkpt><trkpt lat="46.01286142040044" lon="7.739650212228298"><ele>1638.8999938964844</ele></trkpt><trkpt lat="46.01281033270061" lon="7.739580214489251"><ele>1639.0</ele></trkpt><trkpt lat="46.012792421039194" lon="7.739550421945751"><ele>1639.1999816894531</ele></trkpt><trkpt lat="46.012713447678834" lon="7.73948027100414"><ele>1639.5</ele></trkpt><trkpt lat="46.01266050571576" lon="7.7394309202209115"><ele>1639.6999816894531</ele></trkpt><trkpt lat="46.01260039862245" lon="7.739369911141694"><ele>1639.7999877929688</ele></trkpt><trkpt lat="46.01248025614768" lon="7.739220780786127"><ele>1641.0999755859375</ele></trkpt><trkpt lat="46.01248744223267" lon="7.739224693272263"><ele>1641.0999755859375</ele></trkpt><trkpt lat="46.01248744223267" lon="7.739224693272263"><ele>1641.0999755859375</ele></trkpt><trkpt lat="46.01248744223267" lon="7.739224693272263"><ele>1641.0999755859375</ele></trkpt><trkpt lat="46.01248744223267" lon="7.739224693272263"><ele>1641.0999755859375</ele></trkpt><trkpt lat="46.01248744223267" lon="7.739224693272263"><ele>1641.0999755859375</ele></trkpt><trkpt lat="46.01248744223267" lon="7.739224693272263"><ele>1641.0999755859375</ele></trkpt><trkpt lat="46.01248744223267" lon="7.739224693272263"><ele>1641.0999755859375</ele></trkpt><trkpt lat="46.01248744223267" lon="7.739224693272263"><ele>1641.0999755859375</ele></trkpt><trkpt lat="46.01248744223267" lon="7.739224693272263"><ele>1641.0999755859375</ele></trkpt><trkpt lat="46.01248744223267" lon="7.739224693272263"><ele>1641.0999755859375</ele></trkpt><trkpt lat="46.01248744223267" lon="7.739224693272263"><ele>1641.0999755859375</ele></trkpt><trkpt lat="46.01248744223267" lon="7.739224693272263"><ele>1641.0999755859375</ele></trkpt><trkpt lat="46.01248744223267" lon="7.739224693272263"><ele>1641.0999755859375</ele></trkpt><trkpt lat="46.01248744223267" lon="7.739224693272263"><ele>1641.0999755859375</ele></trkpt><trkpt lat="46.01248744223267" lon="7.739224693272263"><ele>1641.0999755859375</ele></trkpt><trkpt lat="46.01248744223267" lon="7.739224693272263"><ele>1641.0999755859375</ele></trkpt><trkpt lat="46.01248025614768" lon="7.739220780786127"><ele>1641.0999755859375</ele></trkpt><trkpt lat="46.01242020027712" lon="7.739140406716615"><ele>1642.3999938964844</ele></trkpt><trkpt lat="46.01233043242246" lon="7.739070198033005"><ele>1643.3999938964844</ele></trkpt><trkpt lat="46.01228021318093" lon="7.739011825527996"><ele>1644.0999755859375</ele></trkpt><trkpt lat="46.012220160569996" lon="7.7389301606453955"><ele>1645.5</ele></trkpt><trkpt lat="46.01217005122453" lon="7.73883047606796"><ele>1646.7999877929688</ele></trkpt><trkpt lat="46.01214047288522" lon="7.738790291361511"><ele>1647.1999816894531</ele></trkpt><trkpt lat="46.01212245132774" lon="7.73880181228742"><ele>1647.0999755859375</ele></trkpt><trkpt lat="46.01201014267281" lon="7.738750846590847"><ele>1647.0</ele></trkpt><trkpt lat="46.01196342147887" lon="7.738729933742434"><ele>1646.6999816894531</ele></trkpt><trkpt lat="46.01193019002676" lon="7.738710386212915"><ele>1646.2999877929688</ele></trkpt><trkpt lat="46.011869948357344" lon="7.73869972769171"><ele>1645.2999877929688</ele></trkpt><trkpt lat="46.01184031507" lon="7.7386801997199655"><ele>1644.7999877929688</ele></trkpt><trkpt lat="46.01182145206258" lon="7.7386697684414685"><ele>1644.5</ele></trkpt><trkpt lat="46.011825046967715" lon="7.738671078812331"><ele>1644.5</ele></trkpt><trkpt lat="46.011825046967715" lon="7.738671078812331"><ele>1644.5</ele></trkpt><trkpt lat="46.011825046967715" lon="7.738671078812331"><ele>1644.5</ele></trkpt><trkpt lat="46.011825046967715" lon="7.738671078812331"><ele>1644.5</ele></trkpt><trkpt lat="46.011825046967715" lon="7.738671078812331"><ele>1644.5</ele></trkpt><trkpt lat="46.011825046967715" lon="7.738671078812331"><ele>1644.5</ele></trkpt><trkpt lat="46.011825046967715" lon="7.738671078812331"><ele>1644.5</ele></trkpt><trkpt lat="46.011825046967715" lon="7.738671078812331"><ele>1644.5</ele></trkpt><trkpt lat="46.011825046967715" lon="7.738671078812331"><ele>1644.5</ele></trkpt><trkpt lat="46.011825046967715" lon="7.738671078812331"><ele>1644.5</ele></trkpt><trkpt lat="46.011825046967715" lon="7.738671078812331"><ele>1644.5</ele></trkpt><trkpt lat="46.011825046967715" lon="7.738671078812331"><ele>1644.5</ele></trkpt><trkpt lat="46.011825046967715" lon="7.738671078812331"><ele>1644.5</ele></trkpt><trkpt lat="46.011825046967715" lon="7.738671078812331"><ele>1644.5</ele></trkpt><trkpt lat="46.011825046967715" lon="7.738671078812331"><ele>1644.5</ele></trkpt><trkpt lat="46.011825046967715" lon="7.738671078812331"><ele>1644.5</ele></trkpt><trkpt lat="46.01182145206258" lon="7.7386697684414685"><ele>1644.5</ele></trkpt><trkpt lat="46.01179991476238" lon="7.738650284707546"><ele>1644.2999877929688</ele></trkpt><trkpt lat="46.01174245029688" lon="7.738609948195517"><ele>1643.5999755859375</ele></trkpt><trkpt lat="46.01169040426612" lon="7.738561894744635"><ele>1643.0999755859375</ele></trkpt><trkpt lat="46.0116401668638" lon="7.738509978633374"><ele>1642.5999755859375</ele></trkpt><trkpt lat="46.011612439062446" lon="7.738450439181179"><ele>1641.7999877929688</ele></trkpt><trkpt lat="46.01159992441535" lon="7.738420676905662"><ele>1641.3999938964844</ele></trkpt><trkpt lat="46.011580237187445" lon="7.738381838425994"><ele>1641.0999755859375</ele></trkpt><trkpt lat="46.01154002500698" lon="7.738280917983502"><ele>1639.3999938964844</ele></trkpt><trkpt lat="46.01152042346075" lon="7.73820980405435"><ele>1638.0999755859375</ele></trkpt><trkpt lat="46.011500073131174" lon="7.7380818808451295"><ele>1636.1999816894531</ele></trkpt><trkpt lat="46.01149028772488" lon="7.738040514290333"><ele>1635.8999938964844</ele></trkpt><trkpt lat="46.011471503414214" lon="7.738000389654189"><ele>1635.5</ele></trkpt><trkpt lat="46.01144017698243" lon="7.737940831109881"><ele>1634.5999755859375</ele></trkpt><trkpt lat="46.01141149783507" lon="7.73790065292269"><ele>1633.7999877929688</ele></trkpt><trkpt lat="46.01135144056752" lon="7.7378202811814845"><ele>1633.0</ele></trkpt><trkpt lat="46.01132998522371" lon="7.737769813742489"><ele>1632.5</ele></trkpt><trkpt lat="46.011291461996734" lon="7.737710216548294"><ele>1631.8999938964844</ele></trkpt><trkpt lat="46.01126011181623" lon="7.73765969555825"><ele>1631.5999755859375</ele></trkpt><trkpt lat="46.011240342166275" lon="7.737651841249317"><ele>1631.5</ele></trkpt><trkpt lat="46.01121243275702" lon="7.73766072653234"><ele>1631.8999938964844</ele></trkpt><trkpt lat="46.01118002226576" lon="7.737670877948403"><ele>1632.6999816894531</ele></trkpt><trkpt lat="46.011110494378954" lon="7.737769906874746"><ele>1632.8999938964844</ele></trkpt><trkpt lat="46.011101444251835" lon="7.737790513783693"><ele>1632.8999938964844</ele></trkpt><trkpt lat="46.011100435163826" lon="7.737831820733845"><ele>1633.0</ele></trkpt><trkpt lat="46.011110176332295" lon="7.7378899697214365"><ele>1633.2999877929688</ele></trkpt><trkpt lat="46.01111991005018" lon="7.737950700800866"><ele>1633.6999816894531</ele></trkpt><trkpt lat="46.01111043943092" lon="7.738130101468414"><ele>1637.6999816894531</ele></trkpt><trkpt lat="46.01111014839262" lon="7.738239836413413"><ele>1638.6999816894531</ele></trkpt><trkpt lat="46.01109998580068" lon="7.7383404802531"><ele>1637.7999877929688</ele></trkpt><trkpt lat="46.01109342509881" lon="7.738439852371812"><ele>1637.7999877929688</ele></trkpt><trkpt lat="46.0110734468326" lon="7.7385107493028045"><ele>1637.6999816894531</ele></trkpt><trkpt lat="46.011053420137614" lon="7.738599719945341"><ele>1637.7999877929688</ele></trkpt><trkpt lat="46.01102346740663" lon="7.738700254820287"><ele>1637.3999938964844</ele></trkpt><trkpt lat="46.01103245280683" lon="7.73870417708531"><ele>1637.3999938964844</ele></trkpt><trkpt lat="46.01103245280683" lon="7.73870417708531"><ele>1637.3999938964844</ele></trkpt><trkpt lat="46.01103245280683" lon="7.73870417708531"><ele>1637.3999938964844</ele></trkpt><trkpt lat="46.01103245280683" lon="7.73870417708531"><ele>1637.3999938964844</ele></trkpt><trkpt lat="46.01103245280683" lon="7.73870417708531"><ele>1637.3999938964844</ele></trkpt><trkpt lat="46.01103245280683" lon="7.73870417708531"><ele>1637.3999938964844</ele></trkpt><trkpt lat="46.01103245280683" lon="7.73870417708531"><ele>1637.3999938964844</ele></trkpt><trkpt lat="46.01103245280683" lon="7.73870417708531"><ele>1637.3999938964844</ele></trkpt><trkpt lat="46.01103245280683" lon="7.73870417708531"><ele>1637.3999938964844</ele></trkpt><trkpt lat="46.01103245280683" lon="7.73870417708531"><ele>1637.3999938964844</ele></trkpt><trkpt lat="46.01103245280683" lon="7.73870417708531"><ele>1637.3999938964844</ele></trkpt><trkpt lat="46.01103245280683" lon="7.73870417708531"><ele>1637.3999938964844</ele></trkpt><trkpt lat="46.01103245280683" lon="7.73870417708531"><ele>1637.3999938964844</ele></trkpt><trkpt lat="46.01103245280683" lon="7.73870417708531"><ele>1637.3999938964844</ele></trkpt><trkpt lat="46.01103245280683" lon="7.73870417708531"><ele>1637.3999938964844</ele></trkpt><trkpt lat="46.01103245280683" lon="7.73870417708531"><ele>1637.3999938964844</ele></trkpt><trkpt lat="46.01102346740663" lon="7.738700254820287"><ele>1637.3999938964844</ele></trkpt><trkpt lat="46.01102251326665" lon="7.738720905967057"><ele>1637.0</ele></trkpt><trkpt lat="46.01098147733137" lon="7.73892982583493"><ele>1636.5999755859375</ele></trkpt><trkpt lat="46.01098047150299" lon="7.738969841506332"><ele>1636.5</ele></trkpt><trkpt lat="46.01099020149559" lon="7.739031863864511"><ele>1636.5</ele></trkpt><trkpt lat="46.01098020002246" lon="7.739071830175817"><ele>1636.5</ele></trkpt><trkpt lat="46.01097020180896" lon="7.739110506139696"><ele>1636.5</ele></trkpt><trkpt lat="46.01095030549914" lon="7.739150418434292"><ele>1636.5</ele></trkpt><trkpt lat="46.010860186535865" lon="7.739211892709136"><ele>1636.2999877929688</ele></trkpt><trkpt lat="46.01082050381228" lon="7.739250405225903"><ele>1635.8999938964844</ele></trkpt><trkpt lat="46.010801506694406" lon="7.739290322177112"><ele>1635.6999816894531</ele></trkpt><trkpt lat="46.01079150522128" lon="7.739330288488418"><ele>1635.5999755859375</ele></trkpt><trkpt lat="46.01083010621369" lon="7.73936019372195"><ele>1634.7999877929688</ele></trkpt><trkpt lat="46.01106345560402" lon="7.739560290705413"><ele>1632.2999877929688</ele></trkpt><trkpt lat="46.01109041413292" lon="7.739570766687393"><ele>1631.7999877929688</ele></trkpt><trkpt lat="46.01111020380631" lon="7.739570875652134"><ele>1631.3999938964844</ele></trkpt><trkpt lat="46.011161481030285" lon="7.7395698660984635"><ele>1630.3999938964844</ele></trkpt><trkpt lat="46.01120018819347" lon="7.739559750072658"><ele>1629.5999755859375</ele></trkpt><trkpt lat="46.0112703521736" lon="7.739560135174543"><ele>1628.0999755859375</ele></trkpt><trkpt lat="46.01130993152037" lon="7.739560352638364"><ele>1627.3999938964844</ele></trkpt><trkpt lat="46.011360281612724" lon="7.739569666329771"><ele>1626.5</ele></trkpt><trkpt lat="46.01144031295553" lon="7.739580433815718"><ele>1626.0</ele></trkpt><trkpt lat="46.011441201902926" lon="7.739584311842918"><ele>1626.0</ele></trkpt><trkpt lat="46.011441201902926" lon="7.739584311842918"><ele>1626.0</ele></trkpt><trkpt lat="46.011441201902926" lon="7.739584311842918"><ele>1626.0</ele></trkpt><trkpt lat="46.011441201902926" lon="7.739584311842918"><ele>1626.0</ele></trkpt><trkpt lat="46.011441201902926" lon="7.739584311842918"><ele>1626.0</ele></trkpt><trkpt lat="46.011441201902926" lon="7.739584311842918"><ele>1626.0</ele></trkpt><trkpt lat="46.011441201902926" lon="7.739584311842918"><ele>1626.0</ele></trkpt><trkpt lat="46.011441201902926" lon="7.739584311842918"><ele>1626.0</ele></trkpt><trkpt lat="46.011441201902926" lon="7.739584311842918"><ele>1626.0</ele></trkpt><trkpt lat="46.011441201902926" lon="7.739584311842918"><ele>1626.0</ele></trkpt><trkpt lat="46.011441201902926" lon="7.739584311842918"><ele>1626.0</ele></trkpt><trkpt lat="46.011441201902926" lon="7.739584311842918"><ele>1626.0</ele></trkpt><trkpt lat="46.011441201902926" lon="7.739584311842918"><ele>1626.0</ele></trkpt><trkpt lat="46.011441201902926" lon="7.739584311842918"><ele>1626.0</ele></trkpt><trkpt lat="46.011441201902926" lon="7.739584311842918"><ele>1626.0</ele></trkpt><trkpt lat="46.011441201902926" lon="7.739584311842918"><ele>1626.0</ele></trkpt><trkpt lat="46.01144031295553" lon="7.739580433815718"><ele>1626.0</ele></trkpt><trkpt lat="46.011479892302305" lon="7.739580651279539"><ele>1625.5</ele></trkpt><trkpt lat="46.011530242394656" lon="7.739589964970946"><ele>1625.0999755859375</ele></trkpt><trkpt lat="46.01170012401417" lon="7.739639956969768"><ele>1624.7999877929688</ele></trkpt><trkpt lat="46.01178997103125" lon="7.739680472761393"><ele>1624.5999755859375</ele></trkpt><trkpt lat="46.0119004836306" lon="7.739730139262974"><ele>1624.0</ele></trkpt><trkpt lat="46.011939983814955" lon="7.739760050084442"><ele>1623.7999877929688</ele></trkpt><trkpt lat="46.011970488820225" lon="7.739789911545813"><ele>1623.5999755859375</ele></trkpt><trkpt lat="46.01200009463355" lon="7.739819768350571"><ele>1623.5999755859375</ele></trkpt><trkpt lat="46.012240239884704" lon="7.740169670432806"><ele>1622.7999877929688</ele></trkpt><trkpt lat="46.012350510340184" lon="7.740309710614383"><ele>1622.5999755859375</ele></trkpt><trkpt lat="46.012359478045255" lon="7.740320088341832"><ele>1622.5999755859375</ele></trkpt><trkpt lat="46.012359478045255" lon="7.740320088341832"><ele>1622.5999755859375</ele></trkpt><trkpt lat="46.012359478045255" lon="7.740320088341832"><ele>1622.5999755859375</ele></trkpt><trkpt lat="46.012359478045255" lon="7.740320088341832"><ele>1622.5999755859375</ele></trkpt><trkpt lat="46.012359478045255" lon="7.740320088341832"><ele>1622.5999755859375</ele></trkpt><trkpt lat="46.012359478045255" lon="7.740320088341832"><ele>1622.5999755859375</ele></trkpt><trkpt lat="46.012359478045255" lon="7.740320088341832"><ele>1622.5999755859375</ele></trkpt><trkpt lat="46.012359478045255" lon="7.740320088341832"><ele>1622.5999755859375</ele></trkpt><trkpt lat="46.012359478045255" lon="7.740320088341832"><ele>1622.5999755859375</ele></trkpt><trkpt lat="46.012359478045255" lon="7.740320088341832"><ele>1622.5999755859375</ele></trkpt><trkpt lat="46.012359478045255" lon="7.740320088341832"><ele>1622.5999755859375</ele></trkpt><trkpt lat="46.012359478045255" lon="7.740320088341832"><ele>1622.5999755859375</ele></trkpt><trkpt lat="46.012359478045255" lon="7.740320088341832"><ele>1622.5999755859375</ele></trkpt><trkpt lat="46.012359478045255" lon="7.740320088341832"><ele>1622.5999755859375</ele></trkpt><trkpt lat="46.012359478045255" lon="7.740320088341832"><ele>1622.5999755859375</ele></trkpt><trkpt lat="46.012359478045255" lon="7.740320088341832"><ele>1622.5999755859375</ele></trkpt><trkpt lat="46.012350510340184" lon="7.740309710614383"><ele>1622.5999755859375</ele></trkpt><trkpt lat="46.01236037770286" lon="7.740320092998445"><ele>1622.5</ele></trkpt><trkpt lat="46.01249029953033" lon="7.740511883981526"><ele>1622.2999877929688</ele></trkpt><trkpt lat="46.01254043914378" lon="7.740599951706827"><ele>1622.3999938964844</ele></trkpt><trkpt lat="46.01260041445494" lon="7.740710021927953"><ele>1622.5999755859375</ele></trkpt><trkpt lat="46.012620124965906" lon="7.740739824716002"><ele>1622.3999938964844</ele></trkpt><trkpt lat="46.01264250604436" lon="7.740779970772564"><ele>1622.1999816894531</ele></trkpt><trkpt lat="46.01267031207681" lon="7.740809818729758"><ele>1622.0999755859375</ele></trkpt><trkpt lat="46.01269994163886" lon="7.740830638911575"><ele>1621.8999938964844</ele></trkpt><trkpt lat="46.01272150641307" lon="7.740839795209467"><ele>1621.6999816894531</ele></trkpt><trkpt lat="46.0128014581278" lon="7.740880258847028"><ele>1621.3999938964844</ele></trkpt><trkpt lat="46.012910194694996" lon="7.740920881740749"><ele>1620.7999877929688</ele></trkpt><trkpt lat="46.01305033965036" lon="7.740990081336349"><ele>1620.5999755859375</ele></trkpt><trkpt lat="46.01318151270971" lon="7.741050194017589"><ele>1620.2999877929688</ele></trkpt><trkpt lat="46.01331991003826" lon="7.7411000188440084"><ele>1620.0</ele></trkpt><trkpt lat="46.01368030672893" lon="7.74122078763321"><ele>1619.2999877929688</ele></trkpt><trkpt lat="46.013780103530735" lon="7.741240704897791"><ele>1619.1999816894531</ele></trkpt><trkpt lat="46.01381248654798" lon="7.7412408837117255"><ele>1618.8999938964844</ele></trkpt><trkpt lat="46.0138124730438" lon="7.741246047895402"><ele>1618.8999938964844</ele></trkpt><trkpt lat="46.0138124730438" lon="7.741246047895402"><ele>1618.8999938964844</ele></trkpt><trkpt lat="46.0138124730438" lon="7.741246047895402"><ele>1618.8999938964844</ele></trkpt><trkpt lat="46.0138124730438" lon="7.741246047895402"><ele>1618.8999938964844</ele></trkpt><trkpt lat="46.0138124730438" lon="7.741246047895402"><ele>1618.8999938964844</ele></trkpt><trkpt lat="46.0138124730438" lon="7.741246047895402"><ele>1618.8999938964844</ele></trkpt><trkpt lat="46.0138124730438" lon="7.741246047895402"><ele>1618.8999938964844</ele></trkpt><trkpt lat="46.0138124730438" lon="7.741246047895402"><ele>1618.8999938964844</ele></trkpt><trkpt lat="46.0138124730438" lon="7.741246047895402"><ele>1618.8999938964844</ele></trkpt><trkpt lat="46.0138124730438" lon="7.741246047895402"><ele>1618.8999938964844</ele></trkpt><trkpt lat="46.0138124730438" lon="7.741246047895402"><ele>1618.8999938964844</ele></trkpt><trkpt lat="46.0138124730438" lon="7.741246047895402"><ele>1618.8999938964844</ele></trkpt><trkpt lat="46.0138124730438" lon="7.741246047895402"><ele>1618.8999938964844</ele></trkpt><trkpt lat="46.0138124730438" lon="7.741246047895402"><ele>1618.8999938964844</ele></trkpt><trkpt lat="46.0138124730438" lon="7.741246047895402"><ele>1618.8999938964844</ele></trkpt><trkpt lat="46.0138124730438" lon="7.741246047895402"><ele>1618.8999938964844</ele></trkpt><trkpt lat="46.01381248654798" lon="7.7412408837117255"><ele>1618.8999938964844</ele></trkpt><trkpt lat="46.01403007097542" lon="7.741280817892402"><ele>1618.5999755859375</ele></trkpt><trkpt lat="46.014100179541856" lon="7.74130186252296"><ele>1618.5999755859375</ele></trkpt><trkpt lat="46.01417026761919" lon="7.741330653894693"><ele>1618.3999938964844</ele></trkpt><trkpt lat="46.014230457134545" lon="7.741360681597143"><ele>1618.5</ele></trkpt><trkpt lat="46.01432030694559" lon="7.741399910766631"><ele>1618.5</ele></trkpt><trkpt lat="46.01437242468819" lon="7.7414208562113345"><ele>1618.5999755859375</ele></trkpt><trkpt lat="46.014390419237316" lon="7.7414196645841"><ele>1618.5999755859375</ele></trkpt><trkpt lat="46.014410208910704" lon="7.741419774014503"><ele>1618.5999755859375</ele></trkpt><trkpt lat="46.01455344678834" lon="7.74134180881083"><ele>1618.5</ele></trkpt><trkpt lat="46.014630073681474" lon="7.741280259098858"><ele>1618.2999877929688</ele></trkpt><trkpt lat="46.014649918768555" lon="7.741259710863233"><ele>1618.2999877929688</ele></trkpt><trkpt lat="46.01471008080989" lon="7.741300067398697"><ele>1618.0999755859375</ele></trkpt><trkpt lat="46.01488249748945" lon="7.741410763934255"><ele>1617.3999938964844</ele></trkpt><trkpt lat="46.01491030026227" lon="7.741441904101521"><ele>1617.2999877929688</ele></trkpt><trkpt lat="46.014917496591806" lon="7.7414419441483915"><ele>1617.2999877929688</ele></trkpt><trkpt lat="46.014917496591806" lon="7.7414419441483915"><ele>1617.2999877929688</ele></trkpt><trkpt lat="46.014917496591806" lon="7.7414419441483915"><ele>1617.2999877929688</ele></trkpt><trkpt lat="46.014917496591806" lon="7.7414419441483915"><ele>1617.2999877929688</ele></trkpt><trkpt lat="46.014917496591806" lon="7.7414419441483915"><ele>1617.2999877929688</ele></trkpt><trkpt lat="46.014917496591806" lon="7.7414419441483915"><ele>1617.2999877929688</ele></trkpt><trkpt lat="46.014917496591806" lon="7.7414419441483915"><ele>1617.2999877929688</ele></trkpt><trkpt lat="46.014917496591806" lon="7.7414419441483915"><ele>1617.2999877929688</ele></trkpt><trkpt lat="46.014917496591806" lon="7.7414419441483915"><ele>1617.2999877929688</ele></trkpt><trkpt lat="46.014917496591806" lon="7.7414419441483915"><ele>1617.2999877929688</ele></trkpt><trkpt lat="46.014917496591806" lon="7.7414419441483915"><ele>1617.2999877929688</ele></trkpt><trkpt lat="46.014917496591806" lon="7.7414419441483915"><ele>1617.2999877929688</ele></trkpt><trkpt lat="46.014917496591806" lon="7.7414419441483915"><ele>1617.2999877929688</ele></trkpt><trkpt lat="46.014917496591806" lon="7.7414419441483915"><ele>1617.2999877929688</ele></trkpt><trkpt lat="46.014917496591806" lon="7.7414419441483915"><ele>1617.2999877929688</ele></trkpt><trkpt lat="46.014917496591806" lon="7.7414419441483915"><ele>1617.2999877929688</ele></trkpt><trkpt lat="46.01491030026227" lon="7.741441904101521"><ele>1617.2999877929688</ele></trkpt><trkpt lat="46.014961494132876" lon="7.741471882909536"><ele>1617.1999816894531</ele></trkpt><trkpt lat="46.01512028928846" lon="7.74163027619943"><ele>1616.5</ele></trkpt><trkpt lat="46.01516150869429" lon="7.7416898952797055"><ele>1616.0999755859375</ele></trkpt><trkpt lat="46.01525032054633" lon="7.741780764888972"><ele>1616.0999755859375</ele></trkpt><trkpt lat="46.01525120250881" lon="7.741787225473672"><ele>1616.0999755859375</ele></trkpt><trkpt lat="46.01525120250881" lon="7.741787225473672"><ele>1616.0999755859375</ele></trkpt><trkpt lat="46.01525120250881" lon="7.741787225473672"><ele>1616.0999755859375</ele></trkpt><trkpt lat="46.01525120250881" lon="7.741787225473672"><ele>1616.0999755859375</ele></trkpt><trkpt lat="46.01525120250881" lon="7.741787225473672"><ele>1616.0999755859375</ele></trkpt><trkpt lat="46.01525120250881" lon="7.741787225473672"><ele>1616.0999755859375</ele></trkpt><trkpt lat="46.01525120250881" lon="7.741787225473672"><ele>1616.0999755859375</ele></trkpt><trkpt lat="46.01525120250881" lon="7.741787225473672"><ele>1616.0999755859375</ele></trkpt><trkpt lat="46.01525120250881" lon="7.741787225473672"><ele>1616.0999755859375</ele></trkpt><trkpt lat="46.01525120250881" lon="7.741787225473672"><ele>1616.0999755859375</ele></trkpt><trkpt lat="46.01525120250881" lon="7.741787225473672"><ele>1616.0999755859375</ele></trkpt><trkpt lat="46.01525120250881" lon="7.741787225473672"><ele>1616.0999755859375</ele></trkpt><trkpt lat="46.01525120250881" lon="7.741787225473672"><ele>1616.0999755859375</ele></trkpt><trkpt lat="46.01525120250881" lon="7.741787225473672"><ele>1616.0999755859375</ele></trkpt><trkpt lat="46.01525120250881" lon="7.741787225473672"><ele>1616.0999755859375</ele></trkpt><trkpt lat="46.01525120250881" lon="7.741787225473672"><ele>1616.0999755859375</ele></trkpt><trkpt lat="46.01525032054633" lon="7.741780764888972"><ele>1616.0999755859375</ele></trkpt><trkpt lat="46.015260191168636" lon="7.741789857391268"><ele>1616.0</ele></trkpt><trkpt lat="46.01534003484994" lon="7.741870348341763"><ele>1615.6999816894531</ele></trkpt><trkpt lat="46.01561991637573" lon="7.742159818299115"><ele>1614.1999816894531</ele></trkpt><trkpt lat="46.01574010401964" lon="7.742290887981653"><ele>1614.2999877929688</ele></trkpt><trkpt lat="46.015963449608535" lon="7.742529694456607"><ele>1614.5</ele></trkpt><trkpt lat="46.016019904986024" lon="7.742610057815909"><ele>1614.1999816894531</ele></trkpt><trkpt lat="46.016079906374216" lon="7.742709808051586"><ele>1614.1999816894531</ele></trkpt><trkpt lat="46.01614247029647" lon="7.742859927471727"><ele>1614.0999755859375</ele></trkpt><trkpt lat="46.016201488208026" lon="7.742990660015494"><ele>1614.3999938964844</ele></trkpt><trkpt lat="46.01626040181145" lon="7.7431601267308"><ele>1614.0999755859375</ele></trkpt><trkpt lat="46.0163202942349" lon="7.743299902882427"><ele>1613.7999877929688</ele></trkpt><trkpt lat="46.01637026388198" lon="7.743449953384697"><ele>1613.3999938964844</ele></trkpt><trkpt lat="46.016410471405834" lon="7.743550886400044"><ele>1612.7999877929688</ele></trkpt><trkpt lat="46.016410446725786" lon="7.743559923954308"><ele>1612.6999816894531</ele></trkpt><trkpt lat="46.016419428400695" lon="7.743565138895065"><ele>1612.6999816894531</ele></trkpt><trkpt lat="46.016419428400695" lon="7.743565138895065"><ele>1612.6999816894531</ele></trkpt><trkpt lat="46.016419428400695" lon="7.743565138895065"><ele>1612.6999816894531</ele></trkpt><trkpt lat="46.016419428400695" lon="7.743565138895065"><ele>1612.6999816894531</ele></trkpt><trkpt lat="46.016419428400695" lon="7.743565138895065"><ele>1612.6999816894531</ele></trkpt><trkpt lat="46.016419428400695" lon="7.743565138895065"><ele>1612.6999816894531</ele></trkpt><trkpt lat="46.016419428400695" lon="7.743565138895065"><ele>1612.6999816894531</ele></trkpt><trkpt lat="46.016419428400695" lon="7.743565138895065"><ele>1612.6999816894531</ele></trkpt><trkpt lat="46.016419428400695" lon="7.743565138895065"><ele>1612.6999816894531</ele></trkpt><trkpt lat="46.016419428400695" lon="7.743565138895065"><ele>1612.6999816894531</ele></trkpt><trkpt lat="46.016419428400695" lon="7.743565138895065"><ele>1612.6999816894531</ele></trkpt><trkpt lat="46.016419428400695" lon="7.743565138895065"><ele>1612.6999816894531</ele></trkpt><trkpt lat="46.016410446725786" lon="7.743559923954308"><ele>1612.6999816894531</ele></trkpt><trkpt lat="46.01645346079022" lon="7.743620847351849"><ele>1612.5999755859375</ele></trkpt><trkpt lat="46.016480286139995" lon="7.743680389132351"><ele>1612.5</ele></trkpt><trkpt lat="46.016530443914235" lon="7.743760719895363"><ele>1612.3999938964844</ele></trkpt><trkpt lat="46.01687018480152" lon="7.744200313463807"><ele>1611.5999755859375</ele></trkpt><trkpt lat="46.017139948904514" lon="7.7445697989314795"><ele>1610.5</ele></trkpt><trkpt lat="46.01721343770623" lon="7.744670919608325"><ele>1610.0999755859375</ele></trkpt><trkpt lat="46.0172500773333" lon="7.744760214816779"><ele>1610.0</ele></trkpt><trkpt lat="46.01725905528292" lon="7.744766720570624"><ele>1610.0</ele></trkpt><trkpt lat="46.01725905528292" lon="7.744766720570624"><ele>1610.0</ele></trkpt><trkpt lat="46.01725905528292" lon="7.744766720570624"><ele>1610.0</ele></trkpt><trkpt lat="46.01725905528292" lon="7.744766720570624"><ele>1610.0</ele></trkpt><trkpt lat="46.01725905528292" lon="7.744766720570624"><ele>1610.0</ele></trkpt><trkpt lat="46.01725905528292" lon="7.744766720570624"><ele>1610.0</ele></trkpt><trkpt lat="46.01725905528292" lon="7.744766720570624"><ele>1610.0</ele></trkpt><trkpt lat="46.01725905528292" lon="7.744766720570624"><ele>1610.0</ele></trkpt><trkpt lat="46.01725905528292" lon="7.744766720570624"><ele>1610.0</ele></trkpt><trkpt lat="46.01725905528292" lon="7.744766720570624"><ele>1610.0</ele></trkpt><trkpt lat="46.01725905528292" lon="7.744766720570624"><ele>1610.0</ele></trkpt><trkpt lat="46.01725905528292" lon="7.744766720570624"><ele>1610.0</ele></trkpt><trkpt lat="46.0172500773333" lon="7.744760214816779"><ele>1610.0</ele></trkpt><trkpt lat="46.01725991955027" lon="7.744779637083411"><ele>1610.0</ele></trkpt><trkpt lat="46.01731004891917" lon="7.744870299007744"><ele>1609.8999938964844</ele></trkpt><trkpt lat="46.01735022990033" lon="7.744980272836983"><ele>1609.7999877929688</ele></trkpt><trkpt lat="46.017340254504234" lon="7.745009913574904"><ele>1609.8999938964844</ele></trkpt><trkpt lat="46.01725989440456" lon="7.7451205044053495"><ele>1610.0999755859375</ele></trkpt><trkpt lat="46.01724994648248" lon="7.745139816310257"><ele>1610.0999755859375</ele></trkpt><trkpt lat="46.01749021280557" lon="7.745769959874451"><ele>1608.8999938964844</ele></trkpt><trkpt lat="46.0175403165631" lon="7.7458696607500315"><ele>1608.7999877929688</ele></trkpt><trkpt lat="46.017542091198266" lon="7.745878709014505"><ele>1608.7999877929688</ele></trkpt><trkpt lat="46.017542091198266" lon="7.745878709014505"><ele>1608.7999877929688</ele></trkpt><trkpt lat="46.017542091198266" lon="7.745878709014505"><ele>1608.7999877929688</ele></trkpt><trkpt lat="46.017542091198266" lon="7.745878709014505"><ele>1608.7999877929688</ele></trkpt><trkpt lat="46.017542091198266" lon="7.745878709014505"><ele>1608.7999877929688</ele></trkpt><trkpt lat="46.017542091198266" lon="7.745878709014505"><ele>1608.7999877929688</ele></trkpt><trkpt lat="46.017542091198266" lon="7.745878709014505"><ele>1608.7999877929688</ele></trkpt><trkpt lat="46.017542091198266" lon="7.745878709014505"><ele>1608.7999877929688</ele></trkpt><trkpt lat="46.017542091198266" lon="7.745878709014505"><ele>1608.7999877929688</ele></trkpt><trkpt lat="46.017542091198266" lon="7.745878709014505"><ele>1608.7999877929688</ele></trkpt><trkpt lat="46.017542091198266" lon="7.745878709014505"><ele>1608.7999877929688</ele></trkpt><trkpt lat="46.017542091198266" lon="7.745878709014505"><ele>1608.7999877929688</ele></trkpt><trkpt lat="46.0175403165631" lon="7.7458696607500315"><ele>1608.7999877929688</ele></trkpt><trkpt lat="46.01755010243505" lon="7.745909742079675"><ele>1608.6999816894531</ele></trkpt><trkpt lat="46.01772998459637" lon="7.746250330004841"><ele>1608.1999816894531</ele></trkpt><trkpt lat="46.01817037956789" lon="7.747050755657256"><ele>1606.5999755859375</ele></trkpt><trkpt lat="46.018350343219936" lon="7.747360363136977"><ele>1606.5999755859375</ele></trkpt><trkpt lat="46.01863348064944" lon="7.747769976966083"><ele>1605.8999938964844</ele></trkpt><trkpt lat="46.01884045265615" lon="7.748070703353733"><ele>1605.1999816894531</ele></trkpt><trkpt lat="46.01892023580149" lon="7.7481718682684"><ele>1605.1999816894531</ele></trkpt><trkpt lat="46.019022485241294" lon="7.748280907049775"><ele>1604.7999877929688</ele></trkpt><trkpt lat="46.01909243315458" lon="7.748360066208988"><ele>1604.5999755859375</ele></trkpt><trkpt lat="46.019130104221404" lon="7.748400306329131"><ele>1604.2999877929688</ele></trkpt><trkpt lat="46.01913729682565" lon="7.748401638586074"><ele>1604.2999877929688</ele></trkpt><trkpt lat="46.01913729682565" lon="7.748401638586074"><ele>1604.2999877929688</ele></trkpt><trkpt lat="46.01913729682565" lon="7.748401638586074"><ele>1604.2999877929688</ele></trkpt><trkpt lat="46.01913729682565" lon="7.748401638586074"><ele>1604.2999877929688</ele></trkpt><trkpt lat="46.01913729682565" lon="7.748401638586074"><ele>1604.2999877929688</ele></trkpt><trkpt lat="46.01913729682565" lon="7.748401638586074"><ele>1604.2999877929688</ele></trkpt><trkpt lat="46.01913729682565" lon="7.748401638586074"><ele>1604.2999877929688</ele></trkpt><trkpt lat="46.01913729682565" lon="7.748401638586074"><ele>1604.2999877929688</ele></trkpt><trkpt lat="46.01913729682565" lon="7.748401638586074"><ele>1604.2999877929688</ele></trkpt><trkpt lat="46.01913729682565" lon="7.748401638586074"><ele>1604.2999877929688</ele></trkpt><trkpt lat="46.01913729682565" lon="7.748401638586074"><ele>1604.2999877929688</ele></trkpt><trkpt lat="46.01913729682565" lon="7.748401638586074"><ele>1604.2999877929688</ele></trkpt><trkpt lat="46.01913729682565" lon="7.748401638586074"><ele>1604.2999877929688</ele></trkpt><trkpt lat="46.01913729682565" lon="7.748401638586074"><ele>1604.2999877929688</ele></trkpt><trkpt lat="46.01913729682565" lon="7.748401638586074"><ele>1604.2999877929688</ele></trkpt><trkpt lat="46.01913729682565" lon="7.748401638586074"><ele>1604.2999877929688</ele></trkpt><trkpt lat="46.019130104221404" lon="7.748400306329131"><ele>1604.2999877929688</ele></trkpt><trkpt lat="46.01925036916509" lon="7.748500410001725"><ele>1604.0999755859375</ele></trkpt><trkpt lat="46.019372429698706" lon="7.748601815197617"><ele>1603.7999877929688</ele></trkpt><trkpt lat="46.019512463361025" lon="7.748709778301418"><ele>1603.3999938964844</ele></trkpt><trkpt lat="46.01965346746147" lon="7.748791923280805"><ele>1603.0</ele></trkpt><trkpt lat="46.01978008961305" lon="7.748870113864541"><ele>1603.1999816894531</ele></trkpt><trkpt lat="46.01988250203431" lon="7.748919760342687"><ele>1603.1999816894531</ele></trkpt><trkpt lat="46.01988250203431" lon="7.748919760342687"><ele>1603.1999816894531</ele></trkpt><trkpt lat="46.01988250203431" lon="7.748919760342687"><ele>1603.1999816894531</ele></trkpt><trkpt lat="46.01988250203431" lon="7.748919760342687"><ele>1603.1999816894531</ele></trkpt><trkpt lat="46.01988250203431" lon="7.748919760342687"><ele>1603.1999816894531</ele></trkpt><trkpt lat="46.01988250203431" lon="7.748919760342687"><ele>1603.1999816894531</ele></trkpt><trkpt lat="46.01988250203431" lon="7.748919760342687"><ele>1603.1999816894531</ele></trkpt><trkpt lat="46.01988250203431" lon="7.748919760342687"><ele>1603.1999816894531</ele></trkpt><trkpt lat="46.01988250203431" lon="7.748919760342687"><ele>1603.1999816894531</ele></trkpt><trkpt lat="46.01988250203431" lon="7.748919760342687"><ele>1603.1999816894531</ele></trkpt><trkpt lat="46.01988250203431" lon="7.748919760342687"><ele>1603.1999816894531</ele></trkpt><trkpt lat="46.01988250203431" lon="7.748919760342687"><ele>1603.1999816894531</ele></trkpt><trkpt lat="46.01988250203431" lon="7.748919760342687"><ele>1603.1999816894531</ele></trkpt><trkpt lat="46.01988250203431" lon="7.748919760342687"><ele>1603.1999816894531</ele></trkpt><trkpt lat="46.01988250203431" lon="7.748919760342687"><ele>1603.1999816894531</ele></trkpt><trkpt lat="46.01988250203431" lon="7.748919760342687"><ele>1603.1999816894531</ele></trkpt><trkpt lat="46.01988250203431" lon="7.748919760342687"><ele>1603.1999816894531</ele></trkpt><trkpt lat="46.01988250203431" lon="7.748919760342687"><ele>1603.1999816894531</ele></trkpt><trkpt lat="46.01993012055755" lon="7.748940689954907"><ele>1603.1999816894531</ele></trkpt><trkpt lat="46.02005047071725" lon="7.749009806662798"><ele>1603.0999755859375</ele></trkpt><trkpt lat="46.020103433635086" lon="7.749050134792924"><ele>1603.0999755859375</ele></trkpt><trkpt lat="46.02055347710848" lon="7.7492799437604845"><ele>1603.0</ele></trkpt><trkpt lat="46.02056245459244" lon="7.749286450911313"><ele>1603.0</ele></trkpt><trkpt lat="46.02056245459244" lon="7.749286450911313"><ele>1603.0</ele></trkpt><trkpt lat="46.02056245459244" lon="7.749286450911313"><ele>1603.0</ele></trkpt><trkpt lat="46.02056245459244" lon="7.749286450911313"><ele>1603.0</ele></trkpt><trkpt lat="46.02056245459244" lon="7.749286450911313"><ele>1603.0</ele></trkpt><trkpt lat="46.02056245459244" lon="7.749286450911313"><ele>1603.0</ele></trkpt><trkpt lat="46.02056245459244" lon="7.749286450911313"><ele>1603.0</ele></trkpt><trkpt lat="46.02056245459244" lon="7.749286450911313"><ele>1603.0</ele></trkpt><trkpt lat="46.02056245459244" lon="7.749286450911313"><ele>1603.0</ele></trkpt><trkpt lat="46.02056245459244" lon="7.749286450911313"><ele>1603.0</ele></trkpt><trkpt lat="46.02056245459244" lon="7.749286450911313"><ele>1603.0</ele></trkpt><trkpt lat="46.02056245459244" lon="7.749286450911313"><ele>1603.0</ele></trkpt><trkpt lat="46.02056245459244" lon="7.749286450911313"><ele>1603.0</ele></trkpt><trkpt lat="46.02056245459244" lon="7.749286450911313"><ele>1603.0</ele></trkpt><trkpt lat="46.02056245459244" lon="7.749286450911313"><ele>1603.0</ele></trkpt><trkpt lat="46.02056245459244" lon="7.749286450911313"><ele>1603.0</ele></trkpt><trkpt lat="46.02055347710848" lon="7.7492799437604845"><ele>1603.0</ele></trkpt><trkpt lat="46.020690015051514" lon="7.749350445345044"><ele>1603.0</ele></trkpt><trkpt lat="46.02065991796553" lon="7.749500059057027"><ele>1603.1999816894531</ele></trkpt><trkpt lat="46.02062995219603" lon="7.749601897317916"><ele>1603.5</ele></trkpt><trkpt lat="46.02058003982529" lon="7.749760436825454"><ele>1603.7999877929688</ele></trkpt><trkpt lat="46.02059004502371" lon="7.749720465391874"><ele>1603.5999755859375</ele></trkpt><trkpt lat="46.02059812331572" lon="7.749726967420429"><ele>1603.5999755859375</ele></trkpt><trkpt lat="46.02059812331572" lon="7.749726967420429"><ele>1603.5999755859375</ele></trkpt><trkpt lat="46.02059812331572" lon="7.749726967420429"><ele>1603.5999755859375</ele></trkpt><trkpt lat="46.02059812331572" lon="7.749726967420429"><ele>1603.5999755859375</ele></trkpt><trkpt lat="46.02059812331572" lon="7.749726967420429"><ele>1603.5999755859375</ele></trkpt><trkpt lat="46.02059812331572" lon="7.749726967420429"><ele>1603.5999755859375</ele></trkpt><trkpt lat="46.02059812331572" lon="7.749726967420429"><ele>1603.5999755859375</ele></trkpt><trkpt lat="46.02059812331572" lon="7.749726967420429"><ele>1603.5999755859375</ele></trkpt><trkpt lat="46.02059812331572" lon="7.749726967420429"><ele>1603.5999755859375</ele></trkpt><trkpt lat="46.02059812331572" lon="7.749726967420429"><ele>1603.5999755859375</ele></trkpt><trkpt lat="46.02059812331572" lon="7.749726967420429"><ele>1603.5999755859375</ele></trkpt><trkpt lat="46.02059812331572" lon="7.749726967420429"><ele>1603.5999755859375</ele></trkpt><trkpt lat="46.02059812331572" lon="7.749726967420429"><ele>1603.5999755859375</ele></trkpt><trkpt lat="46.02059812331572" lon="7.749726967420429"><ele>1603.5999755859375</ele></trkpt><trkpt lat="46.02059812331572" lon="7.749726967420429"><ele>1603.5999755859375</ele></trkpt><trkpt lat="46.02059812331572" lon="7.749726967420429"><ele>1603.5999755859375</ele></trkpt><trkpt lat="46.02059004502371" lon="7.749720465391874"><ele>1603.5999755859375</ele></trkpt><trkpt lat="46.02058003982529" lon="7.749760436825454"><ele>1603.7999877929688</ele></trkpt><trkpt lat="46.02053012419492" lon="7.749920267611742"><ele>1605.1999816894531</ele></trkpt><trkpt lat="46.02050035726279" lon="7.749949797056615"><ele>1605.5</ele></trkpt><trkpt lat="46.02048143837601" lon="7.749960019718856"><ele>1605.5999755859375</ele></trkpt><trkpt lat="46.02044997969642" lon="7.749950801953673"><ele>1605.7999877929688</ele></trkpt><trkpt lat="46.02043021842837" lon="7.749940359964967"><ele>1605.7999877929688</ele></trkpt><trkpt lat="46.0203799828887" lon="7.749889716040343"><ele>1606.0999755859375</ele></trkpt><trkpt lat="46.0203100326471" lon="7.749811844434589"><ele>1606.3999938964844</ele></trkpt><trkpt lat="46.02015044167638" lon="7.749619835522026"><ele>1607.2999877929688</ele></trkpt><trkpt lat="46.02009030804038" lon="7.749570427462459"><ele>1607.1999816894531</ele></trkpt><trkpt lat="46.02006247546524" lon="7.749550900887698"><ele>1607.2999877929688</ele></trkpt><trkpt lat="46.02000046428293" lon="7.749529889319092"><ele>1607.5999755859375</ele></trkpt><trkpt lat="46.01978026609868" lon="7.749460204970092"><ele>1608.8999938964844</ele></trkpt><trkpt lat="46.019591498188674" lon="7.7494100676849484"><ele>1609.8999938964844</ele></trkpt><trkpt lat="46.019521416164935" lon="7.74937997199595"><ele>1610.2999877929688</ele></trkpt><trkpt lat="46.019361483398825" lon="7.7493119216524065"><ele>1610.8999938964844</ele></trkpt><trkpt lat="46.01923028938472" lon="7.749260820448399"><ele>1611.3999938964844</ele></trkpt><trkpt lat="46.01913150353357" lon="7.749200864695013"><ele>1611.6999816894531</ele></trkpt><trkpt lat="46.01903004385531" lon="7.749131855554879"><ele>1611.7999877929688</ele></trkpt><trkpt lat="46.01881017908454" lon="7.7489408031105995"><ele>1612.0999755859375</ele></trkpt><trkpt lat="46.01881106430665" lon="7.748945972882211"><ele>1612.0999755859375</ele></trkpt><trkpt lat="46.01881106430665" lon="7.748945972882211"><ele>1612.0999755859375</ele></trkpt><trkpt lat="46.01881106430665" lon="7.748945972882211"><ele>1612.0999755859375</ele></trkpt><trkpt lat="46.01881106430665" lon="7.748945972882211"><ele>1612.0999755859375</ele></trkpt><trkpt lat="46.01881106430665" lon="7.748945972882211"><ele>1612.0999755859375</ele></trkpt><trkpt lat="46.01881106430665" lon="7.748945972882211"><ele>1612.0999755859375</ele></trkpt><trkpt lat="46.01881106430665" lon="7.748945972882211"><ele>1612.0999755859375</ele></trkpt><trkpt lat="46.01881106430665" lon="7.748945972882211"><ele>1612.0999755859375</ele></trkpt><trkpt lat="46.01881106430665" lon="7.748945972882211"><ele>1612.0999755859375</ele></trkpt><trkpt lat="46.01881106430665" lon="7.748945972882211"><ele>1612.0999755859375</ele></trkpt><trkpt lat="46.01881106430665" lon="7.748945972882211"><ele>1612.0999755859375</ele></trkpt><trkpt lat="46.01881106430665" lon="7.748945972882211"><ele>1612.0999755859375</ele></trkpt><trkpt lat="46.01881106430665" lon="7.748945972882211"><ele>1612.0999755859375</ele></trkpt><trkpt lat="46.01881106430665" lon="7.748945972882211"><ele>1612.0999755859375</ele></trkpt><trkpt lat="46.01881106430665" lon="7.748945972882211"><ele>1612.0999755859375</ele></trkpt><trkpt lat="46.01881106430665" lon="7.748945972882211"><ele>1612.0999755859375</ele></trkpt><trkpt lat="46.01881017908454" lon="7.7489408031105995"><ele>1612.0999755859375</ele></trkpt><trkpt lat="46.018711450044066" lon="7.748860189691186"><ele>1612.2999877929688</ele></trkpt><trkpt lat="46.01853996468708" lon="7.74874042859301"><ele>1612.6999816894531</ele></trkpt><trkpt lat="46.01838992442936" lon="7.749000399839133"><ele>1613.6999816894531</ele></trkpt><trkpt lat="46.01829045312479" lon="7.749189641326666"><ele>1614.3999938964844</ele></trkpt><trkpt lat="46.01821003202349" lon="7.749320886097848"><ele>1614.5999755859375</ele></trkpt><trkpt lat="46.018180155195296" lon="7.749390440993011"><ele>1614.6999816894531</ele></trkpt><trkpt lat="46.018160226754844" lon="7.749440683983266"><ele>1614.8999938964844</ele></trkpt><trkpt lat="46.01814021309838" lon="7.749521915335208"><ele>1615.0</ele></trkpt><trkpt lat="46.018130047712475" lon="7.749619987793267"><ele>1615.1999816894531</ele></trkpt><trkpt lat="46.018141492735595" lon="7.749710435513407"><ele>1615.5</ele></trkpt><trkpt lat="46.01815029606223" lon="7.749780209735036"><ele>1615.5999755859375</ele></trkpt><trkpt lat="46.01816989341751" lon="7.749850044958293"><ele>1615.6999816894531</ele></trkpt><trkpt lat="46.018210098613054" lon="7.749949694611132"><ele>1615.8999938964844</ele></trkpt><trkpt lat="46.018270147033036" lon="7.750030089635402"><ele>1616.2999877929688</ele></trkpt><trkpt lat="46.018330252263695" lon="7.750089826062322"><ele>1616.7999877929688</ele></trkpt><trkpt lat="46.018372448626906" lon="7.750119763426483"><ele>1617.0999755859375</ele></trkpt><trkpt lat="46.01844247011468" lon="7.7501718094572425"><ele>1617.5999755859375</ele></trkpt><trkpt lat="46.018443344626576" lon="7.750180853065103"><ele>1617.5999755859375</ele></trkpt><trkpt lat="46.018443344626576" lon="7.750180853065103"><ele>1617.5999755859375</ele></trkpt><trkpt lat="46.018443344626576" lon="7.750180853065103"><ele>1617.5999755859375</ele></trkpt><trkpt lat="46.018443344626576" lon="7.750180853065103"><ele>1617.5999755859375</ele></trkpt><trkpt lat="46.018443344626576" lon="7.750180853065103"><ele>1617.5999755859375</ele></trkpt><trkpt lat="46.018443344626576" lon="7.750180853065103"><ele>1617.5999755859375</ele></trkpt><trkpt lat="46.018443344626576" lon="7.750180853065103"><ele>1617.5999755859375</ele></trkpt><trkpt lat="46.018443344626576" lon="7.750180853065103"><ele>1617.5999755859375</ele></trkpt><trkpt lat="46.018443344626576" lon="7.750180853065103"><ele>1617.5999755859375</ele></trkpt><trkpt lat="46.018443344626576" lon="7.750180853065103"><ele>1617.5999755859375</ele></trkpt><trkpt lat="46.018443344626576" lon="7.750180853065103"><ele>1617.5999755859375</ele></trkpt><trkpt lat="46.018443344626576" lon="7.750180853065103"><ele>1617.5999755859375</ele></trkpt><trkpt lat="46.018443344626576" lon="7.750180853065103"><ele>1617.5999755859375</ele></trkpt><trkpt lat="46.018443344626576" lon="7.750180853065103"><ele>1617.5999755859375</ele></trkpt><trkpt lat="46.018443344626576" lon="7.750180853065103"><ele>1617.5999755859375</ele></trkpt><trkpt lat="46.018443344626576" lon="7.750180853065103"><ele>1617.5999755859375</ele></trkpt><trkpt lat="46.01844247011468" lon="7.7501718094572425"><ele>1617.5999755859375</ele></trkpt><trkpt lat="46.0186399621889" lon="7.750320129096508"><ele>1618.0999755859375</ele></trkpt><trkpt lat="46.01875038444996" lon="7.750400811899453"><ele>1618.1999816894531</ele></trkpt><trkpt lat="46.01924147596583" lon="7.750749651808292"><ele>1620.1999816894531</ele></trkpt><trkpt lat="46.01954041514546" lon="7.750970862340182"><ele>1621.0999755859375</ele></trkpt><trkpt lat="46.01954041514546" lon="7.750970862340182"><ele>1621.0999755859375</ele></trkpt><trkpt lat="46.01954041514546" lon="7.750970862340182"><ele>1621.0999755859375</ele></trkpt><trkpt lat="46.01954041514546" lon="7.750970862340182"><ele>1621.0999755859375</ele></trkpt><trkpt lat="46.01954041514546" lon="7.750970862340182"><ele>1621.0999755859375</ele></trkpt><trkpt lat="46.01954041514546" lon="7.750970862340182"><ele>1621.0999755859375</ele></trkpt><trkpt lat="46.01954041514546" lon="7.750970862340182"><ele>1621.0999755859375</ele></trkpt><trkpt lat="46.01954041514546" lon="7.750970862340182"><ele>1621.0999755859375</ele></trkpt><trkpt lat="46.01954041514546" lon="7.750970862340182"><ele>1621.0999755859375</ele></trkpt><trkpt lat="46.01954041514546" lon="7.750970862340182"><ele>1621.0999755859375</ele></trkpt><trkpt lat="46.01954041514546" lon="7.750970862340182"><ele>1621.0999755859375</ele></trkpt><trkpt lat="46.01954041514546" lon="7.750970862340182"><ele>1621.0999755859375</ele></trkpt><trkpt lat="46.01954041514546" lon="7.750970862340182"><ele>1621.0999755859375</ele></trkpt><trkpt lat="46.01954041514546" lon="7.750970862340182"><ele>1621.0999755859375</ele></trkpt><trkpt lat="46.01954041514546" lon="7.750970862340182"><ele>1621.0999755859375</ele></trkpt><trkpt lat="46.01954041514546" lon="7.750970862340182"><ele>1621.0999755859375</ele></trkpt><trkpt lat="46.01954041514546" lon="7.750970862340182"><ele>1621.0999755859375</ele></trkpt><trkpt lat="46.01954041514546" lon="7.750970862340182"><ele>1621.0999755859375</ele></trkpt><trkpt lat="46.01959250634536" lon="7.751000857912004"><ele>1622.0</ele></trkpt><trkpt lat="46.01964007457718" lon="7.751039865426719"><ele>1622.1999816894531</ele></trkpt><trkpt lat="46.01966343401" lon="7.751050328835845"><ele>1622.2999877929688</ele></trkpt><trkpt lat="46.01990044442937" lon="7.751220831181854"><ele>1624.1999816894531</ele></trkpt><trkpt lat="46.02000996982679" lon="7.751300221774727"><ele>1625.0999755859375</ele></trkpt><trkpt lat="46.02004044363275" lon="7.751340423710644"><ele>1625.5</ele></trkpt><trkpt lat="46.0200699637644" lon="7.75139998877421"><ele>1626.2999877929688</ele></trkpt><trkpt lat="46.02014249376953" lon="7.751520487945527"><ele>1627.1999816894531</ele></trkpt><trkpt lat="46.02017024345696" lon="7.751569713465869"><ele>1627.5999755859375</ele></trkpt><trkpt lat="46.02021243935451" lon="7.751599652692676"><ele>1627.7999877929688</ele></trkpt><trkpt lat="46.02024026820436" lon="7.7516204714775085"><ele>1628.0999755859375</ele></trkpt><trkpt lat="46.02026995271444" lon="7.751620641443878"><ele>1628.2999877929688</ele></trkpt><trkpt lat="46.02030146541074" lon="7.751610491424799"><ele>1628.7999877929688</ele></trkpt><trkpt lat="46.02035006927326" lon="7.75160043919459"><ele>1629.1999816894531</ele></trkpt><trkpt lat="46.02049146173522" lon="7.751541850157082"><ele>1630.6999816894531</ele></trkpt><trkpt lat="46.02054996043444" lon="7.75153185473755"><ele>1631.3999938964844</ele></trkpt><trkpt lat="46.020680454559624" lon="7.751510648988187"><ele>1632.5999755859375</ele></trkpt><trkpt lat="46.02084245439619" lon="7.751481875777245"><ele>1633.8999938964844</ele></trkpt><trkpt lat="46.02093246905133" lon="7.751460439059883"><ele>1634.8999938964844</ele></trkpt><trkpt lat="46.02098014485091" lon="7.751460711471736"><ele>1635.5999755859375</ele></trkpt><trkpt lat="46.02102149883285" lon="7.751469986513257"><ele>1636.0999755859375</ele></trkpt><trkpt lat="46.02105022687465" lon="7.751490810420364"><ele>1636.5999755859375</ele></trkpt><trkpt lat="46.02106996299699" lon="7.751510292291641"><ele>1636.7999877929688</ele></trkpt><trkpt lat="46.02111030276865" lon="7.751560881733894"><ele>1637.2999877929688</ele></trkpt><trkpt lat="46.02122045215219" lon="7.751739704981446"><ele>1639.1999816894531</ele></trkpt><trkpt lat="46.021262508351356" lon="7.751820003148168"><ele>1639.8999938964844</ele></trkpt><trkpt lat="46.02129022590816" lon="7.751880851108581"><ele>1640.2999877929688</ele></trkpt><trkpt lat="46.02129011461511" lon="7.751920879352838"><ele>1640.5999755859375</ele></trkpt><trkpt lat="46.021290003787726" lon="7.751960908062756"><ele>1640.8999938964844</ele></trkpt><trkpt lat="46.021279972512275" lon="7.752009918447584"><ele>1641.3999938964844</ele></trkpt><trkpt lat="46.02125009056181" lon="7.752080766949803"><ele>1641.8999938964844</ele></trkpt><trkpt lat="46.02124005975202" lon="7.7521297773346305"><ele>1642.1999816894531</ele></trkpt><trkpt lat="46.021230078767985" lon="7.752160710748285"><ele>1642.3999938964844</ele></trkpt><trkpt lat="46.02122996747494" lon="7.752200738992542"><ele>1642.6999816894531</ele></trkpt><trkpt lat="46.021242449991405" lon="7.7522408394142985"><ele>1643.0</ele></trkpt><trkpt lat="46.02125045983121" lon="7.752271875739098"><ele>1643.3999938964844</ele></trkpt><trkpt lat="46.02127019921318" lon="7.752290066331625"><ele>1643.6999816894531</ele></trkpt><trkpt lat="46.02130250027403" lon="7.752319950144738"><ele>1644.0999755859375</ele></trkpt><trkpt lat="46.02134022349492" lon="7.7523408266715705"><ele>1644.5999755859375</ele></trkpt><trkpt lat="46.02146242093295" lon="7.7523918859660625"><ele>1646.0</ele></trkpt><trkpt lat="46.02149025676772" lon="7.752410123124719"><ele>1646.2999877929688</ele></trkpt><trkpt lat="46.02152348589152" lon="7.752429682761431"><ele>1646.6999816894531</ele></trkpt><trkpt lat="46.021550360601395" lon="7.752469866070896"><ele>1647.2999877929688</ele></trkpt><trkpt lat="46.0215700105764" lon="7.752520338166505"><ele>1648.0999755859375</ele></trkpt><trkpt lat="46.02159145940095" lon="7.752570820506662"><ele>1648.3999938964844</ele></trkpt><trkpt lat="46.02159042377025" lon="7.752619882579893"><ele>1648.6999816894531</ele></trkpt><trkpt lat="46.021590061020106" lon="7.752750298473984"><ele>1649.2999877929688</ele></trkpt><trkpt lat="46.021583458874375" lon="7.752860018517822"><ele>1649.8999938964844</ele></trkpt><trkpt lat="46.02157145924866" lon="7.752969707362354"><ele>1650.8999938964844</ele></trkpt><trkpt lat="46.02153028221801" lon="7.753219977021217"><ele>1652.2999877929688</ele></trkpt><trkpt lat="46.0215199701488" lon="7.753369704354554"><ele>1653.5</ele></trkpt><trkpt lat="46.021527148317546" lon="7.7533762021921575"><ele>1653.5</ele></trkpt><trkpt lat="46.021527148317546" lon="7.7533762021921575"><ele>1653.5</ele></trkpt><trkpt lat="46.021527148317546" lon="7.7533762021921575"><ele>1653.5</ele></trkpt><trkpt lat="46.021527148317546" lon="7.7533762021921575"><ele>1653.5</ele></trkpt><trkpt lat="46.021527148317546" lon="7.7533762021921575"><ele>1653.5</ele></trkpt><trkpt lat="46.021527148317546" lon="7.7533762021921575"><ele>1653.5</ele></trkpt><trkpt lat="46.021527148317546" lon="7.7533762021921575"><ele>1653.5</ele></trkpt><trkpt lat="46.021527148317546" lon="7.7533762021921575"><ele>1653.5</ele></trkpt><trkpt lat="46.021527148317546" lon="7.7533762021921575"><ele>1653.5</ele></trkpt><trkpt lat="46.021527148317546" lon="7.7533762021921575"><ele>1653.5</ele></trkpt><trkpt lat="46.021527148317546" lon="7.7533762021921575"><ele>1653.5</ele></trkpt><trkpt lat="46.021527148317546" lon="7.7533762021921575"><ele>1653.5</ele></trkpt><trkpt lat="46.021527148317546" lon="7.7533762021921575"><ele>1653.5</ele></trkpt><trkpt lat="46.021527148317546" lon="7.7533762021921575"><ele>1653.5</ele></trkpt><trkpt lat="46.021527148317546" lon="7.7533762021921575"><ele>1653.5</ele></trkpt><trkpt lat="46.021527148317546" lon="7.7533762021921575"><ele>1653.5</ele></trkpt><trkpt lat="46.0215199701488" lon="7.753369704354554"><ele>1653.5</ele></trkpt><trkpt lat="46.02151047065854" lon="7.7535504275001585"><ele>1654.6999816894531</ele></trkpt><trkpt lat="46.02150018652901" lon="7.753689825069159"><ele>1655.6999816894531</ele></trkpt><trkpt lat="46.02150994120166" lon="7.753740240354091"><ele>1656.0999755859375</ele></trkpt><trkpt lat="46.0215224227868" lon="7.75378034170717"><ele>1656.3999938964844</ele></trkpt><trkpt lat="46.021530407015234" lon="7.753820416983217"><ele>1656.8999938964844</ele></trkpt><trkpt lat="46.02155997650698" lon="7.753861907403916"><ele>1657.2999877929688</ele></trkpt><trkpt lat="46.02158148633316" lon="7.753890439402312"><ele>1657.5</ele></trkpt><trkpt lat="46.02162011247128" lon="7.753910030703992"><ele>1657.8999938964844</ele></trkpt><trkpt lat="46.02166143339127" lon="7.7539309286512434"><ele>1658.2999877929688</ele></trkpt><trkpt lat="46.021760328672826" lon="7.753950867336243"><ele>1659.1999816894531</ele></trkpt><trkpt lat="46.02182051492855" lon="7.753980913199484"><ele>1659.7999877929688</ele></trkpt><trkpt lat="46.02186001185328" lon="7.754010839853436"><ele>1660.1999816894531</ele></trkpt><trkpt lat="46.02189051313326" lon="7.754040714818984"><ele>1660.5999755859375</ele></trkpt><trkpt lat="46.02199992490932" lon="7.754160142503679"><ele>1661.6999816894531</ele></trkpt><trkpt lat="46.02204023813829" lon="7.754219773691148"><ele>1662.0999755859375</ele></trkpt><trkpt lat="46.02207242697477" lon="7.754289688076824"><ele>1662.7999877929688</ele></trkpt><trkpt lat="46.022080270107836" lon="7.754380122758448"><ele>1663.5</ele></trkpt><trkpt lat="46.022102422546595" lon="7.754500339739025"><ele>1664.2999877929688</ele></trkpt><trkpt lat="46.02212004829198" lon="7.754630860872567"><ele>1665.2999877929688</ele></trkpt><trkpt lat="46.02215038333088" lon="7.75472013419494"><ele>1666.2999877929688</ele></trkpt><trkpt lat="46.0221924376674" lon="7.754800436552614"><ele>1666.7999877929688</ele></trkpt><trkpt lat="46.02222020737827" lon="7.754841917660087"><ele>1666.8999938964844</ele></trkpt><trkpt lat="46.02226145239547" lon="7.7548899333924055"><ele>1667.1999816894531</ele></trkpt><trkpt lat="46.02228023065254" lon="7.754930071532726"><ele>1667.5999755859375</ele></trkpt><trkpt lat="46.02231143601239" lon="7.755029680673033"><ele>1667.8999938964844</ele></trkpt><trkpt lat="46.02236049063504" lon="7.755179753527045"><ele>1669.0999755859375</ele></trkpt><trkpt lat="46.02238995116204" lon="7.755259983707219"><ele>1669.7999877929688</ele></trkpt><trkpt lat="46.02240144973621" lon="7.755329779814929"><ele>1670.1999816894531</ele></trkpt><trkpt lat="46.02241013338789" lon="7.755440880544484"><ele>1671.5</ele></trkpt><trkpt lat="46.02242031181231" lon="7.755660458467901"><ele>1673.2999877929688</ele></trkpt><trkpt lat="46.022443449590355" lon="7.755749691277742"><ele>1673.8999938964844</ele></trkpt><trkpt lat="46.02247026190162" lon="7.755811828654259"><ele>1674.3999938964844</ele></trkpt><trkpt lat="46.022503436077386" lon="7.755850759334862"><ele>1674.5999755859375</ele></trkpt><trkpt lat="46.022503421641886" lon="7.755855924449861"><ele>1674.5999755859375</ele></trkpt><trkpt lat="46.022503421641886" lon="7.755855924449861"><ele>1674.5999755859375</ele></trkpt><trkpt lat="46.022503421641886" lon="7.755855924449861"><ele>1674.5999755859375</ele></trkpt><trkpt lat="46.022503421641886" lon="7.755855924449861"><ele>1674.5999755859375</ele></trkpt><trkpt lat="46.022503421641886" lon="7.755855924449861"><ele>1674.5999755859375</ele></trkpt><trkpt lat="46.022503421641886" lon="7.755855924449861"><ele>1674.5999755859375</ele></trkpt><trkpt lat="46.022503421641886" lon="7.755855924449861"><ele>1674.5999755859375</ele></trkpt><trkpt lat="46.022503421641886" lon="7.755855924449861"><ele>1674.5999755859375</ele></trkpt><trkpt lat="46.022503421641886" lon="7.755855924449861"><ele>1674.5999755859375</ele></trkpt><trkpt lat="46.022503421641886" lon="7.755855924449861"><ele>1674.5999755859375</ele></trkpt><trkpt lat="46.022503421641886" lon="7.755855924449861"><ele>1674.5999755859375</ele></trkpt><trkpt lat="46.022503421641886" lon="7.755855924449861"><ele>1674.5999755859375</ele></trkpt><trkpt lat="46.022503421641886" lon="7.755855924449861"><ele>1674.5999755859375</ele></trkpt><trkpt lat="46.022503421641886" lon="7.755855924449861"><ele>1674.5999755859375</ele></trkpt><trkpt lat="46.022503421641886" lon="7.755855924449861"><ele>1674.5999755859375</ele></trkpt><trkpt lat="46.022503421641886" lon="7.755855924449861"><ele>1674.5999755859375</ele></trkpt><trkpt lat="46.022503436077386" lon="7.755850759334862"><ele>1674.5999755859375</ele></trkpt><trkpt lat="46.02252044016495" lon="7.755881848745048"><ele>1674.8999938964844</ele></trkpt><trkpt lat="46.02274024672806" lon="7.756089729256928"><ele>1677.3999938964844</ele></trkpt><trkpt lat="46.02283989964053" lon="7.756160037126392"><ele>1678.3999938964844</ele></trkpt><trkpt lat="46.02292251540348" lon="7.756210877094418"><ele>1679.5</ele></trkpt><trkpt lat="46.02296027075499" lon="7.756220134906471"><ele>1679.8999938964844</ele></trkpt><trkpt lat="46.02303043147549" lon="7.756221833173186"><ele>1680.5999755859375</ele></trkpt><trkpt lat="46.02313022920862" lon="7.756240490358323"><ele>1681.2999877929688</ele></trkpt><trkpt lat="46.023261482361704" lon="7.756269660312682"><ele>1682.6999816894531</ele></trkpt><trkpt lat="46.02330010058358" lon="7.756291836500168"><ele>1682.8999938964844</ele></trkpt><trkpt lat="46.02334050042555" lon="7.756320479791611"><ele>1683.6999816894531</ele></trkpt><trkpt lat="46.02343020308763" lon="7.756410100497305"><ele>1683.7999877929688</ele></trkpt><trkpt lat="46.02350020036101" lon="7.7564699072390795"><ele>1685.0999755859375</ele></trkpt><trkpt lat="46.02370037557557" lon="7.756620861589909"><ele>1685.7999877929688</ele></trkpt><trkpt lat="46.02380000287667" lon="7.756700211204588"><ele>1688.1999816894531</ele></trkpt><trkpt lat="46.023850209545344" lon="7.756759903393686"><ele>1687.7999877929688</ele></trkpt><trkpt lat="46.023882422130555" lon="7.756820782553405"><ele>1688.6999816894531</ele></trkpt><trkpt lat="46.02389031788334" lon="7.756891851313412"><ele>1689.0</ele></trkpt><trkpt lat="46.02389990678057" lon="7.757000377867371"><ele>1689.5999755859375</ele></trkpt><trkpt lat="46.023911433294415" lon="7.757059846073389"><ele>1689.8999938964844</ele></trkpt><trkpt lat="46.02392028644681" lon="7.757110259030014"><ele>1690.1999816894531</ele></trkpt><trkpt lat="46.02396146859974" lon="7.757180230226368"><ele>1691.0</ele></trkpt><trkpt lat="46.02398030459881" lon="7.757199709769338"><ele>1691.3999938964844</ele></trkpt><trkpt lat="46.0240324488841" lon="7.757210343610495"><ele>1691.8999938964844</ele></trkpt><trkpt lat="46.02408018242568" lon="7.757189960218966"><ele>1692.1999816894531</ele></trkpt><trkpt lat="46.02412251569331" lon="7.757170836441219"><ele>1692.1999816894531</ele></trkpt><trkpt lat="46.02416038373485" lon="7.757140064612031"><ele>1692.7999877929688</ele></trkpt><trkpt lat="46.0242199501954" lon="7.757070679683238"><ele>1693.8999938964844</ele></trkpt><trkpt lat="46.024261416867375" lon="7.757039928808808"><ele>1694.2999877929688</ele></trkpt><trkpt lat="46.024300125893205" lon="7.757029823027551"><ele>1694.5999755859375</ele></trkpt><trkpt lat="46.02438018517569" lon="7.7570302886888385"><ele>1695.3999938964844</ele></trkpt><trkpt lat="46.02446027332917" lon="7.757020423654467"><ele>1696.1999816894531</ele></trkpt><trkpt lat="46.024683475960046" lon="7.756980398669839"><ele>1698.1999816894531</ele></trkpt><trkpt lat="46.024800474289805" lon="7.756960417609662"><ele>1699.5999755859375</ele></trkpt><trkpt lat="46.024881458841264" lon="7.756951848976314"><ele>1700.5999755859375</ele></trkpt><trkpt lat="46.025150403380394" lon="7.756959869526327"><ele>1703.8999938964844</ele></trkpt><trkpt lat="46.02521243877709" lon="7.756971851922572"><ele>1704.5999755859375</ele></trkpt><trkpt lat="46.02524030255154" lon="7.756979762110859"><ele>1704.8999938964844</ele></trkpt><trkpt lat="46.02525016851723" lon="7.756990150548518"><ele>1705.3999938964844</ele></trkpt><trkpt lat="46.0252824970521" lon="7.757009708788246"><ele>1705.1999816894531</ele></trkpt><trkpt lat="46.025300345849246" lon="7.757060175295919"><ele>1705.3999938964844</ele></trkpt><trkpt lat="46.02533348696306" lon="7.75711073121056"><ele>1706.1999816894531</ele></trkpt><trkpt lat="46.02536019263789" lon="7.757210320793092"><ele>1706.8999938964844</ele></trkpt><trkpt lat="46.02537992782891" lon="7.757229805923998"><ele>1707.1999816894531</ele></trkpt><trkpt lat="46.02539249230176" lon="7.757240210194141"><ele>1707.2999877929688</ele></trkpt><trkpt lat="46.02539247041568" lon="7.757247957866639"><ele>1707.2999877929688</ele></trkpt><trkpt lat="46.02539247041568" lon="7.757247957866639"><ele>1707.2999877929688</ele></trkpt><trkpt lat="46.02539247041568" lon="7.757247957866639"><ele>1707.2999877929688</ele></trkpt><trkpt lat="46.02539247041568" lon="7.757247957866639"><ele>1707.2999877929688</ele></trkpt><trkpt lat="46.02539247041568" lon="7.757247957866639"><ele>1707.2999877929688</ele></trkpt><trkpt lat="46.02539247041568" lon="7.757247957866639"><ele>1707.2999877929688</ele></trkpt><trkpt lat="46.02539247041568" lon="7.757247957866639"><ele>1707.2999877929688</ele></trkpt><trkpt lat="46.02539247041568" lon="7.757247957866639"><ele>1707.2999877929688</ele></trkpt><trkpt lat="46.02539247041568" lon="7.757247957866639"><ele>1707.2999877929688</ele></trkpt><trkpt lat="46.02539247041568" lon="7.757247957866639"><ele>1707.2999877929688</ele></trkpt><trkpt lat="46.02539247041568" lon="7.757247957866639"><ele>1707.2999877929688</ele></trkpt><trkpt lat="46.02539247041568" lon="7.757247957866639"><ele>1707.2999877929688</ele></trkpt><trkpt lat="46.02539247041568" lon="7.757247957866639"><ele>1707.2999877929688</ele></trkpt><trkpt lat="46.02539247041568" lon="7.757247957866639"><ele>1707.2999877929688</ele></trkpt><trkpt lat="46.02539247041568" lon="7.757247957866639"><ele>1707.2999877929688</ele></trkpt><trkpt lat="46.02539247041568" lon="7.757247957866639"><ele>1707.2999877929688</ele></trkpt><trkpt lat="46.02539249230176" lon="7.757240210194141"><ele>1707.2999877929688</ele></trkpt><trkpt lat="46.025410399306566" lon="7.757270015310496"><ele>1707.3999938964844</ele></trkpt><trkpt lat="46.02545346412808" lon="7.757310298271477"><ele>1707.8999938964844</ele></trkpt><trkpt lat="46.02550015645102" lon="7.757340271491557"><ele>1708.7999877929688</ele></trkpt><trkpt lat="46.02558997180313" lon="7.7573898658156395"><ele>1710.0</ele></trkpt><trkpt lat="46.02569145243615" lon="7.75744985928759"><ele>1710.5</ele></trkpt><trkpt lat="46.02585035702214" lon="7.757561842445284"><ele>1712.5</ele></trkpt><trkpt lat="46.025990466587245" lon="7.757640140596777"><ele>1714.0</ele></trkpt><trkpt lat="46.02604348491877" lon="7.757659820374101"><ele>1714.7999877929688</ele></trkpt><trkpt lat="46.02608033688739" lon="7.757670366205275"><ele>1715.2999877929688</ele></trkpt><trkpt lat="46.02610015589744" lon="7.757660150527954"><ele>1715.5999755859375</ele></trkpt><trkpt lat="46.0261424635537" lon="7.757650066167116"><ele>1715.7999877929688</ele></trkpt><trkpt lat="46.02619025250897" lon="7.757610311731696"><ele>1716.2999877929688</ele></trkpt><trkpt lat="46.02622994501144" lon="7.757570510264486"><ele>1716.7999877929688</ele></trkpt><trkpt lat="46.026261487510055" lon="7.757550031878054"><ele>1717.3999938964844</ele></trkpt><trkpt lat="46.026320016011596" lon="7.757529710885137"><ele>1718.0</ele></trkpt><trkpt lat="46.02638031449169" lon="7.757519730832428"><ele>1718.5999755859375</ele></trkpt><trkpt lat="46.02645050780848" lon="7.757509808987379"><ele>1719.2999877929688</ele></trkpt><trkpt lat="46.02652247110382" lon="7.757510228082538"><ele>1720.0999755859375</ele></trkpt><trkpt lat="46.02658001240343" lon="7.757520894054323"><ele>1720.6999816894531</ele></trkpt><trkpt lat="46.02664025640115" lon="7.757530284579843"><ele>1721.5</ele></trkpt><trkpt lat="46.02670047059655" lon="7.757550006266683"><ele>1721.8999938964844</ele></trkpt><trkpt lat="46.02675348892808" lon="7.7575696860440075"><ele>1722.0999755859375</ele></trkpt><trkpt lat="46.02703015320003" lon="7.757710768375546"><ele>1725.7999877929688</ele></trkpt><trkpt lat="46.02710029203445" lon="7.757720216643065"><ele>1726.5</ele></trkpt><trkpt lat="46.02714344067499" lon="7.757730799727142"><ele>1727.0</ele></trkpt><trkpt lat="46.02720014099032" lon="7.757720798719674"><ele>1727.7999877929688</ele></trkpt><trkpt lat="46.027242448646575" lon="7.757710714358836"><ele>1728.1999816894531</ele></trkpt><trkpt lat="46.02745046885684" lon="7.757631859276444"><ele>1731.0</ele></trkpt><trkpt lat="46.027480186894536" lon="7.757620410062373"><ele>1731.2999877929688</ele></trkpt><trkpt lat="46.027499972842634" lon="7.75762181635946"><ele>1731.5</ele></trkpt><trkpt lat="46.0275404304266" lon="7.7576298005878925"><ele>1731.8999938964844</ele></trkpt><trkpt lat="46.027601486071944" lon="7.7576701901853085"><ele>1732.3999938964844</ele></trkpt><trkpt lat="46.02767151128501" lon="7.757719671819359"><ele>1732.5999755859375</ele></trkpt><trkpt lat="46.027710103895515" lon="7.757750890683383"><ele>1733.3999938964844</ele></trkpt><trkpt lat="46.02774150390178" lon="7.75778077589348"><ele>1733.8999938964844</ele></trkpt><trkpt lat="46.027770201675594" lon="7.757811937481165"><ele>1734.5</ele></trkpt><trkpt lat="46.027802450116724" lon="7.757859907578677"><ele>1735.0999755859375</ele></trkpt><trkpt lat="46.027820298448205" lon="7.757910376880318"><ele>1735.5</ele></trkpt><trkpt lat="46.027843489311635" lon="7.757980248890817"><ele>1736.0999755859375</ele></trkpt><trkpt lat="46.027883486356586" lon="7.758150949142873"><ele>1737.5</ele></trkpt><trkpt lat="46.027891443576664" lon="7.758200069423765"><ele>1737.6999816894531</ele></trkpt><trkpt lat="46.02792149037123" lon="7.758390082977712"><ele>1738.5999755859375</ele></trkpt><trkpt lat="46.02792146848515" lon="7.758397831581533"><ele>1738.5999755859375</ele></trkpt><trkpt lat="46.02792146848515" lon="7.758397831581533"><ele>1738.5999755859375</ele></trkpt><trkpt lat="46.02792146848515" lon="7.758397831581533"><ele>1738.5999755859375</ele></trkpt><trkpt lat="46.02792146848515" lon="7.758397831581533"><ele>1738.5999755859375</ele></trkpt><trkpt lat="46.02792146848515" lon="7.758397831581533"><ele>1738.5999755859375</ele></trkpt><trkpt lat="46.02792146848515" lon="7.758397831581533"><ele>1738.5999755859375</ele></trkpt><trkpt lat="46.02792146848515" lon="7.758397831581533"><ele>1738.5999755859375</ele></trkpt><trkpt lat="46.02792146848515" lon="7.758397831581533"><ele>1738.5999755859375</ele></trkpt><trkpt lat="46.02792146848515" lon="7.758397831581533"><ele>1738.5999755859375</ele></trkpt><trkpt lat="46.02792146848515" lon="7.758397831581533"><ele>1738.5999755859375</ele></trkpt><trkpt lat="46.02792146848515" lon="7.758397831581533"><ele>1738.5999755859375</ele></trkpt><trkpt lat="46.02792146848515" lon="7.758397831581533"><ele>1738.5999755859375</ele></trkpt><trkpt lat="46.02792146848515" lon="7.758397831581533"><ele>1738.5999755859375</ele></trkpt><trkpt lat="46.02792146848515" lon="7.758397831581533"><ele>1738.5999755859375</ele></trkpt><trkpt lat="46.02792146848515" lon="7.758397831581533"><ele>1738.5999755859375</ele></trkpt><trkpt lat="46.02792146848515" lon="7.758397831581533"><ele>1738.5999755859375</ele></trkpt><trkpt lat="46.02792149037123" lon="7.758390082977712"><ele>1738.5999755859375</ele></trkpt><trkpt lat="46.02793022617698" lon="7.75848182477057"><ele>1739.5</ele></trkpt><trkpt lat="46.02795046567917" lon="7.758640787564218"><ele>1740.7999877929688</ele></trkpt><trkpt lat="46.02801148639992" lon="7.759010490495712"><ele>1744.0</ele></trkpt><trkpt lat="46.02803009469062" lon="7.75911003863439"><ele>1744.6999816894531</ele></trkpt><trkpt lat="46.028029951732606" lon="7.759160403627902"><ele>1745.1999816894531</ele></trkpt><trkpt lat="46.02803245233372" lon="7.759230155032128"><ele>1745.7999877929688</ele></trkpt><trkpt lat="46.028040401637554" lon="7.7592818583361804"><ele>1746.0</ele></trkpt><trkpt lat="46.02806008141488" lon="7.759320715907961"><ele>1746.2999877929688</ele></trkpt><trkpt lat="46.028082482051104" lon="7.759351841174066"><ele>1746.5</ele></trkpt><trkpt lat="46.02813004748896" lon="7.75939086265862"><ele>1747.0</ele></trkpt><trkpt lat="46.02817050134763" lon="7.759400139562786"><ele>1747.6999816894531</ele></trkpt><trkpt lat="46.02819025795907" lon="7.759411878418177"><ele>1748.0</ele></trkpt><trkpt lat="46.02827026601881" lon="7.759430427104235"><ele>1749.1999816894531</ele></trkpt><trkpt lat="46.02833045087755" lon="7.759460482280701"><ele>1749.7999877929688</ele></trkpt><trkpt lat="46.0283914799802" lon="7.7595099145546556"><ele>1750.5</ele></trkpt><trkpt lat="46.02846147539094" lon="7.759569730609655"><ele>1751.3999938964844</ele></trkpt><trkpt lat="46.02850007126108" lon="7.759599659591913"><ele>1752.0</ele></trkpt><trkpt lat="46.028660050127655" lon="7.759649672079831"><ele>1753.8999938964844</ele></trkpt><trkpt lat="46.02871033968404" lon="7.75967966997996"><ele>1754.2999877929688</ele></trkpt><trkpt lat="46.028873486444354" lon="7.7598807998001575"><ele>1756.5</ele></trkpt><trkpt lat="46.028960374649614" lon="7.760010453872383"><ele>1757.7999877929688</ele></trkpt><trkpt lat="46.02901144977659" lon="7.7600804916583"><ele>1758.5999755859375</ele></trkpt><trkpt lat="46.02905347477645" lon="7.760169848334044"><ele>1759.5</ele></trkpt><trkpt lat="46.0291535127908" lon="7.760419684927911"><ele>1761.2999877929688</ele></trkpt><trkpt lat="46.02920992625877" lon="7.760510417632759"><ele>1762.0999755859375</ele></trkpt><trkpt lat="46.0292502916418" lon="7.76055068988353"><ele>1762.7999877929688</ele></trkpt><trkpt lat="46.0293203452602" lon="7.760589845478535"><ele>1763.5999755859375</ele></trkpt><trkpt lat="46.029362509492785" lon="7.760630128439516"><ele>1764.1999816894531</ele></trkpt><trkpt lat="46.02939025172964" lon="7.760680658277124"><ele>1764.6999816894531</ele></trkpt><trkpt lat="46.02942150691524" lon="7.760760912206024"><ele>1765.3999938964844</ele></trkpt><trkpt lat="46.0294499238953" lon="7.760890224948525"><ele>1766.5</ele></trkpt><trkpt lat="46.02953014150262" lon="7.7611502800136805"><ele>1768.8999938964844</ele></trkpt><trkpt lat="46.02962010959163" lon="7.761460760142654"><ele>1771.7999877929688</ele></trkpt><trkpt lat="46.029650379903615" lon="7.761570712551475"><ele>1772.5</ele></trkpt><trkpt lat="46.02971992455423" lon="7.762101913336664"><ele>1776.1999816894531</ele></trkpt><trkpt lat="46.02976143267006" lon="7.762370782438666"><ele>1778.0999755859375</ele></trkpt><trkpt lat="46.02979045826942" lon="7.762600834481418"><ele>1779.7999877929688</ele></trkpt><trkpt lat="46.029810462147" lon="7.762839873321354"><ele>1781.5</ele></trkpt><trkpt lat="46.02982012741268" lon="7.762920001521707"><ele>1782.0999755859375</ele></trkpt><trkpt lat="46.0298300110735" lon="7.762923934496939"><ele>1782.0999755859375</ele></trkpt><trkpt lat="46.0298300110735" lon="7.762923934496939"><ele>1782.0999755859375</ele></trkpt><trkpt lat="46.0298300110735" lon="7.762923934496939"><ele>1782.0999755859375</ele></trkpt><trkpt lat="46.0298300110735" lon="7.762923934496939"><ele>1782.0999755859375</ele></trkpt><trkpt lat="46.0298300110735" lon="7.762923934496939"><ele>1782.0999755859375</ele></trkpt><trkpt lat="46.0298300110735" lon="7.762923934496939"><ele>1782.0999755859375</ele></trkpt><trkpt lat="46.0298300110735" lon="7.762923934496939"><ele>1782.0999755859375</ele></trkpt><trkpt lat="46.0298300110735" lon="7.762923934496939"><ele>1782.0999755859375</ele></trkpt><trkpt lat="46.0298300110735" lon="7.762923934496939"><ele>1782.0999755859375</ele></trkpt><trkpt lat="46.0298300110735" lon="7.762923934496939"><ele>1782.0999755859375</ele></trkpt><trkpt lat="46.0298300110735" lon="7.762923934496939"><ele>1782.0999755859375</ele></trkpt><trkpt lat="46.0298300110735" lon="7.762923934496939"><ele>1782.0999755859375</ele></trkpt><trkpt lat="46.0298300110735" lon="7.762923934496939"><ele>1782.0999755859375</ele></trkpt><trkpt lat="46.0298300110735" lon="7.762923934496939"><ele>1782.0999755859375</ele></trkpt><trkpt lat="46.0298300110735" lon="7.762923934496939"><ele>1782.0999755859375</ele></trkpt><trkpt lat="46.0298300110735" lon="7.762923934496939"><ele>1782.0999755859375</ele></trkpt><trkpt lat="46.02982012741268" lon="7.762920001521707"><ele>1782.0999755859375</ele></trkpt><trkpt lat="46.0298424414359" lon="7.762980832718313"><ele>1782.6999816894531</ele></trkpt><trkpt lat="46.02986017614603" lon="7.763070048764348"><ele>1783.2999877929688</ele></trkpt><trkpt lat="46.029891485814005" lon="7.763130933046341"><ele>1783.7999877929688</ele></trkpt><trkpt lat="46.02993005467579" lon="7.76316990563646"><ele>1784.2999877929688</ele></trkpt><trkpt lat="46.02996147889644" lon="7.7631907551549375"><ele>1784.7999877929688</ele></trkpt><trkpt lat="46.0300001334399" lon="7.763200024608523"><ele>1785.0999755859375</ele></trkpt><trkpt lat="46.03001992311329" lon="7.763200141955167"><ele>1785.5</ele></trkpt><trkpt lat="46.03007032722235" lon="7.763190109282732"><ele>1785.8999938964844</ele></trkpt><trkpt lat="46.03012348525226" lon="7.763160720467567"><ele>1786.2999877929688</ele></trkpt><trkpt lat="46.03019017027691" lon="7.763119788840413"><ele>1786.8999938964844</ele></trkpt><trkpt lat="46.03024248871952" lon="7.76306973118335"><ele>1787.6999816894531</ele></trkpt><trkpt lat="46.03031015442684" lon="7.763000392820686"><ele>1788.7999877929688</ele></trkpt><trkpt lat="46.030390503350645" lon="7.762900133617222"><ele>1789.8999938964844</ele></trkpt><trkpt lat="46.03047346137464" lon="7.762830885592848"><ele>1790.6999816894531</ele></trkpt><trkpt lat="46.030573514290154" lon="7.762760446406901"><ele>1791.7999877929688</ele></trkpt><trkpt lat="46.030630244873464" lon="7.762740118894726"><ele>1792.5</ele></trkpt><trkpt lat="46.03074997244403" lon="7.762709831818938"><ele>1793.6999816894531</ele></trkpt><trkpt lat="46.030871469993144" lon="7.762689887080342"><ele>1795.0</ele></trkpt><trkpt lat="46.030929969623685" lon="7.762679901905358"><ele>1795.7999877929688</ele></trkpt><trkpt lat="46.03098031086847" lon="7.762691823299974"><ele>1796.1999816894531</ele></trkpt><trkpt lat="46.03103243233636" lon="7.76271021226421"><ele>1796.6999816894531</ele></trkpt><trkpt lat="46.0311114769429" lon="7.762750716879964"><ele>1797.5</ele></trkpt><trkpt lat="46.031243483070284" lon="7.762830279301852"><ele>1799.0</ele></trkpt><trkpt lat="46.03137995721772" lon="7.7629202008247375"><ele>1800.0</ele></trkpt><trkpt lat="46.03138444758952" lon="7.762922810856253"><ele>1800.0</ele></trkpt><trkpt lat="46.03138444758952" lon="7.762922810856253"><ele>1800.0</ele></trkpt><trkpt lat="46.03138444758952" lon="7.762922810856253"><ele>1800.0</ele></trkpt><trkpt lat="46.03138444758952" lon="7.762922810856253"><ele>1800.0</ele></trkpt><trkpt lat="46.03138444758952" lon="7.762922810856253"><ele>1800.0</ele></trkpt><trkpt lat="46.03138444758952" lon="7.762922810856253"><ele>1800.0</ele></trkpt><trkpt lat="46.03138444758952" lon="7.762922810856253"><ele>1800.0</ele></trkpt><trkpt lat="46.03138444758952" lon="7.762922810856253"><ele>1800.0</ele></trkpt><trkpt lat="46.03138444758952" lon="7.762922810856253"><ele>1800.0</ele></trkpt><trkpt lat="46.03138444758952" lon="7.762922810856253"><ele>1800.0</ele></trkpt><trkpt lat="46.03138444758952" lon="7.762922810856253"><ele>1800.0</ele></trkpt><trkpt lat="46.03138444758952" lon="7.762922810856253"><ele>1800.0</ele></trkpt><trkpt lat="46.03138444758952" lon="7.762922810856253"><ele>1800.0</ele></trkpt><trkpt lat="46.03138444758952" lon="7.762922810856253"><ele>1800.0</ele></trkpt><trkpt lat="46.03138444758952" lon="7.762922810856253"><ele>1800.0</ele></trkpt><trkpt lat="46.03138444758952" lon="7.762922810856253"><ele>1800.0</ele></trkpt><trkpt lat="46.03137995721772" lon="7.7629202008247375"><ele>1800.0</ele></trkpt><trkpt lat="46.03141048597172" lon="7.762939754407853"><ele>1801.0</ele></trkpt><trkpt lat="46.0314634735696" lon="7.762969772797078"><ele>1801.5999755859375</ele></trkpt><trkpt lat="46.031603486742824" lon="7.7630803803913295"><ele>1803.1999816894531</ele></trkpt><trkpt lat="46.03167348029092" lon="7.763140204362571"><ele>1804.1999816894531</ele></trkpt><trkpt lat="46.0317201372236" lon="7.763181809335947"><ele>1804.5999755859375</ele></trkpt><trkpt lat="46.0317605054006" lon="7.763220794033259"><ele>1805.2999877929688</ele></trkpt><trkpt lat="46.031830413267016" lon="7.763310322538018"><ele>1806.0999755859375</ele></trkpt><trkpt lat="46.031960415653884" lon="7.76346090901643"><ele>1807.6999816894531</ele></trkpt><trkpt lat="46.032060004770756" lon="7.76355190621689"><ele>1809.2999877929688</ele></trkpt><trkpt lat="46.032120076939464" lon="7.763620713260025"><ele>1810.0</ele></trkpt><trkpt lat="46.032142450101674" lon="7.763660883065313"><ele>1810.5</ele></trkpt><trkpt lat="46.032170224469155" lon="7.763699793256819"><ele>1810.8999938964844</ele></trkpt><trkpt lat="46.03224242525175" lon="7.763930113054812"><ele>1812.8999938964844</ele></trkpt><trkpt lat="46.03226999472827" lon="7.764040056150407"><ele>1813.5999755859375</ele></trkpt><trkpt lat="46.032310127746314" lon="7.764160406310111"><ele>1814.7999877929688</ele></trkpt><trkpt lat="46.03235011920333" lon="7.764329833444208"><ele>1816.1999816894531</ele></trkpt><trkpt lat="46.0323901665397" lon="7.764479888603091"><ele>1817.5</ele></trkpt><trkpt lat="46.03241242375225" lon="7.764560095500201"><ele>1818.0999755859375</ele></trkpt><trkpt lat="46.03243032889441" lon="7.764589907135814"><ele>1818.2999877929688</ele></trkpt><trkpt lat="46.032440138049424" lon="7.764619670808315"><ele>1818.5</ele></trkpt><trkpt lat="46.03247243212536" lon="7.764650859404355"><ele>1818.8999938964844</ele></trkpt><trkpt lat="46.03250023210421" lon="7.764680730178952"><ele>1819.5</ele></trkpt><trkpt lat="46.032510126940906" lon="7.764680789317936"><ele>1820.0999755859375</ele></trkpt><trkpt lat="46.03251641616225" lon="7.764683410059661"><ele>1820.0999755859375</ele></trkpt><trkpt lat="46.03251641616225" lon="7.764683410059661"><ele>1820.0999755859375</ele></trkpt><trkpt lat="46.03251641616225" lon="7.764683410059661"><ele>1820.0999755859375</ele></trkpt><trkpt lat="46.03251641616225" lon="7.764683410059661"><ele>1820.0999755859375</ele></trkpt><trkpt lat="46.03251641616225" lon="7.764683410059661"><ele>1820.0999755859375</ele></trkpt><trkpt lat="46.03251641616225" lon="7.764683410059661"><ele>1820.0999755859375</ele></trkpt><trkpt lat="46.03251641616225" lon="7.764683410059661"><ele>1820.0999755859375</ele></trkpt><trkpt lat="46.03251641616225" lon="7.764683410059661"><ele>1820.0999755859375</ele></trkpt><trkpt lat="46.03251641616225" lon="7.764683410059661"><ele>1820.0999755859375</ele></trkpt><trkpt lat="46.03251641616225" lon="7.764683410059661"><ele>1820.0999755859375</ele></trkpt><trkpt lat="46.03251641616225" lon="7.764683410059661"><ele>1820.0999755859375</ele></trkpt><trkpt lat="46.03251641616225" lon="7.764683410059661"><ele>1820.0999755859375</ele></trkpt><trkpt lat="46.03251641616225" lon="7.764683410059661"><ele>1820.0999755859375</ele></trkpt><trkpt lat="46.03251641616225" lon="7.764683410059661"><ele>1820.0999755859375</ele></trkpt><trkpt lat="46.03251641616225" lon="7.764683410059661"><ele>1820.0999755859375</ele></trkpt><trkpt lat="46.03251641616225" lon="7.764683410059661"><ele>1820.0999755859375</ele></trkpt><trkpt lat="46.032510126940906" lon="7.764680789317936"><ele>1820.0999755859375</ele></trkpt><trkpt lat="46.03257031040266" lon="7.764710852876306"><ele>1820.6999816894531</ele></trkpt><trkpt lat="46.03262242395431" lon="7.76473182765767"><ele>1821.2999877929688</ele></trkpt><trkpt lat="46.03266009315848" lon="7.764770797919482"><ele>1821.7999877929688</ele></trkpt><trkpt lat="46.03268246958032" lon="7.764809677377343"><ele>1822.0999755859375</ele></trkpt><trkpt lat="46.032700314652175" lon="7.764860153198242"><ele>1822.5</ele></trkpt><trkpt lat="46.03271006047726" lon="7.76491187280044"><ele>1823.0</ele></trkpt><trkpt lat="46.0327134905383" lon="7.764970012009144"><ele>1823.3999938964844</ele></trkpt><trkpt lat="46.03271241579205" lon="7.765030707698315"><ele>1823.7999877929688</ele></trkpt><trkpt lat="46.03269050968811" lon="7.765140357427299"><ele>1824.6999816894531</ele></trkpt><trkpt lat="46.03269030805677" lon="7.765210099052638"><ele>1825.1999816894531</ele></trkpt><trkpt lat="46.03270002733916" lon="7.765270859003067"><ele>1825.6999816894531</ele></trkpt><trkpt lat="46.032712448854" lon="7.76533034350723"><ele>1826.2999877929688</ele></trkpt><trkpt lat="46.03273029392585" lon="7.765380819793791"><ele>1826.6999816894531</ele></trkpt><trkpt lat="46.03274994203821" lon="7.7654300150461495"><ele>1827.2999877929688</ele></trkpt><trkpt lat="46.03278035065159" lon="7.765490898862481"><ele>1827.8999938964844</ele></trkpt><trkpt lat="46.032823416404426" lon="7.765529902186245"><ele>1828.5</ele></trkpt><trkpt lat="46.032860211562365" lon="7.765559826977551"><ele>1829.0999755859375</ele></trkpt><trkpt lat="46.032911425456405" lon="7.765580797567964"><ele>1829.6999816894531</ele></trkpt><trkpt lat="46.03297346783802" lon="7.76559020858258"><ele>1830.3999938964844</ele></trkpt><trkpt lat="46.03303010901436" lon="7.765600879210979"><ele>1831.0999755859375</ele></trkpt><trkpt lat="46.03308051312342" lon="7.765590848401189"><ele>1831.6999816894531</ele></trkpt><trkpt lat="46.03315346548334" lon="7.765560287050903"><ele>1832.2999877929688</ele></trkpt><trkpt lat="46.03323004255071" lon="7.765520706307143"><ele>1833.5</ele></trkpt><trkpt lat="46.03325346065685" lon="7.765510513912886"><ele>1833.7999877929688</ele></trkpt><trkpt lat="46.033271447755396" lon="7.7655119127593935"><ele>1834.0</ele></trkpt><trkpt lat="46.0332903158851" lon="7.765519774984568"><ele>1834.1999816894531</ele></trkpt><trkpt lat="46.03330018091947" lon="7.765530166216195"><ele>1834.2999877929688</ele></trkpt><trkpt lat="46.033310015685856" lon="7.765550889540464"><ele>1834.5</ele></trkpt><trkpt lat="46.0333144236356" lon="7.765581912826747"><ele>1834.7999877929688</ele></trkpt><trkpt lat="46.03331347182393" lon="7.765599988866597"><ele>1835.1999816894531</ele></trkpt><trkpt lat="46.03330348711461" lon="7.765630926471204"><ele>1835.5</ele></trkpt><trkpt lat="46.03328993823379" lon="7.765650218818337"><ele>1835.5999755859375</ele></trkpt><trkpt lat="46.03327011829242" lon="7.7656604326330125"><ele>1836.0</ele></trkpt><trkpt lat="46.033240399789065" lon="7.765671879053116"><ele>1836.2999877929688</ele></trkpt><trkpt lat="46.03318996960297" lon="7.76569095114246"><ele>1836.7999877929688</ele></trkpt><trkpt lat="46.03312241844833" lon="7.765720253344625"><ele>1837.2999877929688</ele></trkpt><trkpt lat="46.03287997515872" lon="7.765880247578025"><ele>1840.0999755859375</ele></trkpt><trkpt lat="46.032779950182885" lon="7.7659403518773615"><ele>1841.5</ele></trkpt><trkpt lat="46.03273041592911" lon="7.76596072036773"><ele>1842.3999938964844</ele></trkpt><trkpt lat="46.03266025194898" lon="7.765960301272571"><ele>1843.0999755859375</ele></trkpt><trkpt lat="46.03260000934824" lon="7.765950900502503"><ele>1843.7999877929688</ele></trkpt><trkpt lat="46.032570384442806" lon="7.765930058900267"><ele>1844.2999877929688</ele></trkpt><trkpt lat="46.03256141906604" lon="7.765919673256576"><ele>1844.5</ele></trkpt><trkpt lat="46.0325695076026" lon="7.765922304708511"><ele>1844.5</ele></trkpt><trkpt lat="46.0325695076026" lon="7.765922304708511"><ele>1844.5</ele></trkpt><trkpt lat="46.0325695076026" lon="7.765922304708511"><ele>1844.5</ele></trkpt><trkpt lat="46.0325695076026" lon="7.765922304708511"><ele>1844.5</ele></trkpt><trkpt lat="46.0325695076026" lon="7.765922304708511"><ele>1844.5</ele></trkpt><trkpt lat="46.0325695076026" lon="7.765922304708511"><ele>1844.5</ele></trkpt><trkpt lat="46.0325695076026" lon="7.765922304708511"><ele>1844.5</ele></trkpt><trkpt lat="46.0325695076026" lon="7.765922304708511"><ele>1844.5</ele></trkpt><trkpt lat="46.0325695076026" lon="7.765922304708511"><ele>1844.5</ele></trkpt><trkpt lat="46.0325695076026" lon="7.765922304708511"><ele>1844.5</ele></trkpt><trkpt lat="46.0325695076026" lon="7.765922304708511"><ele>1844.5</ele></trkpt><trkpt lat="46.0325695076026" lon="7.765922304708511"><ele>1844.5</ele></trkpt><trkpt lat="46.0325695076026" lon="7.765922304708511"><ele>1844.5</ele></trkpt><trkpt lat="46.0325695076026" lon="7.765922304708511"><ele>1844.5</ele></trkpt><trkpt lat="46.0325695076026" lon="7.765922304708511"><ele>1844.5</ele></trkpt><trkpt lat="46.0325695076026" lon="7.765922304708511"><ele>1844.5</ele></trkpt><trkpt lat="46.03256141906604" lon="7.765919673256576"><ele>1844.5</ele></trkpt><trkpt lat="46.032543514389545" lon="7.765889861155301"><ele>1844.6999816894531</ele></trkpt><trkpt lat="46.03250346984714" lon="7.765739805065095"><ele>1846.0999755859375</ele></trkpt><trkpt lat="46.03247038880363" lon="7.765669865068048"><ele>1846.7999877929688</ele></trkpt><trkpt lat="46.03243011189625" lon="7.765599882230163"><ele>1847.5999755859375</ele></trkpt><trkpt lat="46.03237994015217" lon="7.765529840718955"><ele>1848.5</ele></trkpt><trkpt lat="46.032332436647266" lon="7.7654701471328735"><ele>1849.3999938964844</ele></trkpt><trkpt lat="46.032280379440635" lon="7.7654297994449735"><ele>1850.0999755859375</ele></trkpt><trkpt lat="46.03224442014471" lon="7.765421835705638"><ele>1850.7999877929688</ele></trkpt><trkpt lat="46.03218142641708" lon="7.765430500730872"><ele>1851.5</ele></trkpt><trkpt lat="46.03210038226098" lon="7.765459721907973"><ele>1852.2999877929688</ele></trkpt><trkpt lat="46.032000473700464" lon="7.765479790046811"><ele>1853.8999938964844</ele></trkpt><trkpt lat="46.031910460442305" lon="7.765499917324632"><ele>1855.0999755859375</ele></trkpt><trkpt lat="46.031860082410276" lon="7.765500908251852"><ele>1855.7999877929688</ele></trkpt><trkpt lat="46.03181243687868" lon="7.7654902916401625"><ele>1856.1999816894531</ele></trkpt><trkpt lat="46.03174148965627" lon="7.765449831727892"><ele>1857.7999877929688</ele></trkpt><trkpt lat="46.03153046872467" lon="7.765320713631809"><ele>1860.2999877929688</ele></trkpt><trkpt lat="46.03140029357746" lon="7.765230823773891"><ele>1862.2999877929688</ele></trkpt><trkpt lat="46.031330245547" lon="7.765190369915217"><ele>1862.7999877929688</ele></trkpt><trkpt lat="46.03125035855919" lon="7.765130484942347"><ele>1863.8999938964844</ele></trkpt><trkpt lat="46.03120007039979" lon="7.76510048052296"><ele>1864.8999938964844</ele></trkpt><trkpt lat="46.031161420512944" lon="7.765089918393642"><ele>1865.3999938964844</ele></trkpt><trkpt lat="46.031120041850954" lon="7.765089671593159"><ele>1866.0999755859375</ele></trkpt><trkpt lat="46.03109035314992" lon="7.765090786386281"><ele>1866.5999755859375</ele></trkpt><trkpt lat="46.03103005466983" lon="7.76510075898841"><ele>1867.3999938964844</ele></trkpt><trkpt lat="46.030840158928186" lon="7.765131914522499"><ele>1869.6999816894531</ele></trkpt><trkpt lat="46.03081047767773" lon="7.765130445826799"><ele>1870.2999877929688</ele></trkpt><trkpt lat="46.03078442113474" lon="7.765119958668947"><ele>1870.6999816894531</ele></trkpt><trkpt lat="46.03066042717546" lon="7.765070143155754"><ele>1871.8999938964844</ele></trkpt><trkpt lat="46.030610078945756" lon="7.765060802921653"><ele>1872.6999816894531</ele></trkpt><trkpt lat="46.03056150395423" lon="7.765060513280332"><ele>1873.2999877929688</ele></trkpt><trkpt lat="46.03050030581653" lon="7.765070480760187"><ele>1874.0999755859375</ele></trkpt><trkpt lat="46.03045349614695" lon="7.765081825200468"><ele>1875.0</ele></trkpt><trkpt lat="46.030390416737646" lon="7.765120193362236"><ele>1875.8999938964844</ele></trkpt><trkpt lat="46.03033995302394" lon="7.76515088789165"><ele>1876.6999816894531</ele></trkpt><trkpt lat="46.030229944270104" lon="7.765241927001625"><ele>1878.1999816894531</ele></trkpt><trkpt lat="46.030110048130155" lon="7.765330323483795"><ele>1880.1999816894531</ele></trkpt><trkpt lat="46.029952423647046" lon="7.765400413889438"><ele>1882.3999938964844</ele></trkpt><trkpt lat="46.02988037467003" lon="7.7654296876862645"><ele>1883.5</ele></trkpt><trkpt lat="46.02977042552084" lon="7.765500062145293"><ele>1884.8999938964844</ele></trkpt><trkpt lat="46.02963343029842" lon="7.765590938273817"><ele>1887.3999938964844</ele></trkpt><trkpt lat="46.02948007499799" lon="7.76573983207345"><ele>1889.7999877929688</ele></trkpt><trkpt lat="46.0294025093317" lon="7.76581039885059"><ele>1891.0</ele></trkpt><trkpt lat="46.02937996108085" lon="7.765830927528441"><ele>1891.8999938964844</ele></trkpt><trkpt lat="46.02938445517793" lon="7.765832245815545"><ele>1891.8999938964844</ele></trkpt><trkpt lat="46.02938445517793" lon="7.765832245815545"><ele>1891.8999938964844</ele></trkpt><trkpt lat="46.02938445517793" lon="7.765832245815545"><ele>1891.8999938964844</ele></trkpt><trkpt lat="46.02938445517793" lon="7.765832245815545"><ele>1891.8999938964844</ele></trkpt><trkpt lat="46.02938445517793" lon="7.765832245815545"><ele>1891.8999938964844</ele></trkpt><trkpt lat="46.02938445517793" lon="7.765832245815545"><ele>1891.8999938964844</ele></trkpt><trkpt lat="46.02938445517793" lon="7.765832245815545"><ele>1891.8999938964844</ele></trkpt><trkpt lat="46.02938445517793" lon="7.765832245815545"><ele>1891.8999938964844</ele></trkpt><trkpt lat="46.02938445517793" lon="7.765832245815545"><ele>1891.8999938964844</ele></trkpt><trkpt lat="46.02938445517793" lon="7.765832245815545"><ele>1891.8999938964844</ele></trkpt><trkpt lat="46.02938445517793" lon="7.765832245815545"><ele>1891.8999938964844</ele></trkpt><trkpt lat="46.02938445517793" lon="7.765832245815545"><ele>1891.8999938964844</ele></trkpt><trkpt lat="46.02938445517793" lon="7.765832245815545"><ele>1891.8999938964844</ele></trkpt><trkpt lat="46.02938445517793" lon="7.765832245815545"><ele>1891.8999938964844</ele></trkpt><trkpt lat="46.02938445517793" lon="7.765832245815545"><ele>1891.8999938964844</ele></trkpt><trkpt lat="46.02938445517793" lon="7.765832245815545"><ele>1891.8999938964844</ele></trkpt><trkpt lat="46.02937996108085" lon="7.765830927528441"><ele>1891.8999938964844</ele></trkpt><trkpt lat="46.029311476275325" lon="7.765871844720095"><ele>1892.8999938964844</ele></trkpt><trkpt lat="46.02922045113519" lon="7.76593070756644"><ele>1893.5</ele></trkpt><trkpt lat="46.02916009584442" lon="7.765960050281137"><ele>1894.3999938964844</ele></trkpt><trkpt lat="46.02911149105057" lon="7.7659700913354754"><ele>1894.8999938964844</ele></trkpt><trkpt lat="46.02907011238858" lon="7.765969844069332"><ele>1895.5</ele></trkpt><trkpt lat="46.029032417573035" lon="7.765939915552735"><ele>1895.8999938964844</ele></trkpt><trkpt lat="46.028913472313434" lon="7.765700288582593"><ele>1899.1999816894531</ele></trkpt><trkpt lat="46.02886146772653" lon="7.765641863457859"><ele>1900.0</ele></trkpt><trkpt lat="46.02882017521188" lon="7.765611913520843"><ele>1900.6999816894531</ele></trkpt><trkpt lat="46.02876443741843" lon="7.7655999581329525"><ele>1901.1999816894531</ele></trkpt><trkpt lat="46.028701439965516" lon="7.765609913505614"><ele>1902.1999816894531</ele></trkpt><trkpt lat="46.02864017803222" lon="7.765641833655536"><ele>1903.1999816894531</ele></trkpt><trkpt lat="46.02855008188635" lon="7.765690370462835"><ele>1904.0999755859375</ele></trkpt><trkpt lat="46.02827006066218" lon="7.765780389774591"><ele>1908.0</ele></trkpt><trkpt lat="46.028221455868334" lon="7.765790430828929"><ele>1908.6999816894531</ele></trkpt><trkpt lat="46.02817018190399" lon="7.765790124423802"><ele>1909.3999938964844</ele></trkpt><trkpt lat="46.02806142438203" lon="7.765759772621095"><ele>1910.7999877929688</ele></trkpt><trkpt lat="46.02794012892991" lon="7.765709974337369"><ele>1912.6999816894531</ele></trkpt><trkpt lat="46.027813436463475" lon="7.765660143923014"><ele>1914.2999877929688</ele></trkpt><trkpt lat="46.02777031483129" lon="7.765640515368432"><ele>1914.6999816894531</ele></trkpt><trkpt lat="46.027742489241064" lon="7.765619686804712"><ele>1915.0999755859375</ele></trkpt><trkpt lat="46.02772005693987" lon="7.76560018165037"><ele>1915.5</ele></trkpt><trkpt lat="46.02770035341382" lon="7.765570361632854"><ele>1916.0</ele></trkpt><trkpt lat="46.02769144019112" lon="7.7655418971553445"><ele>1916.2999877929688</ele></trkpt><trkpt lat="46.02766045415774" lon="7.765369954984635"><ele>1918.5</ele></trkpt><trkpt lat="46.02765244431794" lon="7.765340204816312"><ele>1918.7999877929688</ele></trkpt><trkpt lat="46.02763001201674" lon="7.76532069966197"><ele>1919.0</ele></trkpt><trkpt lat="46.027610281948" lon="7.765299919527024"><ele>1919.1999816894531</ele></trkpt><trkpt lat="46.02759049227461" lon="7.765299801714718"><ele>1919.5</ele></trkpt><trkpt lat="46.027563446201384" lon="7.765320302918553"><ele>1919.7999877929688</ele></trkpt><trkpt lat="46.027553491760045" lon="7.76534090610221"><ele>1920.0999755859375</ele></trkpt><trkpt lat="46.02751019783318" lon="7.765380681492388"><ele>1920.6999816894531</ele></trkpt><trkpt lat="46.02746049175039" lon="7.765460452064872"><ele>1921.5999755859375</ele></trkpt><trkpt lat="46.027370104100555" lon="7.765609716065228"><ele>1923.6999816894531</ele></trkpt><trkpt lat="46.02725345036015" lon="7.76582080963999"><ele>1926.1999816894531</ele></trkpt><trkpt lat="46.02719022100791" lon="7.76591083034873"><ele>1927.3999938964844</ele></trkpt><trkpt lat="46.02713244827464" lon="7.765980220865458"><ele>1928.2999877929688</ele></trkpt><trkpt lat="46.02706033969298" lon="7.7660301541909575"><ele>1929.6999816894531</ele></trkpt><trkpt lat="46.02702249540016" lon="7.766051881946623"><ele>1930.2999877929688</ele></trkpt><trkpt lat="46.026990085840225" lon="7.766060728114098"><ele>1930.8999938964844</ele></trkpt><trkpt lat="46.0269415108487" lon="7.766060437541455"><ele>1931.2999877929688</ele></trkpt><trkpt lat="46.02689023735002" lon="7.766060131136328"><ele>1932.0999755859375</ele></trkpt><trkpt lat="46.02680036984384" lon="7.766029892023653"><ele>1933.3999938964844</ele></trkpt><trkpt lat="46.026730202138424" lon="7.766030764207244"><ele>1934.0999755859375</ele></trkpt><trkpt lat="46.02665019966662" lon="7.766010914929211"><ele>1935.2999877929688</ele></trkpt><trkpt lat="46.02658996079117" lon="7.766000224277377"><ele>1936.5</ele></trkpt><trkpt lat="46.02652348112315" lon="7.765970124863088"><ele>1937.5</ele></trkpt><trkpt lat="46.02648041956127" lon="7.765929834917188"><ele>1938.0999755859375</ele></trkpt><trkpt lat="46.026440052781254" lon="7.765890852082521"><ele>1938.5999755859375</ele></trkpt><trkpt lat="46.026411443948746" lon="7.765829986426979"><ele>1939.5999755859375</ele></trkpt><trkpt lat="46.02640247484669" lon="7.765820893459022"><ele>1940.0999755859375</ele></trkpt><trkpt lat="46.0264051547274" lon="7.765827366150916"><ele>1940.0999755859375</ele></trkpt><trkpt lat="46.0264051547274" lon="7.765827366150916"><ele>1940.0999755859375</ele></trkpt><trkpt lat="46.0264051547274" lon="7.765827366150916"><ele>1940.0999755859375</ele></trkpt><trkpt lat="46.0264051547274" lon="7.765827366150916"><ele>1940.0999755859375</ele></trkpt><trkpt lat="46.0264051547274" lon="7.765827366150916"><ele>1940.0999755859375</ele></trkpt><trkpt lat="46.0264051547274" lon="7.765827366150916"><ele>1940.0999755859375</ele></trkpt><trkpt lat="46.0264051547274" lon="7.765827366150916"><ele>1940.0999755859375</ele></trkpt><trkpt lat="46.0264051547274" lon="7.765827366150916"><ele>1940.0999755859375</ele></trkpt><trkpt lat="46.0264051547274" lon="7.765827366150916"><ele>1940.0999755859375</ele></trkpt><trkpt lat="46.0264051547274" lon="7.765827366150916"><ele>1940.0999755859375</ele></trkpt><trkpt lat="46.0264051547274" lon="7.765827366150916"><ele>1940.0999755859375</ele></trkpt><trkpt lat="46.0264051547274" lon="7.765827366150916"><ele>1940.0999755859375</ele></trkpt><trkpt lat="46.0264051547274" lon="7.765827366150916"><ele>1940.0999755859375</ele></trkpt><trkpt lat="46.0264051547274" lon="7.765827366150916"><ele>1940.0999755859375</ele></trkpt><trkpt lat="46.0264051547274" lon="7.765827366150916"><ele>1940.0999755859375</ele></trkpt><trkpt lat="46.0264051547274" lon="7.765827366150916"><ele>1940.0999755859375</ele></trkpt><trkpt lat="46.02640247484669" lon="7.765820893459022"><ele>1940.0999755859375</ele></trkpt><trkpt lat="46.026370267383754" lon="7.7657600059174"><ele>1940.5</ele></trkpt><trkpt lat="46.02634345367551" lon="7.765700442250818"><ele>1941.5</ele></trkpt><trkpt lat="46.02633007662371" lon="7.765660329721868"><ele>1941.8999938964844</ele></trkpt><trkpt lat="46.02633013250306" lon="7.7656409596093"><ele>1942.0999755859375</ele></trkpt><trkpt lat="46.02634040219709" lon="7.765511882957071"><ele>1943.3999938964844</ele></trkpt><trkpt lat="46.02635149192065" lon="7.765409930143505"><ele>1944.5999755859375</ele></trkpt><trkpt lat="46.026340056210756" lon="7.7653207569383085"><ele>1945.2999877929688</ele></trkpt><trkpt lat="46.02634020196274" lon="7.765270394273102"><ele>1945.7999877929688</ele></trkpt><trkpt lat="46.02633045287803" lon="7.765219972003251"><ele>1946.1999816894531</ele></trkpt><trkpt lat="46.02630001073703" lon="7.7651707185432315"><ele>1946.6999816894531</ele></trkpt><trkpt lat="46.02628033282235" lon="7.765131859574467"><ele>1947.0999755859375</ele></trkpt><trkpt lat="46.02623013453558" lon="7.7650708658620715"><ele>1947.7999877929688</ele></trkpt><trkpt lat="46.02619246626273" lon="7.765031900256872"><ele>1948.5</ele></trkpt><trkpt lat="46.02616014657542" lon="7.76500975433737"><ele>1949.1999816894531</ele></trkpt><trkpt lat="46.02612242195755" lon="7.764990158844739"><ele>1950.0</ele></trkpt><trkpt lat="46.02607024880126" lon="7.764989847782999"><ele>1950.3999938964844</ele></trkpt><trkpt lat="46.025960471946746" lon="7.765000816434622"><ele>1951.8999938964844</ele></trkpt><trkpt lat="46.02573033235967" lon="7.764950373675674"><ele>1955.2999877929688</ele></trkpt><trkpt lat="46.025684426072985" lon="7.7649604310281575"><ele>1955.2999877929688</ele></trkpt><trkpt lat="46.0256402627565" lon="7.7649898692034185"><ele>1955.7999877929688</ele></trkpt><trkpt lat="46.025601437315345" lon="7.765040000900626"><ele>1956.8999938964844</ele></trkpt><trkpt lat="46.025563451461494" lon="7.765110799577087"><ele>1957.7999877929688</ele></trkpt><trkpt lat="46.025500050745904" lon="7.765260219573975"><ele>1959.1999816894531</ele></trkpt><trkpt lat="46.025390249677" lon="7.765590152703226"><ele>1961.3999938964844</ele></trkpt><trkpt lat="46.025261441245675" lon="7.765960002783686"><ele>1963.6999816894531</ele></trkpt><trkpt lat="46.02524144575" lon="7.766030908096582"><ele>1964.3999938964844</ele></trkpt><trkpt lat="46.02522148331627" lon="7.766090190969408"><ele>1965.0999755859375</ele></trkpt><trkpt lat="46.025210512802005" lon="7.7661508191376925"><ele>1965.3999938964844</ele></trkpt><trkpt lat="46.025210396852344" lon="7.766190850175917"><ele>1965.7999877929688</ele></trkpt><trkpt lat="46.02521025435999" lon="7.766239921096712"><ele>1966.0</ele></trkpt><trkpt lat="46.02521022455767" lon="7.766250251792371"><ele>1966.1999816894531</ele></trkpt><trkpt lat="46.025216513779014" lon="7.766252872068435"><ele>1966.1999816894531</ele></trkpt><trkpt lat="46.025216513779014" lon="7.766252872068435"><ele>1966.1999816894531</ele></trkpt><trkpt lat="46.025216513779014" lon="7.766252872068435"><ele>1966.1999816894531</ele></trkpt><trkpt lat="46.025216513779014" lon="7.766252872068435"><ele>1966.1999816894531</ele></trkpt><trkpt lat="46.025216513779014" lon="7.766252872068435"><ele>1966.1999816894531</ele></trkpt><trkpt lat="46.025216513779014" lon="7.766252872068435"><ele>1966.1999816894531</ele></trkpt><trkpt lat="46.025216513779014" lon="7.766252872068435"><ele>1966.1999816894531</ele></trkpt><trkpt lat="46.025216513779014" lon="7.766252872068435"><ele>1966.1999816894531</ele></trkpt><trkpt lat="46.025216513779014" lon="7.766252872068435"><ele>1966.1999816894531</ele></trkpt><trkpt lat="46.025216513779014" lon="7.766252872068435"><ele>1966.1999816894531</ele></trkpt><trkpt lat="46.025216513779014" lon="7.766252872068435"><ele>1966.1999816894531</ele></trkpt><trkpt lat="46.025216513779014" lon="7.766252872068435"><ele>1966.1999816894531</ele></trkpt><trkpt lat="46.025216513779014" lon="7.766252872068435"><ele>1966.1999816894531</ele></trkpt><trkpt lat="46.025216513779014" lon="7.766252872068435"><ele>1966.1999816894531</ele></trkpt><trkpt lat="46.025216513779014" lon="7.766252872068435"><ele>1966.1999816894531</ele></trkpt><trkpt lat="46.025216513779014" lon="7.766252872068435"><ele>1966.1999816894531</ele></trkpt><trkpt lat="46.02521022455767" lon="7.766250251792371"><ele>1966.1999816894531</ele></trkpt><trkpt lat="46.02521025435999" lon="7.766239921096712"><ele>1966.0</ele></trkpt><trkpt lat="46.02521996945143" lon="7.766301963943988"><ele>1966.3999938964844</ele></trkpt><trkpt lat="46.02524049021304" lon="7.766360198147595"><ele>1966.7999877929688</ele></trkpt><trkpt lat="46.02525023557246" lon="7.766411910299212"><ele>1967.3999938964844</ele></trkpt><trkpt lat="46.0252824802883" lon="7.766459883656353"><ele>1968.0</ele></trkpt><trkpt lat="46.025320114567876" lon="7.766510471701622"><ele>1968.1999816894531</ele></trkpt><trkpt lat="46.02534347260371" lon="7.766520942561328"><ele>1968.2999877929688</ele></trkpt><trkpt lat="46.02538029337302" lon="7.766541824676096"><ele>1968.5</ele></trkpt><trkpt lat="46.02543244417757" lon="7.76654988527298"><ele>1969.0</ele></trkpt><trkpt lat="46.02546033030376" lon="7.766550052445382"><ele>1969.5</ele></trkpt><trkpt lat="46.02551343291998" lon="7.766540039330721"><ele>1970.0</ele></trkpt><trkpt lat="46.02555037057027" lon="7.766520890407264"><ele>1970.6999816894531</ele></trkpt><trkpt lat="46.02563144918531" lon="7.766480052378029"><ele>1971.0999755859375</ele></trkpt><trkpt lat="46.02572244871408" lon="7.766430234070867"><ele>1972.0999755859375</ele></trkpt><trkpt lat="46.02576028974727" lon="7.766409798525274"><ele>1972.5</ele></trkpt><trkpt lat="46.02580441953614" lon="7.766391983721405"><ele>1973.0</ele></trkpt><trkpt lat="46.02584037883207" lon="7.7663999469950795"><ele>1973.5</ele></trkpt><trkpt lat="46.02587003353983" lon="7.76641045557335"><ele>1973.8999938964844</ele></trkpt><trkpt lat="46.02591042686254" lon="7.766440398991108"><ele>1974.5999755859375</ele></trkpt><trkpt lat="46.02595441788435" lon="7.766470363829285"><ele>1975.0999755859375</ele></trkpt><trkpt lat="46.02598041808233" lon="7.7665002210997045"><ele>1975.5</ele></trkpt><trkpt lat="46.0260144546628" lon="7.766550788655877"><ele>1976.1999816894531</ele></trkpt><trkpt lat="46.02603050367907" lon="7.766599956899881"><ele>1976.5999755859375</ele></trkpt><trkpt lat="46.02604025229812" lon="7.766650379169732"><ele>1977.0999755859375</ele></trkpt><trkpt lat="46.026054442394525" lon="7.766720198094845"><ele>1977.5999755859375</ele></trkpt><trkpt lat="46.026052467059344" lon="7.766780881211162"><ele>1978.0999755859375</ele></trkpt><trkpt lat="46.026040367316455" lon="7.766920276917517"><ele>1979.0999755859375</ele></trkpt><trkpt lat="46.02603000681847" lon="7.7670803451910615"><ele>1980.0999755859375</ele></trkpt><trkpt lat="46.02603142661974" lon="7.767210782505572"><ele>1981.1999816894531</ele></trkpt><trkpt lat="46.02601006440818" lon="7.7674418105743825"><ele>1983.2999877929688</ele></trkpt><trkpt lat="46.02602036995813" lon="7.767609750851989"><ele>1984.2999877929688</ele></trkpt><trkpt lat="46.02602125052363" lon="7.767616213299334"><ele>1984.2999877929688</ele></trkpt><trkpt lat="46.02602125052363" lon="7.767616213299334"><ele>1984.2999877929688</ele></trkpt><trkpt lat="46.02602125052363" lon="7.767616213299334"><ele>1984.2999877929688</ele></trkpt><trkpt lat="46.02602125052363" lon="7.767616213299334"><ele>1984.2999877929688</ele></trkpt><trkpt lat="46.02602125052363" lon="7.767616213299334"><ele>1984.2999877929688</ele></trkpt><trkpt lat="46.02602125052363" lon="7.767616213299334"><ele>1984.2999877929688</ele></trkpt><trkpt lat="46.02602125052363" lon="7.767616213299334"><ele>1984.2999877929688</ele></trkpt><trkpt lat="46.02602125052363" lon="7.767616213299334"><ele>1984.2999877929688</ele></trkpt><trkpt lat="46.02602125052363" lon="7.767616213299334"><ele>1984.2999877929688</ele></trkpt><trkpt lat="46.02602125052363" lon="7.767616213299334"><ele>1984.2999877929688</ele></trkpt><trkpt lat="46.02602125052363" lon="7.767616213299334"><ele>1984.2999877929688</ele></trkpt><trkpt lat="46.02602125052363" lon="7.767616213299334"><ele>1984.2999877929688</ele></trkpt><trkpt lat="46.02602125052363" lon="7.767616213299334"><ele>1984.2999877929688</ele></trkpt><trkpt lat="46.02602125052363" lon="7.767616213299334"><ele>1984.2999877929688</ele></trkpt><trkpt lat="46.02602125052363" lon="7.767616213299334"><ele>1984.2999877929688</ele></trkpt><trkpt lat="46.02602125052363" lon="7.767616213299334"><ele>1984.2999877929688</ele></trkpt><trkpt lat="46.02602036995813" lon="7.767609750851989"><ele>1984.2999877929688</ele></trkpt><trkpt lat="46.02602027961984" lon="7.767640743404627"><ele>1985.2999877929688</ele></trkpt><trkpt lat="46.026010151486844" lon="7.767720747739077"><ele>1985.8999938964844</ele></trkpt><trkpt lat="46.02600005315617" lon="7.7677904213778675"><ele>1986.1999816894531</ele></trkpt><trkpt lat="46.02596998447552" lon="7.767921960912645"><ele>1987.5</ele></trkpt><trkpt lat="46.02594003966078" lon="7.768010885454714"><ele>1988.0999755859375</ele></trkpt><trkpt lat="46.025919990148395" lon="7.7680998696014285"><ele>1989.0</ele></trkpt><trkpt lat="46.02590347407386" lon="7.768210828304291"><ele>1990.1999816894531</ele></trkpt><trkpt lat="46.02589250635356" lon="7.768270165193826"><ele>1990.6999816894531</ele></trkpt><trkpt lat="46.025890439748764" lon="7.768361839931458"><ele>1991.0999755859375</ele></trkpt><trkpt lat="46.02589020552114" lon="7.7684419034048915"><ele>1991.3999938964844</ele></trkpt><trkpt lat="46.025899961125106" lon="7.768489743117243"><ele>1991.6999816894531</ele></trkpt><trkpt lat="46.025911507662386" lon="7.768540176097304"><ele>1991.8999938964844</ele></trkpt><trkpt lat="46.02596344333142" lon="7.768621845636517"><ele>1992.5999755859375</ele></trkpt><trkpt lat="46.02602350851521" lon="7.768691941630095"><ele>1993.1999816894531</ele></trkpt><trkpt lat="46.02605038136244" lon="7.768730844836682"><ele>1993.6999816894531</ele></trkpt><trkpt lat="46.02607997972518" lon="7.768760724924505"><ele>1994.1999816894531</ele></trkpt><trkpt lat="46.026140075176954" lon="7.768820490688086"><ele>1995.5</ele></trkpt><trkpt lat="46.02620022697374" lon="7.768860886339098"><ele>1996.3999938964844</ele></trkpt><trkpt lat="46.02627030806616" lon="7.768889719154686"><ele>1997.5999755859375</ele></trkpt><trkpt lat="46.026322417426854" lon="7.768911987077445"><ele>1998.0999755859375</ele></trkpt><trkpt lat="46.02640149369836" lon="7.768940874841064"><ele>1999.2999877929688</ele></trkpt><trkpt lat="46.026490435004234" lon="7.768980152904987"><ele>2000.7999877929688</ele></trkpt><trkpt lat="46.02660003537312" lon="7.769029886927456"><ele>2002.5</ele></trkpt><trkpt lat="46.0267014792189" lon="7.769100234378129"><ele>2003.7999877929688</ele></trkpt><trkpt lat="46.02679035998881" lon="7.769160174764693"><ele>2005.0</ele></trkpt><trkpt lat="46.02687033172697" lon="7.769190359860659"><ele>2005.7999877929688</ele></trkpt><trkpt lat="46.02693144371733" lon="7.769210099708289"><ele>2006.3999938964844</ele></trkpt><trkpt lat="46.027002503629774" lon="7.769211819861084"><ele>2007.0999755859375</ele></trkpt><trkpt lat="46.027130159083754" lon="7.769239710178226"><ele>2008.2999877929688</ele></trkpt><trkpt lat="46.02717144694179" lon="7.769270953256637"><ele>2008.7999877929688</ele></trkpt><trkpt lat="46.02728998614475" lon="7.769340113271028"><ele>2010.5999755859375</ele></trkpt><trkpt lat="46.02744441572577" lon="7.769440484698862"><ele>2012.2999877929688</ele></trkpt><trkpt lat="46.02744350861758" lon="7.769443062134087"><ele>2012.2999877929688</ele></trkpt><trkpt lat="46.02744350861758" lon="7.769443062134087"><ele>2012.2999877929688</ele></trkpt><trkpt lat="46.02744350861758" lon="7.769443062134087"><ele>2012.2999877929688</ele></trkpt><trkpt lat="46.02744350861758" lon="7.769443062134087"><ele>2012.2999877929688</ele></trkpt><trkpt lat="46.02744350861758" lon="7.769443062134087"><ele>2012.2999877929688</ele></trkpt><trkpt lat="46.02744350861758" lon="7.769443062134087"><ele>2012.2999877929688</ele></trkpt><trkpt lat="46.02744350861758" lon="7.769443062134087"><ele>2012.2999877929688</ele></trkpt><trkpt lat="46.02744350861758" lon="7.769443062134087"><ele>2012.2999877929688</ele></trkpt><trkpt lat="46.02744350861758" lon="7.769443062134087"><ele>2012.2999877929688</ele></trkpt><trkpt lat="46.02744350861758" lon="7.769443062134087"><ele>2012.2999877929688</ele></trkpt><trkpt lat="46.02744350861758" lon="7.769443062134087"><ele>2012.2999877929688</ele></trkpt><trkpt lat="46.02744350861758" lon="7.769443062134087"><ele>2012.2999877929688</ele></trkpt><trkpt lat="46.02744350861758" lon="7.769443062134087"><ele>2012.2999877929688</ele></trkpt><trkpt lat="46.02744350861758" lon="7.769443062134087"><ele>2012.2999877929688</ele></trkpt><trkpt lat="46.02744350861758" lon="7.769443062134087"><ele>2012.2999877929688</ele></trkpt><trkpt lat="46.02744350861758" lon="7.769443062134087"><ele>2012.2999877929688</ele></trkpt><trkpt lat="46.02744441572577" lon="7.769440484698862"><ele>2012.2999877929688</ele></trkpt><trkpt lat="46.02748034056276" lon="7.769460073206574"><ele>2013.8999938964844</ele></trkpt><trkpt lat="46.027610482648015" lon="7.7695602984167635"><ele>2015.7999877929688</ele></trkpt><trkpt lat="46.027680502738804" lon="7.769609794951975"><ele>2016.6999816894531</ele></trkpt><trkpt lat="46.02774251066148" lon="7.769630832597613"><ele>2017.2999877929688</ele></trkpt><trkpt lat="46.02780005475506" lon="7.7696402203291655"><ele>2018.0999755859375</ele></trkpt><trkpt lat="46.027850459329784" lon="7.769630193710327"><ele>2018.7999877929688</ele></trkpt><trkpt lat="46.02794050425291" lon="7.769599744584411"><ele>2020.0999755859375</ele></trkpt><trkpt lat="46.028170299716294" lon="7.76946036843583"><ele>2023.6999816894531</ele></trkpt><trkpt lat="46.0282702925615" lon="7.769411898683757"><ele>2025.3999938964844</ele></trkpt><trkpt lat="46.028331491630524" lon="7.7694019372574985"><ele>2026.1999816894531</ele></trkpt><trkpt lat="46.028370175976306" lon="7.769400879275054"><ele>2026.6999816894531</ele></trkpt><trkpt lat="46.02841149782762" lon="7.769420500844717"><ele>2027.3999938964844</ele></trkpt><trkpt lat="46.028450060635805" lon="7.769460767973214"><ele>2027.6999816894531</ele></trkpt><trkpt lat="46.02848143130541" lon="7.769499700516462"><ele>2028.0999755859375</ele></trkpt><trkpt lat="46.02858141856268" lon="7.76975988317281"><ele>2030.3999938964844</ele></trkpt><trkpt lat="46.02862244518474" lon="7.769880234729499"><ele>2031.5999755859375</ele></trkpt><trkpt lat="46.02867148024961" lon="7.770030338317156"><ele>2033.0</ele></trkpt><trkpt lat="46.028700000140816" lon="7.770120911300182"><ele>2034.0999755859375</ele></trkpt><trkpt lat="46.0287303798832" lon="7.770190833136439"><ele>2034.6999816894531</ele></trkpt><trkpt lat="46.02877245331183" lon="7.770260825753212"><ele>2035.5999755859375</ele></trkpt><trkpt lat="46.02884148666635" lon="7.770340021699667"><ele>2036.8999938964844</ele></trkpt><trkpt lat="46.02891144575551" lon="7.770410183351487"><ele>2038.0</ele></trkpt><trkpt lat="46.02898146212101" lon="7.770460973959416"><ele>2039.0999755859375</ele></trkpt><trkpt lat="46.02908026333898" lon="7.770511939190328"><ele>2040.2999877929688</ele></trkpt><trkpt lat="46.02914047939703" lon="7.770530384965241"><ele>2041.3999938964844</ele></trkpt><trkpt lat="46.02922051213682" lon="7.770539910066873"><ele>2042.1999816894531</ele></trkpt><trkpt lat="46.02943997364491" lon="7.7705502808094025"><ele>2045.3999938964844</ele></trkpt><trkpt lat="46.029510111082345" lon="7.77055974630639"><ele>2046.1999816894531</ele></trkpt><trkpt lat="46.02960000419989" lon="7.77058095484972"><ele>2047.1999816894531</ele></trkpt><trkpt lat="46.029693473130465" lon="7.770609933882952"><ele>2048.2999877929688</ele></trkpt><trkpt lat="46.02979143569246" lon="7.770640231668949"><ele>2049.3999938964844</ele></trkpt><trkpt lat="46.02989029372111" lon="7.770671826321632"><ele>2050.699981689453</ele></trkpt><trkpt lat="46.0300224465318" lon="7.7706997487694025"><ele>2052.8999938964844</ele></trkpt><trkpt lat="46.03024002164602" lon="7.770739812869579"><ele>2055.8999938964844</ele></trkpt><trkpt lat="46.030400052666664" lon="7.770770487375557"><ele>2057.5</ele></trkpt><trkpt lat="46.03051249869168" lon="7.770769878290594"><ele>2058.7999877929688</ele></trkpt><trkpt lat="46.03055027965456" lon="7.770770107861608"><ele>2059.3999938964844</ele></trkpt><trkpt lat="46.030551148578525" lon="7.770780444610864"><ele>2059.3999938964844</ele></trkpt><trkpt lat="46.030551148578525" lon="7.770780444610864"><ele>2059.3999938964844</ele></trkpt><trkpt lat="46.030551148578525" lon="7.770780444610864"><ele>2059.3999938964844</ele></trkpt><trkpt lat="46.030551148578525" lon="7.770780444610864"><ele>2059.3999938964844</ele></trkpt><trkpt lat="46.030551148578525" lon="7.770780444610864"><ele>2059.3999938964844</ele></trkpt><trkpt lat="46.030551148578525" lon="7.770780444610864"><ele>2059.3999938964844</ele></trkpt><trkpt lat="46.030551148578525" lon="7.770780444610864"><ele>2059.3999938964844</ele></trkpt><trkpt lat="46.030551148578525" lon="7.770780444610864"><ele>2059.3999938964844</ele></trkpt><trkpt lat="46.030551148578525" lon="7.770780444610864"><ele>2059.3999938964844</ele></trkpt><trkpt lat="46.030551148578525" lon="7.770780444610864"><ele>2059.3999938964844</ele></trkpt><trkpt lat="46.030551148578525" lon="7.770780444610864"><ele>2059.3999938964844</ele></trkpt><trkpt lat="46.030551148578525" lon="7.770780444610864"><ele>2059.3999938964844</ele></trkpt><trkpt lat="46.030551148578525" lon="7.770780444610864"><ele>2059.3999938964844</ele></trkpt><trkpt lat="46.030551148578525" lon="7.770780444610864"><ele>2059.3999938964844</ele></trkpt><trkpt lat="46.030551148578525" lon="7.770780444610864"><ele>2059.3999938964844</ele></trkpt><trkpt lat="46.030551148578525" lon="7.770780444610864"><ele>2059.3999938964844</ele></trkpt><trkpt lat="46.03055027965456" lon="7.770770107861608"><ele>2059.3999938964844</ele></trkpt><trkpt lat="46.03061141772196" lon="7.770780810620636"><ele>2060.0999755859375</ele></trkpt><trkpt lat="46.030772500205785" lon="7.7707598325796425"><ele>2062.5999755859375</ele></trkpt><trkpt lat="46.030952469445765" lon="7.770740260835737"><ele>2065.2999877929688</ele></trkpt><trkpt lat="46.031240299809724" lon="7.7707497561350465"><ele>2068.3999938964844</ele></trkpt><trkpt lat="46.031310494057834" lon="7.770739850122482"><ele>2069.0999755859375</ele></trkpt><trkpt lat="46.031482451129705" lon="7.770691816229373"><ele>2071.8999938964844</ele></trkpt><trkpt lat="46.03154002549127" lon="7.770690874196589"><ele>2072.7999877929688</ele></trkpt><trkpt lat="46.03158044768497" lon="7.770710492040962"><ele>2073.5</ele></trkpt><trkpt lat="46.03162000095472" lon="7.770719772204757"><ele>2074.0</ele></trkpt><trkpt lat="46.031650494318455" lon="7.770750953350216"><ele>2074.5</ele></trkpt><trkpt lat="46.03169445786625" lon="7.770789965521544"><ele>2075.199981689453</ele></trkpt><trkpt lat="46.03172042686492" lon="7.770830160006881"><ele>2075.5999755859375</ele></trkpt><trkpt lat="46.03175446111709" lon="7.770880735013634"><ele>2076.2999877929688</ele></trkpt><trkpt lat="46.03180010570213" lon="7.770959794521332"><ele>2077.0999755859375</ele></trkpt><trkpt lat="46.03185027465224" lon="7.7710298406891525"><ele>2077.699981689453</ele></trkpt><trkpt lat="46.031892435159534" lon="7.771070133429021"><ele>2078.3999938964844</ele></trkpt><trkpt lat="46.03195342887193" lon="7.771129913628101"><ele>2079.2999877929688</ele></trkpt><trkpt lat="46.03217247966677" lon="7.771279769018292"><ele>2082.5999755859375</ele></trkpt><trkpt lat="46.03223442984745" lon="7.771320182364434"><ele>2083.2999877929688</ele></trkpt><trkpt lat="46.03228013124317" lon="7.77137987036258"><ele>2084.199981689453</ele></trkpt><trkpt lat="46.032340195029974" lon="7.771449977532029"><ele>2085.199981689453</ele></trkpt><trkpt lat="46.03239033324644" lon="7.7715303571894765"><ele>2086.2999877929688</ele></trkpt><trkpt lat="46.03244143165648" lon="7.771590077783912"><ele>2087.0</ele></trkpt><trkpt lat="46.03249345673248" lon="7.771640764083713"><ele>2088.0</ele></trkpt><trkpt lat="46.03254008805379" lon="7.771690125577152"><ele>2088.5999755859375</ele></trkpt><trkpt lat="46.0326002696529" lon="7.7717201970517635"><ele>2089.699981689453</ele></trkpt><trkpt lat="46.03268030192703" lon="7.771729724947363"><ele>2090.699981689453</ele></trkpt><trkpt lat="46.032813464757055" lon="7.77172020310536"><ele>2092.699981689453</ele></trkpt><trkpt lat="46.03290341887623" lon="7.771720750257373"><ele>2094.0</ele></trkpt><trkpt lat="46.032960093580186" lon="7.771719803567976"><ele>2094.8999938964844</ele></trkpt><trkpt lat="46.03306249296293" lon="7.771770796738565"><ele>2095.8999938964844</ele></trkpt><trkpt lat="46.03317023580894" lon="7.771839904598892"><ele>2097.7999877929688</ele></trkpt><trkpt lat="46.03327347710729" lon="7.771910276263952"><ele>2099.3999938964844</ele></trkpt><trkpt lat="46.03335150098428" lon="7.771990827284753"><ele>2100.7999877929688</ele></trkpt><trkpt lat="46.03342050220817" lon="7.772080364637077"><ele>2102.0999755859375</ele></trkpt><trkpt lat="46.03349037282169" lon="7.772180239669979"><ele>2103.7999877929688</ele></trkpt><trkpt lat="46.033570050261915" lon="7.772309880238026"><ele>2104.7999877929688</ele></trkpt><trkpt lat="46.03365248348564" lon="7.772420164663345"><ele>2106.199981689453</ele></trkpt><trkpt lat="46.03371344599873" lon="7.772490280680358"><ele>2107.0</ele></trkpt><trkpt lat="46.03375027002767" lon="7.772509878501296"><ele>2107.7999877929688</ele></trkpt><trkpt lat="46.03383021056652" lon="7.772550404537469"><ele>2108.7999877929688</ele></trkpt><trkpt lat="46.033890480175614" lon="7.772550772409886"><ele>2110.0999755859375</ele></trkpt><trkpt lat="46.03402001783252" lon="7.77255027089268"><ele>2111.699981689453</ele></trkpt><trkpt lat="46.03409015526995" lon="7.772559739649296"><ele>2112.2999877929688</ele></trkpt><trkpt lat="46.03414046857506" lon="7.772580711636692"><ele>2113.2999877929688</ele></trkpt><trkpt lat="46.03420242201537" lon="7.772619836963713"><ele>2114.199981689453</ele></trkpt><trkpt lat="46.034319994505495" lon="7.772710964083672"><ele>2115.699981689453</ele></trkpt><trkpt lat="46.034412471111864" lon="7.7727709407918155"><ele>2116.7999877929688</ele></trkpt><trkpt lat="46.03451037220657" lon="7.772821909748018"><ele>2118.0999755859375</ele></trkpt><trkpt lat="46.034563422203064" lon="7.772829983383417"><ele>2118.8999938964844</ele></trkpt><trkpt lat="46.03466146811843" lon="7.772831873502582"><ele>2120.199981689453</ele></trkpt><trkpt lat="46.03476039506495" lon="7.772840227000415"><ele>2121.7999877929688</ele></trkpt><trkpt lat="46.03493029344827" lon="7.772880011703819"><ele>2123.3999938964844</ele></trkpt><trkpt lat="46.03509035427123" lon="7.7729003629647195"><ele>2125.0999755859375</ele></trkpt><trkpt lat="46.0352000715211" lon="7.772910074330866"><ele>2126.0999755859375</ele></trkpt><trkpt lat="46.0352503885515" lon="7.772929755505174"><ele>2126.5</ele></trkpt><trkpt lat="46.035260268021375" lon="7.772934982087463"><ele>2126.5</ele></trkpt><trkpt lat="46.035260268021375" lon="7.772934982087463"><ele>2126.5</ele></trkpt><trkpt lat="46.035260268021375" lon="7.772934982087463"><ele>2126.5</ele></trkpt><trkpt lat="46.035260268021375" lon="7.772934982087463"><ele>2126.5</ele></trkpt><trkpt lat="46.035260268021375" lon="7.772934982087463"><ele>2126.5</ele></trkpt><trkpt lat="46.035260268021375" lon="7.772934982087463"><ele>2126.5</ele></trkpt><trkpt lat="46.035260268021375" lon="7.772934982087463"><ele>2126.5</ele></trkpt><trkpt lat="46.035260268021375" lon="7.772934982087463"><ele>2126.5</ele></trkpt><trkpt lat="46.035260268021375" lon="7.772934982087463"><ele>2126.5</ele></trkpt><trkpt lat="46.035260268021375" lon="7.772934982087463"><ele>2126.5</ele></trkpt><trkpt lat="46.035260268021375" lon="7.772934982087463"><ele>2126.5</ele></trkpt><trkpt lat="46.035260268021375" lon="7.772934982087463"><ele>2126.5</ele></trkpt><trkpt lat="46.035260268021375" lon="7.772934982087463"><ele>2126.5</ele></trkpt><trkpt lat="46.035260268021375" lon="7.772934982087463"><ele>2126.5</ele></trkpt><trkpt lat="46.035260268021375" lon="7.772934982087463"><ele>2126.5</ele></trkpt><trkpt lat="46.035260268021375" lon="7.772934982087463"><ele>2126.5</ele></trkpt><trkpt lat="46.0352503885515" lon="7.772929755505174"><ele>2126.5</ele></trkpt><trkpt lat="46.03529443545267" lon="7.7729403572157025"><ele>2126.8999938964844</ele></trkpt><trkpt lat="46.035340254660696" lon="7.772960010915995"><ele>2127.5</ele></trkpt><trkpt lat="46.03538151457906" lon="7.773000302258879"><ele>2127.7999877929688</ele></trkpt><trkpt lat="46.03540022904053" lon="7.773059830069542"><ele>2128.5</ele></trkpt><trkpt lat="46.035400045569986" lon="7.773121825419366"><ele>2129.0999755859375</ele></trkpt><trkpt lat="46.0353900664486" lon="7.773150180000812"><ele>2129.8999938964844</ele></trkpt><trkpt lat="46.03536029020324" lon="7.773180996067822"><ele>2130.3999938964844</ele></trkpt><trkpt lat="46.03531348705292" lon="7.773189751431346"><ele>2130.8999938964844</ele></trkpt><trkpt lat="46.03516149241477" lon="7.773179781623185"><ele>2132.5999755859375</ele></trkpt><trkpt lat="46.03498346824199" lon="7.773150279652327"><ele>2135.5</ele></trkpt><trkpt lat="46.034822477959096" lon="7.773140255361795"><ele>2137.5</ele></trkpt><trkpt lat="46.034690184984356" lon="7.77316011255607"><ele>2139.3999938964844</ele></trkpt><trkpt lat="46.03453351231292" lon="7.773210818413645"><ele>2141.0999755859375</ele></trkpt><trkpt lat="46.03440019721165" lon="7.773271999787539"><ele>2143.199981689453</ele></trkpt><trkpt lat="46.03426248021424" lon="7.773300864268094"><ele>2145.0999755859375</ele></trkpt><trkpt lat="46.0341544742696" lon="7.773320869542658"><ele>2146.5999755859375</ele></trkpt><trkpt lat="46.034030188806355" lon="7.773370480630547"><ele>2148.0999755859375</ele></trkpt><trkpt lat="46.03385247476399" lon="7.7735398802906275"><ele>2151.199981689453</ele></trkpt><trkpt lat="46.03373448224738" lon="7.7735908213071525"><ele>2153.5999755859375</ele></trkpt><trkpt lat="46.03363999631256" lon="7.773601867258549"><ele>2154.5999755859375</ele></trkpt><trkpt lat="46.03344029560685" lon="7.773601937573403"><ele>2157.5</ele></trkpt><trkpt lat="46.03331343410537" lon="7.7736102025955915"><ele>2159.199981689453</ele></trkpt><trkpt lat="46.03321004472673" lon="7.7735901973210275"><ele>2160.7999877929688</ele></trkpt><trkpt lat="46.033143505919725" lon="7.773580749519169"><ele>2161.7999877929688</ele></trkpt><trkpt lat="46.03303013369441" lon="7.773590388707817"><ele>2163.0999755859375</ele></trkpt><trkpt lat="46.032950044143945" lon="7.773600230924785"><ele>2164.5</ele></trkpt><trkpt lat="46.032958124764264" lon="7.773605446796864"><ele>2164.5</ele></trkpt><trkpt lat="46.032958124764264" lon="7.773605446796864"><ele>2164.5</ele></trkpt><trkpt lat="46.032958124764264" lon="7.773605446796864"><ele>2164.5</ele></trkpt><trkpt lat="46.032958124764264" lon="7.773605446796864"><ele>2164.5</ele></trkpt><trkpt lat="46.032958124764264" lon="7.773605446796864"><ele>2164.5</ele></trkpt><trkpt lat="46.032958124764264" lon="7.773605446796864"><ele>2164.5</ele></trkpt><trkpt lat="46.032958124764264" lon="7.773605446796864"><ele>2164.5</ele></trkpt><trkpt lat="46.032958124764264" lon="7.773605446796864"><ele>2164.5</ele></trkpt><trkpt lat="46.032958124764264" lon="7.773605446796864"><ele>2164.5</ele></trkpt><trkpt lat="46.032958124764264" lon="7.773605446796864"><ele>2164.5</ele></trkpt><trkpt lat="46.032958124764264" lon="7.773605446796864"><ele>2164.5</ele></trkpt><trkpt lat="46.032958124764264" lon="7.773605446796864"><ele>2164.5</ele></trkpt><trkpt lat="46.032958124764264" lon="7.773605446796864"><ele>2164.5</ele></trkpt><trkpt lat="46.032958124764264" lon="7.773605446796864"><ele>2164.5</ele></trkpt><trkpt lat="46.032958124764264" lon="7.773605446796864"><ele>2164.5</ele></trkpt><trkpt lat="46.032958124764264" lon="7.773605446796864"><ele>2164.5</ele></trkpt><trkpt lat="46.032950044143945" lon="7.773600230924785"><ele>2164.5</ele></trkpt><trkpt lat="46.03285013418645" lon="7.773620284628123"><ele>2165.8999938964844</ele></trkpt><trkpt lat="46.032550286035985" lon="7.773720481432974"><ele>2170.5</ele></trkpt><trkpt lat="46.03242243314162" lon="7.773759736679494"><ele>2172.5</ele></trkpt><trkpt lat="46.032350378111005" lon="7.773790292441845"><ele>2173.5</ele></trkpt><trkpt lat="46.032280121929944" lon="7.773820858914405"><ele>2174.0999755859375</ele></trkpt><trkpt lat="46.0322314244695" lon="7.773861889727414"><ele>2174.8999938964844</ele></trkpt><trkpt lat="46.032020311336964" lon="7.774069822859019"><ele>2178.7999877929688</ele></trkpt><trkpt lat="46.03182004624978" lon="7.77425974002108"><ele>2181.8999938964844</ele></trkpt><trkpt lat="46.03174247499555" lon="7.774330297950655"><ele>2183.199981689453</ele></trkpt><trkpt lat="46.03164148889482" lon="7.774409752339125"><ele>2184.699981689453</ele></trkpt><trkpt lat="46.03155045490712" lon="7.774469894822687"><ele>2186.199981689453</ele></trkpt><trkpt lat="46.031470303889364" lon="7.774500399362296"><ele>2187.2999877929688</ele></trkpt><trkpt lat="46.03139015287161" lon="7.774530903901905"><ele>2188.199981689453</ele></trkpt><trkpt lat="46.031300141941756" lon="7.774549724534154"><ele>2189.699981689453</ele></trkpt><trkpt lat="46.031210153829306" lon="7.774560796096921"><ele>2191.0</ele></trkpt><trkpt lat="46.0311201387085" lon="7.77458090800792"><ele>2192.5999755859375</ele></trkpt><trkpt lat="46.031010360457" lon="7.774591858033091"><ele>2194.0999755859375</ele></trkpt><trkpt lat="46.03093027509749" lon="7.774600407574326"><ele>2195.199981689453</ele></trkpt><trkpt lat="46.030830395407975" lon="7.7746101268567145"><ele>2196.5999755859375</ele></trkpt><trkpt lat="46.03076022816822" lon="7.774610987864435"><ele>2197.5999755859375</ele></trkpt><trkpt lat="46.03063345095143" lon="7.77459083776921"><ele>2199.0</ele></trkpt><trkpt lat="46.030633431859314" lon="7.774597295094281"><ele>2199.0</ele></trkpt><trkpt lat="46.030630433000624" lon="7.774600354488939"><ele>2198.6099853515625</ele></trkpt><trkpt lat="46.03057043347508" lon="7.774590354412794"><ele>2200.0599975585938</ele></trkpt><trkpt lat="46.03030043421313" lon="7.774530355352908"><ele>2203.739990234375</ele></trkpt><trkpt lat="46.03002043487504" lon="7.774480355903506"><ele>2207.739990234375</ele></trkpt><trkpt lat="46.02991043543443" lon="7.774460356216878"><ele>2209.509979248047</ele></trkpt><trkpt lat="46.029810435604304" lon="7.774450356140733"><ele>2211.1599731445312</ele></trkpt><trkpt lat="46.02970043569803" lon="7.774420356377959"><ele>2212.709991455078</ele></trkpt><trkpt lat="46.029640436172485" lon="7.774390356615186"><ele>2213.5599975585938</ele></trkpt><trkpt lat="46.02958043618128" lon="7.774380357004702"><ele>2214.3399963378906</ele></trkpt><trkpt lat="46.02954043634236" lon="7.774380357004702"><ele>2214.6599731445312</ele></trkpt><trkpt lat="46.02954043634236" lon="7.774370356928557"><ele>2214.9199829101562</ele></trkpt><trkpt lat="46.02942043635994" lon="7.774320357013494"><ele>2215.9299926757812</ele></trkpt><trkpt lat="46.029190436936915" lon="7.774220357649028"><ele>2218.6199951171875</ele></trkpt><trkpt lat="46.02910043718293" lon="7.7741903574205935"><ele>2219.47998046875</ele></trkpt><trkpt lat="46.02901043742895" lon="7.774170357733965"><ele>2220.3499755859375</ele></trkpt><trkpt lat="46.02888043737039" lon="7.774150358047336"><ele>2221.6199951171875</ele></trkpt><trkpt lat="46.0288104377687" lon="7.774140357971191"><ele>2222.1499938964844</ele></trkpt><trkpt lat="46.028760437853634" lon="7.774150358047336"><ele>2222.3699951171875</ele></trkpt><trkpt lat="46.02871043747291" lon="7.774180358275771"><ele>2222.5699768066406</ele></trkpt><trkpt lat="46.02862043771893" lon="7.7742303581908345"><ele>2223.0799865722656</ele></trkpt><trkpt lat="46.028550437651575" lon="7.774270358029753"><ele>2223.189971923828</ele></trkpt><trkpt lat="46.02850043773651" lon="7.774320357944816"><ele>2223.22998046875</ele></trkpt><trkpt lat="46.02848043758422" lon="7.774350358173251"><ele>2223.199981689453</ele></trkpt><trkpt lat="46.02848043758422" lon="7.774350358173251"><ele>2223.199981689453</ele></trkpt><trkpt lat="46.02842043759301" lon="7.774420358240604"><ele>2223.1799926757812</ele></trkpt><trkpt lat="46.028190437704325" lon="7.774620358366519"><ele>2223.8899841308594</ele></trkpt><trkpt lat="46.02810043795034" lon="7.774710358120501"><ele>2224.1099853515625</ele></trkpt><trkpt lat="46.02805043803528" lon="7.774750358425081"><ele>2223.709991455078</ele></trkpt><trkpt lat="46.027870438061655" lon="7.774840358179063"><ele>2223.769989013672</ele></trkpt><trkpt lat="46.0278004379943" lon="7.774870358407497"><ele>2223.8399963378906</ele></trkpt><trkpt lat="46.027640438172966" lon="7.774920358322561"><ele>2224.5</ele></trkpt><trkpt lat="46.02760043786839" lon="7.774950358550996"><ele>2224.3899841308594</ele></trkpt><trkpt lat="46.02757043810561" lon="7.774970358237624"><ele>2224.3399963378906</ele></trkpt><trkpt lat="46.027510438114405" lon="7.775040358304977"><ele>2224.269989013672</ele></trkpt><trkpt lat="46.02744043804705" lon="7.775120358448476"><ele>2224.2899780273438</ele></trkpt><trkpt lat="46.02725043799728" lon="7.775330358184874"><ele>2224.5499877929688</ele></trkpt><trkpt lat="46.02720043808222" lon="7.775400358252227"><ele>2224.5899963378906</ele></trkpt><trkpt lat="46.02719743922353" lon="7.775401423219591"><ele>2224.8999938964844</ele></trkpt><trkpt lat="46.02719743922353" lon="7.775401423219591"><ele>2224.8999938964844</ele></trkpt><trkpt lat="46.02719743922353" lon="7.775401423219591"><ele>2224.8999938964844</ele></trkpt><trkpt lat="46.02719743922353" lon="7.775401423219591"><ele>2224.8999938964844</ele></trkpt><trkpt lat="46.02719743922353" lon="7.775401423219591"><ele>2224.8999938964844</ele></trkpt><trkpt lat="46.02719743922353" lon="7.775401423219591"><ele>2224.8999938964844</ele></trkpt><trkpt lat="46.02719743922353" lon="7.775401423219591"><ele>2224.8999938964844</ele></trkpt><trkpt lat="46.02719743922353" lon="7.775401423219591"><ele>2224.8999938964844</ele></trkpt><trkpt lat="46.02719743922353" lon="7.775401423219591"><ele>2224.8999938964844</ele></trkpt><trkpt lat="46.02719743922353" lon="7.775401423219591"><ele>2224.8999938964844</ele></trkpt><trkpt lat="46.02719743922353" lon="7.775401423219591"><ele>2224.8999938964844</ele></trkpt><trkpt lat="46.02719743922353" lon="7.775401423219591"><ele>2224.8999938964844</ele></trkpt><trkpt lat="46.02719743922353" lon="7.775401423219591"><ele>2224.8999938964844</ele></trkpt><trkpt lat="46.02719743922353" lon="7.775401423219591"><ele>2224.8999938964844</ele></trkpt><trkpt lat="46.02719743922353" lon="7.775401423219591"><ele>2224.8999938964844</ele></trkpt><trkpt lat="46.02719743922353" lon="7.775401423219591"><ele>2224.8999938964844</ele></trkpt><trkpt lat="46.027190247084945" lon="7.775400087703019"><ele>2224.8999938964844</ele></trkpt><trkpt lat="46.02713249530643" lon="7.775460428092629"><ele>2224.8999938964844</ele></trkpt><trkpt lat="46.0270801410079" lon="7.775520802009851"><ele>2224.8999938964844</ele></trkpt><trkpt lat="46.02692146366462" lon="7.775639925617725"><ele>2225.5999755859375</ele></trkpt><trkpt lat="46.02689348580316" lon="7.775670746807009"><ele>2225.699981689453</ele></trkpt><trkpt lat="46.02679342869669" lon="7.775739865843207"><ele>2225.699981689453</ele></trkpt><trkpt lat="46.02659147651866" lon="7.775891006458551"><ele>2225.5</ele></trkpt><trkpt lat="46.026550070848316" lon="7.775899791158736"><ele>2225.699981689453</ele></trkpt><trkpt lat="46.026483497582376" lon="7.775901963934302"><ele>2225.8999938964844</ele></trkpt><trkpt lat="46.02644032333046" lon="7.775900406762958"><ele>2226.0</ele></trkpt><trkpt lat="46.026380081661046" lon="7.775890995748341"><ele>2226.0999755859375</ele></trkpt><trkpt lat="46.02633147966117" lon="7.775899736210704"><ele>2226.0999755859375</ele></trkpt><trkpt lat="46.02630446245894" lon="7.775909900665283"><ele>2226.0999755859375</ele></trkpt><trkpt lat="46.02626032335684" lon="7.775930291041732"><ele>2226.199981689453</ele></trkpt><trkpt lat="46.026190008968115" lon="7.775980221573263"><ele>2226.3999938964844</ele></trkpt><trkpt lat="46.02594029251486" lon="7.776160766836256"><ele>2226.699981689453</ele></trkpt><trkpt lat="46.025830367114395" lon="7.7762207835912704"><ele>2226.7999877929688</ele></trkpt><trkpt lat="46.025792497675866" lon="7.776250251568854"><ele>2226.7999877929688</ele></trkpt><trkpt lat="46.02572050411254" lon="7.776260138489306"><ele>2226.8999938964844</ele></trkpt><trkpt lat="46.02561249770224" lon="7.776280134450644"><ele>2226.7999877929688</ele></trkpt><trkpt lat="46.02551345154643" lon="7.776311807800084"><ele>2226.8999938964844</ele></trkpt><trkpt lat="46.02536043757573" lon="7.776341856922954"><ele>2227.0</ele></trkpt><trkpt lat="46.02529024658725" lon="7.776350463274866"><ele>2227.0999755859375</ele></trkpt><trkpt lat="46.02524347091094" lon="7.7763501750305295"><ele>2227.5</ele></trkpt><trkpt lat="46.025163469836116" lon="7.776330311316997"><ele>2227.5999755859375</ele></trkpt><trkpt lat="46.02511045103893" lon="7.776311905588955"><ele>2227.5999755859375</ele></trkpt><trkpt lat="46.025070033967495" lon="7.776290994603187"><ele>2227.3999938964844</ele></trkpt><trkpt lat="46.02504044165835" lon="7.776259819511324"><ele>2227.5</ele></trkpt><trkpt lat="46.025013513397425" lon="7.776240283623338"><ele>2227.5999755859375</ele></trkpt><trkpt lat="46.024920316878706" lon="7.776120904833078"><ele>2227.7999877929688</ele></trkpt><trkpt lat="46.02487005898729" lon="7.776081854943186"><ele>2228.0</ele></trkpt><trkpt lat="46.02478025574237" lon="7.7760309390723705"><ele>2228.199981689453</ele></trkpt><trkpt lat="46.02470034733415" lon="7.775980084203184"><ele>2228.199981689453</ele></trkpt><trkpt lat="46.024640194140375" lon="7.775940973777324"><ele>2228.2999877929688</ele></trkpt><trkpt lat="46.024560254998505" lon="7.775900449603796"><ele>2228.5</ele></trkpt><trkpt lat="46.02448028465733" lon="7.775870256591588"><ele>2228.7999877929688</ele></trkpt><trkpt lat="46.02432034444064" lon="7.7758098701015115"><ele>2228.7999877929688</ele></trkpt><trkpt lat="46.02424039784819" lon="7.7757719294168055"><ele>2228.7999877929688</ele></trkpt><trkpt lat="46.02413442963734" lon="7.775711875874549"><ele>2228.7999877929688</ele></trkpt><trkpt lat="46.024040155578405" lon="7.775651894509792"><ele>2228.8999938964844</ele></trkpt><trkpt lat="46.02376009756699" lon="7.775450016371906"><ele>2229.3999938964844</ele></trkpt><trkpt lat="46.02371251070872" lon="7.775420023594052"><ele>2229.5</ele></trkpt><trkpt lat="46.02368015423417" lon="7.775410785339773"><ele>2229.3999938964844</ele></trkpt><trkpt lat="46.02366036036983" lon="7.775411954615265"><ele>2229.3999938964844</ele></trkpt><trkpt lat="46.02366845635697" lon="7.775412004441023"><ele>2229.3999938964844</ele></trkpt><trkpt lat="46.02366845635697" lon="7.775412004441023"><ele>2229.3999938964844</ele></trkpt><trkpt lat="46.02366845635697" lon="7.775412004441023"><ele>2229.3999938964844</ele></trkpt><trkpt lat="46.02366845635697" lon="7.775412004441023"><ele>2229.3999938964844</ele></trkpt><trkpt lat="46.02366845635697" lon="7.775412004441023"><ele>2229.3999938964844</ele></trkpt><trkpt lat="46.02366845635697" lon="7.775412004441023"><ele>2229.3999938964844</ele></trkpt><trkpt lat="46.02366845635697" lon="7.775412004441023"><ele>2229.3999938964844</ele></trkpt><trkpt lat="46.02366845635697" lon="7.775412004441023"><ele>2229.3999938964844</ele></trkpt><trkpt lat="46.02366845635697" lon="7.775412004441023"><ele>2229.3999938964844</ele></trkpt><trkpt lat="46.02366845635697" lon="7.775412004441023"><ele>2229.3999938964844</ele></trkpt><trkpt lat="46.02366845635697" lon="7.775412004441023"><ele>2229.3999938964844</ele></trkpt><trkpt lat="46.02366845635697" lon="7.775412004441023"><ele>2229.3999938964844</ele></trkpt><trkpt lat="46.02366845635697" lon="7.775412004441023"><ele>2229.3999938964844</ele></trkpt><trkpt lat="46.02366845635697" lon="7.775412004441023"><ele>2229.3999938964844</ele></trkpt><trkpt lat="46.02366845635697" lon="7.775412004441023"><ele>2229.3999938964844</ele></trkpt><trkpt lat="46.02366845635697" lon="7.775412004441023"><ele>2229.3999938964844</ele></trkpt><trkpt lat="46.02366036036983" lon="7.775411954615265"><ele>2229.3999938964844</ele></trkpt><trkpt lat="46.0235902313143" lon="7.775399901904166"><ele>2229.5</ele></trkpt><trkpt lat="46.023440004792064" lon="7.775400269310921"><ele>2230.0</ele></trkpt><trkpt lat="46.023340152110904" lon="7.775400946382433"><ele>2230.0999755859375</ele></trkpt><trkpt lat="46.02322147088125" lon="7.775380847044289"><ele>2230.199981689453</ele></trkpt><trkpt lat="46.02311448380351" lon="7.775360819883645"><ele>2230.3999938964844</ele></trkpt><trkpt lat="46.02300027338788" lon="7.775349786970764"><ele>2230.3999938964844</ele></trkpt><trkpt lat="46.02291031181812" lon="7.7753518163226545"><ele>2230.5</ele></trkpt><trkpt lat="46.02283019153401" lon="7.775371984578669"><ele>2230.5999755859375</ele></trkpt><trkpt lat="46.02275007497519" lon="7.775390861555934"><ele>2230.8999938964844</ele></trkpt><trkpt lat="46.02267349464819" lon="7.775430420879275"><ele>2231.0999755859375</ele></trkpt><trkpt lat="46.02261049626395" lon="7.775440363679081"><ele>2231.0999755859375</ele></trkpt><trkpt lat="46.022550196386874" lon="7.775450322777033"><ele>2231.0999755859375</ele></trkpt><trkpt lat="46.02252144180238" lon="7.775439816061407"><ele>2231.0999755859375</ele></trkpt><trkpt lat="46.022494479082525" lon="7.7754319021478295"><ele>2231.2999877929688</ele></trkpt><trkpt lat="46.02244246006012" lon="7.775379930622876"><ele>2231.2999877929688</ele></trkpt><trkpt lat="46.02240038989112" lon="7.775309942662716"><ele>2231.3999938964844</ele></trkpt><trkpt lat="46.022350401151925" lon="7.775180506519973"><ele>2231.8999938964844</ele></trkpt><trkpt lat="46.02226044097915" lon="7.774880376178771"><ele>2232.5</ele></trkpt><trkpt lat="46.02221039356664" lon="7.7747703096829355"><ele>2232.5999755859375</ele></trkpt><trkpt lat="46.022170152980834" lon="7.77469000313431"><ele>2232.699981689453</ele></trkpt><trkpt lat="46.022110026329756" lon="7.774641857016832"><ele>2232.699981689453</ele></trkpt><trkpt lat="46.02205443568528" lon="7.774580825585872"><ele>2233.0</ele></trkpt><trkpt lat="46.02192246867344" lon="7.774490918032825"><ele>2233.3999938964844</ele></trkpt><trkpt lat="46.02175011532381" lon="7.774369772989303"><ele>2234.0999755859375</ele></trkpt><trkpt lat="46.02150048548356" lon="7.774219746701419"><ele>2234.699981689453</ele></trkpt><trkpt lat="46.02136036101729" lon="7.774150451179594"><ele>2235.0</ele></trkpt><trkpt lat="46.021262457594275" lon="7.77410078374669"><ele>2235.2999877929688</ele></trkpt><trkpt lat="46.02122017554939" lon="7.7741018161177635"><ele>2235.3999938964844</ele></trkpt><trkpt lat="46.02118146466091" lon="7.774111908860505"><ele>2235.5</ele></trkpt><trkpt lat="46.02114003198221" lon="7.774129732511938"><ele>2235.5</ele></trkpt><trkpt lat="46.02110032970086" lon="7.774170809891075"><ele>2235.5</ele></trkpt><trkpt lat="46.021062426269054" lon="7.7742118975147605"><ele>2235.3999938964844</ele></trkpt><trkpt lat="46.0210200631991" lon="7.774240045808256"><ele>2235.5</ele></trkpt><trkpt lat="46.02097142720595" lon="7.774260407779366"><ele>2235.5999755859375</ele></trkpt><trkpt lat="46.02087244717404" lon="7.774270131252706"><ele>2236.2999877929688</ele></trkpt><trkpt lat="46.02078341599554" lon="7.77426183829084"><ele>2236.5999755859375</ele></trkpt><trkpt lat="46.02063049469143" lon="7.774260900914669"><ele>2236.5</ele></trkpt><trkpt lat="46.02058018185198" lon="7.774239932652563"><ele>2236.5</ele></trkpt><trkpt lat="46.02052002819255" lon="7.774200826883316"><ele>2236.5999755859375</ele></trkpt><trkpt lat="46.02049049315974" lon="7.774150287266821"><ele>2236.8999938964844</ele></trkpt><trkpt lat="46.02045042486861" lon="7.7740118792280555"><ele>2237.199981689453</ele></trkpt><trkpt lat="46.02041024481878" lon="7.773910916410387"><ele>2237.3999938964844</ele></trkpt><trkpt lat="46.02034034952521" lon="7.773820101749152"><ele>2237.699981689453</ele></trkpt><trkpt lat="46.02027044678107" lon="7.773731869645417"><ele>2237.8999938964844</ele></trkpt><trkpt lat="46.02015032665804" lon="7.773590390570462"><ele>2238.199981689453</ele></trkpt><trkpt lat="46.02006150968373" lon="7.7735097906552255"><ele>2238.3999938964844</ele></trkpt><trkpt lat="46.020010500680655" lon="7.773420384153724"><ele>2238.5</ele></trkpt><trkpt lat="46.01993001718074" lon="7.773259779438376"><ele>2239.0</ele></trkpt><trkpt lat="46.019883471075445" lon="7.773182021453977"><ele>2239.2999877929688</ele></trkpt><trkpt lat="46.01983147766441" lon="7.773121016100049"><ele>2239.5</ele></trkpt><trkpt lat="46.01974350307137" lon="7.773059791419655"><ele>2239.699981689453</ele></trkpt><trkpt lat="46.019730006344616" lon="7.773061000276357"><ele>2239.7999877929688</ele></trkpt><trkpt lat="46.01973450370133" lon="7.773061027750373"><ele>2239.7999877929688</ele></trkpt><trkpt lat="46.01973450370133" lon="7.773061027750373"><ele>2239.7999877929688</ele></trkpt><trkpt lat="46.01973450370133" lon="7.773061027750373"><ele>2239.7999877929688</ele></trkpt><trkpt lat="46.01973450370133" lon="7.773061027750373"><ele>2239.7999877929688</ele></trkpt><trkpt lat="46.01973450370133" lon="7.773061027750373"><ele>2239.7999877929688</ele></trkpt><trkpt lat="46.01973450370133" lon="7.773061027750373"><ele>2239.7999877929688</ele></trkpt><trkpt lat="46.01973450370133" lon="7.773061027750373"><ele>2239.7999877929688</ele></trkpt><trkpt lat="46.01973450370133" lon="7.773061027750373"><ele>2239.7999877929688</ele></trkpt><trkpt lat="46.01973450370133" lon="7.773061027750373"><ele>2239.7999877929688</ele></trkpt><trkpt lat="46.01973450370133" lon="7.773061027750373"><ele>2239.7999877929688</ele></trkpt><trkpt lat="46.01973450370133" lon="7.773061027750373"><ele>2239.7999877929688</ele></trkpt><trkpt lat="46.01973450370133" lon="7.773061027750373"><ele>2239.7999877929688</ele></trkpt><trkpt lat="46.01973450370133" lon="7.773061027750373"><ele>2239.7999877929688</ele></trkpt><trkpt lat="46.01973450370133" lon="7.773061027750373"><ele>2239.7999877929688</ele></trkpt><trkpt lat="46.01973450370133" lon="7.773061027750373"><ele>2239.7999877929688</ele></trkpt><trkpt lat="46.01973450370133" lon="7.773061027750373"><ele>2239.7999877929688</ele></trkpt><trkpt lat="46.019730006344616" lon="7.773061000276357"><ele>2239.7999877929688</ele></trkpt><trkpt lat="46.01968241855502" lon="7.773031011689454"><ele>2239.7999877929688</ele></trkpt><trkpt lat="46.01962050003931" lon="7.772980276029557"><ele>2240.0</ele></trkpt><trkpt lat="46.01946448162198" lon="7.772810174152255"><ele>2240.699981689453</ele></trkpt><trkpt lat="46.01942147966474" lon="7.77275051549077"><ele>2241.0999755859375</ele></trkpt><trkpt lat="46.01940447278321" lon="7.772722004912794"><ele>2241.0999755859375</ele></trkpt><trkpt lat="46.01938033802435" lon="7.772670209407806"><ele>2241.2999877929688</ele></trkpt><trkpt lat="46.019350078422576" lon="7.772560271434486"><ele>2241.3999938964844</ele></trkpt><trkpt lat="46.01931010000408" lon="7.7723908787593246"><ele>2242.0999755859375</ele></trkpt><trkpt lat="46.019284456502646" lon="7.772240941412747"><ele>2242.0999755859375</ele></trkpt><trkpt lat="46.019262437243015" lon="7.772081988397986"><ele>2241.699981689453</ele></trkpt><trkpt lat="46.01923146098852" lon="7.771910068579018"><ele>2242.0999755859375</ele></trkpt><trkpt lat="46.019183499738574" lon="7.771701891440898"><ele>2243.0999755859375</ele></trkpt><trkpt lat="46.01917027728632" lon="7.771610135212541"><ele>2243.2999877929688</ele></trkpt><trkpt lat="46.01913029700518" lon="7.771440743934363"><ele>2243.5999755859375</ele></trkpt><trkpt lat="46.01911442913115" lon="7.771330894436687"><ele>2243.7999877929688</ele></trkpt><trkpt lat="46.019090010784566" lon="7.771069922018796"><ele>2244.0</ele></trkpt><trkpt lat="46.019080496393144" lon="7.7709407433867455"><ele>2244.0999755859375</ele></trkpt><trkpt lat="46.019060221500695" lon="7.770799878519028"><ele>2244.3999938964844</ele></trkpt><trkpt lat="46.0190415061079" lon="7.770740369800478"><ele>2244.5</ele></trkpt><trkpt lat="46.01902009174228" lon="7.770680844318122"><ele>2244.7999877929688</ele></trkpt><trkpt lat="46.01895031146705" lon="7.770550009328872"><ele>2244.7999877929688</ele></trkpt><trkpt lat="46.01889036549255" lon="7.770439893938601"><ele>2245.0</ele></trkpt><trkpt lat="46.01883032778278" lon="7.770360766444355"><ele>2245.0</ele></trkpt><trkpt lat="46.01874246541411" lon="7.770260812249035"><ele>2245.5</ele></trkpt><trkpt lat="46.018640271387994" lon="7.770140111912042"><ele>2245.7999877929688</ele></trkpt><trkpt lat="46.01852011261508" lon="7.770010265056044"><ele>2245.8999938964844</ele></trkpt><trkpt lat="46.01852550217882" lon="7.770012880209833"><ele>2245.8999938964844</ele></trkpt><trkpt lat="46.01852550217882" lon="7.770012880209833"><ele>2245.8999938964844</ele></trkpt><trkpt lat="46.01852550217882" lon="7.770012880209833"><ele>2245.8999938964844</ele></trkpt><trkpt lat="46.01852011261508" lon="7.770010265056044"><ele>2245.8999938964844</ele></trkpt><trkpt lat="46.0184824494645" lon="7.76997001003474"><ele>2246.0</ele></trkpt><trkpt lat="46.01835245266557" lon="7.769820736721158"><ele>2246.5999755859375</ele></trkpt><trkpt lat="46.018300514202565" lon="7.769740368705243"><ele>2246.7999877929688</ele></trkpt><trkpt lat="46.01827013446018" lon="7.769670461304486"><ele>2247.199981689453</ele></trkpt><trkpt lat="46.018230037763715" lon="7.769539808854461"><ele>2247.2999877929688</ele></trkpt><trkpt lat="46.01821245625615" lon="7.769400254357606"><ele>2247.199981689453</ele></trkpt><trkpt lat="46.01819020230323" lon="7.769320066086948"><ele>2247.199981689453</ele></trkpt><trkpt lat="46.018171455711126" lon="7.769270887598395"><ele>2247.0999755859375</ele></trkpt><trkpt lat="46.01815448189154" lon="7.769230758305639"><ele>2247.0</ele></trkpt><trkpt lat="46.01799018820748" lon="7.769120016600937"><ele>2248.0999755859375</ele></trkpt><trkpt lat="46.01795246405527" lon="7.7691004211083055"><ele>2248.3999938964844</ele></trkpt><trkpt lat="46.01793450396508" lon="7.7690899833105505"><ele>2248.699981689453</ele></trkpt><trkpt lat="46.01783026754856" lon="7.769051910378039"><ele>2249.8999938964844</ele></trkpt><trkpt lat="46.01776025490835" lon="7.768999841064215"><ele>2250.3999938964844</ele></trkpt><trkpt lat="46.017700099386275" lon="7.76896074321121"><ele>2251.5</ele></trkpt><trkpt lat="46.01766147976741" lon="7.768939851317555"><ele>2251.8999938964844</ele></trkpt><trkpt lat="46.0176201579161" lon="7.768920234404504"><ele>2252.2999877929688</ele></trkpt><trkpt lat="46.017510501202196" lon="7.768889876548201"><ele>2253.2999877929688</ele></trkpt><trkpt lat="46.01731010526419" lon="7.768820236902684"><ele>2256.2999877929688</ele></trkpt><trkpt lat="46.01731010526419" lon="7.768820236902684"><ele>2256.2999877929688</ele></trkpt><trkpt lat="46.017315494827926" lon="7.768822851590812"><ele>2256.2999877929688</ele></trkpt><trkpt lat="46.017315494827926" lon="7.768822851590812"><ele>2256.2999877929688</ele></trkpt><trkpt lat="46.017315494827926" lon="7.768822851590812"><ele>2256.2999877929688</ele></trkpt><trkpt lat="46.017315494827926" lon="7.768822851590812"><ele>2256.2999877929688</ele></trkpt><trkpt lat="46.017315494827926" lon="7.768822851590812"><ele>2256.2999877929688</ele></trkpt><trkpt lat="46.017315494827926" lon="7.768822851590812"><ele>2256.2999877929688</ele></trkpt><trkpt lat="46.017315494827926" lon="7.768822851590812"><ele>2256.2999877929688</ele></trkpt><trkpt lat="46.017315494827926" lon="7.768822851590812"><ele>2256.2999877929688</ele></trkpt><trkpt lat="46.017315494827926" lon="7.768822851590812"><ele>2256.2999877929688</ele></trkpt><trkpt lat="46.017315494827926" lon="7.768822851590812"><ele>2256.2999877929688</ele></trkpt><trkpt lat="46.017315494827926" lon="7.768822851590812"><ele>2256.2999877929688</ele></trkpt><trkpt lat="46.017315494827926" lon="7.768822851590812"><ele>2256.2999877929688</ele></trkpt><trkpt lat="46.017315494827926" lon="7.768822851590812"><ele>2256.2999877929688</ele></trkpt><trkpt lat="46.017315494827926" lon="7.768822851590812"><ele>2256.2999877929688</ele></trkpt><trkpt lat="46.017315494827926" lon="7.768822851590812"><ele>2256.2999877929688</ele></trkpt><trkpt lat="46.017315494827926" lon="7.768822851590812"><ele>2256.2999877929688</ele></trkpt><trkpt lat="46.01731010526419" lon="7.768820236902684"><ele>2256.2999877929688</ele></trkpt><trkpt lat="46.01718248054385" lon="7.768782023806125"><ele>2257.0999755859375</ele></trkpt><trkpt lat="46.01709346054122" lon="7.768769866786897"><ele>2258.2999877929688</ele></trkpt><trkpt lat="46.017004433088005" lon="7.768760292325169"><ele>2259.2999877929688</ele></trkpt><trkpt lat="46.016870458610356" lon="7.768740117549896"><ele>2260.199981689453</ele></trkpt><trkpt lat="46.0168002913706" lon="7.768740986008197"><ele>2260.699981689453</ele></trkpt><trkpt lat="46.01670035580173" lon="7.768770080525428"><ele>2262.0</ele></trkpt><trkpt lat="46.01665441924706" lon="7.768790462054312"><ele>2262.7999877929688</ele></trkpt><trkpt lat="46.01661022473127" lon="7.768830221612006"><ele>2263.5</ele></trkpt><trkpt lat="46.01659028790891" lon="7.768880456220359"><ele>2263.5999755859375</ele></trkpt><trkpt lat="46.0165215106681" lon="7.7690207762643695"><ele>2262.699981689453</ele></trkpt><trkpt lat="46.01648250920698" lon="7.769130288623273"><ele>2262.3999938964844</ele></trkpt><trkpt lat="46.01646245084703" lon="7.769221839029342"><ele>2261.699981689453</ele></trkpt><trkpt lat="46.01645043864846" lon="7.769330222625285"><ele>2260.8999938964844</ele></trkpt><trkpt lat="46.01645042933524" lon="7.769640097394586"><ele>2257.7999877929688</ele></trkpt><trkpt lat="46.016443483997136" lon="7.769860840868205"><ele>2255.7999877929688</ele></trkpt><trkpt lat="46.01644142344594" lon="7.769949917681515"><ele>2255.0</ele></trkpt><trkpt lat="46.01644950034097" lon="7.769956422038376"><ele>2255.0</ele></trkpt><trkpt lat="46.01644950034097" lon="7.769956422038376"><ele>2255.0</ele></trkpt><trkpt lat="46.01644950034097" lon="7.769956422038376"><ele>2255.0</ele></trkpt><trkpt lat="46.01644950034097" lon="7.769956422038376"><ele>2255.0</ele></trkpt><trkpt lat="46.01644950034097" lon="7.769956422038376"><ele>2255.0</ele></trkpt><trkpt lat="46.01644950034097" lon="7.769956422038376"><ele>2255.0</ele></trkpt><trkpt lat="46.01644950034097" lon="7.769956422038376"><ele>2255.0</ele></trkpt><trkpt lat="46.01644950034097" lon="7.769956422038376"><ele>2255.0</ele></trkpt><trkpt lat="46.01644950034097" lon="7.769956422038376"><ele>2255.0</ele></trkpt><trkpt lat="46.01644950034097" lon="7.769956422038376"><ele>2255.0</ele></trkpt><trkpt lat="46.01644950034097" lon="7.769956422038376"><ele>2255.0</ele></trkpt><trkpt lat="46.01644950034097" lon="7.769956422038376"><ele>2255.0</ele></trkpt><trkpt lat="46.01644950034097" lon="7.769956422038376"><ele>2255.0</ele></trkpt><trkpt lat="46.01644950034097" lon="7.769956422038376"><ele>2255.0</ele></trkpt><trkpt lat="46.01644950034097" lon="7.769956422038376"><ele>2255.0</ele></trkpt><trkpt lat="46.01644950034097" lon="7.769956422038376"><ele>2255.0</ele></trkpt><trkpt lat="46.01644142344594" lon="7.769949917681515"><ele>2255.0</ele></trkpt><trkpt lat="46.016443483997136" lon="7.769860840868205"><ele>2255.7999877929688</ele></trkpt><trkpt lat="46.01644019735977" lon="7.770060948561877"><ele>2254.199981689453</ele></trkpt><trkpt lat="46.0164344208315" lon="7.770190028008074"><ele>2252.8999938964844</ele></trkpt><trkpt lat="46.016421500593424" lon="7.77030098810792"><ele>2252.199981689453</ele></trkpt><trkpt lat="46.01640141848475" lon="7.770400284789503"><ele>2251.5</ele></trkpt><trkpt lat="46.01638040645048" lon="7.770509904716164"><ele>2250.3999938964844</ele></trkpt><trkpt lat="46.01635036803782" lon="7.770629798993468"><ele>2248.8999938964844</ele></trkpt><trkpt lat="46.01632035244256" lon="7.770741946063936"><ele>2247.5</ele></trkpt><trkpt lat="46.01629049656913" lon="7.770799866411835"><ele>2246.5</ele></trkpt><trkpt lat="46.016263449564576" lon="7.770820360630751"><ele>2245.8999938964844</ele></trkpt><trkpt lat="46.01619043853134" lon="7.7708702720701694"><ele>2244.0</ele></trkpt><trkpt lat="46.016160456929356" lon="7.770970799028873"><ele>2244.0999755859375</ele></trkpt><trkpt lat="46.01610001316294" lon="7.771029824391007"><ele>2244.0999755859375</ele></trkpt><trkpt lat="46.01605041697621" lon="7.7710708398371935"><ele>2243.8999938964844</ele></trkpt><trkpt lat="46.015970152337104" lon="7.771140073891729"><ele>2243.5999755859375</ele></trkpt><trkpt lat="46.015912463888526" lon="7.771179748699069"><ele>2243.199981689453</ele></trkpt><trkpt lat="46.015893512871116" lon="7.77120029181242"><ele>2243.199981689453</ele></trkpt><trkpt lat="46.015860142651945" lon="7.771229785401374"><ele>2243.2999877929688</ele></trkpt><trkpt lat="46.015850217081606" lon="7.771240054164082"><ele>2243.2999877929688</ele></trkpt><trkpt lat="46.01585018681362" lon="7.771250382997096"><ele>2243.2999877929688</ele></trkpt><trkpt lat="46.01581141911447" lon="7.771279843524098"><ele>2243.0999755859375</ele></trkpt><trkpt lat="46.015792433638126" lon="7.771312006749213"><ele>2243.0</ele></trkpt><trkpt lat="46.01576442969963" lon="7.771351861767471"><ele>2242.7999877929688</ele></trkpt><trkpt lat="46.015754451043904" lon="7.771380205638707"><ele>2242.5999755859375</ele></trkpt><trkpt lat="46.01574449520558" lon="7.771400803234428"><ele>2242.3999938964844</ele></trkpt><trkpt lat="46.01573442481458" lon="7.771460134070367"><ele>2241.3999938964844</ele></trkpt><trkpt lat="46.01572348177433" lon="7.771510421298444"><ele>2240.7999877929688</ele></trkpt><trkpt lat="46.01571346865967" lon="7.771550385747105"><ele>2240.3999938964844</ele></trkpt><trkpt lat="46.01570351282135" lon="7.771570982877165"><ele>2240.0999755859375</ele></trkpt><trkpt lat="46.0156601597555" lon="7.7716301111504436"><ele>2238.5999755859375</ele></trkpt><trkpt lat="46.01565017690882" lon="7.771659746300429"><ele>2237.8999938964844</ele></trkpt><trkpt lat="46.015630265232176" lon="7.771700941026211"><ele>2237.3999938964844</ele></trkpt><trkpt lat="46.01564018661156" lon="7.771691963542253"><ele>2237.5999755859375</ele></trkpt><trkpt lat="46.0156464795582" lon="7.771693293005228"><ele>2237.5999755859375</ele></trkpt><trkpt lat="46.0156464795582" lon="7.771693293005228"><ele>2237.5999755859375</ele></trkpt><trkpt lat="46.0156464795582" lon="7.771693293005228"><ele>2237.5999755859375</ele></trkpt><trkpt lat="46.0156464795582" lon="7.771693293005228"><ele>2237.5999755859375</ele></trkpt><trkpt lat="46.0156464795582" lon="7.771693293005228"><ele>2237.5999755859375</ele></trkpt><trkpt lat="46.0156464795582" lon="7.771693293005228"><ele>2237.5999755859375</ele></trkpt><trkpt lat="46.0156464795582" lon="7.771693293005228"><ele>2237.5999755859375</ele></trkpt><trkpt lat="46.0156464795582" lon="7.771693293005228"><ele>2237.5999755859375</ele></trkpt><trkpt lat="46.0156464795582" lon="7.771693293005228"><ele>2237.5999755859375</ele></trkpt><trkpt lat="46.0156464795582" lon="7.771693293005228"><ele>2237.5999755859375</ele></trkpt><trkpt lat="46.0156464795582" lon="7.771693293005228"><ele>2237.5999755859375</ele></trkpt><trkpt lat="46.0156464795582" lon="7.771693293005228"><ele>2237.5999755859375</ele></trkpt><trkpt lat="46.0156464795582" lon="7.771693293005228"><ele>2237.5999755859375</ele></trkpt><trkpt lat="46.0156464795582" lon="7.771693293005228"><ele>2237.5999755859375</ele></trkpt><trkpt lat="46.0156464795582" lon="7.771693293005228"><ele>2237.5999755859375</ele></trkpt><trkpt lat="46.0156464795582" lon="7.771693293005228"><ele>2237.5999755859375</ele></trkpt><trkpt lat="46.01564018661156" lon="7.771691963542253"><ele>2237.5999755859375</ele></trkpt><trkpt lat="46.015630265232176" lon="7.771700941026211"><ele>2237.3999938964844</ele></trkpt><trkpt lat="46.01562022510916" lon="7.7717499430291355"><ele>2236.5</ele></trkpt><trkpt lat="46.015550426673144" lon="7.7719302754849195"><ele>2234.199981689453</ele></trkpt><trkpt lat="46.01553144864738" lon="7.7719598561525345"><ele>2234.0999755859375</ele></trkpt><trkpt lat="46.0155304572545" lon="7.77199083706364"><ele>2234.0999755859375</ele></trkpt><trkpt lat="46.01551046175882" lon="7.772060435730964"><ele>2234.199981689453</ele></trkpt><trkpt lat="46.015500478912145" lon="7.7720900708809495"><ele>2234.199981689453</ele></trkpt><trkpt lat="46.01546347979456" lon="7.772129870485514"><ele>2233.699981689453</ele></trkpt><trkpt lat="46.01546344906092" lon="7.772140199318528"><ele>2233.5999755859375</ele></trkpt><trkpt lat="46.015453435946256" lon="7.7721801633015275"><ele>2233.5999755859375</ele></trkpt><trkpt lat="46.015434480737895" lon="7.7722019967623055"><ele>2233.3999938964844</ele></trkpt><trkpt lat="46.01542446715757" lon="7.772241960745305"><ele>2233.3999938964844</ele></trkpt><trkpt lat="46.01541350129992" lon="7.772299994248897"><ele>2233.5</ele></trkpt><trkpt lat="46.015412483364344" lon="7.772340013179928"><ele>2233.699981689453</ele></trkpt><trkpt lat="46.015402496792376" lon="7.772370939143002"><ele>2233.8999938964844</ele></trkpt><trkpt lat="46.015391492284834" lon="7.772441883571446"><ele>2234.2999877929688</ele></trkpt><trkpt lat="46.01537245698273" lon="7.772490830160677"><ele>2234.199981689453</ele></trkpt><trkpt lat="46.01536250440404" lon="7.772510136477649"><ele>2234.0</ele></trkpt><trkpt lat="46.0153200160712" lon="7.772580889053643"><ele>2233.8999938964844</ele></trkpt><trkpt lat="46.0153244221583" lon="7.7726119030267"><ele>2234.0</ele></trkpt><trkpt lat="46.01531447377056" lon="7.772629918064922"><ele>2234.199981689453</ele></trkpt><trkpt lat="46.01528014242649" lon="7.7726800623349845"><ele>2234.2999877929688</ele></trkpt><trkpt lat="46.01525033917278" lon="7.772719905246049"><ele>2234.0</ele></trkpt><trkpt lat="46.015230430755764" lon="7.77275980822742"><ele>2234.0</ele></trkpt><trkpt lat="46.01522041717544" lon="7.772799771744758"><ele>2233.7999877929688</ele></trkpt><trkpt lat="46.015201431233436" lon="7.77283193403855"><ele>2234.0</ele></trkpt><trkpt lat="46.015191482845694" lon="7.772849949076772"><ele>2234.0</ele></trkpt><trkpt lat="46.01517250109464" lon="7.7728808196261525"><ele>2234.0999755859375</ele></trkpt><trkpt lat="46.01514446595684" lon="7.772931002546102"><ele>2234.3999938964844</ele></trkpt><trkpt lat="46.015134452842176" lon="7.772970965597779"><ele>2234.5999755859375</ele></trkpt><trkpt lat="46.015110046602786" lon="7.773010841570795"><ele>2234.7999877929688</ele></trkpt><trkpt lat="46.01509013818577" lon="7.773050744552165"><ele>2234.8999938964844</ele></trkpt><trkpt lat="46.01508012088016" lon="7.773091998882592"><ele>2234.8999938964844</ele></trkpt><trkpt lat="46.015050382353365" lon="7.773109892848879"><ele>2234.7999877929688</ele></trkpt><trkpt lat="46.01504045678303" lon="7.7731201611459255"><ele>2234.7999877929688</ele></trkpt><trkpt lat="46.015012422110885" lon="7.7731703436002135"><ele>2234.8999938964844</ele></trkpt><trkpt lat="46.01498444844037" lon="7.773199867922813"><ele>2234.5999755859375</ele></trkpt><trkpt lat="46.01494034053758" lon="7.773209927603602"><ele>2234.5</ele></trkpt><trkpt lat="46.01491149375215" lon="7.773230409249663"><ele>2234.0999755859375</ele></trkpt><trkpt lat="46.014850141480565" lon="7.77329200739041"><ele>2234.3999938964844</ele></trkpt><trkpt lat="46.014820403419435" lon="7.773309901356697"><ele>2234.3999938964844</ele></trkpt><trkpt lat="46.01482308283448" lon="7.773316373117268"><ele>2234.3999938964844</ele></trkpt><trkpt lat="46.01482308283448" lon="7.773316373117268"><ele>2234.3999938964844</ele></trkpt><trkpt lat="46.01482308283448" lon="7.773316373117268"><ele>2234.3999938964844</ele></trkpt><trkpt lat="46.01482308283448" lon="7.773316373117268"><ele>2234.3999938964844</ele></trkpt><trkpt lat="46.01482308283448" lon="7.773316373117268"><ele>2234.3999938964844</ele></trkpt><trkpt lat="46.01482308283448" lon="7.773316373117268"><ele>2234.3999938964844</ele></trkpt><trkpt lat="46.01482308283448" lon="7.773316373117268"><ele>2234.3999938964844</ele></trkpt><trkpt lat="46.01482308283448" lon="7.773316373117268"><ele>2234.3999938964844</ele></trkpt><trkpt lat="46.01482308283448" lon="7.773316373117268"><ele>2234.3999938964844</ele></trkpt><trkpt lat="46.01482308283448" lon="7.773316373117268"><ele>2234.3999938964844</ele></trkpt><trkpt lat="46.01482308283448" lon="7.773316373117268"><ele>2234.3999938964844</ele></trkpt><trkpt lat="46.01482308283448" lon="7.773316373117268"><ele>2234.3999938964844</ele></trkpt><trkpt lat="46.01482308283448" lon="7.773316373117268"><ele>2234.3999938964844</ele></trkpt><trkpt lat="46.01482308283448" lon="7.773316373117268"><ele>2234.3999938964844</ele></trkpt><trkpt lat="46.01482308283448" lon="7.773316373117268"><ele>2234.3999938964844</ele></trkpt><trkpt lat="46.01482308283448" lon="7.773316373117268"><ele>2234.3999938964844</ele></trkpt><trkpt lat="46.014820403419435" lon="7.773309901356697"><ele>2234.3999938964844</ele></trkpt><trkpt lat="46.014850141480565" lon="7.77329200739041"><ele>2234.3999938964844</ele></trkpt><trkpt lat="46.014760011807084" lon="7.773350847885013"><ele>2234.2999877929688</ele></trkpt><trkpt lat="46.01469242759049" lon="7.773390458896756"><ele>2234.2999877929688</ele></trkpt><trkpt lat="46.01465006126091" lon="7.773419895675033"><ele>2234.699981689453</ele></trkpt><trkpt lat="46.014640166424215" lon="7.773419835139066"><ele>2234.2999877929688</ele></trkpt><trkpt lat="46.01462039956823" lon="7.773411967325956"><ele>2234.2999877929688</ele></trkpt><trkpt lat="46.014560100156814" lon="7.773421927820891"><ele>2234.3999938964844</ele></trkpt><trkpt lat="46.01454028347507" lon="7.7734308443032205"><ele>2234.2999877929688</ele></trkpt><trkpt lat="46.01453038863838" lon="7.773430783767253"><ele>2234.2999877929688</ele></trkpt><trkpt lat="46.01451245881617" lon="7.773410016670823"><ele>2234.199981689453</ele></trkpt><trkpt lat="46.014494467992336" lon="7.773409906774759"><ele>2234.199981689453</ele></trkpt><trkpt lat="46.01447018049657" lon="7.773409758228809"><ele>2234.199981689453</ele></trkpt><trkpt lat="46.01445041364059" lon="7.77340189088136"><ele>2234.0999755859375</ele></trkpt><trkpt lat="46.014432427007705" lon="7.773400489706546"><ele>2233.7999877929688</ele></trkpt><trkpt lat="46.01441449346021" lon="7.773381013423204"><ele>2233.5999755859375</ele></trkpt><trkpt lat="46.01437023980543" lon="7.77344013331458"><ele>2232.7999877929688</ele></trkpt><trkpt lat="46.01434049010277" lon="7.773461900185794"><ele>2232.699981689453</ele></trkpt><trkpt lat="46.01432247227058" lon="7.773470827843994"><ele>2232.699981689453</ele></trkpt><trkpt lat="46.014300014823675" lon="7.7734603616409"><ele>2232.699981689453</ele></trkpt><trkpt lat="46.0142702688463" lon="7.773480837233365"><ele>2232.699981689453</ele></trkpt><trkpt lat="46.014260347001255" lon="7.773489814251661"><ele>2232.3999938964844</ele></trkpt><trkpt lat="46.014232457615435" lon="7.77349093509838"><ele>2232.3999938964844</ele></trkpt><trkpt lat="46.01420448347926" lon="7.773520458955318"><ele>2232.699981689453</ele></trkpt><trkpt lat="46.014190033543855" lon="7.773539737332612"><ele>2233.0999755859375</ele></trkpt><trkpt lat="46.0141503312625" lon="7.773580809589475"><ele>2232.7999877929688</ele></trkpt><trkpt lat="46.014110510237515" lon="7.77366190450266"><ele>2232.199981689453</ele></trkpt><trkpt lat="46.01409243512899" lon="7.773690198082477"><ele>2232.0</ele></trkpt><trkpt lat="46.014073425903916" lon="7.77373010572046"><ele>2231.8999938964844</ele></trkpt><trkpt lat="46.014024493750185" lon="7.773849877063185"><ele>2230.199981689453</ele></trkpt><trkpt lat="46.013970187399536" lon="7.773961869068444"><ele>2228.3999938964844</ele></trkpt><trkpt lat="46.01396017335355" lon="7.774001831654459"><ele>2227.5</ele></trkpt><trkpt lat="46.0139601463452" lon="7.774010868743062"><ele>2227.199981689453</ele></trkpt><trkpt lat="46.013950074557215" lon="7.774070196785033"><ele>2225.2999877929688</ele></trkpt><trkpt lat="46.01394006051123" lon="7.774110159371048"><ele>2224.699981689453</ele></trkpt><trkpt lat="46.013944496866316" lon="7.774130843579769"><ele>2224.199981689453</ele></trkpt><trkpt lat="46.01394446985796" lon="7.774139881134033"><ele>2224.0999755859375</ele></trkpt><trkpt lat="46.01393007719889" lon="7.77413979312405"><ele>2224.0</ele></trkpt><trkpt lat="46.01393013494089" lon="7.774120427202433"><ele>2223.5999755859375</ele></trkpt><trkpt lat="46.01392029738054" lon="7.774101000279188"><ele>2223.0999755859375</ele></trkpt><trkpt lat="46.01391046401113" lon="7.7740802825428545"><ele>2222.5999755859375</ele></trkpt><trkpt lat="46.01389250392094" lon="7.774069843813777"><ele>2221.7999877929688</ele></trkpt><trkpt lat="46.013870038092136" lon="7.774061959702522"><ele>2221.0999755859375</ele></trkpt><trkpt lat="46.01386011624709" lon="7.774070936255157"><ele>2220.7999877929688</ele></trkpt><trkpt lat="46.01386008923873" lon="7.774079973809421"><ele>2220.5</ele></trkpt><trkpt lat="46.01385012920946" lon="7.774101861286908"><ele>2220.2999877929688</ele></trkpt><trkpt lat="46.013840115163475" lon="7.774141823407263"><ele>2219.8999938964844</ele></trkpt><trkpt lat="46.01382027147338" lon="7.774159776978195"><ele>2219.199981689453</ele></trkpt><trkpt lat="46.013810315169394" lon="7.774180373176932"><ele>2218.699981689453</ele></trkpt><trkpt lat="46.013790463563055" lon="7.774200908839703"><ele>2218.0999755859375</ele></trkpt><trkpt lat="46.01376150175929" lon="7.774260121397674"><ele>2216.7999877929688</ele></trkpt><trkpt lat="46.013724436052144" lon="7.774321865756065"><ele>2215.3999938964844</ele></trkpt><trkpt lat="46.01368015492335" lon="7.774390021339059"><ele>2214.199981689453</ele></trkpt><trkpt lat="46.01366015383974" lon="7.7744609084911644"><ele>2213.8999938964844</ele></trkpt><trkpt lat="46.01366021530703" lon="7.774440251290798"><ele>2214.0999755859375</ele></trkpt><trkpt lat="46.013668291736394" lon="7.774446756578982"><ele>2214.0999755859375</ele></trkpt><trkpt lat="46.013668291736394" lon="7.774446756578982"><ele>2214.0999755859375</ele></trkpt><trkpt lat="46.013668291736394" lon="7.774446756578982"><ele>2214.0999755859375</ele></trkpt><trkpt lat="46.013668291736394" lon="7.774446756578982"><ele>2214.0999755859375</ele></trkpt><trkpt lat="46.013668291736394" lon="7.774446756578982"><ele>2214.0999755859375</ele></trkpt><trkpt lat="46.013668291736394" lon="7.774446756578982"><ele>2214.0999755859375</ele></trkpt><trkpt lat="46.013668291736394" lon="7.774446756578982"><ele>2214.0999755859375</ele></trkpt><trkpt lat="46.013668291736394" lon="7.774446756578982"><ele>2214.0999755859375</ele></trkpt><trkpt lat="46.013668291736394" lon="7.774446756578982"><ele>2214.0999755859375</ele></trkpt><trkpt lat="46.013668291736394" lon="7.774446756578982"><ele>2214.0999755859375</ele></trkpt><trkpt lat="46.013668291736394" lon="7.774446756578982"><ele>2214.0999755859375</ele></trkpt><trkpt lat="46.013668291736394" lon="7.774446756578982"><ele>2214.0999755859375</ele></trkpt><trkpt lat="46.013668291736394" lon="7.774446756578982"><ele>2214.0999755859375</ele></trkpt><trkpt lat="46.013668291736394" lon="7.774446756578982"><ele>2214.0999755859375</ele></trkpt><trkpt lat="46.013668291736394" lon="7.774446756578982"><ele>2214.0999755859375</ele></trkpt><trkpt lat="46.013668291736394" lon="7.774446756578982"><ele>2214.0999755859375</ele></trkpt><trkpt lat="46.01366021530703" lon="7.774440251290798"><ele>2214.0999755859375</ele></trkpt><trkpt lat="46.01366015383974" lon="7.7744609084911644"><ele>2213.8999938964844</ele></trkpt><trkpt lat="46.01364027522504" lon="7.7744904812425375"><ele>2213.5999755859375</ele></trkpt><trkpt lat="46.01361043704674" lon="7.774541941471398"><ele>2213.199981689453</ele></trkpt><trkpt lat="46.01353008206934" lon="7.774640861432999"><ele>2212.3999938964844</ele></trkpt><trkpt lat="46.013520129490644" lon="7.774660166352987"><ele>2212.199981689453</ele></trkpt><trkpt lat="46.013480364810675" lon="7.7747218939475715"><ele>2211.2999877929688</ele></trkpt><trkpt lat="46.01346045965329" lon="7.774760504253209"><ele>2210.7999877929688</ele></trkpt><trkpt lat="46.01344151189551" lon="7.774779754225165"><ele>2210.5999755859375</ele></trkpt><trkpt lat="46.013403488788754" lon="7.774860858451575"><ele>2209.5999755859375</ele></trkpt><trkpt lat="46.01338001200929" lon="7.774890408851206"><ele>2209.2999877929688</ele></trkpt><trkpt lat="46.01335026556626" lon="7.774910883512348"><ele>2208.8999938964844</ele></trkpt><trkpt lat="46.01328442245722" lon="7.77496986836195"><ele>2208.7999877929688</ele></trkpt><trkpt lat="46.01328148553148" lon="7.775049896910787"><ele>2209.2999877929688</ele></trkpt><trkpt lat="46.01328043593094" lon="7.775100242346525"><ele>2210.0</ele></trkpt><trkpt lat="46.01327024074271" lon="7.775200883392245"><ele>2211.199981689453</ele></trkpt><trkpt lat="46.01326013403013" lon="7.775271830614656"><ele>2211.7999877929688</ele></trkpt><trkpt lat="46.01324002072215" lon="7.775380156934261"><ele>2213.0999755859375</ele></trkpt><trkpt lat="46.01322008110583" lon="7.775430386420339"><ele>2213.8999938964844</ele></trkpt><trkpt lat="46.0132001102902" lon="7.775490943808109"><ele>2214.3999938964844</ele></trkpt><trkpt lat="46.01320443069562" lon="7.775550359860063"><ele>2215.2999877929688</ele></trkpt><trkpt lat="46.01319444691762" lon="7.775579993147403"><ele>2215.7999877929688</ele></trkpt><trkpt lat="46.01316446159035" lon="7.775680512189865"><ele>2216.699981689453</ele></trkpt><trkpt lat="46.013153459411114" lon="7.775750162545592"><ele>2217.7999877929688</ele></trkpt><trkpt lat="46.013143475633115" lon="7.775779795367271"><ele>2218.0999755859375</ele></trkpt><trkpt lat="46.01314248377457" lon="7.775810775347054"><ele>2218.5999755859375</ele></trkpt><trkpt lat="46.01312443520874" lon="7.775830029975623"><ele>2219.0</ele></trkpt><trkpt lat="46.013100082054734" lon="7.775851828511804"><ele>2219.3999938964844</ele></trkpt><trkpt lat="46.0130703127943" lon="7.775880048517138"><ele>2220.2999877929688</ele></trkpt><trkpt lat="46.01302347518504" lon="7.775900417473167"><ele>2221.2999877929688</ele></trkpt><trkpt lat="46.012990130577236" lon="7.775920869316906"><ele>2222.199981689453</ele></trkpt><trkpt lat="46.01296035712585" lon="7.775950380600989"><ele>2222.5999755859375</ele></trkpt><trkpt lat="46.0129044665955" lon="7.77599005959928"><ele>2223.3999938964844</ele></trkpt><trkpt lat="46.012840448878706" lon="7.776040016673505"><ele>2224.0</ele></trkpt><trkpt lat="46.01277013448998" lon="7.776089935097843"><ele>2224.699981689453</ele></trkpt><trkpt lat="46.012740357313305" lon="7.776120737195015"><ele>2225.199981689453</ele></trkpt><trkpt lat="46.01271142158657" lon="7.776170910336077"><ele>2226.5</ele></trkpt><trkpt lat="46.012701434548944" lon="7.776201833970845"><ele>2227.199981689453</ele></trkpt><trkpt lat="46.01266347616911" lon="7.776260989252478"><ele>2228.7999877929688</ele></trkpt><trkpt lat="46.01265348866582" lon="7.776291912887245"><ele>2229.199981689453</ele></trkpt><trkpt lat="46.012643474154174" lon="7.776331874076277"><ele>2230.2999877929688</ele></trkpt><trkpt lat="46.01262003229931" lon="7.776349804364145"><ele>2230.5</ele></trkpt><trkpt lat="46.01260018069297" lon="7.7763703390955925"><ele>2230.5999755859375</ele></trkpt><trkpt lat="46.01258032908663" lon="7.776390873361379"><ele>2230.7999877929688</ele></trkpt><trkpt lat="46.01256045047194" lon="7.776420445181429"><ele>2231.0</ele></trkpt><trkpt lat="46.012540506199" lon="7.776471964549273"><ele>2231.0999755859375</ele></trkpt><trkpt lat="46.012531456537545" lon="7.776489983312786"><ele>2231.199981689453</ele></trkpt><trkpt lat="46.01252149604261" lon="7.77651186985895"><ele>2231.5999755859375</ele></trkpt><trkpt lat="46.01251241564751" lon="7.776540216989815"><ele>2232.0999755859375</ele></trkpt><trkpt lat="46.01249247509986" lon="7.776590445544571"><ele>2232.8999938964844</ele></trkpt><trkpt lat="46.01249046763405" lon="7.7766601499170065"><ele>2234.3999938964844</ele></trkpt><trkpt lat="46.012490378692746" lon="7.776689843740314"><ele>2235.0999755859375</ele></trkpt><trkpt lat="46.012523510959" lon="7.776740399654955"><ele>2236.5999755859375</ele></trkpt><trkpt lat="46.012540478724986" lon="7.7767818183638155"><ele>2237.3999938964844</ele></trkpt><trkpt lat="46.01255022641271" lon="7.776830938644707"><ele>2237.8999938964844</ele></trkpt><trkpt lat="46.01255013374612" lon="7.776861923746765"><ele>2238.5999755859375</ele></trkpt><trkpt lat="46.01255349209532" lon="7.776941990014166"><ele>2239.8999938964844</ele></trkpt><trkpt lat="46.01255247276276" lon="7.776982006151229"><ele>2240.3999938964844</ele></trkpt><trkpt lat="46.01257032016292" lon="7.777029885910451"><ele>2241.0</ele></trkpt><trkpt lat="46.01259448798373" lon="7.777070058044046"><ele>2241.699981689453</ele></trkpt><trkpt lat="46.01263016741723" lon="7.777170981280506"><ele>2243.3999938964844</ele></trkpt><trkpt lat="46.01264003524557" lon="7.777180079370737"><ele>2243.5999755859375</ele></trkpt><trkpt lat="46.0126454285346" lon="7.777181403711438"><ele>2243.5999755859375</ele></trkpt><trkpt lat="46.0126454285346" lon="7.777181403711438"><ele>2243.5999755859375</ele></trkpt><trkpt lat="46.0126454285346" lon="7.777181403711438"><ele>2243.5999755859375</ele></trkpt><trkpt lat="46.0126454285346" lon="7.777181403711438"><ele>2243.5999755859375</ele></trkpt><trkpt lat="46.0126454285346" lon="7.777181403711438"><ele>2243.5999755859375</ele></trkpt><trkpt lat="46.0126454285346" lon="7.777181403711438"><ele>2243.5999755859375</ele></trkpt><trkpt lat="46.0126454285346" lon="7.777181403711438"><ele>2243.5999755859375</ele></trkpt><trkpt lat="46.0126454285346" lon="7.777181403711438"><ele>2243.5999755859375</ele></trkpt><trkpt lat="46.0126454285346" lon="7.777181403711438"><ele>2243.5999755859375</ele></trkpt><trkpt lat="46.0126454285346" lon="7.777181403711438"><ele>2243.5999755859375</ele></trkpt><trkpt lat="46.0126454285346" lon="7.777181403711438"><ele>2243.5999755859375</ele></trkpt><trkpt lat="46.0126454285346" lon="7.777181403711438"><ele>2243.5999755859375</ele></trkpt><trkpt lat="46.0126454285346" lon="7.777181403711438"><ele>2243.5999755859375</ele></trkpt><trkpt lat="46.0126454285346" lon="7.777181403711438"><ele>2243.5999755859375</ele></trkpt><trkpt lat="46.0126454285346" lon="7.777181403711438"><ele>2243.5999755859375</ele></trkpt><trkpt lat="46.0126454285346" lon="7.777181403711438"><ele>2243.5999755859375</ele></trkpt><trkpt lat="46.01264003524557" lon="7.777180079370737"><ele>2243.5999755859375</ele></trkpt><trkpt lat="46.01265346631408" lon="7.7772008194588125"><ele>2243.8999938964844</ele></trkpt><trkpt lat="46.01267041033134" lon="7.777249984443188"><ele>2244.699981689453</ele></trkpt><trkpt lat="46.012690080329776" lon="7.7772901291027665"><ele>2245.199981689453</ele></trkpt><trkpt lat="46.0127204824239" lon="7.777350997086614"><ele>2246.3999938964844</ele></trkpt><trkpt lat="46.012740183621645" lon="7.777380813378841"><ele>2247.199981689453</ele></trkpt><trkpt lat="46.01277247397229" lon="7.777411998715252"><ele>2247.7999877929688</ele></trkpt><trkpt lat="46.01281013805419" lon="7.7774509633891284"><ele>2248.5999755859375</ele></trkpt><trkpt lat="46.012870291247964" lon="7.777490067761391"><ele>2249.8999938964844</ele></trkpt><trkpt lat="46.012911514844745" lon="7.777541965246201"><ele>2250.3999938964844</ele></trkpt><trkpt lat="46.01292039360851" lon="7.777580752037466"><ele>2250.5</ele></trkpt><trkpt lat="46.01294348295778" lon="7.777680307161063"><ele>2251.0</ele></trkpt><trkpt lat="46.01296036504209" lon="7.7777501293458045"><ele>2251.699981689453</ele></trkpt><trkpt lat="46.012984497472644" lon="7.777801921591163"><ele>2252.8999938964844</ele></trkpt><trkpt lat="46.01299244957045" lon="7.777849740348756"><ele>2253.699981689453</ele></trkpt><trkpt lat="46.01301032025367" lon="7.7778898742981255"><ele>2254.8999938964844</ele></trkpt><trkpt lat="46.01304348325357" lon="7.777930102776736"><ele>2255.699981689453</ele></trkpt><trkpt lat="46.01307034911588" lon="7.77797029260546"><ele>2256.7999877929688</ele></trkpt><trkpt lat="46.01308018201962" lon="7.777991010341793"><ele>2257.0999755859375</ele></trkpt><trkpt lat="46.013120451476425" lon="7.778060977812856"><ele>2258.0</ele></trkpt><trkpt lat="46.01314015220851" lon="7.778090794570744"><ele>2258.5999755859375</ele></trkpt><trkpt lat="46.013171488419175" lon="7.778140049427748"><ele>2259.3999938964844</ele></trkpt><trkpt lat="46.013180332258344" lon="7.778190456330776"><ele>2260.0</ele></trkpt><trkpt lat="46.013194480445236" lon="7.778271881397814"><ele>2261.5</ele></trkpt><trkpt lat="46.013193433173" lon="7.778320936020464"><ele>2262.2999877929688</ele></trkpt><trkpt lat="46.01321031479165" lon="7.7783907586708665"><ele>2263.199981689453</ele></trkpt><trkpt lat="46.01323250401765" lon="7.77849030867219"><ele>2264.3999938964844</ele></trkpt><trkpt lat="46.01324038999155" lon="7.778560075908899"><ele>2265.2999877929688</ele></trkpt><trkpt lat="46.01327142259106" lon="7.778710032813251"><ele>2267.0</ele></trkpt><trkpt lat="46.013290071859956" lon="7.7787901954725385"><ele>2267.7999877929688</ele></trkpt><trkpt lat="46.013320142403245" lon="7.778960803989321"><ele>2269.7999877929688</ele></trkpt><trkpt lat="46.0133414901793" lon="7.779040983412415"><ele>2270.7999877929688</ele></trkpt><trkpt lat="46.0133503372781" lon="7.779090099502355"><ele>2271.3999938964844</ele></trkpt><trkpt lat="46.01340041169897" lon="7.7791898236609995"><ele>2272.7999877929688</ele></trkpt><trkpt lat="46.01341024041176" lon="7.779211833141744"><ele>2272.8999938964844</ele></trkpt><trkpt lat="46.013410119805485" lon="7.779251855798066"><ele>2273.0999755859375</ele></trkpt><trkpt lat="46.01340017002076" lon="7.779269868973643"><ele>2273.3999938964844</ele></trkpt><trkpt lat="46.013390181586146" lon="7.77930079260841"><ele>2273.699981689453</ele></trkpt><trkpt lat="46.013360345270485" lon="7.779350959230214"><ele>2274.699981689453</ele></trkpt><trkpt lat="46.0133503023535" lon="7.779399957507849"><ele>2275.2999877929688</ele></trkpt><trkpt lat="46.01335018128157" lon="7.77943998016417"><ele>2275.699981689453</ele></trkpt><trkpt lat="46.01336250221357" lon="7.779530432075262"><ele>2276.3999938964844</ele></trkpt><trkpt lat="46.013370477128774" lon="7.779570505023003"><ele>2276.699981689453</ele></trkpt><trkpt lat="46.01337035233155" lon="7.779611818958074"><ele>2277.0999755859375</ele></trkpt><trkpt lat="46.013360308948904" lon="7.779660817235708"><ele>2277.699981689453</ele></trkpt><trkpt lat="46.01335032470524" lon="7.779690449591726"><ele>2278.0999755859375</ele></trkpt><trkpt lat="46.01333025796339" lon="7.77978199115023"><ele>2279.5999755859375</ele></trkpt><trkpt lat="46.01332024205476" lon="7.779821952339262"><ele>2279.8999938964844</ele></trkpt><trkpt lat="46.0133002102375" lon="7.779901874251664"><ele>2281.5</ele></trkpt><trkpt lat="46.0132702565752" lon="7.7799907717853785"><ele>2282.5999755859375</ele></trkpt><trkpt lat="46.01326023647562" lon="7.7800320237874985"><ele>2283.199981689453</ele></trkpt><trkpt lat="46.01325016608462" lon="7.780090059153736"><ele>2283.7999877929688</ele></trkpt><trkpt lat="46.01324449526146" lon="7.780180398840457"><ele>2284.8999938964844</ele></trkpt><trkpt lat="46.01322344271466" lon="7.780300337355584"><ele>2286.3999938964844</ele></trkpt><trkpt lat="46.013221487402916" lon="7.780351968016475"><ele>2286.7999877929688</ele></trkpt><trkpt lat="46.01323018595576" lon="7.780450144317001"><ele>2288.0</ele></trkpt><trkpt lat="46.013230096083134" lon="7.780479838140309"><ele>2288.3999938964844</ele></trkpt><trkpt lat="46.013235489372164" lon="7.780481162946671"><ele>2288.3999938964844</ele></trkpt><trkpt lat="46.013235489372164" lon="7.780481162946671"><ele>2288.3999938964844</ele></trkpt><trkpt lat="46.013235489372164" lon="7.780481162946671"><ele>2288.3999938964844</ele></trkpt><trkpt lat="46.013235489372164" lon="7.780481162946671"><ele>2288.3999938964844</ele></trkpt><trkpt lat="46.013235489372164" lon="7.780481162946671"><ele>2288.3999938964844</ele></trkpt><trkpt lat="46.013235489372164" lon="7.780481162946671"><ele>2288.3999938964844</ele></trkpt><trkpt lat="46.013235489372164" lon="7.780481162946671"><ele>2288.3999938964844</ele></trkpt><trkpt lat="46.013235489372164" lon="7.780481162946671"><ele>2288.3999938964844</ele></trkpt><trkpt lat="46.013235489372164" lon="7.780481162946671"><ele>2288.3999938964844</ele></trkpt><trkpt lat="46.013235489372164" lon="7.780481162946671"><ele>2288.3999938964844</ele></trkpt><trkpt lat="46.013235489372164" lon="7.780481162946671"><ele>2288.3999938964844</ele></trkpt><trkpt lat="46.013235489372164" lon="7.780481162946671"><ele>2288.3999938964844</ele></trkpt><trkpt lat="46.013235489372164" lon="7.780481162946671"><ele>2288.3999938964844</ele></trkpt><trkpt lat="46.013235489372164" lon="7.780481162946671"><ele>2288.3999938964844</ele></trkpt><trkpt lat="46.013235489372164" lon="7.780481162946671"><ele>2288.3999938964844</ele></trkpt><trkpt lat="46.013235489372164" lon="7.780481162946671"><ele>2288.3999938964844</ele></trkpt><trkpt lat="46.013230096083134" lon="7.780479838140309"><ele>2288.3999938964844</ele></trkpt><trkpt lat="46.01323003321886" lon="7.780500494875014"><ele>2288.699981689453</ele></trkpt><trkpt lat="46.013240495696664" lon="7.780610301531851"><ele>2290.0</ele></trkpt><trkpt lat="46.0132502107881" lon="7.780669751577079"><ele>2291.0</ele></trkpt><trkpt lat="46.0132500580512" lon="7.780720102600753"><ele>2291.199981689453</ele></trkpt><trkpt lat="46.013261509127915" lon="7.780800220556557"><ele>2291.8999938964844</ele></trkpt><trkpt lat="46.013270320836455" lon="7.780860956292599"><ele>2292.8999938964844</ele></trkpt><trkpt lat="46.01329347025603" lon="7.780939856544137"><ele>2294.0</ele></trkpt><trkpt lat="46.01331022474915" lon="7.781050994060934"><ele>2295.8999938964844</ele></trkpt><trkpt lat="46.013324468396604" lon="7.781100143678486"><ele>2296.5999755859375</ele></trkpt><trkpt lat="46.01332146441564" lon="7.781200828962028"><ele>2297.699981689453</ele></trkpt><trkpt lat="46.013320294674486" lon="7.781289905775338"><ele>2299.0</ele></trkpt><trkpt lat="46.01332007907331" lon="7.781360913533717"><ele>2299.5</ele></trkpt><trkpt lat="46.01331006269902" lon="7.781400874257088"><ele>2300.0999755859375</ele></trkpt><trkpt lat="46.013300018850714" lon="7.781449872534722"><ele>2301.199981689453</ele></trkpt><trkpt lat="46.013283462263644" lon="7.781569838523865"><ele>2302.0</ele></trkpt><trkpt lat="46.013273445889354" lon="7.781609799247235"><ele>2302.5999755859375</ele></trkpt><trkpt lat="46.01326345279813" lon="7.781642013695091"><ele>2303.0999755859375</ele></trkpt><trkpt lat="46.013253471814096" lon="7.781670354772359"><ele>2303.5</ele></trkpt><trkpt lat="46.013243455439806" lon="7.7817103154957294"><ele>2304.0</ele></trkpt><trkpt lat="46.01323349773884" lon="7.781730910297483"><ele>2304.5</ele></trkpt><trkpt lat="46.01321008242667" lon="7.781739801168442"><ele>2304.7999877929688</ele></trkpt><trkpt lat="46.01315142819658" lon="7.781800114084035"><ele>2306.199981689453</ele></trkpt><trkpt lat="46.013123511336744" lon="7.781810267828405"><ele>2306.699981689453</ele></trkpt><trkpt lat="46.013060422148556" lon="7.781849895603955"><ele>2307.7999877929688</ele></trkpt><trkpt lat="46.013013461604714" lon="7.78191028162837"><ele>2308.8999938964844</ele></trkpt><trkpt lat="46.01299450872466" lon="7.781930820085108"><ele>2309.3999938964844</ele></trkpt><trkpt lat="46.01297009550035" lon="7.781971981283277"><ele>2309.8999938964844</ele></trkpt><trkpt lat="46.01295009767637" lon="7.782040282152593"><ele>2310.5999755859375</ele></trkpt><trkpt lat="46.0128801302053" lon="7.782270944211632"><ele>2313.8999938964844</ele></trkpt><trkpt lat="46.01284024817869" lon="7.782370106317103"><ele>2315.7999877929688</ele></trkpt><trkpt lat="46.01279021939263" lon="7.782551832031459"><ele>2317.699981689453</ele></trkpt><trkpt lat="46.01277022110298" lon="7.7826201329007745"><ele>2319.0</ele></trkpt><trkpt lat="46.012760235928" lon="7.782649764791131"><ele>2319.2999877929688</ele></trkpt><trkpt lat="46.01273449789733" lon="7.782830351963639"><ele>2322.0</ele></trkpt><trkpt lat="46.01268044859171" lon="7.783150195144117"><ele>2325.7999877929688</ele></trkpt><trkpt lat="46.01267034094781" lon="7.783219848759472"><ele>2326.699981689453</ele></trkpt><trkpt lat="46.012670151889324" lon="7.783281818497926"><ele>2327.5</ele></trkpt><trkpt lat="46.01267248392105" lon="7.783401901833713"><ele>2328.699981689453</ele></trkpt><trkpt lat="46.012670318130404" lon="7.783521956764162"><ele>2330.0999755859375</ele></trkpt><trkpt lat="46.0126700499095" lon="7.783609747420996"><ele>2331.0999755859375</ele></trkpt><trkpt lat="46.01266347710043" lon="7.783700080122799"><ele>2331.8999938964844</ele></trkpt><trkpt lat="46.01267246063799" lon="7.783704009838402"><ele>2331.8999938964844</ele></trkpt><trkpt lat="46.01267246063799" lon="7.783704009838402"><ele>2331.8999938964844</ele></trkpt><trkpt lat="46.01267246063799" lon="7.783704009838402"><ele>2331.8999938964844</ele></trkpt><trkpt lat="46.01267246063799" lon="7.783704009838402"><ele>2331.8999938964844</ele></trkpt><trkpt lat="46.01267246063799" lon="7.783704009838402"><ele>2331.8999938964844</ele></trkpt><trkpt lat="46.01267246063799" lon="7.783704009838402"><ele>2331.8999938964844</ele></trkpt><trkpt lat="46.01267246063799" lon="7.783704009838402"><ele>2331.8999938964844</ele></trkpt><trkpt lat="46.01267246063799" lon="7.783704009838402"><ele>2331.8999938964844</ele></trkpt><trkpt lat="46.01267246063799" lon="7.783704009838402"><ele>2331.8999938964844</ele></trkpt><trkpt lat="46.01267246063799" lon="7.783704009838402"><ele>2331.8999938964844</ele></trkpt><trkpt lat="46.01267246063799" lon="7.783704009838402"><ele>2331.8999938964844</ele></trkpt><trkpt lat="46.01267246063799" lon="7.783704009838402"><ele>2331.8999938964844</ele></trkpt><trkpt lat="46.01267246063799" lon="7.783704009838402"><ele>2331.8999938964844</ele></trkpt><trkpt lat="46.01267246063799" lon="7.783704009838402"><ele>2331.8999938964844</ele></trkpt><trkpt lat="46.01267246063799" lon="7.783704009838402"><ele>2331.8999938964844</ele></trkpt><trkpt lat="46.01267246063799" lon="7.783704009838402"><ele>2331.8999938964844</ele></trkpt><trkpt lat="46.01266347710043" lon="7.783700080122799"><ele>2331.8999938964844</ele></trkpt><trkpt lat="46.012662486638874" lon="7.783729768358171"><ele>2332.5999755859375</ele></trkpt><trkpt lat="46.01265024021268" lon="7.783910439815372"><ele>2334.7999877929688</ele></trkpt><trkpt lat="46.01265350263566" lon="7.784020200371742"><ele>2336.0</ele></trkpt><trkpt lat="46.01265022344887" lon="7.784209965728223"><ele>2338.5</ele></trkpt><trkpt lat="46.01264448603615" lon="7.784320960287005"><ele>2339.2999877929688</ele></trkpt><trkpt lat="46.012633418664336" lon="7.78440997377038"><ele>2340.2999877929688</ele></trkpt><trkpt lat="46.012630502693355" lon="7.784480963367969"><ele>2340.7999877929688</ele></trkpt><trkpt lat="46.012610408011824" lon="7.784580247942358"><ele>2341.7999877929688</ele></trkpt><trkpt lat="46.01260029990226" lon="7.784649901557714"><ele>2342.7999877929688</ele></trkpt><trkpt lat="46.012590064201504" lon="7.784760867711157"><ele>2343.699981689453</ele></trkpt><trkpt lat="46.012584421783686" lon="7.784840878099203"><ele>2345.3999938964844</ele></trkpt><trkpt lat="46.01255247881636" lon="7.784990438725799"><ele>2347.0</ele></trkpt><trkpt lat="46.01254147058353" lon="7.785060086287558"><ele>2347.8999938964844</ele></trkpt><trkpt lat="46.01251048594713" lon="7.7851902870461345"><ele>2349.3999938964844</ele></trkpt><trkpt lat="46.01248030969873" lon="7.785350186750293"><ele>2351.199981689453</ele></trkpt><trkpt lat="46.01246002828702" lon="7.785510149318725"><ele>2353.0</ele></trkpt><trkpt lat="46.01244247658178" lon="7.785659800749272"><ele>2354.699981689453</ele></trkpt><trkpt lat="46.01243143621832" lon="7.785739776212722"><ele>2355.699981689453</ele></trkpt><trkpt lat="46.01243019523099" lon="7.785850799176842"><ele>2357.3999938964844</ele></trkpt><trkpt lat="46.012424492277205" lon="7.785950174089521"><ele>2358.3999938964844</ele></trkpt><trkpt lat="46.01240442460403" lon="7.786040420643985"><ele>2359.699981689453</ele></trkpt><trkpt lat="46.01240244274959" lon="7.786099796649069"><ele>2360.5</ele></trkpt><trkpt lat="46.01240147976205" lon="7.786120447330177"><ele>2361.0</ele></trkpt><trkpt lat="46.01241046283394" lon="7.786124377511442"><ele>2361.0</ele></trkpt><trkpt lat="46.01241046283394" lon="7.786124377511442"><ele>2361.0</ele></trkpt><trkpt lat="46.01241046283394" lon="7.786124377511442"><ele>2361.0</ele></trkpt><trkpt lat="46.01241046283394" lon="7.786124377511442"><ele>2361.0</ele></trkpt><trkpt lat="46.01241046283394" lon="7.786124377511442"><ele>2361.0</ele></trkpt><trkpt lat="46.01241046283394" lon="7.786124377511442"><ele>2361.0</ele></trkpt><trkpt lat="46.01241046283394" lon="7.786124377511442"><ele>2361.0</ele></trkpt><trkpt lat="46.01241046283394" lon="7.786124377511442"><ele>2361.0</ele></trkpt><trkpt lat="46.01241046283394" lon="7.786124377511442"><ele>2361.0</ele></trkpt><trkpt lat="46.01241046283394" lon="7.786124377511442"><ele>2361.0</ele></trkpt><trkpt lat="46.01241046283394" lon="7.786124377511442"><ele>2361.0</ele></trkpt><trkpt lat="46.01241046283394" lon="7.786124377511442"><ele>2361.0</ele></trkpt><trkpt lat="46.01241046283394" lon="7.786124377511442"><ele>2361.0</ele></trkpt><trkpt lat="46.01241046283394" lon="7.786124377511442"><ele>2361.0</ele></trkpt><trkpt lat="46.01241046283394" lon="7.786124377511442"><ele>2361.0</ele></trkpt><trkpt lat="46.01241046283394" lon="7.786124377511442"><ele>2361.0</ele></trkpt><trkpt lat="46.01240147976205" lon="7.786120447330177"><ele>2361.0</ele></trkpt><trkpt lat="46.01240244274959" lon="7.786099796649069"><ele>2360.5</ele></trkpt><trkpt lat="46.01240036543459" lon="7.786190157290548"><ele>2361.5</ele></trkpt><trkpt lat="46.01238020602614" lon="7.786310097202659"><ele>2362.7999877929688</ele></trkpt><trkpt lat="46.01237447047606" lon="7.78641980048269"><ele>2363.7999877929688</ele></trkpt><trkpt lat="46.012330170255154" lon="7.78649181779474"><ele>2363.0</ele></trkpt><trkpt lat="46.012310260906816" lon="7.786530422978103"><ele>2362.8999938964844</ele></trkpt><trkpt lat="46.01230024266988" lon="7.786570381838828"><ele>2362.699981689453</ele></trkpt><trkpt lat="46.012290224432945" lon="7.7866103406995535"><ele>2362.2999877929688</ele></trkpt><trkpt lat="46.01229010056704" lon="7.786650362424552"><ele>2361.699981689453</ele></trkpt><trkpt lat="46.012280113995075" lon="7.786679992917925"><ele>2361.0999755859375</ele></trkpt><trkpt lat="46.01227015117183" lon="7.786701877135783"><ele>2360.699981689453</ele></trkpt><trkpt lat="46.01226016879082" lon="7.786730216816068"><ele>2360.199981689453</ele></trkpt><trkpt lat="46.012240131851286" lon="7.786810134537518"><ele>2359.5999755859375</ele></trkpt><trkpt lat="46.01225343719125" lon="7.7868708982132375"><ele>2358.7999877929688</ele></trkpt><trkpt lat="46.01224249135703" lon="7.786919888108969"><ele>2358.3999938964844</ele></trkpt><trkpt lat="46.01223147753626" lon="7.786990825552493"><ele>2357.2999877929688</ele></trkpt><trkpt lat="46.01223048614338" lon="7.787020513322204"><ele>2356.5</ele></trkpt><trkpt lat="46.012220467440784" lon="7.7870604721829295"><ele>2355.5</ele></trkpt><trkpt lat="46.01222034357488" lon="7.787100493442267"><ele>2354.5999755859375</ele></trkpt><trkpt lat="46.01221041707322" lon="7.787110758945346"><ele>2354.2999877929688</ele></trkpt><trkpt lat="46.01220030616969" lon="7.787180410698056"><ele>2353.2999877929688</ele></trkpt><trkpt lat="46.01220009056851" lon="7.787250125780702"><ele>2352.3999938964844</ele></trkpt><trkpt lat="46.012190103996545" lon="7.787279756274074"><ele>2351.5</ele></trkpt><trkpt lat="46.01221246877685" lon="7.7873199209570885"><ele>2351.199981689453</ele></trkpt><trkpt lat="46.01221026619896" lon="7.787450302392244"><ele>2349.199981689453</ele></trkpt><trkpt lat="46.01222449867055" lon="7.787502035032958"><ele>2348.3999938964844</ele></trkpt><trkpt lat="46.01222248794511" lon="7.787570447660983"><ele>2347.2999877929688</ele></trkpt><trkpt lat="46.01222050515935" lon="7.787629823200405"><ele>2346.2999877929688</ele></trkpt><trkpt lat="46.01223024399951" lon="7.787680235691369"><ele>2344.8999938964844</ele></trkpt><trkpt lat="46.01223449315876" lon="7.787760307546705"><ele>2342.699981689453</ele></trkpt><trkpt lat="46.01222242740914" lon="7.787880297750235"><ele>2340.7999877929688</ele></trkpt><trkpt lat="46.01220043050125" lon="7.78801184380427"><ele>2338.5999755859375</ele></trkpt><trkpt lat="46.012190415523946" lon="7.7880505113862455"><ele>2338.0999755859375</ele></trkpt><trkpt lat="46.01218042848632" lon="7.788080141879618"><ele>2337.699981689453</ele></trkpt><trkpt lat="46.01218941574916" lon="7.788082781247795"><ele>2337.699981689453</ele></trkpt><trkpt lat="46.01218941574916" lon="7.788082781247795"><ele>2337.699981689453</ele></trkpt><trkpt lat="46.01218941574916" lon="7.788082781247795"><ele>2337.699981689453</ele></trkpt><trkpt lat="46.01218941574916" lon="7.788082781247795"><ele>2337.699981689453</ele></trkpt><trkpt lat="46.01218941574916" lon="7.788082781247795"><ele>2337.699981689453</ele></trkpt><trkpt lat="46.01218941574916" lon="7.788082781247795"><ele>2337.699981689453</ele></trkpt><trkpt lat="46.01218941574916" lon="7.788082781247795"><ele>2337.699981689453</ele></trkpt><trkpt lat="46.01218941574916" lon="7.788082781247795"><ele>2337.699981689453</ele></trkpt><trkpt lat="46.01218941574916" lon="7.788082781247795"><ele>2337.699981689453</ele></trkpt><trkpt lat="46.01218941574916" lon="7.788082781247795"><ele>2337.699981689453</ele></trkpt><trkpt lat="46.01218941574916" lon="7.788082781247795"><ele>2337.699981689453</ele></trkpt><trkpt lat="46.01218941574916" lon="7.788082781247795"><ele>2337.699981689453</ele></trkpt><trkpt lat="46.01218941574916" lon="7.788082781247795"><ele>2337.699981689453</ele></trkpt><trkpt lat="46.01218941574916" lon="7.788082781247795"><ele>2337.699981689453</ele></trkpt><trkpt lat="46.01218941574916" lon="7.788082781247795"><ele>2337.699981689453</ele></trkpt><trkpt lat="46.01218941574916" lon="7.788082781247795"><ele>2337.699981689453</ele></trkpt><trkpt lat="46.01218042848632" lon="7.788080141879618"><ele>2337.699981689453</ele></trkpt><trkpt lat="46.01218036422506" lon="7.788100798148662"><ele>2337.2999877929688</ele></trkpt><trkpt lat="46.01217034552246" lon="7.788140756543726"><ele>2336.5</ele></trkpt><trkpt lat="46.01216039061546" lon="7.788160058669746"><ele>2336.0999755859375</ele></trkpt><trkpt lat="46.012150371447206" lon="7.78820001706481"><ele>2335.3999938964844</ele></trkpt><trkpt lat="46.01214025635272" lon="7.788270959630609"><ele>2334.3999938964844</ele></trkpt><trkpt lat="46.01215446460992" lon="7.788330438546836"><ele>2333.699981689453</ele></trkpt><trkpt lat="46.01215344108641" lon="7.788370454218239"><ele>2333.8999938964844</ele></trkpt><trkpt lat="46.0121424626559" lon="7.788429772481322"><ele>2333.8999938964844</ele></trkpt><trkpt lat="46.01213148003444" lon="7.788490381557494"><ele>2334.199981689453</ele></trkpt><trkpt lat="46.01212146086618" lon="7.788530339952558"><ele>2334.699981689453</ele></trkpt><trkpt lat="46.012111474294215" lon="7.788559970445931"><ele>2335.0999755859375</ele></trkpt><trkpt lat="46.012072421610355" lon="7.788679787889123"><ele>2334.3999938964844</ele></trkpt><trkpt lat="46.01206149859354" lon="7.78872103150934"><ele>2334.3999938964844</ele></trkpt><trkpt lat="46.01206047879532" lon="7.788759756367654"><ele>2334.3999938964844</ele></trkpt><trkpt lat="46.01204242417589" lon="7.788780297618359"><ele>2334.5999755859375</ele></trkpt><trkpt lat="46.01203246507794" lon="7.788800890557468"><ele>2334.5</ele></trkpt><trkpt lat="46.01202251017094" lon="7.788820192683488"><ele>2334.3999938964844</ele></trkpt><trkpt lat="46.01202145032585" lon="7.788871827535331"><ele>2334.5</ele></trkpt><trkpt lat="46.01203032163903" lon="7.7889119065366685"><ele>2334.7999877929688</ele></trkpt><trkpt lat="46.01202017813921" lon="7.788991886656731"><ele>2335.5999755859375</ele></trkpt><trkpt lat="46.012024495285004" lon="7.789050010964274"><ele>2335.8999938964844</ele></trkpt><trkpt lat="46.01201345259324" lon="7.7891299850307405"><ele>2336.2999877929688</ele></trkpt><trkpt lat="46.011992482468486" lon="7.789220224134624"><ele>2336.0999755859375</ele></trkpt><trkpt lat="46.01198149938136" lon="7.789280832745135"><ele>2335.7999877929688</ele></trkpt><trkpt lat="46.01196341635659" lon="7.789310410618782"><ele>2335.5999755859375</ele></trkpt><trkpt lat="46.01196146057919" lon="7.789360749069601"><ele>2335.7999877929688</ele></trkpt><trkpt lat="46.01194148603827" lon="7.789420008659363"><ele>2335.5999755859375</ele></trkpt><trkpt lat="46.011930498760194" lon="7.789481908548623"><ele>2335.5999755859375</ele></trkpt><trkpt lat="46.01191145600751" lon="7.789530845824629"><ele>2335.5</ele></trkpt><trkpt lat="46.01191043201834" lon="7.789570861496031"><ele>2335.5</ele></trkpt><trkpt lat="46.01189045747742" lon="7.789630121551454"><ele>2335.5</ele></trkpt><trkpt lat="46.01189039321616" lon="7.789650777820498"><ele>2335.5</ele></trkpt><trkpt lat="46.01189030101523" lon="7.789680471178144"><ele>2335.5</ele></trkpt><trkpt lat="46.01189030101523" lon="7.789680471178144"><ele>2335.5</ele></trkpt><trkpt lat="46.01189749315381" lon="7.7896818080917"><ele>2335.5</ele></trkpt><trkpt lat="46.01189749315381" lon="7.7896818080917"><ele>2335.5</ele></trkpt><trkpt lat="46.01189749315381" lon="7.7896818080917"><ele>2335.5</ele></trkpt><trkpt lat="46.01189749315381" lon="7.7896818080917"><ele>2335.5</ele></trkpt><trkpt lat="46.01189749315381" lon="7.7896818080917"><ele>2335.5</ele></trkpt><trkpt lat="46.01189749315381" lon="7.7896818080917"><ele>2335.5</ele></trkpt><trkpt lat="46.01189749315381" lon="7.7896818080917"><ele>2335.5</ele></trkpt><trkpt lat="46.01189749315381" lon="7.7896818080917"><ele>2335.5</ele></trkpt><trkpt lat="46.01189749315381" lon="7.7896818080917"><ele>2335.5</ele></trkpt><trkpt lat="46.01189749315381" lon="7.7896818080917"><ele>2335.5</ele></trkpt><trkpt lat="46.01189749315381" lon="7.7896818080917"><ele>2335.5</ele></trkpt><trkpt lat="46.01189749315381" lon="7.7896818080917"><ele>2335.5</ele></trkpt><trkpt lat="46.01189749315381" lon="7.7896818080917"><ele>2335.5</ele></trkpt><trkpt lat="46.01189749315381" lon="7.7896818080917"><ele>2335.5</ele></trkpt><trkpt lat="46.01189749315381" lon="7.7896818080917"><ele>2335.5</ele></trkpt><trkpt lat="46.01189749315381" lon="7.7896818080917"><ele>2335.5</ele></trkpt><trkpt lat="46.01189030101523" lon="7.789680471178144"><ele>2335.5</ele></trkpt><trkpt lat="46.01189030101523" lon="7.789680471178144"><ele>2335.5</ele></trkpt><trkpt lat="46.01187032228336" lon="7.789741022046655"><ele>2335.3999938964844</ele></trkpt><trkpt lat="46.01185003388673" lon="7.789900980889797"><ele>2335.0999755859375</ele></trkpt><trkpt lat="46.011844512075186" lon="7.789940967224538"><ele>2334.699981689453</ele></trkpt><trkpt lat="46.01183344004676" lon="7.790029977913946"><ele>2334.3999938964844</ele></trkpt><trkpt lat="46.0118100522086" lon="7.790029827971011"><ele>2334.5</ele></trkpt><trkpt lat="46.011790230404586" lon="7.7900400292128325"><ele>2334.699981689453</ele></trkpt><trkpt lat="46.011780238710344" lon="7.790070950053632"><ele>2334.699981689453</ele></trkpt><trkpt lat="46.01177024748176" lon="7.790101870894432"><ele>2334.5999755859375</ele></trkpt><trkpt lat="46.01175040146336" lon="7.790119817946106"><ele>2334.3999938964844</ele></trkpt><trkpt lat="46.011740474030375" lon="7.790130082517862"><ele>2334.3999938964844</ele></trkpt><trkpt lat="46.01172148715705" lon="7.7901609456166625"><ele>2334.3999938964844</ele></trkpt><trkpt lat="46.01171143958345" lon="7.790209940169007"><ele>2334.5</ele></trkpt><trkpt lat="46.01170141994953" lon="7.790249898098409"><ele>2334.5999755859375</ele></trkpt><trkpt lat="46.01168147334829" lon="7.790300120599568"><ele>2334.5999755859375</ele></trkpt><trkpt lat="46.011671485845" lon="7.790329750161618"><ele>2334.5999755859375</ele></trkpt><trkpt lat="46.0116503899917" lon="7.790460009127855"><ele>2334.5999755859375</ele></trkpt><trkpt lat="46.011630503460765" lon="7.790490866173059"><ele>2334.5999755859375</ele></trkpt><trkpt lat="46.01161245210096" lon="7.7905101156793535"><ele>2334.5999755859375</ele></trkpt><trkpt lat="46.011584497988224" lon="7.79053188348189"><ele>2334.3999938964844</ele></trkpt><trkpt lat="46.01157007738948" lon="7.790540828369558"><ele>2334.3999938964844</ele></trkpt><trkpt lat="46.01154023548588" lon="7.790590986609459"><ele>2334.3999938964844</ele></trkpt><trkpt lat="46.0115104583092" lon="7.790620489045978"><ele>2334.3999938964844</ele></trkpt><trkpt lat="46.01148247998208" lon="7.7906500031240284"><ele>2334.3999938964844</ele></trkpt><trkpt lat="46.011440076865256" lon="7.790689752437174"><ele>2334.699981689453</ele></trkpt><trkpt lat="46.011420311406255" lon="7.7906818790361285"><ele>2334.0999755859375</ele></trkpt><trkpt lat="46.011392429471016" lon="7.7906804089434445"><ele>2333.5999755859375</ele></trkpt><trkpt lat="46.01137002976611" lon="7.790651862043887"><ele>2333.0</ele></trkpt><trkpt lat="46.01134143397212" lon="7.790590999647975"><ele>2331.8999938964844</ele></trkpt><trkpt lat="46.01132350740954" lon="7.790570227894932"><ele>2331.5</ele></trkpt><trkpt lat="46.01131007447839" lon="7.790550776291639"><ele>2329.8999938964844</ele></trkpt><trkpt lat="46.0113000869751" lon="7.790580405388027"><ele>2329.5</ele></trkpt><trkpt lat="46.01128023257479" lon="7.790600934065878"><ele>2329.199981689453</ele></trkpt><trkpt lat="46.0112703377381" lon="7.790600870735943"><ele>2329.0</ele></trkpt><trkpt lat="46.011251447256655" lon="7.790600749198347"><ele>2329.0</ele></trkpt><trkpt lat="46.011251447256655" lon="7.790600749198347"><ele>2329.0</ele></trkpt><trkpt lat="46.01125343563035" lon="7.7905400837771595"><ele>2328.2999877929688</ele></trkpt><trkpt lat="46.01125448802486" lon="7.790491031482816"><ele>2327.5999755859375</ele></trkpt><trkpt lat="46.01123032532632" lon="7.790450854226947"><ele>2327.0999755859375</ele></trkpt><trkpt lat="46.01120343199" lon="7.790420988108963"><ele>2326.5999755859375</ele></trkpt><trkpt lat="46.011170213110745" lon="7.790400118101388"><ele>2325.7999877929688</ele></trkpt><trkpt lat="46.011123436968774" lon="7.790399817749858"><ele>2325.0999755859375</ele></trkpt><trkpt lat="46.01108022686094" lon="7.790409868117422"><ele>2324.0999755859375</ele></trkpt><trkpt lat="46.01102345949039" lon="7.790440487675369"><ele>2323.0999755859375</ele></trkpt><trkpt lat="46.010884455405176" lon="7.790591934230179"><ele>2320.699981689453</ele></trkpt><trkpt lat="46.01084019662812" lon="7.790649745613337"><ele>2320.0999755859375</ele></trkpt><trkpt lat="46.01082027796656" lon="7.79069093009457"><ele>2319.7999877929688</ele></trkpt><trkpt lat="46.0108274621889" lon="7.790694849099964"><ele>2319.7999877929688</ele></trkpt><trkpt lat="46.0108274621889" lon="7.790694849099964"><ele>2319.7999877929688</ele></trkpt><trkpt lat="46.0108274621889" lon="7.790694849099964"><ele>2319.7999877929688</ele></trkpt><trkpt lat="46.0108274621889" lon="7.790694849099964"><ele>2319.7999877929688</ele></trkpt><trkpt lat="46.0108274621889" lon="7.790694849099964"><ele>2319.7999877929688</ele></trkpt><trkpt lat="46.0108274621889" lon="7.790694849099964"><ele>2319.7999877929688</ele></trkpt><trkpt lat="46.0108274621889" lon="7.790694849099964"><ele>2319.7999877929688</ele></trkpt><trkpt lat="46.0108274621889" lon="7.790694849099964"><ele>2319.7999877929688</ele></trkpt><trkpt lat="46.0108274621889" lon="7.790694849099964"><ele>2319.7999877929688</ele></trkpt><trkpt lat="46.0108274621889" lon="7.790694849099964"><ele>2319.7999877929688</ele></trkpt><trkpt lat="46.0108274621889" lon="7.790694849099964"><ele>2319.7999877929688</ele></trkpt><trkpt lat="46.0108274621889" lon="7.790694849099964"><ele>2319.7999877929688</ele></trkpt><trkpt lat="46.0108274621889" lon="7.790694849099964"><ele>2319.7999877929688</ele></trkpt><trkpt lat="46.0108274621889" lon="7.790694849099964"><ele>2319.7999877929688</ele></trkpt><trkpt lat="46.0108274621889" lon="7.790694849099964"><ele>2319.7999877929688</ele></trkpt><trkpt lat="46.0108274621889" lon="7.790694849099964"><ele>2319.7999877929688</ele></trkpt><trkpt lat="46.01082027796656" lon="7.79069093009457"><ele>2319.7999877929688</ele></trkpt><trkpt lat="46.01084019662812" lon="7.790649745613337"><ele>2320.0999755859375</ele></trkpt><trkpt lat="46.01080030295998" lon="7.7907501882873476"><ele>2319.5</ele></trkpt><trkpt lat="46.01073044165969" lon="7.790940808597952"><ele>2318.199981689453</ele></trkpt><trkpt lat="46.01054019108415" lon="7.791370781138539"><ele>2314.3999938964844</ele></trkpt><trkpt lat="46.010451442562044" lon="7.791559987235814"><ele>2312.8999938964844</ele></trkpt><trkpt lat="46.01038350025192" lon="7.791711887810379"><ele>2311.699981689453</ele></trkpt><trkpt lat="46.01031020144001" lon="7.791850843466818"><ele>2310.3999938964844</ele></trkpt><trkpt lat="46.01025045150891" lon="7.791971812024713"><ele>2309.0</ele></trkpt><trkpt lat="46.01017442531884" lon="7.792119786143303"><ele>2307.199981689453</ele></trkpt><trkpt lat="46.01011014916003" lon="7.7922497619874775"><ele>2305.8999938964844</ele></trkpt><trkpt lat="46.01006020093337" lon="7.792400486301631"><ele>2305.2999877929688</ele></trkpt><trkpt lat="46.010010350029916" lon="7.792520226445049"><ele>2304.699981689453</ele></trkpt><trkpt lat="46.00996142625809" lon="7.792630936019123"><ele>2303.199981689453</ele></trkpt><trkpt lat="46.00990347471088" lon="7.792751914355904"><ele>2301.8999938964844</ele></trkpt><trkpt lat="46.009790250100195" lon="7.793000343255699"><ele>2300.5</ele></trkpt><trkpt lat="46.00974036613479" lon="7.793130410369486"><ele>2300.0</ele></trkpt><trkpt lat="46.00972035713494" lon="7.793199994601309"><ele>2300.0</ele></trkpt><trkpt lat="46.009720345027745" lon="7.793203867506236"><ele>2300.0</ele></trkpt><trkpt lat="46.009720345027745" lon="7.793203867506236"><ele>2300.0</ele></trkpt><trkpt lat="46.009720345027745" lon="7.793203867506236"><ele>2300.0</ele></trkpt><trkpt lat="46.009720345027745" lon="7.793203867506236"><ele>2300.0</ele></trkpt><trkpt lat="46.009720345027745" lon="7.793203867506236"><ele>2300.0</ele></trkpt><trkpt lat="46.009720345027745" lon="7.793203867506236"><ele>2300.0</ele></trkpt><trkpt lat="46.009720345027745" lon="7.793203867506236"><ele>2300.0</ele></trkpt><trkpt lat="46.009720345027745" lon="7.793203867506236"><ele>2300.0</ele></trkpt><trkpt lat="46.009720345027745" lon="7.793203867506236"><ele>2300.0</ele></trkpt><trkpt lat="46.009720345027745" lon="7.793203867506236"><ele>2300.0</ele></trkpt><trkpt lat="46.009720345027745" lon="7.793203867506236"><ele>2300.0</ele></trkpt><trkpt lat="46.009720345027745" lon="7.793203867506236"><ele>2300.0</ele></trkpt><trkpt lat="46.009720345027745" lon="7.793203867506236"><ele>2300.0</ele></trkpt><trkpt lat="46.009720345027745" lon="7.793203867506236"><ele>2300.0</ele></trkpt><trkpt lat="46.009720345027745" lon="7.793203867506236"><ele>2300.0</ele></trkpt><trkpt lat="46.009720345027745" lon="7.793203867506236"><ele>2300.0</ele></trkpt><trkpt lat="46.00972035713494" lon="7.793199994601309"><ele>2300.0</ele></trkpt><trkpt lat="46.0096904207021" lon="7.793279842007905"><ele>2299.8999938964844</ele></trkpt><trkpt lat="46.009632469154894" lon="7.793400819413364"><ele>2299.7999877929688</ele></trkpt><trkpt lat="46.00959347607568" lon="7.79349997267127"><ele>2299.699981689453</ele></trkpt><trkpt lat="46.0095302243717" lon="7.79358993191272"><ele>2299.5999755859375</ele></trkpt><trkpt lat="46.00947050144896" lon="7.793701860122383"><ele>2299.7999877929688</ele></trkpt><trkpt lat="46.00943250581622" lon="7.7937700361944735"><ele>2299.7999877929688</ele></trkpt><trkpt lat="46.00935023743659" lon="7.793899891898036"><ele>2300.0</ele></trkpt><trkpt lat="46.00925444345921" lon="7.794039987027645"><ele>2300.2999877929688</ele></trkpt><trkpt lat="46.00920018646866" lon="7.794130003079772"><ele>2300.5999755859375</ele></trkpt><trkpt lat="46.00915042730048" lon="7.79422004846856"><ele>2301.0</ele></trkpt><trkpt lat="46.00912049040198" lon="7.794299894943833"><ele>2301.3999938964844</ele></trkpt><trkpt lat="46.00908242492005" lon="7.79439001576975"><ele>2301.5999755859375</ele></trkpt><trkpt lat="46.00896019395441" lon="7.794640961568803"><ele>2303.3999938964844</ele></trkpt><trkpt lat="46.00892036175355" lon="7.794720742851496"><ele>2304.0</ele></trkpt><trkpt lat="46.00889036338776" lon="7.794819952454418"><ele>2304.5999755859375</ele></trkpt><trkpt lat="46.008851426653564" lon="7.794901030603796"><ele>2305.199981689453</ele></trkpt><trkpt lat="46.008812432643026" lon="7.795000181533396"><ele>2305.699981689453</ele></trkpt><trkpt lat="46.00878342334181" lon="7.795070996042341"><ele>2306.0</ele></trkpt><trkpt lat="46.00874009076506" lon="7.7951197708025575"><ele>2306.5999755859375</ele></trkpt><trkpt lat="46.00870035216212" lon="7.795169859658927"><ele>2307.0999755859375</ele></trkpt><trkpt lat="46.00866244127974" lon="7.795210923999548"><ele>2307.7999877929688</ele></trkpt><trkpt lat="46.008600214030594" lon="7.795260866638273"><ele>2308.8999938964844</ele></trkpt><trkpt lat="46.008542456198484" lon="7.795319874770939"><ele>2309.8999938964844</ele></trkpt><trkpt lat="46.00835037371144" lon="7.7954709571786225"><ele>2311.0999755859375</ele></trkpt><trkpt lat="46.008303467184305" lon="7.795511961914599"><ele>2311.199981689453</ele></trkpt><trkpt lat="46.00819443166256" lon="7.795571926515549"><ele>2311.0999755859375</ele></trkpt><trkpt lat="46.008140336722136" lon="7.795610302127898"><ele>2311.0999755859375</ele></trkpt><trkpt lat="46.00808350695297" lon="7.795660279225558"><ele>2311.2999877929688</ele></trkpt><trkpt lat="46.007964449469" lon="7.795760197099298"><ele>2311.5999755859375</ele></trkpt><trkpt lat="46.007910350803286" lon="7.795799863524735"><ele>2311.8999938964844</ele></trkpt><trkpt lat="46.00769016100094" lon="7.796020469628274"><ele>2313.8999938964844</ele></trkpt><trkpt lat="46.00764142675325" lon="7.796070498414338"><ele>2314.0</ele></trkpt><trkpt lat="46.00750043196604" lon="7.796280000824481"><ele>2313.5999755859375</ele></trkpt><trkpt lat="46.007453463971615" lon="7.796340368222445"><ele>2313.0</ele></trkpt><trkpt lat="46.007420086767524" lon="7.796369841787964"><ele>2312.7999877929688</ele></trkpt><trkpt lat="46.007400166243315" lon="7.796411021612585"><ele>2312.7999877929688</ele></trkpt><trkpt lat="46.00735050300136" lon="7.79647008003667"><ele>2312.7999877929688</ele></trkpt><trkpt lat="46.00723044713959" lon="7.796600970439613"><ele>2312.5</ele></trkpt><trkpt lat="46.00721145886928" lon="7.7966318288818"><ele>2312.699981689453</ele></trkpt><trkpt lat="46.00721325771883" lon="7.796631840523332"><ele>2312.699981689453</ele></trkpt><trkpt lat="46.00721325771883" lon="7.796631840523332"><ele>2312.699981689453</ele></trkpt><trkpt lat="46.00721325771883" lon="7.796631840523332"><ele>2312.699981689453</ele></trkpt><trkpt lat="46.00721325771883" lon="7.796631840523332"><ele>2312.699981689453</ele></trkpt><trkpt lat="46.00721325771883" lon="7.796631840523332"><ele>2312.699981689453</ele></trkpt><trkpt lat="46.00721325771883" lon="7.796631840523332"><ele>2312.699981689453</ele></trkpt><trkpt lat="46.00721325771883" lon="7.796631840523332"><ele>2312.699981689453</ele></trkpt><trkpt lat="46.00721325771883" lon="7.796631840523332"><ele>2312.699981689453</ele></trkpt><trkpt lat="46.00721325771883" lon="7.796631840523332"><ele>2312.699981689453</ele></trkpt><trkpt lat="46.00721325771883" lon="7.796631840523332"><ele>2312.699981689453</ele></trkpt><trkpt lat="46.00721325771883" lon="7.796631840523332"><ele>2312.699981689453</ele></trkpt><trkpt lat="46.00721325771883" lon="7.796631840523332"><ele>2312.699981689453</ele></trkpt><trkpt lat="46.00721325771883" lon="7.796631840523332"><ele>2312.699981689453</ele></trkpt><trkpt lat="46.00721325771883" lon="7.796631840523332"><ele>2312.699981689453</ele></trkpt><trkpt lat="46.00721325771883" lon="7.796631840523332"><ele>2312.699981689453</ele></trkpt><trkpt lat="46.00721325771883" lon="7.796631840523332"><ele>2312.699981689453</ele></trkpt><trkpt lat="46.00721145886928" lon="7.7966318288818"><ele>2312.699981689453</ele></trkpt><trkpt lat="46.00723044713959" lon="7.796600970439613"><ele>2312.5</ele></trkpt><trkpt lat="46.007120322901756" lon="7.796720306854695"><ele>2312.7999877929688</ele></trkpt><trkpt lat="46.00707248784602" lon="7.796770340297371"><ele>2313.0</ele></trkpt><trkpt lat="46.00702008930966" lon="7.796840998809785"><ele>2313.0999755859375</ele></trkpt><trkpt lat="46.00697042606771" lon="7.7969000563025475"><ele>2313.199981689453</ele></trkpt><trkpt lat="46.00693344697356" lon="7.796930796932429"><ele>2313.3999938964844</ele></trkpt><trkpt lat="46.006890138145536" lon="7.796971823088825"><ele>2313.699981689453</ele></trkpt><trkpt lat="46.0068604205735" lon="7.796981955878437"><ele>2313.7999877929688</ele></trkpt><trkpt lat="46.0067802388221" lon="7.797020159196109"><ele>2314.0999755859375</ele></trkpt><trkpt lat="46.006751420907676" lon="7.797030297573656"><ele>2314.0</ele></trkpt><trkpt lat="46.0067001148127" lon="7.797040289267898"><ele>2314.0999755859375</ele></trkpt><trkpt lat="46.00663444865495" lon="7.797039859928191"><ele>2314.5999755859375</ele></trkpt><trkpt lat="46.0066002337262" lon="7.79704996291548"><ele>2314.5</ele></trkpt><trkpt lat="46.00660741748288" lon="7.797053882852197"><ele>2314.5</ele></trkpt><trkpt lat="46.00660741748288" lon="7.797053882852197"><ele>2314.5</ele></trkpt><trkpt lat="46.00660741748288" lon="7.797053882852197"><ele>2314.5</ele></trkpt><trkpt lat="46.00660741748288" lon="7.797053882852197"><ele>2314.5</ele></trkpt><trkpt lat="46.00660741748288" lon="7.797053882852197"><ele>2314.5</ele></trkpt><trkpt lat="46.00660741748288" lon="7.797053882852197"><ele>2314.5</ele></trkpt><trkpt lat="46.00660741748288" lon="7.797053882852197"><ele>2314.5</ele></trkpt><trkpt lat="46.00660741748288" lon="7.797053882852197"><ele>2314.5</ele></trkpt><trkpt lat="46.00660741748288" lon="7.797053882852197"><ele>2314.5</ele></trkpt><trkpt lat="46.00660741748288" lon="7.797053882852197"><ele>2314.5</ele></trkpt><trkpt lat="46.00660741748288" lon="7.797053882852197"><ele>2314.5</ele></trkpt><trkpt lat="46.00660741748288" lon="7.797053882852197"><ele>2314.5</ele></trkpt><trkpt lat="46.00660741748288" lon="7.797053882852197"><ele>2314.5</ele></trkpt><trkpt lat="46.00660741748288" lon="7.797053882852197"><ele>2314.5</ele></trkpt><trkpt lat="46.00660741748288" lon="7.797053882852197"><ele>2314.5</ele></trkpt><trkpt lat="46.00660741748288" lon="7.797053882852197"><ele>2314.5</ele></trkpt><trkpt lat="46.0066002337262" lon="7.79704996291548"><ele>2314.5</ele></trkpt><trkpt lat="46.00663444865495" lon="7.797039859928191"><ele>2314.5999755859375</ele></trkpt><trkpt lat="46.00650031957775" lon="7.797069963999093"><ele>2314.2999877929688</ele></trkpt><trkpt lat="46.00647245859727" lon="7.797062036115676"><ele>2314.0</ele></trkpt><trkpt lat="46.00643027853221" lon="7.797030778136104"><ele>2313.5</ele></trkpt><trkpt lat="46.00638003181666" lon="7.796990430913866"><ele>2313.199981689453</ele></trkpt><trkpt lat="46.00637039123103" lon="7.796910331584513"><ele>2312.8999938964844</ele></trkpt><trkpt lat="46.006372444331646" lon="7.796830308157951"><ele>2312.699981689453</ele></trkpt><trkpt lat="46.006380148697644" lon="7.796670285984874"><ele>2312.3999938964844</ele></trkpt><trkpt lat="46.006380054634064" lon="7.796699976082891"><ele>2312.5999755859375</ele></trkpt><trkpt lat="46.00638813013211" lon="7.79670648323372"><ele>2312.5999755859375</ele></trkpt><trkpt lat="46.00638813013211" lon="7.79670648323372"><ele>2312.5999755859375</ele></trkpt><trkpt lat="46.00638813013211" lon="7.79670648323372"><ele>2312.5999755859375</ele></trkpt><trkpt lat="46.00638813013211" lon="7.79670648323372"><ele>2312.5999755859375</ele></trkpt><trkpt lat="46.00638813013211" lon="7.79670648323372"><ele>2312.5999755859375</ele></trkpt><trkpt lat="46.00638813013211" lon="7.79670648323372"><ele>2312.5999755859375</ele></trkpt><trkpt lat="46.00638813013211" lon="7.79670648323372"><ele>2312.5999755859375</ele></trkpt><trkpt lat="46.00638813013211" lon="7.79670648323372"><ele>2312.5999755859375</ele></trkpt><trkpt lat="46.00638813013211" lon="7.79670648323372"><ele>2312.5999755859375</ele></trkpt><trkpt lat="46.00638813013211" lon="7.79670648323372"><ele>2312.5999755859375</ele></trkpt><trkpt lat="46.00638813013211" lon="7.79670648323372"><ele>2312.5999755859375</ele></trkpt><trkpt lat="46.00638813013211" lon="7.79670648323372"><ele>2312.5999755859375</ele></trkpt><trkpt lat="46.00638813013211" lon="7.79670648323372"><ele>2312.5999755859375</ele></trkpt><trkpt lat="46.00638813013211" lon="7.79670648323372"><ele>2312.5999755859375</ele></trkpt><trkpt lat="46.00638813013211" lon="7.79670648323372"><ele>2312.5999755859375</ele></trkpt><trkpt lat="46.00638813013211" lon="7.79670648323372"><ele>2312.5999755859375</ele></trkpt><trkpt lat="46.006380054634064" lon="7.796699976082891"><ele>2312.5999755859375</ele></trkpt><trkpt lat="46.006380148697644" lon="7.796670285984874"><ele>2312.3999938964844</ele></trkpt><trkpt lat="46.00641021458432" lon="7.7965504275634885"><ele>2312.3999938964844</ele></trkpt><trkpt lat="46.006440402939916" lon="7.796391842421144"><ele>2312.199981689453</ele></trkpt><trkpt lat="46.006461415439844" lon="7.796289997640997"><ele>2312.0</ele></trkpt><trkpt lat="46.00648341793567" lon="7.7961597591638565"><ele>2312.0</ele></trkpt><trkpt lat="46.00648004049435" lon="7.796090027783066"><ele>2311.7999877929688</ele></trkpt><trkpt lat="46.00649021752179" lon="7.79600102128461"><ele>2311.5999755859375</ele></trkpt><trkpt lat="46.0064814472571" lon="7.795929963700473"><ele>2311.3999938964844</ele></trkpt><trkpt lat="46.006462479010224" lon="7.795670366380364"><ele>2311.199981689453</ele></trkpt><trkpt lat="46.00646012369543" lon="7.795561914797872"><ele>2311.0999755859375</ele></trkpt><trkpt lat="46.00651145307347" lon="7.795260175131261"><ele>2311.0</ele></trkpt><trkpt lat="46.00652343267575" lon="7.795169889461249"><ele>2310.8999938964844</ele></trkpt><trkpt lat="46.0065501187928" lon="7.794980298727751"><ele>2311.8999938964844</ele></trkpt><trkpt lat="46.006590424571186" lon="7.794750778470188"><ele>2314.0</ele></trkpt><trkpt lat="46.006640107836574" lon="7.794399972539395"><ele>2315.5999755859375</ele></trkpt><trkpt lat="46.00666014989838" lon="7.794320065528154"><ele>2315.5999755859375</ele></trkpt><trkpt lat="46.00667023239657" lon="7.794260749127716"><ele>2315.7999877929688</ele></trkpt><trkpt lat="46.00668019242585" lon="7.794240158982575"><ele>2315.7999877929688</ele></trkpt><trkpt lat="46.00668645231053" lon="7.794251817744225"><ele>2315.7999877929688</ele></trkpt><trkpt lat="46.00668645231053" lon="7.794251817744225"><ele>2315.7999877929688</ele></trkpt><trkpt lat="46.00668645231053" lon="7.794251817744225"><ele>2315.7999877929688</ele></trkpt><trkpt lat="46.00668645231053" lon="7.794251817744225"><ele>2315.7999877929688</ele></trkpt><trkpt lat="46.00668645231053" lon="7.794251817744225"><ele>2315.7999877929688</ele></trkpt><trkpt lat="46.00668645231053" lon="7.794251817744225"><ele>2315.7999877929688</ele></trkpt><trkpt lat="46.00668645231053" lon="7.794251817744225"><ele>2315.7999877929688</ele></trkpt><trkpt lat="46.00668645231053" lon="7.794251817744225"><ele>2315.7999877929688</ele></trkpt><trkpt lat="46.00668645231053" lon="7.794251817744225"><ele>2315.7999877929688</ele></trkpt><trkpt lat="46.00668645231053" lon="7.794251817744225"><ele>2315.7999877929688</ele></trkpt><trkpt lat="46.00668645231053" lon="7.794251817744225"><ele>2315.7999877929688</ele></trkpt><trkpt lat="46.00668645231053" lon="7.794251817744225"><ele>2315.7999877929688</ele></trkpt><trkpt lat="46.00668645231053" lon="7.794251817744225"><ele>2315.7999877929688</ele></trkpt><trkpt lat="46.00668645231053" lon="7.794251817744225"><ele>2315.7999877929688</ele></trkpt><trkpt lat="46.00668645231053" lon="7.794251817744225"><ele>2315.7999877929688</ele></trkpt><trkpt lat="46.00668645231053" lon="7.794251817744225"><ele>2315.7999877929688</ele></trkpt><trkpt lat="46.00668019242585" lon="7.794240158982575"><ele>2315.7999877929688</ele></trkpt><trkpt lat="46.00667023239657" lon="7.794260749127716"><ele>2315.7999877929688</ele></trkpt><trkpt lat="46.00670016929507" lon="7.794180906377733"><ele>2315.7999877929688</ele></trkpt><trkpt lat="46.006740098353475" lon="7.79407014651224"><ele>2315.3999938964844</ele></trkpt><trkpt lat="46.0067600752227" lon="7.794010893907398"><ele>2314.5999755859375</ele></trkpt><trkpt lat="46.00678008841351" lon="7.7939400230534375"><ele>2314.0</ele></trkpt><trkpt lat="46.006780308205634" lon="7.79387031449005"><ele>2313.5</ele></trkpt><trkpt lat="46.006790454965085" lon="7.793790343217552"><ele>2312.7999877929688</ele></trkpt><trkpt lat="46.00678351055831" lon="7.793710261117667"><ele>2312.0999755859375</ele></trkpt><trkpt lat="46.006780163850635" lon="7.793630202300847"><ele>2311.3999938964844</ele></trkpt><trkpt lat="46.006771420594305" lon="7.79355010855943"><ele>2310.8999938964844</ele></trkpt><trkpt lat="46.00674024922773" lon="7.793450505938381"><ele>2310.699981689453</ele></trkpt><trkpt lat="46.00673243775964" lon="7.793360090814531"><ele>2310.2999877929688</ele></trkpt><trkpt lat="46.00672002695501" lon="7.7933019190095365"><ele>2310.199981689453</ele></trkpt><trkpt lat="46.00673004752025" lon="7.793261965736747"><ele>2310.0999755859375</ele></trkpt><trkpt lat="46.00674006808549" lon="7.793222011998296"><ele>2309.699981689453</ele></trkpt><trkpt lat="46.006774506065995" lon="7.793140906840563"><ele>2309.199981689453</ele></trkpt><trkpt lat="46.00680351443589" lon="7.793070093728602"><ele>2308.699981689453</ele></trkpt><trkpt lat="46.0068144951947" lon="7.7930107824504375"><ele>2308.199981689453</ele></trkpt><trkpt lat="46.006810220424086" lon="7.792939754202962"><ele>2307.8999938964844</ele></trkpt><trkpt lat="46.00682039512321" lon="7.792850746307522"><ele>2307.5</ele></trkpt><trkpt lat="46.00682446314022" lon="7.792701025959104"><ele>2307.199981689453</ele></trkpt><trkpt lat="46.00683151325211" lon="7.7924609603360295"><ele>2307.0999755859375</ele></trkpt><trkpt lat="46.00683003012091" lon="7.792360258754343"><ele>2306.7999877929688</ele></trkpt><trkpt lat="46.00682041840628" lon="7.7922698319889605"><ele>2306.699981689453</ele></trkpt><trkpt lat="46.00681443326175" lon="7.792170392349362"><ele>2306.5</ele></trkpt><trkpt lat="46.00678149424493" lon="7.792060451582074"><ele>2305.8999938964844</ele></trkpt><trkpt lat="46.00677451211959" lon="7.791991987731308"><ele>2305.5999755859375</ele></trkpt><trkpt lat="46.00676034204662" lon="7.791920895688236"><ele>2305.3999938964844</ele></trkpt><trkpt lat="46.0067934487015" lon="7.791690034326166"><ele>2303.699981689453</ele></trkpt><trkpt lat="46.006790068466216" lon="7.791620302945375"><ele>2303.199981689453</ele></trkpt><trkpt lat="46.00679035112262" lon="7.791529940441251"><ele>2302.5999755859375</ele></trkpt><trkpt lat="46.00679143238813" lon="7.791471855714917"><ele>2302.2999877929688</ele></trkpt><trkpt lat="46.00677013024688" lon="7.791380063164979"><ele>2302.0</ele></trkpt><trkpt lat="46.006760485470295" lon="7.791299963835627"><ele>2301.5999755859375</ele></trkpt><trkpt lat="46.00677444646135" lon="7.791150307282805"><ele>2300.5</ele></trkpt><trkpt lat="46.0067602111958" lon="7.791099869646132"><ele>2300.199981689453</ele></trkpt><trkpt lat="46.00674249464646" lon="7.791011973284185"><ele>2299.7999877929688</ele></trkpt><trkpt lat="46.00672026025131" lon="7.79093050211668"><ele>2299.699981689453</ele></trkpt><trkpt lat="46.00671151466668" lon="7.7908504088409245"><ele>2299.7999877929688</ele></trkpt><trkpt lat="46.00671349931508" lon="7.790791039355099"><ele>2299.699981689453</ele></trkpt><trkpt lat="46.00671005435288" lon="7.790741962380707"><ele>2299.5999755859375</ele></trkpt><trkpt lat="46.00672011030838" lon="7.790690390393138"><ele>2299.199981689453</ele></trkpt><trkpt lat="46.00679251179099" lon="7.790550145320594"><ele>2297.3999938964844</ele></trkpt><trkpt lat="46.00682247802615" lon="7.790459972806275"><ele>2295.7999877929688</ele></trkpt><trkpt lat="46.006843444891274" lon="7.7903710338287055"><ele>2294.5999755859375</ele></trkpt><trkpt lat="46.00686441594735" lon="7.790280804038048"><ele>2293.699981689453</ele></trkpt><trkpt lat="46.00688448315486" lon="7.790191859006882"><ele>2293.0</ele></trkpt><trkpt lat="46.00689016561955" lon="7.790100240148604"><ele>2292.0999755859375</ele></trkpt><trkpt lat="46.00689044734463" lon="7.790009877178818"><ele>2291.699981689453</ele></trkpt><trkpt lat="46.006883500143886" lon="7.7899297955445945"><ele>2291.199981689453</ele></trkpt><trkpt lat="46.006840073503554" lon="7.789720387663692"><ele>2290.0</ele></trkpt><trkpt lat="46.006813428830355" lon="7.789610488340259"><ele>2289.3999938964844</ele></trkpt><trkpt lat="46.00680002430454" lon="7.78958200244233"><ele>2289.5</ele></trkpt><trkpt lat="46.006770408246666" lon="7.789559866767377"><ele>2290.0</ele></trkpt><trkpt lat="46.00672015501186" lon="7.789520817808807"><ele>2291.2999877929688</ele></trkpt><trkpt lat="46.00665014795959" lon="7.789470023475587"><ele>2293.199981689453</ele></trkpt><trkpt lat="46.00663045048714" lon="7.7894402062520385"><ele>2293.199981689453</ele></trkpt><trkpt lat="46.00660011544824" lon="7.789359975606203"><ele>2293.199981689453</ele></trkpt><trkpt lat="46.00656006950885" lon="7.789220300037414"><ele>2292.5</ele></trkpt><trkpt lat="46.00653246464208" lon="7.789129759185016"><ele>2291.7999877929688</ele></trkpt><trkpt lat="46.00650038989261" lon="7.78903015377"><ele>2291.0</ele></trkpt><trkpt lat="46.00648444658145" lon="7.788950014859438"><ele>2290.3999938964844</ele></trkpt><trkpt lat="46.00647030258551" lon="7.78886988805607"><ele>2290.0</ele></trkpt><trkpt lat="46.00640007248148" lon="7.788600929547101"><ele>2289.7999877929688</ele></trkpt><trkpt lat="46.00638245418668" lon="7.7884807623922825"><ele>2289.7999877929688</ele></trkpt><trkpt lat="46.00638449750841" lon="7.788402029778808"><ele>2289.5999755859375</ele></trkpt><trkpt lat="46.006390486843884" lon="7.788211013190448"><ele>2288.8999938964844</ele></trkpt><trkpt lat="46.006392505951226" lon="7.788140025921166"><ele>2288.699981689453</ele></trkpt><trkpt lat="46.00639005517587" lon="7.788059974089265"><ele>2288.5</ele></trkpt><trkpt lat="46.00639035925269" lon="7.78796186670661"><ele>2288.2999877929688</ele></trkpt><trkpt lat="46.00641251169145" lon="7.787779989652336"><ele>2288.2999877929688</ele></trkpt><trkpt lat="46.00641011632979" lon="7.787681865040213"><ele>2288.0999755859375</ele></trkpt><trkpt lat="46.00641030818224" lon="7.7876199022866786"><ele>2288.0999755859375</ele></trkpt><trkpt lat="46.00641748867929" lon="7.787625112105161"><ele>2288.0999755859375</ele></trkpt><trkpt lat="46.00641748867929" lon="7.787625112105161"><ele>2288.0999755859375</ele></trkpt><trkpt lat="46.00641748867929" lon="7.787625112105161"><ele>2288.0999755859375</ele></trkpt><trkpt lat="46.00641748867929" lon="7.787625112105161"><ele>2288.0999755859375</ele></trkpt><trkpt lat="46.00641748867929" lon="7.787625112105161"><ele>2288.0999755859375</ele></trkpt><trkpt lat="46.00641748867929" lon="7.787625112105161"><ele>2288.0999755859375</ele></trkpt><trkpt lat="46.00641748867929" lon="7.787625112105161"><ele>2288.0999755859375</ele></trkpt><trkpt lat="46.00641748867929" lon="7.787625112105161"><ele>2288.0999755859375</ele></trkpt><trkpt lat="46.00641748867929" lon="7.787625112105161"><ele>2288.0999755859375</ele></trkpt><trkpt lat="46.00641748867929" lon="7.787625112105161"><ele>2288.0999755859375</ele></trkpt><trkpt lat="46.00641748867929" lon="7.787625112105161"><ele>2288.0999755859375</ele></trkpt><trkpt lat="46.00641748867929" lon="7.787625112105161"><ele>2288.0999755859375</ele></trkpt><trkpt lat="46.00641748867929" lon="7.787625112105161"><ele>2288.0999755859375</ele></trkpt><trkpt lat="46.00641748867929" lon="7.787625112105161"><ele>2288.0999755859375</ele></trkpt><trkpt lat="46.00641748867929" lon="7.787625112105161"><ele>2288.0999755859375</ele></trkpt><trkpt lat="46.00641748867929" lon="7.787625112105161"><ele>2288.0999755859375</ele></trkpt><trkpt lat="46.00641030818224" lon="7.7876199022866786"><ele>2288.0999755859375</ele></trkpt><trkpt lat="46.00641145510599" lon="7.787539873272181"><ele>2288.0999755859375</ele></trkpt><trkpt lat="46.006430064793676" lon="7.787339900620282"><ele>2288.5999755859375</ele></trkpt><trkpt lat="46.00643031205982" lon="7.787259866017848"><ele>2288.7999877929688</ele></trkpt><trkpt lat="46.0064314273186" lon="7.787190163973719"><ele>2289.199981689453</ele></trkpt><trkpt lat="46.00641042506322" lon="7.787000266369432"><ele>2290.7999877929688</ele></trkpt><trkpt lat="46.00640250975266" lon="7.78665037965402"><ele>2292.3999938964844</ele></trkpt><trkpt lat="46.006400181446224" lon="7.786530310288072"><ele>2293.0</ele></trkpt><trkpt lat="46.00641028769314" lon="7.786461956333369"><ele>2293.5</ele></trkpt><trkpt lat="46.00642046518624" lon="7.786370366346091"><ele>2294.0</ele></trkpt><trkpt lat="46.0064314706251" lon="7.786302017979324"><ele>2294.199981689453</ele></trkpt><trkpt lat="46.006461433600634" lon="7.786211844533682"><ele>2294.5</ele></trkpt><trkpt lat="46.00649050110951" lon="7.786120374221355"><ele>2294.5999755859375</ele></trkpt><trkpt lat="46.00652037281543" lon="7.78605989087373"><ele>2294.699981689453</ele></trkpt><trkpt lat="46.006540341768414" lon="7.786001926288009"><ele>2294.7999877929688</ele></trkpt><trkpt lat="46.00655035953969" lon="7.785961971618235"><ele>2294.8999938964844</ele></trkpt><trkpt lat="46.00657037226483" lon="7.7858898071572185"><ele>2295.0</ele></trkpt><trkpt lat="46.00658048177138" lon="7.785820161923766"><ele>2295.199981689453</ele></trkpt><trkpt lat="46.00659015215933" lon="7.7856007679365575"><ele>2295.699981689453</ele></trkpt><trkpt lat="46.00660035666078" lon="7.785500141326338"><ele>2295.8999938964844</ele></trkpt><trkpt lat="46.00661148875952" lon="7.785390484146774"><ele>2296.0</ele></trkpt><trkpt lat="46.0066314926371" lon="7.785320901311934"><ele>2296.199981689453</ele></trkpt><trkpt lat="46.00665146904066" lon="7.785260354634374"><ele>2296.199981689453</ele></trkpt><trkpt lat="46.006671445444226" lon="7.785199807956815"><ele>2296.3999938964844</ele></trkpt><trkpt lat="46.006700409110636" lon="7.78514190018177"><ele>2296.8999938964844</ele></trkpt><trkpt lat="46.006720416713506" lon="7.785071026068181"><ele>2297.0999755859375</ele></trkpt><trkpt lat="46.00674039311707" lon="7.785010479390621"><ele>2297.199981689453</ele></trkpt><trkpt lat="46.00674144690856" lon="7.784960140008479"><ele>2297.2999877929688</ele></trkpt><trkpt lat="46.00674346042797" lon="7.784890443552285"><ele>2297.5999755859375</ele></trkpt><trkpt lat="46.00673039490357" lon="7.784750941675156"><ele>2297.8999938964844</ele></trkpt><trkpt lat="46.006704482249916" lon="7.784400939475745"><ele>2299.0999755859375</ele></trkpt><trkpt lat="46.00669346470386" lon="7.784180123358965"><ele>2299.7999877929688</ele></trkpt><trkpt lat="46.00666143093258" lon="7.783771991729736"><ele>2300.8999938964844</ele></trkpt><trkpt lat="46.006650262046605" lon="7.783600229769945"><ele>2301.2999877929688</ele></trkpt><trkpt lat="46.00664343312383" lon="7.783480131532997"><ele>2301.3999938964844</ele></trkpt><trkpt lat="46.006630456540734" lon="7.783310940023512"><ele>2301.0999755859375</ele></trkpt><trkpt lat="46.00662350514904" lon="7.783230859320611"><ele>2300.8999938964844</ele></trkpt><trkpt lat="46.00662348931655" lon="7.783236023038626"><ele>2300.8999938964844</ele></trkpt><trkpt lat="46.00662348931655" lon="7.783236023038626"><ele>2300.8999938964844</ele></trkpt><trkpt lat="46.00662348931655" lon="7.783236023038626"><ele>2300.8999938964844</ele></trkpt><trkpt lat="46.00662348931655" lon="7.783236023038626"><ele>2300.8999938964844</ele></trkpt><trkpt lat="46.00662348931655" lon="7.783236023038626"><ele>2300.8999938964844</ele></trkpt><trkpt lat="46.00662348931655" lon="7.783236023038626"><ele>2300.8999938964844</ele></trkpt><trkpt lat="46.00662348931655" lon="7.783236023038626"><ele>2300.8999938964844</ele></trkpt><trkpt lat="46.00662348931655" lon="7.783236023038626"><ele>2300.8999938964844</ele></trkpt><trkpt lat="46.00662348931655" lon="7.783236023038626"><ele>2300.8999938964844</ele></trkpt><trkpt lat="46.00662348931655" lon="7.783236023038626"><ele>2300.8999938964844</ele></trkpt><trkpt lat="46.00662348931655" lon="7.783236023038626"><ele>2300.8999938964844</ele></trkpt><trkpt lat="46.00662348931655" lon="7.783236023038626"><ele>2300.8999938964844</ele></trkpt><trkpt lat="46.00662348931655" lon="7.783236023038626"><ele>2300.8999938964844</ele></trkpt><trkpt lat="46.00662348931655" lon="7.783236023038626"><ele>2300.8999938964844</ele></trkpt><trkpt lat="46.00662348931655" lon="7.783236023038626"><ele>2300.8999938964844</ele></trkpt><trkpt lat="46.00662348931655" lon="7.783236023038626"><ele>2300.8999938964844</ele></trkpt><trkpt lat="46.00662350514904" lon="7.783230859320611"><ele>2300.8999938964844</ele></trkpt><trkpt lat="46.00661007501185" lon="7.783210120163858"><ele>2300.7999877929688</ele></trkpt><trkpt lat="46.00659245066345" lon="7.783089954406023"><ele>2300.5</ele></trkpt><trkpt lat="46.00657026609406" lon="7.782990414183587"><ele>2300.0999755859375</ele></trkpt><trkpt lat="46.006553418934345" lon="7.782910271547735"><ele>2299.7999877929688</ele></trkpt><trkpt lat="46.0065302439034" lon="7.782840416766703"><ele>2299.5</ele></trkpt><trkpt lat="46.006503438577056" lon="7.782780866138637"><ele>2299.3999938964844</ele></trkpt><trkpt lat="46.00646041473374" lon="7.782730250153691"><ele>2299.0999755859375</ele></trkpt><trkpt lat="46.00643444992602" lon="7.78269006870687"><ele>2299.0</ele></trkpt><trkpt lat="46.0063644987531" lon="7.7826199205592275"><ele>2298.699981689453</ele></trkpt><trkpt lat="46.006303479894996" lon="7.782570482697338"><ele>2298.5</ele></trkpt><trkpt lat="46.006306174676865" lon="7.782571790274233"><ele>2298.5</ele></trkpt><trkpt lat="46.006306174676865" lon="7.782571790274233"><ele>2298.5</ele></trkpt><trkpt lat="46.006306174676865" lon="7.782571790274233"><ele>2298.5</ele></trkpt><trkpt lat="46.006306174676865" lon="7.782571790274233"><ele>2298.5</ele></trkpt><trkpt lat="46.006306174676865" lon="7.782571790274233"><ele>2298.5</ele></trkpt><trkpt lat="46.006306174676865" lon="7.782571790274233"><ele>2298.5</ele></trkpt><trkpt lat="46.006306174676865" lon="7.782571790274233"><ele>2298.5</ele></trkpt><trkpt lat="46.006306174676865" lon="7.782571790274233"><ele>2298.5</ele></trkpt><trkpt lat="46.006306174676865" lon="7.782571790274233"><ele>2298.5</ele></trkpt><trkpt lat="46.006306174676865" lon="7.782571790274233"><ele>2298.5</ele></trkpt><trkpt lat="46.006306174676865" lon="7.782571790274233"><ele>2298.5</ele></trkpt><trkpt lat="46.006306174676865" lon="7.782571790274233"><ele>2298.5</ele></trkpt><trkpt lat="46.006306174676865" lon="7.782571790274233"><ele>2298.5</ele></trkpt><trkpt lat="46.006306174676865" lon="7.782571790274233"><ele>2298.5</ele></trkpt><trkpt lat="46.006306174676865" lon="7.782571790274233"><ele>2298.5</ele></trkpt><trkpt lat="46.006306174676865" lon="7.782571790274233"><ele>2298.5</ele></trkpt><trkpt lat="46.006303479894996" lon="7.782570482697338"><ele>2298.5</ele></trkpt><trkpt lat="46.00629004975781" lon="7.782549743540585"><ele>2298.199981689453</ele></trkpt><trkpt lat="46.00622003572062" lon="7.782500249799341"><ele>2297.7999877929688</ele></trkpt><trkpt lat="46.006172481924295" lon="7.782459932845086"><ele>2297.5</ele></trkpt><trkpt lat="46.00611143140122" lon="7.7824208228848875"><ele>2297.0999755859375</ele></trkpt><trkpt lat="46.00608003837988" lon="7.782390934880823"><ele>2296.8999938964844</ele></trkpt><trkpt lat="46.0060901180841" lon="7.782330325804651"><ele>2296.5</ele></trkpt><trkpt lat="46.00609048362821" lon="7.78221027366817"><ele>2295.5999755859375</ele></trkpt><trkpt lat="46.00609342567623" lon="7.782130256295204"><ele>2295.3999938964844</ele></trkpt><trkpt lat="46.006080207880586" lon="7.782039810437709"><ele>2295.199981689453</ele></trkpt><trkpt lat="46.0060624293983" lon="7.781969990115613"><ele>2295.199981689453</ele></trkpt><trkpt lat="46.00603149179369" lon="7.7817903608083725"><ele>2295.2999877929688</ele></trkpt><trkpt lat="46.00603142892942" lon="7.78181101474911"><ele>2295.2999877929688</ele></trkpt><trkpt lat="46.006040420383215" lon="7.781812362372875"><ele>2295.2999877929688</ele></trkpt><trkpt lat="46.006040420383215" lon="7.781812362372875"><ele>2295.2999877929688</ele></trkpt><trkpt lat="46.006040420383215" lon="7.781812362372875"><ele>2295.2999877929688</ele></trkpt><trkpt lat="46.006040420383215" lon="7.781812362372875"><ele>2295.2999877929688</ele></trkpt><trkpt lat="46.006040420383215" lon="7.781812362372875"><ele>2295.2999877929688</ele></trkpt><trkpt lat="46.006040420383215" lon="7.781812362372875"><ele>2295.2999877929688</ele></trkpt><trkpt lat="46.006040420383215" lon="7.781812362372875"><ele>2295.2999877929688</ele></trkpt><trkpt lat="46.006040420383215" lon="7.781812362372875"><ele>2295.2999877929688</ele></trkpt><trkpt lat="46.006040420383215" lon="7.781812362372875"><ele>2295.2999877929688</ele></trkpt><trkpt lat="46.006040420383215" lon="7.781812362372875"><ele>2295.2999877929688</ele></trkpt><trkpt lat="46.006040420383215" lon="7.781812362372875"><ele>2295.2999877929688</ele></trkpt><trkpt lat="46.006040420383215" lon="7.781812362372875"><ele>2295.2999877929688</ele></trkpt><trkpt lat="46.006040420383215" lon="7.781812362372875"><ele>2295.2999877929688</ele></trkpt><trkpt lat="46.006040420383215" lon="7.781812362372875"><ele>2295.2999877929688</ele></trkpt><trkpt lat="46.006040420383215" lon="7.781812362372875"><ele>2295.2999877929688</ele></trkpt><trkpt lat="46.006040420383215" lon="7.781812362372875"><ele>2295.2999877929688</ele></trkpt><trkpt lat="46.00603142892942" lon="7.78181101474911"><ele>2295.2999877929688</ele></trkpt><trkpt lat="46.00603149179369" lon="7.7817903608083725"><ele>2295.2999877929688</ele></trkpt><trkpt lat="46.00601023668423" lon="7.781680501066148"><ele>2295.3999938964844</ele></trkpt><trkpt lat="46.0059834937565" lon="7.781600297894329"><ele>2295.2999877929688</ele></trkpt><trkpt lat="46.005960317794234" lon="7.78153044404462"><ele>2295.199981689453</ele></trkpt><trkpt lat="46.005940024740994" lon="7.781399936415255"><ele>2294.5999755859375</ele></trkpt><trkpt lat="46.00592242181301" lon="7.7812720271758735"><ele>2294.199981689453</ele></trkpt><trkpt lat="46.005892511922866" lon="7.781049805693328"><ele>2293.8999938964844</ele></trkpt><trkpt lat="46.0058604888618" lon="7.780930842738599"><ele>2293.199981689453</ele></trkpt><trkpt lat="46.00585446599871" lon="7.780840442050248"><ele>2292.5</ele></trkpt><trkpt lat="46.00583038618788" lon="7.780771874357015"><ele>2292.199981689453</ele></trkpt><trkpt lat="46.00581447221339" lon="7.780680120922625"><ele>2291.7999877929688</ele></trkpt><trkpt lat="46.00579036120325" lon="7.78062188019976"><ele>2291.3999938964844</ele></trkpt><trkpt lat="46.00578245287761" lon="7.780559867620468"><ele>2291.199981689453</ele></trkpt><trkpt lat="46.00577007047832" lon="7.780490082222968"><ele>2290.7999877929688</ele></trkpt><trkpt lat="46.00575249828398" lon="7.7803518464788795"><ele>2290.0</ele></trkpt><trkpt lat="46.00574009260163" lon="7.780289806425571"><ele>2289.8999938964844</ele></trkpt><trkpt lat="46.00572146801278" lon="7.780201909132302"><ele>2289.3999938964844</ele></trkpt><trkpt lat="46.00571346608922" lon="7.780170877929777"><ele>2289.0</ele></trkpt><trkpt lat="46.005722449626774" lon="7.780174806714058"><ele>2289.0</ele></trkpt><trkpt lat="46.005722449626774" lon="7.780174806714058"><ele>2289.0</ele></trkpt><trkpt lat="46.005722449626774" lon="7.780174806714058"><ele>2289.0</ele></trkpt><trkpt lat="46.005722449626774" lon="7.780174806714058"><ele>2289.0</ele></trkpt><trkpt lat="46.005722449626774" lon="7.780174806714058"><ele>2289.0</ele></trkpt><trkpt lat="46.005722449626774" lon="7.780174806714058"><ele>2289.0</ele></trkpt><trkpt lat="46.005722449626774" lon="7.780174806714058"><ele>2289.0</ele></trkpt><trkpt lat="46.005722449626774" lon="7.780174806714058"><ele>2289.0</ele></trkpt><trkpt lat="46.005722449626774" lon="7.780174806714058"><ele>2289.0</ele></trkpt><trkpt lat="46.005722449626774" lon="7.780174806714058"><ele>2289.0</ele></trkpt><trkpt lat="46.005722449626774" lon="7.780174806714058"><ele>2289.0</ele></trkpt><trkpt lat="46.005722449626774" lon="7.780174806714058"><ele>2289.0</ele></trkpt><trkpt lat="46.005722449626774" lon="7.780174806714058"><ele>2289.0</ele></trkpt><trkpt lat="46.005722449626774" lon="7.780174806714058"><ele>2289.0</ele></trkpt><trkpt lat="46.005722449626774" lon="7.780174806714058"><ele>2289.0</ele></trkpt><trkpt lat="46.005722449626774" lon="7.780174806714058"><ele>2289.0</ele></trkpt><trkpt lat="46.00571346608922" lon="7.780170877929777"><ele>2289.0</ele></trkpt><trkpt lat="46.00569031620398" lon="7.78009198885411"><ele>2288.699981689453</ele></trkpt><trkpt lat="46.00567346718162" lon="7.780011848546565"><ele>2288.0999755859375</ele></trkpt><trkpt lat="46.00563449691981" lon="7.779810226522386"><ele>2287.699981689453</ele></trkpt><trkpt lat="46.00563012016937" lon="7.779770181514323"><ele>2287.5</ele></trkpt><trkpt lat="46.00563029944897" lon="7.779710801783949"><ele>2287.3999938964844</ele></trkpt><trkpt lat="46.00565042486414" lon="7.779599910136312"><ele>2287.0</ele></trkpt><trkpt lat="46.00566046824679" lon="7.779550918843597"><ele>2286.7999877929688</ele></trkpt><trkpt lat="46.0056715044193" lon="7.779470952227712"><ele>2286.2999877929688</ele></trkpt><trkpt lat="46.00568026630208" lon="7.779250263702124"><ele>2284.5999755859375</ele></trkpt><trkpt lat="46.00569040281698" lon="7.779170291032642"><ele>2284.0999755859375</ele></trkpt><trkpt lat="46.00573046552017" lon="7.779010469093919"><ele>2283.0999755859375</ele></trkpt><trkpt lat="46.005732416175306" lon="7.778960136696696"><ele>2283.0</ele></trkpt><trkpt lat="46.00573349511251" lon="7.778900762088597"><ele>2282.199981689453</ele></trkpt><trkpt lat="46.0057503208518" lon="7.778690450359136"><ele>2280.2999877929688</ele></trkpt><trkpt lat="46.005741477012634" lon="7.778640050441027"><ele>2279.8999938964844</ele></trkpt><trkpt lat="46.00574243115261" lon="7.778621984180063"><ele>2279.699981689453</ele></trkpt><trkpt lat="46.005720218643546" lon="7.778530192561448"><ele>2278.7999877929688</ele></trkpt><trkpt lat="46.00571047514677" lon="7.778479787055403"><ele>2278.0999755859375</ele></trkpt><trkpt lat="46.00569449365139" lon="7.778409979771823"><ele>2277.3999938964844</ele></trkpt><trkpt lat="46.005690143443644" lon="7.778360898606479"><ele>2277.0</ele></trkpt><trkpt lat="46.00569029105827" lon="7.778311845380813"><ele>2276.0</ele></trkpt><trkpt lat="46.005710266996175" lon="7.77825000602752"><ele>2274.3999938964844</ele></trkpt><trkpt lat="46.005670145154" lon="7.778130995109677"><ele>2273.8999938964844</ele></trkpt><trkpt lat="46.00564244156703" lon="7.778070151340216"><ele>2271.5999755859375</ele></trkpt><trkpt lat="46.00560034206137" lon="7.778010509442538"><ele>2271.5</ele></trkpt><trkpt lat="46.005610446911305" lon="7.777940864209086"><ele>2271.8999938964844</ele></trkpt><trkpt lat="46.00562150916085" lon="7.777851860970259"><ele>2271.0</ele></trkpt><trkpt lat="46.005624420940876" lon="7.777780879754573"><ele>2270.199981689453</ele></trkpt><trkpt lat="46.0056344633922" lon="7.777731887996197"><ele>2269.8999938964844</ele></trkpt><trkpt lat="46.0056825033389" lon="7.777610841207206"><ele>2269.2999877929688</ele></trkpt><trkpt lat="46.005684298463166" lon="7.777612143196166"><ele>2269.2999877929688</ele></trkpt><trkpt lat="46.005684298463166" lon="7.777612143196166"><ele>2269.2999877929688</ele></trkpt><trkpt lat="46.005684298463166" lon="7.777612143196166"><ele>2269.2999877929688</ele></trkpt><trkpt lat="46.005684298463166" lon="7.777612143196166"><ele>2269.2999877929688</ele></trkpt><trkpt lat="46.005684298463166" lon="7.777612143196166"><ele>2269.2999877929688</ele></trkpt><trkpt lat="46.005684298463166" lon="7.777612143196166"><ele>2269.2999877929688</ele></trkpt><trkpt lat="46.005684298463166" lon="7.777612143196166"><ele>2269.2999877929688</ele></trkpt><trkpt lat="46.005684298463166" lon="7.777612143196166"><ele>2269.2999877929688</ele></trkpt><trkpt lat="46.005684298463166" lon="7.777612143196166"><ele>2269.2999877929688</ele></trkpt><trkpt lat="46.005684298463166" lon="7.777612143196166"><ele>2269.2999877929688</ele></trkpt><trkpt lat="46.005684298463166" lon="7.777612143196166"><ele>2269.2999877929688</ele></trkpt><trkpt lat="46.005684298463166" lon="7.777612143196166"><ele>2269.2999877929688</ele></trkpt><trkpt lat="46.005684298463166" lon="7.777612143196166"><ele>2269.2999877929688</ele></trkpt><trkpt lat="46.005684298463166" lon="7.777612143196166"><ele>2269.2999877929688</ele></trkpt><trkpt lat="46.005684298463166" lon="7.777612143196166"><ele>2269.2999877929688</ele></trkpt><trkpt lat="46.005684298463166" lon="7.777612143196166"><ele>2269.2999877929688</ele></trkpt><trkpt lat="46.0056825033389" lon="7.777610841207206"><ele>2269.2999877929688</ele></trkpt><trkpt lat="46.005692491307855" lon="7.77757992176339"><ele>2268.699981689453</ele></trkpt><trkpt lat="46.005712455138564" lon="7.777521954849362"><ele>2268.0999755859375</ele></trkpt><trkpt lat="46.00572343589738" lon="7.777460060082376"><ele>2267.5</ele></trkpt><trkpt lat="46.00573348160833" lon="7.77740977704525"><ele>2267.0</ele></trkpt><trkpt lat="46.00572016695514" lon="7.777350313495845"><ele>2266.699981689453</ele></trkpt><trkpt lat="46.00573024014011" lon="7.7772909947671"><ele>2266.0999755859375</ele></trkpt><trkpt lat="46.00574043719098" lon="7.777190367691219"><ele>2265.5999755859375</ele></trkpt><trkpt lat="46.00576034700498" lon="7.777150473091751"><ele>2265.0999755859375</ele></trkpt><trkpt lat="46.005810061469674" lon="7.777070744894445"><ele>2264.0</ele></trkpt><trkpt lat="46.005862447433174" lon="7.777000069152564"><ele>2263.5</ele></trkpt><trkpt lat="46.00588148832321" lon="7.776949841529131"><ele>2262.8999938964844</ele></trkpt><trkpt lat="46.00592037755996" lon="7.776880373246968"><ele>2262.5999755859375</ele></trkpt><trkpt lat="46.00594034884125" lon="7.776819824241102"><ele>2262.0999755859375</ele></trkpt><trkpt lat="46.005950363818556" lon="7.776779868174344"><ele>2261.8999938964844</ele></trkpt><trkpt lat="46.00596040580422" lon="7.776730875950307"><ele>2261.699981689453</ele></trkpt><trkpt lat="46.00597345177084" lon="7.776579921133816"><ele>2261.0</ele></trkpt><trkpt lat="46.005970027297735" lon="7.776521809399128"><ele>2260.699981689453</ele></trkpt><trkpt lat="46.00595146557316" lon="7.776411968283355"><ele>2260.3999938964844</ele></trkpt><trkpt lat="46.00594001123682" lon="7.7763318619690835"><ele>2259.0999755859375</ele></trkpt><trkpt lat="46.00593027053401" lon="7.7762801656499505"><ele>2258.5999755859375</ele></trkpt><trkpt lat="46.00590343121439" lon="7.776230946183205"><ele>2258.199981689453</ele></trkpt><trkpt lat="46.00589005788788" lon="7.776190845761448"><ele>2258.0</ele></trkpt><trkpt lat="46.00587146868929" lon="7.776090041268617"><ele>2256.8999938964844</ele></trkpt><trkpt lat="46.005864419043064" lon="7.776040943805128"><ele>2256.2999877929688</ele></trkpt><trkpt lat="46.00582142267376" lon="7.775980006437749"><ele>2255.5999755859375</ele></trkpt><trkpt lat="46.00580001110211" lon="7.775920493528247"><ele>2254.699981689453</ele></trkpt><trkpt lat="46.00577050400898" lon="7.775860930327326"><ele>2253.7999877929688</ele></trkpt><trkpt lat="46.00574015500024" lon="7.775781998876482"><ele>2252.5999755859375</ele></trkpt><trkpt lat="46.0057114623487" lon="7.775750841014087"><ele>2252.3999938964844</ele></trkpt><trkpt lat="46.00570342829451" lon="7.775730136781931"><ele>2252.0</ele></trkpt><trkpt lat="46.00570015748963" lon="7.775620390661061"><ele>2250.5999755859375</ele></trkpt><trkpt lat="46.005691485945135" lon="7.775511902291328"><ele>2250.0999755859375</ele></trkpt><trkpt lat="46.005680362228304" lon="7.775320781860501"><ele>2248.699981689453</ele></trkpt><trkpt lat="46.00566035788506" lon="7.775090879295021"><ele>2246.0</ele></trkpt><trkpt lat="46.005660503637046" lon="7.775041826535016"><ele>2245.0999755859375</ele></trkpt><trkpt lat="46.005691445898265" lon="7.774921962991357"><ele>2243.3999938964844</ele></trkpt><trkpt lat="46.00569342914969" lon="7.774860012345016"><ele>2242.3999938964844</ele></trkpt><trkpt lat="46.005680293776095" lon="7.774739878252149"><ele>2240.5999755859375</ele></trkpt><trkpt lat="46.00566001934931" lon="7.774600337259471"><ele>2238.8999938964844</ele></trkpt><trkpt lat="46.00564148603007" lon="7.774480170570314"><ele>2237.199981689453</ele></trkpt><trkpt lat="46.00566441612318" lon="7.774331858381629"><ele>2236.7999877929688</ele></trkpt><trkpt lat="46.00567014422268" lon="7.774220876861364"><ele>2237.8999938964844</ele></trkpt><trkpt lat="46.005680250003934" lon="7.7741499398835"><ele>2238.199981689453</ele></trkpt><trkpt lat="46.00566005986184" lon="7.773982000071555"><ele>2237.699981689453</ele></trkpt><trkpt lat="46.00566036300734" lon="7.773880021646619"><ele>2237.3999938964844</ele></trkpt><trkpt lat="46.0056624263525" lon="7.773790962528437"><ele>2236.7999877929688</ele></trkpt><trkpt lat="46.005653481930494" lon="7.773470766376704"><ele>2234.199981689453</ele></trkpt><trkpt lat="46.0056644869037" lon="7.773399834521115"><ele>2234.5</ele></trkpt><trkpt lat="46.005660196300596" lon="7.773330100346357"><ele>2235.0</ele></trkpt><trkpt lat="46.005680192727596" lon="7.773260514251888"><ele>2235.5999755859375</ele></trkpt><trkpt lat="46.005690321326256" lon="7.773181831929833"><ele>2235.5</ele></trkpt><trkpt lat="46.00569251039997" lon="7.773050174117088"><ele>2234.699981689453</ele></trkpt><trkpt lat="46.00572023866698" lon="7.772799909580499"><ele>2233.5999755859375</ele></trkpt><trkpt lat="46.005730339791626" lon="7.772730262950063"><ele>2233.0999755859375</ele></trkpt><trkpt lat="46.0057393158786" lon="7.772736772429198"><ele>2233.0999755859375</ele></trkpt><trkpt lat="46.0057393158786" lon="7.772736772429198"><ele>2233.0999755859375</ele></trkpt><trkpt lat="46.0057393158786" lon="7.772736772429198"><ele>2233.0999755859375</ele></trkpt><trkpt lat="46.0057393158786" lon="7.772736772429198"><ele>2233.0999755859375</ele></trkpt><trkpt lat="46.0057393158786" lon="7.772736772429198"><ele>2233.0999755859375</ele></trkpt><trkpt lat="46.0057393158786" lon="7.772736772429198"><ele>2233.0999755859375</ele></trkpt><trkpt lat="46.0057393158786" lon="7.772736772429198"><ele>2233.0999755859375</ele></trkpt><trkpt lat="46.0057393158786" lon="7.772736772429198"><ele>2233.0999755859375</ele></trkpt><trkpt lat="46.0057393158786" lon="7.772736772429198"><ele>2233.0999755859375</ele></trkpt><trkpt lat="46.0057393158786" lon="7.772736772429198"><ele>2233.0999755859375</ele></trkpt><trkpt lat="46.0057393158786" lon="7.772736772429198"><ele>2233.0999755859375</ele></trkpt><trkpt lat="46.0057393158786" lon="7.772736772429198"><ele>2233.0999755859375</ele></trkpt><trkpt lat="46.0057393158786" lon="7.772736772429198"><ele>2233.0999755859375</ele></trkpt><trkpt lat="46.0057393158786" lon="7.772736772429198"><ele>2233.0999755859375</ele></trkpt><trkpt lat="46.0057393158786" lon="7.772736772429198"><ele>2233.0999755859375</ele></trkpt><trkpt lat="46.0057393158786" lon="7.772736772429198"><ele>2233.0999755859375</ele></trkpt><trkpt lat="46.005730339791626" lon="7.772730262950063"><ele>2233.0999755859375</ele></trkpt><trkpt lat="46.00576046388596" lon="7.7725819940678775"><ele>2232.5999755859375</ele></trkpt><trkpt lat="46.00578145496547" lon="7.772480141371489"><ele>2232.699981689453</ele></trkpt><trkpt lat="46.005801481660455" lon="7.77240022784099"><ele>2232.699981689453</ele></trkpt><trkpt lat="46.00581349665299" lon="7.772291865665466"><ele>2232.7999877929688</ele></trkpt><trkpt lat="46.005844470113516" lon="7.772160382941365"><ele>2232.699981689453</ele></trkpt><trkpt lat="46.00585022196174" lon="7.772040364332497"><ele>2231.5</ele></trkpt><trkpt lat="46.005860296078026" lon="7.77197975339368"><ele>2230.7999877929688</ele></trkpt><trkpt lat="46.00588032230735" lon="7.771899839863181"><ele>2231.0</ele></trkpt><trkpt lat="46.005900375079364" lon="7.771810890175402"><ele>2231.5</ele></trkpt><trkpt lat="46.00593242328614" lon="7.77162003191188"><ele>2231.2999877929688</ele></trkpt><trkpt lat="46.005962492432445" lon="7.771489833947271"><ele>2231.0</ele></trkpt><trkpt lat="46.005974422674626" lon="7.771409870591015"><ele>2230.5</ele></trkpt><trkpt lat="46.00599345751107" lon="7.771360931918025"><ele>2230.699981689453</ele></trkpt><trkpt lat="46.006040500011295" lon="7.7712708548642695"><ele>2231.0999755859375</ele></trkpt><trkpt lat="46.00610016239807" lon="7.771171817556024"><ele>2231.7999877929688</ele></trkpt><trkpt lat="46.006161514203995" lon="7.771110227331519"><ele>2235.0999755859375</ele></trkpt><trkpt lat="46.00629241904244" lon="7.770950949750841"><ele>2236.8999938964844</ele></trkpt><trkpt lat="46.00632042624056" lon="7.770909810438752"><ele>2236.8999938964844</ele></trkpt><trkpt lat="46.006413515191525" lon="7.7707619201391935"><ele>2235.199981689453</ele></trkpt><trkpt lat="46.00646242080256" lon="7.770649907644838"><ele>2234.5999755859375</ele></trkpt><trkpt lat="46.00650040619075" lon="7.770580428186804"><ele>2233.8999938964844</ele></trkpt><trkpt lat="46.006550203543156" lon="7.7704710024409"><ele>2232.5999755859375</ele></trkpt><trkpt lat="46.0065702018328" lon="7.770400123205036"><ele>2231.8999938964844</ele></trkpt><trkpt lat="46.00659016612917" lon="7.770340861752629"><ele>2230.7999877929688</ele></trkpt><trkpt lat="46.00660017831251" lon="7.770300903823227"><ele>2230.0</ele></trkpt><trkpt lat="46.00660032266751" lon="7.770251850131899"><ele>2229.699981689453</ele></trkpt><trkpt lat="46.00661048665643" lon="7.770160256884992"><ele>2229.5999755859375</ele></trkpt><trkpt lat="46.00660042837262" lon="7.769909759052098"><ele>2231.0999755859375</ele></trkpt><trkpt lat="46.00660344911739" lon="7.769800049718469"><ele>2231.5</ele></trkpt><trkpt lat="46.006613492034376" lon="7.769749764818698"><ele>2232.0</ele></trkpt><trkpt lat="46.006624430418015" lon="7.7697007758542895"><ele>2232.199981689453</ele></trkpt><trkpt lat="46.006610268726945" lon="7.7696219445206225"><ele>2231.7999877929688</ele></trkpt><trkpt lat="46.006611437071115" lon="7.769530296791345"><ele>2230.8999938964844</ele></trkpt><trkpt lat="46.006614453624934" lon="7.769421878270805"><ele>2230.7999877929688</ele></trkpt><trkpt lat="46.00661031156778" lon="7.769300507381558"><ele>2231.0999755859375</ele></trkpt><trkpt lat="46.006594472099096" lon="7.769180356524885"><ele>2231.2999877929688</ele></trkpt><trkpt lat="46.00660004327074" lon="7.769121007993817"><ele>2231.2999877929688</ele></trkpt><trkpt lat="46.00660150218755" lon="7.768929962068796"><ele>2231.7999877929688</ele></trkpt><trkpt lat="46.00661009270698" lon="7.768760903738439"><ele>2230.8999938964844</ele></trkpt><trkpt lat="46.006610326934606" lon="7.768680868670344"><ele>2231.3999938964844</ele></trkpt><trkpt lat="46.00662048254162" lon="7.768591856583953"><ele>2231.7999877929688</ele></trkpt><trkpt lat="46.00663151126355" lon="7.768511886708438"><ele>2232.0999755859375</ele></trkpt><trkpt lat="46.00663349125534" lon="7.768449934665114"><ele>2231.699981689453</ele></trkpt><trkpt lat="46.00662145204842" lon="7.768260097131133"><ele>2228.699981689453</ele></trkpt><trkpt lat="46.006614425219595" lon="7.768201963976026"><ele>2228.699981689453</ele></trkpt><trkpt lat="46.00663445238024" lon="7.768120756838471"><ele>2228.5999755859375</ele></trkpt><trkpt lat="46.00665441947058" lon="7.768060203641653"><ele>2228.5999755859375</ele></trkpt><trkpt lat="46.00666448799893" lon="7.76800088211894"><ele>2228.3999938964844</ele></trkpt><trkpt lat="46.00665024202317" lon="7.767950451001525"><ele>2228.2999877929688</ele></trkpt><trkpt lat="46.006641446612775" lon="7.767881979234517"><ele>2227.699981689453</ele></trkpt><trkpt lat="46.00661023007706" lon="7.767790136858821"><ele>2226.8999938964844</ele></trkpt><trkpt lat="46.00655150040984" lon="7.767570328433067"><ele>2225.5</ele></trkpt><trkpt lat="46.00656011886895" lon="7.767390943132341"><ele>2224.3999938964844</ele></trkpt><trkpt lat="46.00655048340559" lon="7.767301812302321"><ele>2224.3999938964844</ele></trkpt><trkpt lat="46.00654442375526" lon="7.767220448702574"><ele>2224.3999938964844</ele></trkpt><trkpt lat="46.00654018903151" lon="7.7671300591900945"><ele>2223.7999877929688</ele></trkpt><trkpt lat="46.006546459626406" lon="7.767139133065939"><ele>2223.7999877929688</ele></trkpt><trkpt lat="46.006546459626406" lon="7.767139133065939"><ele>2223.7999877929688</ele></trkpt><trkpt lat="46.006546459626406" lon="7.767139133065939"><ele>2223.7999877929688</ele></trkpt><trkpt lat="46.006546459626406" lon="7.767139133065939"><ele>2223.7999877929688</ele></trkpt><trkpt lat="46.006546459626406" lon="7.767139133065939"><ele>2223.7999877929688</ele></trkpt><trkpt lat="46.006546459626406" lon="7.767139133065939"><ele>2223.7999877929688</ele></trkpt><trkpt lat="46.006546459626406" lon="7.767139133065939"><ele>2223.7999877929688</ele></trkpt><trkpt lat="46.006546459626406" lon="7.767139133065939"><ele>2223.7999877929688</ele></trkpt><trkpt lat="46.006546459626406" lon="7.767139133065939"><ele>2223.7999877929688</ele></trkpt><trkpt lat="46.006546459626406" lon="7.767139133065939"><ele>2223.7999877929688</ele></trkpt><trkpt lat="46.006546459626406" lon="7.767139133065939"><ele>2223.7999877929688</ele></trkpt><trkpt lat="46.006546459626406" lon="7.767139133065939"><ele>2223.7999877929688</ele></trkpt><trkpt lat="46.006546459626406" lon="7.767139133065939"><ele>2223.7999877929688</ele></trkpt><trkpt lat="46.006546459626406" lon="7.767139133065939"><ele>2223.7999877929688</ele></trkpt><trkpt lat="46.006546459626406" lon="7.767139133065939"><ele>2223.7999877929688</ele></trkpt><trkpt lat="46.006546459626406" lon="7.767139133065939"><ele>2223.7999877929688</ele></trkpt><trkpt lat="46.00654018903151" lon="7.7671300591900945"><ele>2223.7999877929688</ele></trkpt><trkpt lat="46.006532442756" lon="7.767009957693517"><ele>2223.199981689453</ele></trkpt><trkpt lat="46.00652010831982" lon="7.766920811031014"><ele>2223.199981689453</ele></trkpt><trkpt lat="46.00649344129488" lon="7.766810923814774"><ele>2223.199981689453</ele></trkpt><trkpt lat="46.006460421252996" lon="7.766720362473279"><ele>2223.199981689453</ele></trkpt><trkpt lat="46.006444428581744" lon="7.766651848331094"><ele>2222.8999938964844</ele></trkpt><trkpt lat="46.00642043398693" lon="7.766551013570279"><ele>2222.8999938964844</ele></trkpt><trkpt lat="46.00636245915666" lon="7.766380266752094"><ele>2222.8999938964844</ele></trkpt><trkpt lat="46.00629351334646" lon="7.766270127147436"><ele>2222.0</ele></trkpt><trkpt lat="46.006260399241" lon="7.766211838461459"><ele>2222.199981689453</ele></trkpt><trkpt lat="46.006210261490196" lon="7.766130211763084"><ele>2222.5</ele></trkpt><trkpt lat="46.00617442233488" lon="7.766080942936242"><ele>2222.5999755859375</ele></trkpt><trkpt lat="46.006140269804746" lon="7.766070411540568"><ele>2222.699981689453</ele></trkpt><trkpt lat="46.006084468681365" lon="7.766080405097455"><ele>2221.699981689453</ele></trkpt><trkpt lat="46.006050251889974" lon="7.766091818455607"><ele>2220.199981689453</ele></trkpt><trkpt lat="46.00600243033841" lon="7.766141877509654"><ele>2219.5</ele></trkpt><trkpt lat="46.00597443198785" lon="7.76618043705821"><ele>2218.7999877929688</ele></trkpt><trkpt lat="46.0059534762986" lon="7.766271965578198"><ele>2217.699981689453</ele></trkpt><trkpt lat="46.005933427251875" lon="7.7663609171286225"><ele>2215.0999755859375</ele></trkpt><trkpt lat="46.00589344277978" lon="7.766500094905496"><ele>2214.7999877929688</ele></trkpt><trkpt lat="46.005873506423086" lon="7.766550320200622"><ele>2214.3999938964844</ele></trkpt><trkpt lat="46.00585446599871" lon="7.766601842362434"><ele>2214.199981689453</ele></trkpt><trkpt lat="46.005800381302834" lon="7.766640245448798"><ele>2214.199981689453</ele></trkpt><trkpt lat="46.00577148003504" lon="7.766680090222508"><ele>2214.7999877929688</ele></trkpt><trkpt lat="46.0057344827801" lon="7.766719886101782"><ele>2215.3999938964844</ele></trkpt><trkpt lat="46.00565346470103" lon="7.7667400552891195"><ele>2216.0999755859375</ele></trkpt><trkpt lat="46.0056102569215" lon="7.766750123817474"><ele>2216.5</ele></trkpt><trkpt lat="46.00556348077953" lon="7.766749843489379"><ele>2216.7999877929688</ele></trkpt><trkpt lat="46.00550050986931" lon="7.766750757582486"><ele>2217.199981689453</ele></trkpt><trkpt lat="46.00544030079618" lon="7.766729742754251"><ele>2217.2999877929688</ele></trkpt><trkpt lat="46.005380088463426" lon="7.766710018739104"><ele>2217.2999877929688</ele></trkpt><trkpt lat="46.00531447865069" lon="7.766690262593329"><ele>2217.5</ele></trkpt><trkpt lat="46.0052704536356" lon="7.76667192671448"><ele>2217.5999755859375</ele></trkpt><trkpt lat="46.00523003842682" lon="7.766649739816785"><ele>2217.7999877929688</ele></trkpt><trkpt lat="46.00510343303904" lon="7.766570238396525"><ele>2218.5</ele></trkpt><trkpt lat="46.005070202518255" lon="7.766551967244595"><ele>2218.5</ele></trkpt><trkpt lat="46.00503248581663" lon="7.766529796645045"><ele>2218.5999755859375</ele></trkpt><trkpt lat="46.005010053515434" lon="7.766510298941284"><ele>2218.5999755859375</ele></trkpt><trkpt lat="46.004903444088995" lon="7.766359919682145"><ele>2218.7999877929688</ele></trkpt><trkpt lat="46.00479242252186" lon="7.766179824713618"><ele>2219.199981689453</ele></trkpt><trkpt lat="46.004731512628496" lon="7.7660903902724385"><ele>2219.2999877929688</ele></trkpt><trkpt lat="46.00469039613381" lon="7.765999783761799"><ele>2219.699981689453</ele></trkpt><trkpt lat="46.004590169060975" lon="7.765819754917175"><ele>2221.3999938964844</ele></trkpt><trkpt lat="46.00456251204014" lon="7.765740847215056"><ele>2222.199981689453</ele></trkpt><trkpt lat="46.004530447069556" lon="7.765630932059139"><ele>2222.699981689453</ele></trkpt><trkpt lat="46.004490312188864" lon="7.76551193324849"><ele>2223.699981689453</ele></trkpt><trkpt lat="46.00447345664725" lon="7.765430508647114"><ele>2224.3999938964844</ele></trkpt><trkpt lat="46.004470149986446" lon="7.765329801477492"><ele>2225.0999755859375</ele></trkpt><trkpt lat="46.00448047881946" lon="7.76518012303859"><ele>2226.5</ele></trkpt><trkpt lat="46.00448442483321" lon="7.76506009651348"><ele>2227.7999877929688</ele></trkpt><trkpt lat="46.00449008354917" lon="7.764969769865274"><ele>2228.699981689453</ele></trkpt><trkpt lat="46.004510045051575" lon="7.76491050934419"><ele>2229.5</ele></trkpt><trkpt lat="46.00452008564025" lon="7.764860225375742"><ele>2230.199981689453</ele></trkpt><trkpt lat="46.00450244219974" lon="7.764740069862455"><ele>2230.199981689453</ele></trkpt><trkpt lat="46.00450444268063" lon="7.764670375268906"><ele>2230.0999755859375</ele></trkpt><trkpt lat="46.00452443398535" lon="7.764600787777454"><ele>2230.0999755859375</ele></trkpt><trkpt lat="46.004552494734526" lon="7.7645402839407325"><ele>2230.8999938964844</ele></trkpt><trkpt lat="46.00458350777626" lon="7.764392018783838"><ele>2230.3999938964844</ele></trkpt><trkpt lat="46.00461000436917" lon="7.764250181149691"><ele>2231.0</ele></trkpt><trkpt lat="46.004644417669624" lon="7.764170351903886"><ele>2231.2999877929688</ele></trkpt><trkpt lat="46.004691454581916" lon="7.7640802706591785"><ele>2231.199981689453</ele></trkpt><trkpt lat="46.00475015165284" lon="7.76400187658146"><ele>2231.8999938964844</ele></trkpt><trkpt lat="46.00481247995049" lon="7.763911885675043"><ele>2232.0999755859375</ele></trkpt><trkpt lat="46.00484147388488" lon="7.763839769177139"><ele>2232.0999755859375</ele></trkpt><trkpt lat="46.00489245029166" lon="7.763630950357765"><ele>2232.5</ele></trkpt><trkpt lat="46.00496243592352" lon="7.763380935881287"><ele>2232.2999877929688</ele></trkpt><trkpt lat="46.004983444698155" lon="7.7632700451649725"><ele>2232.5</ele></trkpt><trkpt lat="46.00501347472891" lon="7.763150171376765"><ele>2232.5</ele></trkpt><trkpt lat="46.00504350475967" lon="7.763030298054218"><ele>2232.3999938964844</ele></trkpt><trkpt lat="46.00506000826135" lon="7.762921961955726"><ele>2232.3999938964844</ele></trkpt><trkpt lat="46.00510016642511" lon="7.762720822822303"><ele>2232.3999938964844</ele></trkpt><trkpt lat="46.00517032388598" lon="7.762410135474056"><ele>2231.699981689453</ele></trkpt><trkpt lat="46.00519347144291" lon="7.762180495541543"><ele>2231.5999755859375</ele></trkpt><trkpt lat="46.00519001763314" lon="7.762130131013691"><ele>2231.5</ele></trkpt><trkpt lat="46.00519540021196" lon="7.762135326396674"><ele>2231.5</ele></trkpt><trkpt lat="46.00519540021196" lon="7.762135326396674"><ele>2231.5</ele></trkpt><trkpt lat="46.00519540021196" lon="7.762135326396674"><ele>2231.5</ele></trkpt><trkpt lat="46.00519540021196" lon="7.762135326396674"><ele>2231.5</ele></trkpt><trkpt lat="46.00519540021196" lon="7.762135326396674"><ele>2231.5</ele></trkpt><trkpt lat="46.00519540021196" lon="7.762135326396674"><ele>2231.5</ele></trkpt><trkpt lat="46.00519540021196" lon="7.762135326396674"><ele>2231.5</ele></trkpt><trkpt lat="46.00519540021196" lon="7.762135326396674"><ele>2231.5</ele></trkpt><trkpt lat="46.00519540021196" lon="7.762135326396674"><ele>2231.5</ele></trkpt><trkpt lat="46.00519540021196" lon="7.762135326396674"><ele>2231.5</ele></trkpt><trkpt lat="46.00519540021196" lon="7.762135326396674"><ele>2231.5</ele></trkpt><trkpt lat="46.00519540021196" lon="7.762135326396674"><ele>2231.5</ele></trkpt><trkpt lat="46.00519540021196" lon="7.762135326396674"><ele>2231.5</ele></trkpt><trkpt lat="46.00519540021196" lon="7.762135326396674"><ele>2231.5</ele></trkpt><trkpt lat="46.00519540021196" lon="7.762135326396674"><ele>2231.5</ele></trkpt><trkpt lat="46.00519540021196" lon="7.762135326396674"><ele>2231.5</ele></trkpt><trkpt lat="46.00519001763314" lon="7.762130131013691"><ele>2231.5</ele></trkpt><trkpt lat="46.005190276540816" lon="7.762039770837873"><ele>2231.5</ele></trkpt><trkpt lat="46.00520048616454" lon="7.761930106207728"><ele>2231.5999755859375</ele></trkpt><trkpt lat="46.005221489816904" lon="7.76182050537318"><ele>2231.5999755859375</ele></trkpt><trkpt lat="46.005271452479064" lon="7.761650403961539"><ele>2231.699981689453</ele></trkpt><trkpt lat="46.005330295301974" lon="7.761520371772349"><ele>2231.699981689453</ele></trkpt><trkpt lat="46.00537021458149" lon="7.761401845607907"><ele>2231.7999877929688</ele></trkpt><trkpt lat="46.005513463635" lon="7.761010259855539"><ele>2231.5</ele></trkpt><trkpt lat="46.00553351128474" lon="7.760920015629381"><ele>2231.3999938964844</ele></trkpt><trkpt lat="46.00552024692297" lon="7.76083990233019"><ele>2231.0999755859375</ele></trkpt><trkpt lat="46.005511479917914" lon="7.760759815573692"><ele>2230.8999938964844</ele></trkpt><trkpt lat="46.0055144331418" lon="7.760670762043446"><ele>2230.8999938964844</ele></trkpt><trkpt lat="46.00553445145488" lon="7.760590844321996"><ele>2231.0999755859375</ele></trkpt><trkpt lat="46.0055944211781" lon="7.760380782186985"><ele>2231.3999938964844</ele></trkpt><trkpt lat="46.00573035189882" lon="7.7600304572843015"><ele>2230.5</ele></trkpt><trkpt lat="46.005790177267045" lon="7.7598707373254"><ele>2230.0</ele></trkpt><trkpt lat="46.00586448283866" lon="7.7596801202744246"><ele>2228.3999938964844</ele></trkpt><trkpt lat="46.0059802220203" lon="7.759470381774008"><ele>2227.199981689453</ele></trkpt><trkpt lat="46.00599028915167" lon="7.759409768506885"><ele>2227.0</ele></trkpt><trkpt lat="46.006010277196765" lon="7.75934017682448"><ele>2226.3999938964844</ele></trkpt><trkpt lat="46.00602445192635" lon="7.759100152179599"><ele>2225.0999755859375</ele></trkpt><trkpt lat="46.00601247791201" lon="7.758881920017302"><ele>2223.7999877929688</ele></trkpt><trkpt lat="46.00601020781323" lon="7.758730871602893"><ele>2222.8999938964844</ele></trkpt><trkpt lat="46.0060224942863" lon="7.758521817624569"><ele>2221.3999938964844</ele></trkpt><trkpt lat="46.00601016078144" lon="7.758430091664195"><ele>2220.699981689453</ele></trkpt><trkpt lat="46.006000463385135" lon="7.758360326290131"><ele>2220.2999877929688</ele></trkpt><trkpt lat="46.005970219150186" lon="7.758240096271038"><ele>2219.699981689453</ele></trkpt><trkpt lat="46.00593013456091" lon="7.758100445382297"><ele>2219.0999755859375</ele></trkpt><trkpt lat="46.00592142064124" lon="7.758000995498151"><ele>2218.5999755859375</ele></trkpt><trkpt lat="46.00593241583556" lon="7.757930059917271"><ele>2218.3999938964844</ele></trkpt><trkpt lat="46.005952486768365" lon="7.757830778136849"><ele>2218.0</ele></trkpt><trkpt lat="46.00597247714177" lon="7.757759895175695"><ele>2217.699981689453</ele></trkpt><trkpt lat="46.005983497947454" lon="7.757679923437536"><ele>2217.5999755859375</ele></trkpt><trkpt lat="46.00598046556115" lon="7.757479816675186"><ele>2217.0999755859375</ele></trkpt><trkpt lat="46.005964496172965" lon="7.757400978822261"><ele>2217.0999755859375</ele></trkpt><trkpt lat="46.00594043498859" lon="7.757320803124458"><ele>2217.0999755859375</ele></trkpt><trkpt lat="46.00589037081227" lon="7.757210785523057"><ele>2216.8999938964844</ele></trkpt><trkpt lat="46.00580345466733" lon="7.757090227212757"><ele>2216.5999755859375</ele></trkpt><trkpt lat="46.00567349884659" lon="7.756920365151018"><ele>2216.2999877929688</ele></trkpt><trkpt lat="46.00568248704076" lon="7.756922998931259"><ele>2216.2999877929688</ele></trkpt><trkpt lat="46.00568248704076" lon="7.756922998931259"><ele>2216.2999877929688</ele></trkpt><trkpt lat="46.00568248704076" lon="7.756922998931259"><ele>2216.2999877929688</ele></trkpt><trkpt lat="46.00568248704076" lon="7.756922998931259"><ele>2216.2999877929688</ele></trkpt><trkpt lat="46.00568248704076" lon="7.756922998931259"><ele>2216.2999877929688</ele></trkpt><trkpt lat="46.00568248704076" lon="7.756922998931259"><ele>2216.2999877929688</ele></trkpt><trkpt lat="46.00568248704076" lon="7.756922998931259"><ele>2216.2999877929688</ele></trkpt><trkpt lat="46.00568248704076" lon="7.756922998931259"><ele>2216.2999877929688</ele></trkpt><trkpt lat="46.00568248704076" lon="7.756922998931259"><ele>2216.2999877929688</ele></trkpt><trkpt lat="46.00568248704076" lon="7.756922998931259"><ele>2216.2999877929688</ele></trkpt><trkpt lat="46.00568248704076" lon="7.756922998931259"><ele>2216.2999877929688</ele></trkpt><trkpt lat="46.00568248704076" lon="7.756922998931259"><ele>2216.2999877929688</ele></trkpt><trkpt lat="46.00568248704076" lon="7.756922998931259"><ele>2216.2999877929688</ele></trkpt><trkpt lat="46.00568248704076" lon="7.756922998931259"><ele>2216.2999877929688</ele></trkpt><trkpt lat="46.00568248704076" lon="7.756922998931259"><ele>2216.2999877929688</ele></trkpt><trkpt lat="46.00568248704076" lon="7.756922998931259"><ele>2216.2999877929688</ele></trkpt><trkpt lat="46.00567349884659" lon="7.756920365151018"><ele>2216.2999877929688</ele></trkpt><trkpt lat="46.0056744273752" lon="7.756910043302923"><ele>2216.0</ele></trkpt><trkpt lat="46.00561345554888" lon="7.756839980836958"><ele>2215.8999938964844</ele></trkpt><trkpt lat="46.00544029241428" lon="7.756680196151137"><ele>2216.0</ele></trkpt><trkpt lat="46.00541344471276" lon="7.75663098692894"><ele>2216.0</ele></trkpt><trkpt lat="46.00530347973108" lon="7.7560701058246195"><ele>2216.7999877929688</ele></trkpt><trkpt lat="46.00528040062636" lon="7.755960247013718"><ele>2216.5</ele></trkpt><trkpt lat="46.0052734836936" lon="7.755860809236765"><ele>2216.199981689453</ele></trkpt><trkpt lat="46.0052201570943" lon="7.7556307236664"><ele>2216.0</ele></trkpt><trkpt lat="46.00517251016572" lon="7.755299982614815"><ele>2215.0</ele></trkpt><trkpt lat="46.00515024596825" lon="7.7552198194898665"><ele>2214.699981689453</ele></trkpt><trkpt lat="46.00515741715208" lon="7.755228897091001"><ele>2214.699981689453</ele></trkpt><trkpt lat="46.00515741715208" lon="7.755228897091001"><ele>2214.699981689453</ele></trkpt><trkpt lat="46.00515741715208" lon="7.755228897091001"><ele>2214.699981689453</ele></trkpt><trkpt lat="46.00515741715208" lon="7.755228897091001"><ele>2214.699981689453</ele></trkpt><trkpt lat="46.00515741715208" lon="7.755228897091001"><ele>2214.699981689453</ele></trkpt><trkpt lat="46.00515741715208" lon="7.755228897091001"><ele>2214.699981689453</ele></trkpt><trkpt lat="46.00515741715208" lon="7.755228897091001"><ele>2214.699981689453</ele></trkpt><trkpt lat="46.00515741715208" lon="7.755228897091001"><ele>2214.699981689453</ele></trkpt><trkpt lat="46.00515741715208" lon="7.755228897091001"><ele>2214.699981689453</ele></trkpt><trkpt lat="46.00515741715208" lon="7.755228897091001"><ele>2214.699981689453</ele></trkpt><trkpt lat="46.00515741715208" lon="7.755228897091001"><ele>2214.699981689453</ele></trkpt><trkpt lat="46.00515741715208" lon="7.755228897091001"><ele>2214.699981689453</ele></trkpt><trkpt lat="46.00515741715208" lon="7.755228897091001"><ele>2214.699981689453</ele></trkpt><trkpt lat="46.00515741715208" lon="7.755228897091001"><ele>2214.699981689453</ele></trkpt><trkpt lat="46.00515741715208" lon="7.755228897091001"><ele>2214.699981689453</ele></trkpt><trkpt lat="46.00515741715208" lon="7.755228897091001"><ele>2214.699981689453</ele></trkpt><trkpt lat="46.00515024596825" lon="7.7552198194898665"><ele>2214.699981689453</ele></trkpt><trkpt lat="46.005120020359755" lon="7.7550918478518724"><ele>2214.3999938964844</ele></trkpt><trkpt lat="46.00508342171088" lon="7.754990948364139"><ele>2214.0</ele></trkpt><trkpt lat="46.00506034493446" lon="7.754879799671471"><ele>2213.7999877929688</ele></trkpt><trkpt lat="46.00503017986193" lon="7.754729883745313"><ele>2213.0999755859375</ele></trkpt><trkpt lat="46.00498443748802" lon="7.754360429476947"><ele>2211.5</ele></trkpt><trkpt lat="46.004971504211426" lon="7.754160269163549"><ele>2210.7999877929688</ele></trkpt><trkpt lat="46.004962420556694" lon="7.753869770094752"><ele>2209.3999938964844</ele></trkpt><trkpt lat="46.00495007215068" lon="7.753781919833273"><ele>2209.199981689453</ele></trkpt><trkpt lat="46.004941473249346" lon="7.753639874048531"><ele>2208.5</ele></trkpt><trkpt lat="46.00487040635198" lon="7.7536407564766705"><ele>2208.7999877929688</ele></trkpt><trkpt lat="46.00485244486481" lon="7.753630326129496"><ele>2210.5</ele></trkpt><trkpt lat="46.004820115398616" lon="7.753610777668655"><ele>2210.7999877929688</ele></trkpt><trkpt lat="46.00483017973602" lon="7.753550164401531"><ele>2211.0</ele></trkpt><trkpt lat="46.00483146868646" lon="7.753410757984966"><ele>2211.3999938964844</ele></trkpt><trkpt lat="46.00482019223273" lon="7.753260951954871"><ele>2211.699981689453</ele></trkpt><trkpt lat="46.00481144525111" lon="7.753171831835061"><ele>2212.199981689453</ele></trkpt><trkpt lat="46.004800006747246" lon="7.753080114256591"><ele>2212.5</ele></trkpt><trkpt lat="46.00479030609131" lon="7.753010351676494"><ele>2212.5999755859375</ele></trkpt><trkpt lat="46.0047725061886" lon="7.752941833809018"><ele>2212.7999877929688</ele></trkpt><trkpt lat="46.00475019030273" lon="7.752879743929952"><ele>2212.7999877929688</ele></trkpt><trkpt lat="46.0047305081971" lon="7.752840904984623"><ele>2212.7999877929688</ele></trkpt><trkpt lat="46.00470009306446" lon="7.752780059818178"><ele>2213.2999877929688</ele></trkpt><trkpt lat="46.00461049890146" lon="7.752650459762663"><ele>2213.7999877929688</ele></trkpt><trkpt lat="46.00457020988688" lon="7.75258181290701"><ele>2214.0</ele></trkpt><trkpt lat="46.004551434889436" lon="7.75254039792344"><ele>2214.3999938964844</ele></trkpt><trkpt lat="46.00455231638625" lon="7.752546857111156"><ele>2214.3999938964844</ele></trkpt><trkpt lat="46.00455231638625" lon="7.752546857111156"><ele>2214.3999938964844</ele></trkpt><trkpt lat="46.00455231638625" lon="7.752546857111156"><ele>2214.3999938964844</ele></trkpt><trkpt lat="46.00455231638625" lon="7.752546857111156"><ele>2214.3999938964844</ele></trkpt><trkpt lat="46.00455231638625" lon="7.752546857111156"><ele>2214.3999938964844</ele></trkpt><trkpt lat="46.00455231638625" lon="7.752546857111156"><ele>2214.3999938964844</ele></trkpt><trkpt lat="46.00455231638625" lon="7.752546857111156"><ele>2214.3999938964844</ele></trkpt><trkpt lat="46.00455231638625" lon="7.752546857111156"><ele>2214.3999938964844</ele></trkpt><trkpt lat="46.00455231638625" lon="7.752546857111156"><ele>2214.3999938964844</ele></trkpt><trkpt lat="46.00455231638625" lon="7.752546857111156"><ele>2214.3999938964844</ele></trkpt><trkpt lat="46.00455231638625" lon="7.752546857111156"><ele>2214.3999938964844</ele></trkpt><trkpt lat="46.00455231638625" lon="7.752546857111156"><ele>2214.3999938964844</ele></trkpt><trkpt lat="46.00455231638625" lon="7.752546857111156"><ele>2214.3999938964844</ele></trkpt><trkpt lat="46.00455231638625" lon="7.752546857111156"><ele>2214.3999938964844</ele></trkpt><trkpt lat="46.00455231638625" lon="7.752546857111156"><ele>2214.3999938964844</ele></trkpt><trkpt lat="46.00455231638625" lon="7.752546857111156"><ele>2214.3999938964844</ele></trkpt><trkpt lat="46.004551434889436" lon="7.75254039792344"><ele>2214.3999938964844</ele></trkpt><trkpt lat="46.00447449134663" lon="7.752390217036009"><ele>2214.699981689453</ele></trkpt><trkpt lat="46.00443144980818" lon="7.752340917941183"><ele>2214.8999938964844</ele></trkpt><trkpt lat="46.00440010614693" lon="7.7522903946228325"><ele>2215.0</ele></trkpt><trkpt lat="46.0043803951703" lon="7.752261883113533"><ele>2215.199981689453</ele></trkpt><trkpt lat="46.004340030718595" lon="7.7522203447297215"><ele>2215.2999877929688</ele></trkpt><trkpt lat="46.00431039975956" lon="7.752200812101364"><ele>2215.5</ele></trkpt><trkpt lat="46.00428347149864" lon="7.752180004492402"><ele>2215.699981689453</ele></trkpt><trkpt lat="46.00425024237484" lon="7.752160451374948"><ele>2215.699981689453</ele></trkpt><trkpt lat="46.00416040001437" lon="7.752119920682162"><ele>2216.0999755859375</ele></trkpt><trkpt lat="46.00386025570333" lon="7.752009772695601"><ele>2217.2999877929688</ele></trkpt><trkpt lat="46.003770381212234" lon="7.751980859786272"><ele>2217.5</ele></trkpt><trkpt lat="46.00369040109217" lon="7.7519520041532815"><ele>2217.5</ele></trkpt><trkpt lat="46.00355015927926" lon="7.7519202218391"><ele>2217.5</ele></trkpt><trkpt lat="46.00349351391196" lon="7.751910862047225"><ele>2217.5</ele></trkpt><trkpt lat="46.0034404983744" lon="7.751889905426651"><ele>2217.5</ele></trkpt><trkpt lat="46.00335244787857" lon="7.751851968001574"><ele>2217.5</ele></trkpt><trkpt lat="46.00320247607306" lon="7.751760752405971"><ele>2217.699981689453</ele></trkpt><trkpt lat="46.00307049090043" lon="7.7516709310002625"><ele>2217.699981689453</ele></trkpt><trkpt lat="46.002930467482656" lon="7.751560410950333"><ele>2217.5999755859375</ele></trkpt><trkpt lat="46.00275004748255" lon="7.7514199716970325"><ele>2217.5999755859375</ele></trkpt><trkpt lat="46.00275633344427" lon="7.751423879992217"><ele>2217.5999755859375</ele></trkpt><trkpt lat="46.00275633344427" lon="7.751423879992217"><ele>2217.5999755859375</ele></trkpt><trkpt lat="46.00275633344427" lon="7.751423879992217"><ele>2217.5999755859375</ele></trkpt><trkpt lat="46.00275633344427" lon="7.751423879992217"><ele>2217.5999755859375</ele></trkpt><trkpt lat="46.00275633344427" lon="7.751423879992217"><ele>2217.5999755859375</ele></trkpt><trkpt lat="46.00275633344427" lon="7.751423879992217"><ele>2217.5999755859375</ele></trkpt><trkpt lat="46.00275633344427" lon="7.751423879992217"><ele>2217.5999755859375</ele></trkpt><trkpt lat="46.00275633344427" lon="7.751423879992217"><ele>2217.5999755859375</ele></trkpt><trkpt lat="46.00275633344427" lon="7.751423879992217"><ele>2217.5999755859375</ele></trkpt><trkpt lat="46.00275633344427" lon="7.751423879992217"><ele>2217.5999755859375</ele></trkpt><trkpt lat="46.00275633344427" lon="7.751423879992217"><ele>2217.5999755859375</ele></trkpt><trkpt lat="46.00275633344427" lon="7.751423879992217"><ele>2217.5999755859375</ele></trkpt><trkpt lat="46.00275633344427" lon="7.751423879992217"><ele>2217.5999755859375</ele></trkpt><trkpt lat="46.00275633344427" lon="7.751423879992217"><ele>2217.5999755859375</ele></trkpt><trkpt lat="46.00275633344427" lon="7.751423879992217"><ele>2217.5999755859375</ele></trkpt><trkpt lat="46.00275633344427" lon="7.751423879992217"><ele>2217.5999755859375</ele></trkpt><trkpt lat="46.00275004748255" lon="7.7514199716970325"><ele>2217.5999755859375</ele></trkpt><trkpt lat="46.002740202471614" lon="7.751401843968779"><ele>2217.5</ele></trkpt><trkpt lat="46.002670153044164" lon="7.751360137946904"><ele>2217.5</ele></trkpt><trkpt lat="46.00264141801745" lon="7.751341902650893"><ele>2217.5999755859375</ele></trkpt><trkpt lat="46.00254350807518" lon="7.751291001681238"><ele>2217.8999938964844</ele></trkpt><trkpt lat="46.00240244530141" lon="7.751230819616467"><ele>2218.3999938964844</ele></trkpt><trkpt lat="46.00238448334858" lon="7.751220390666276"><ele>2218.5999755859375</ele></trkpt><trkpt lat="46.002360249403864" lon="7.751200890168548"><ele>2218.699981689453</ele></trkpt><trkpt lat="46.002323425840586" lon="7.751180027145892"><ele>2218.8999938964844</ele></trkpt><trkpt lat="46.00228033028543" lon="7.75115009304136"><ele>2219.0999755859375</ele></trkpt><trkpt lat="46.00205244868994" lon="7.750931938178837"><ele>2220.199981689453</ele></trkpt><trkpt lat="46.00202009733766" lon="7.750920136459172"><ele>2220.199981689453</ele></trkpt><trkpt lat="46.00199043750763" lon="7.750910931732506"><ele>2220.2999877929688</ele></trkpt><trkpt lat="46.00182143552229" lon="7.750869954004884"><ele>2220.3999938964844</ele></trkpt><trkpt lat="46.00177021557465" lon="7.75085029983893"><ele>2220.5</ele></trkpt><trkpt lat="46.0017504543066" lon="7.750839861109853"><ele>2220.5</ele></trkpt><trkpt lat="46.001724449917674" lon="7.75081002432853"><ele>2220.5</ele></trkpt><trkpt lat="46.00167150935158" lon="7.750761963427067"><ele>2220.5999755859375</ele></trkpt><trkpt lat="46.00164008606225" lon="7.750739840790629"><ele>2220.5999755859375</ele></trkpt><trkpt lat="46.001620317809284" lon="7.750731983687729"><ele>2220.699981689453</ele></trkpt><trkpt lat="46.001592432148755" lon="7.75073182489723"><ele>2220.7999877929688</ele></trkpt><trkpt lat="46.001493487041444" lon="7.750729970633984"><ele>2220.8999938964844</ele></trkpt><trkpt lat="46.00146022904664" lon="7.750720745418221"><ele>2221.0999755859375</ele></trkpt><trkpt lat="46.001431501004845" lon="7.7506999294273555"><ele>2221.199981689453</ele></trkpt><trkpt lat="46.0014000707306" lon="7.750680388417095"><ele>2221.3999938964844</ele></trkpt><trkpt lat="46.001361472997814" lon="7.750650480389595"><ele>2221.7999877929688</ele></trkpt><trkpt lat="46.001282474026084" lon="7.750591945368797"><ele>2221.5999755859375</ele></trkpt><trkpt lat="46.001285162288696" lon="7.750595833174884"><ele>2221.5999755859375</ele></trkpt><trkpt lat="46.001285162288696" lon="7.750595833174884"><ele>2221.5999755859375</ele></trkpt><trkpt lat="46.001285162288696" lon="7.750595833174884"><ele>2221.5999755859375</ele></trkpt><trkpt lat="46.001285162288696" lon="7.750595833174884"><ele>2221.5999755859375</ele></trkpt><trkpt lat="46.001285162288696" lon="7.750595833174884"><ele>2221.5999755859375</ele></trkpt><trkpt lat="46.001285162288696" lon="7.750595833174884"><ele>2221.5999755859375</ele></trkpt><trkpt lat="46.001285162288696" lon="7.750595833174884"><ele>2221.5999755859375</ele></trkpt><trkpt lat="46.001285162288696" lon="7.750595833174884"><ele>2221.5999755859375</ele></trkpt><trkpt lat="46.001285162288696" lon="7.750595833174884"><ele>2221.5999755859375</ele></trkpt><trkpt lat="46.001285162288696" lon="7.750595833174884"><ele>2221.5999755859375</ele></trkpt><trkpt lat="46.001285162288696" lon="7.750595833174884"><ele>2221.5999755859375</ele></trkpt><trkpt lat="46.001285162288696" lon="7.750595833174884"><ele>2221.5999755859375</ele></trkpt><trkpt lat="46.001285162288696" lon="7.750595833174884"><ele>2221.5999755859375</ele></trkpt><trkpt lat="46.001285162288696" lon="7.750595833174884"><ele>2221.5999755859375</ele></trkpt><trkpt lat="46.001285162288696" lon="7.750595833174884"><ele>2221.5999755859375</ele></trkpt><trkpt lat="46.001285162288696" lon="7.750595833174884"><ele>2221.5999755859375</ele></trkpt><trkpt lat="46.001282474026084" lon="7.750591945368797"><ele>2221.5999755859375</ele></trkpt><trkpt lat="46.00113348662853" lon="7.750469763297588"><ele>2221.5</ele></trkpt><trkpt lat="46.00114043336362" lon="7.750560157932341"><ele>2222.0999755859375</ele></trkpt><trkpt lat="46.00114024057984" lon="7.750629859045148"><ele>2222.7999877929688</ele></trkpt><trkpt lat="46.00114010134712" lon="7.750680198892951"><ele>2223.5</ele></trkpt><trkpt lat="46.0011300961487" lon="7.750720156356692"><ele>2224.2999877929688</ele></trkpt><trkpt lat="46.00110007962212" lon="7.750840028747916"><ele>2226.8999938964844</ele></trkpt><trkpt lat="46.00104007124901" lon="7.751070737373084"><ele>2230.5</ele></trkpt><trkpt lat="46.00099448719993" lon="7.751289910636842"><ele>2234.5</ele></trkpt><trkpt lat="46.0009534759447" lon="7.751482002902776"><ele>2238.0</ele></trkpt><trkpt lat="46.000923433341086" lon="7.751610909588635"><ele>2240.3999938964844</ele></trkpt><trkpt lat="46.0009035076946" lon="7.751659845933318"><ele>2241.2999877929688</ele></trkpt><trkpt lat="46.00091249961406" lon="7.751661187969148"><ele>2241.2999877929688</ele></trkpt><trkpt lat="46.00091249961406" lon="7.751661187969148"><ele>2241.2999877929688</ele></trkpt><trkpt lat="46.00091249961406" lon="7.751661187969148"><ele>2241.2999877929688</ele></trkpt><trkpt lat="46.00091249961406" lon="7.751661187969148"><ele>2241.2999877929688</ele></trkpt><trkpt lat="46.00091249961406" lon="7.751661187969148"><ele>2241.2999877929688</ele></trkpt><trkpt lat="46.00091249961406" lon="7.751661187969148"><ele>2241.2999877929688</ele></trkpt><trkpt lat="46.00091249961406" lon="7.751661187969148"><ele>2241.2999877929688</ele></trkpt><trkpt lat="46.00091249961406" lon="7.751661187969148"><ele>2241.2999877929688</ele></trkpt><trkpt lat="46.00091249961406" lon="7.751661187969148"><ele>2241.2999877929688</ele></trkpt><trkpt lat="46.00091249961406" lon="7.751661187969148"><ele>2241.2999877929688</ele></trkpt><trkpt lat="46.00091249961406" lon="7.751661187969148"><ele>2241.2999877929688</ele></trkpt><trkpt lat="46.00091249961406" lon="7.751661187969148"><ele>2241.2999877929688</ele></trkpt><trkpt lat="46.00091249961406" lon="7.751661187969148"><ele>2241.2999877929688</ele></trkpt><trkpt lat="46.00091249961406" lon="7.751661187969148"><ele>2241.2999877929688</ele></trkpt><trkpt lat="46.00091249961406" lon="7.751661187969148"><ele>2241.2999877929688</ele></trkpt><trkpt lat="46.00091249961406" lon="7.751661187969148"><ele>2241.2999877929688</ele></trkpt><trkpt lat="46.0009035076946" lon="7.751659845933318"><ele>2241.2999877929688</ele></trkpt><trkpt lat="46.00089445523918" lon="7.751680446788669"><ele>2242.0999755859375</ele></trkpt><trkpt lat="46.000860129948705" lon="7.7517318818718195"><ele>2243.2999877929688</ele></trkpt><trkpt lat="46.000811415724456" lon="7.751781943719834"><ele>2244.8999938964844</ele></trkpt><trkpt lat="46.00072034401819" lon="7.751860160846263"><ele>2247.2999877929688</ele></trkpt><trkpt lat="46.00069147301838" lon="7.751890974584967"><ele>2248.2999877929688</ele></trkpt><trkpt lat="46.00064000627026" lon="7.751960382331163"><ele>2250.0999755859375</ele></trkpt><trkpt lat="46.0006003160961" lon="7.752000169362873"><ele>2251.199981689453</ele></trkpt><trkpt lat="46.000552501063794" lon="7.752050236333162"><ele>2252.8999938964844</ele></trkpt><trkpt lat="46.00046144751832" lon="7.752121998928487"><ele>2255.3999938964844</ele></trkpt><trkpt lat="46.000414481852204" lon="7.752190141007304"><ele>2257.5</ele></trkpt><trkpt lat="46.0003901082091" lon="7.752220979891717"><ele>2258.0999755859375</ele></trkpt><trkpt lat="46.00038012722507" lon="7.75225190166384"><ele>2258.699981689453</ele></trkpt><trkpt lat="46.000393509399146" lon="7.752291991841048"><ele>2259.5</ele></trkpt><trkpt lat="46.00040147267282" lon="7.752339796163142"><ele>2260.699981689453</ele></trkpt><trkpt lat="46.00043011782691" lon="7.752390299923718"><ele>2261.8999938964844</ele></trkpt><trkpt lat="46.000462447758764" lon="7.752409846987575"><ele>2262.5</ele></trkpt><trkpt lat="46.00050014583394" lon="7.752439750358462"><ele>2263.2999877929688</ele></trkpt><trkpt lat="46.00055040884763" lon="7.752480052411556"><ele>2264.0999755859375</ele></trkpt><trkpt lat="46.00062046153471" lon="7.752520467620343"><ele>2265.0</ele></trkpt><trkpt lat="46.0006734803319" lon="7.752540132962167"><ele>2266.0999755859375</ele></trkpt><trkpt lat="46.000710329040885" lon="7.752551961224526"><ele>2266.8999938964844</ele></trkpt><trkpt lat="46.00074448995292" lon="7.752559901680797"><ele>2267.699981689453</ele></trkpt><trkpt lat="46.00075346045196" lon="7.752568988595158"><ele>2267.699981689453</ele></trkpt><trkpt lat="46.00075346045196" lon="7.752568988595158"><ele>2267.699981689453</ele></trkpt><trkpt lat="46.00075346045196" lon="7.752568988595158"><ele>2267.699981689453</ele></trkpt><trkpt lat="46.00075346045196" lon="7.752568988595158"><ele>2267.699981689453</ele></trkpt><trkpt lat="46.00075346045196" lon="7.752568988595158"><ele>2267.699981689453</ele></trkpt><trkpt lat="46.00075346045196" lon="7.752568988595158"><ele>2267.699981689453</ele></trkpt><trkpt lat="46.00075346045196" lon="7.752568988595158"><ele>2267.699981689453</ele></trkpt><trkpt lat="46.00075346045196" lon="7.752568988595158"><ele>2267.699981689453</ele></trkpt><trkpt lat="46.00075346045196" lon="7.752568988595158"><ele>2267.699981689453</ele></trkpt><trkpt lat="46.00075346045196" lon="7.752568988595158"><ele>2267.699981689453</ele></trkpt><trkpt lat="46.00075346045196" lon="7.752568988595158"><ele>2267.699981689453</ele></trkpt><trkpt lat="46.00075346045196" lon="7.752568988595158"><ele>2267.699981689453</ele></trkpt><trkpt lat="46.00075346045196" lon="7.752568988595158"><ele>2267.699981689453</ele></trkpt><trkpt lat="46.00075346045196" lon="7.752568988595158"><ele>2267.699981689453</ele></trkpt><trkpt lat="46.00075346045196" lon="7.752568988595158"><ele>2267.699981689453</ele></trkpt><trkpt lat="46.00075346045196" lon="7.752568988595158"><ele>2267.699981689453</ele></trkpt><trkpt lat="46.00074448995292" lon="7.752559901680797"><ele>2267.699981689453</ele></trkpt><trkpt lat="46.000771447550505" lon="7.752570382319391"><ele>2268.3999938964844</ele></trkpt><trkpt lat="46.00083349086344" lon="7.752579773776233"><ele>2269.5</ele></trkpt><trkpt lat="46.00089013297111" lon="7.7525904243811965"><ele>2270.5</ele></trkpt><trkpt lat="46.00095031969249" lon="7.752620457205921"><ele>2271.699981689453</ele></trkpt><trkpt lat="46.00102042965591" lon="7.752640220802277"><ele>2272.7999877929688</ele></trkpt><trkpt lat="46.001072488259524" lon="7.752681824378669"><ele>2274.2999877929688</ele></trkpt><trkpt lat="46.00118030002341" lon="7.752730201929808"><ele>2277.0</ele></trkpt><trkpt lat="46.00132142007351" lon="7.752769735176116"><ele>2280.3999938964844</ele></trkpt><trkpt lat="46.0015102410689" lon="7.752800506539643"><ele>2283.8999938964844</ele></trkpt><trkpt lat="46.00162445707247" lon="7.752810196951032"><ele>2285.5999755859375</ele></trkpt><trkpt lat="46.00173147721216" lon="7.752819846384227"><ele>2287.3999938964844</ele></trkpt><trkpt lat="46.00181150389835" lon="7.752831922844052"><ele>2288.699981689453</ele></trkpt><trkpt lat="46.00186005746946" lon="7.752839946188033"><ele>2289.3999938964844</ele></trkpt><trkpt lat="46.00190042518079" lon="7.752880192361772"><ele>2290.199981689453</ele></trkpt><trkpt lat="46.001920046284795" lon="7.752940972801298"><ele>2291.199981689453</ele></trkpt><trkpt lat="46.00193250318989" lon="7.752990094944835"><ele>2291.8999938964844</ele></trkpt><trkpt lat="46.001913440879434" lon="7.753051944077015"><ele>2293.199981689453</ele></trkpt><trkpt lat="46.00187015533447" lon="7.753090420272201"><ele>2294.3999938964844</ele></trkpt><trkpt lat="46.00183046422899" lon="7.7531302073039114"><ele>2295.199981689453</ele></trkpt><trkpt lat="46.00170343182981" lon="7.753200472332537"><ele>2296.0999755859375</ele></trkpt><trkpt lat="46.00170342484489" lon="7.753203053493053"><ele>2296.0999755859375</ele></trkpt><trkpt lat="46.00170342484489" lon="7.753203053493053"><ele>2296.0999755859375</ele></trkpt><trkpt lat="46.00170342484489" lon="7.753203053493053"><ele>2296.0999755859375</ele></trkpt><trkpt lat="46.00170342484489" lon="7.753203053493053"><ele>2296.0999755859375</ele></trkpt><trkpt lat="46.00170342484489" lon="7.753203053493053"><ele>2296.0999755859375</ele></trkpt><trkpt lat="46.00170342484489" lon="7.753203053493053"><ele>2296.0999755859375</ele></trkpt><trkpt lat="46.00170342484489" lon="7.753203053493053"><ele>2296.0999755859375</ele></trkpt><trkpt lat="46.00170342484489" lon="7.753203053493053"><ele>2296.0999755859375</ele></trkpt><trkpt lat="46.00170342484489" lon="7.753203053493053"><ele>2296.0999755859375</ele></trkpt><trkpt lat="46.00170342484489" lon="7.753203053493053"><ele>2296.0999755859375</ele></trkpt><trkpt lat="46.00170342484489" lon="7.753203053493053"><ele>2296.0999755859375</ele></trkpt><trkpt lat="46.00170342484489" lon="7.753203053493053"><ele>2296.0999755859375</ele></trkpt><trkpt lat="46.00170342484489" lon="7.753203053493053"><ele>2296.0999755859375</ele></trkpt><trkpt lat="46.00170342484489" lon="7.753203053493053"><ele>2296.0999755859375</ele></trkpt><trkpt lat="46.00170342484489" lon="7.753203053493053"><ele>2296.0999755859375</ele></trkpt><trkpt lat="46.00170342484489" lon="7.753203053493053"><ele>2296.0999755859375</ele></trkpt><trkpt lat="46.00170343182981" lon="7.753200472332537"><ele>2296.0999755859375</ele></trkpt><trkpt lat="46.00169443665072" lon="7.753200420644134"><ele>2297.0</ele></trkpt><trkpt lat="46.0013602594845" lon="7.753359851427376"><ele>2300.8999938964844</ele></trkpt><trkpt lat="46.00123049970716" lon="7.753440425731242"><ele>2303.699981689453</ele></trkpt><trkpt lat="46.000993500929326" lon="7.753590086475015"><ele>2308.3999938964844</ele></trkpt><trkpt lat="46.00092049827799" lon="7.753640007227659"><ele>2309.3999938964844</ele></trkpt><trkpt lat="46.00085013266653" lon="7.753711886238307"><ele>2310.699981689453</ele></trkpt><trkpt lat="46.00078342668712" lon="7.753761843312532"><ele>2311.7999877929688</ele></trkpt><trkpt lat="46.00054002227262" lon="7.753950187005103"><ele>2316.3999938964844</ele></trkpt><trkpt lat="46.000444444827735" lon="7.754030955955386"><ele>2319.5999755859375</ele></trkpt><trkpt lat="46.00035243993625" lon="7.754120780620724"><ele>2322.199981689453</ele></trkpt><trkpt lat="46.000290231313556" lon="7.754170762374997"><ele>2323.5999755859375</ele></trkpt><trkpt lat="46.00025045732036" lon="7.754240234382451"><ele>2324.5</ele></trkpt><trkpt lat="46.00021245284006" lon="7.75432004313916"><ele>2325.5</ele></trkpt><trkpt lat="46.0001825154759" lon="7.754410224035382"><ele>2326.199981689453</ele></trkpt><trkpt lat="46.00017146812752" lon="7.754500513896346"><ele>2327.199981689453</ele></trkpt><trkpt lat="46.00016042077914" lon="7.754590803291649"><ele>2327.8999938964844</ele></trkpt><trkpt lat="46.00016025500372" lon="7.754650177434087"><ele>2328.5999755859375</ele></trkpt><trkpt lat="46.00017346581444" lon="7.754750933032483"><ele>2329.199981689453</ele></trkpt><trkpt lat="46.00019030738622" lon="7.754840092733502"><ele>2329.7999877929688</ele></trkpt><trkpt lat="46.000234499108046" lon="7.755120443645865"><ele>2331.2999877929688</ele></trkpt><trkpt lat="46.00033142929897" lon="7.755839959718287"><ele>2333.0999755859375</ele></trkpt><trkpt lat="46.0003800583072" lon="7.756140989717096"><ele>2334.5</ele></trkpt><trkpt lat="46.000391501933336" lon="7.756230119150132"><ele>2335.2999877929688</ele></trkpt><trkpt lat="46.00039327517152" lon="7.756239164620638"><ele>2335.2999877929688</ele></trkpt><trkpt lat="46.00039327517152" lon="7.756239164620638"><ele>2335.2999877929688</ele></trkpt><trkpt lat="46.00039327517152" lon="7.756239164620638"><ele>2335.2999877929688</ele></trkpt><trkpt lat="46.00039327517152" lon="7.756239164620638"><ele>2335.2999877929688</ele></trkpt><trkpt lat="46.00039327517152" lon="7.756239164620638"><ele>2335.2999877929688</ele></trkpt><trkpt lat="46.00039327517152" lon="7.756239164620638"><ele>2335.2999877929688</ele></trkpt><trkpt lat="46.00039327517152" lon="7.756239164620638"><ele>2335.2999877929688</ele></trkpt><trkpt lat="46.00039327517152" lon="7.756239164620638"><ele>2335.2999877929688</ele></trkpt><trkpt lat="46.00039327517152" lon="7.756239164620638"><ele>2335.2999877929688</ele></trkpt><trkpt lat="46.00039327517152" lon="7.756239164620638"><ele>2335.2999877929688</ele></trkpt><trkpt lat="46.00039327517152" lon="7.756239164620638"><ele>2335.2999877929688</ele></trkpt><trkpt lat="46.00039327517152" lon="7.756239164620638"><ele>2335.2999877929688</ele></trkpt><trkpt lat="46.00039327517152" lon="7.756239164620638"><ele>2335.2999877929688</ele></trkpt><trkpt lat="46.00039327517152" lon="7.756239164620638"><ele>2335.2999877929688</ele></trkpt><trkpt lat="46.00039327517152" lon="7.756239164620638"><ele>2335.2999877929688</ele></trkpt><trkpt lat="46.00039327517152" lon="7.756239164620638"><ele>2335.2999877929688</ele></trkpt><trkpt lat="46.000391501933336" lon="7.756230119150132"><ele>2335.2999877929688</ele></trkpt><trkpt lat="46.00040023913607" lon="7.756321814376861"><ele>2336.0999755859375</ele></trkpt><trkpt lat="46.00041348161176" lon="7.756410954054445"><ele>2336.8999938964844</ele></trkpt><trkpt lat="46.00042036548257" lon="7.756522000301629"><ele>2337.5999755859375</ele></trkpt><trkpt lat="46.00044341851026" lon="7.7566408845596015"><ele>2338.5</ele></trkpt><trkpt lat="46.00045025115833" lon="7.756770001258701"><ele>2338.8999938964844</ele></trkpt><trkpt lat="46.00047344248742" lon="7.756839837413281"><ele>2339.3999938964844</ele></trkpt><trkpt lat="46.00050242105499" lon="7.757090414874256"><ele>2341.199981689453</ele></trkpt><trkpt lat="46.000500140711665" lon="7.757260783109814"><ele>2341.0999755859375</ele></trkpt><trkpt lat="46.000512483064085" lon="7.757349918130785"><ele>2341.2999877929688</ele></trkpt><trkpt lat="46.0005102828145" lon="7.757491889875382"><ele>2342.199981689453</ele></trkpt><trkpt lat="46.00051241600886" lon="7.757691971957684"><ele>2344.0999755859375</ele></trkpt><trkpt lat="46.00053144339472" lon="7.757961854338646"><ele>2348.5</ele></trkpt><trkpt lat="46.0005605109036" lon="7.758180164266378"><ele>2351.5999755859375</ele></trkpt><trkpt lat="46.00058246217668" lon="7.758370035793632"><ele>2352.3999938964844</ele></trkpt><trkpt lat="46.00062141614035" lon="7.7585909850895405"><ele>2353.0</ele></trkpt><trkpt lat="46.00064443796873" lon="7.758720196783543"><ele>2353.5</ele></trkpt><trkpt lat="46.00065050786361" lon="7.758800260256976"><ele>2354.0</ele></trkpt><trkpt lat="46.00067451316863" lon="7.758899790234864"><ele>2354.5999755859375</ele></trkpt><trkpt lat="46.000690477434546" lon="7.758979911450297"><ele>2354.699981689453</ele></trkpt><trkpt lat="46.00071447575465" lon="7.759082023054361"><ele>2354.8999938964844</ele></trkpt><trkpt lat="46.00073145702481" lon="7.7591208457015455"><ele>2355.199981689453</ele></trkpt><trkpt lat="46.00077345268801" lon="7.759220480918884"><ele>2355.5999755859375</ele></trkpt><trkpt lat="46.0008915127255" lon="7.759459965862334"><ele>2356.2999877929688</ele></trkpt><trkpt lat="46.00094351358712" lon="7.759520936757326"><ele>2356.5</ele></trkpt><trkpt lat="46.0009901500307" lon="7.759570259600878"><ele>2356.699981689453</ele></trkpt><trkpt lat="46.00103051494807" lon="7.75961051043123"><ele>2356.699981689453</ele></trkpt><trkpt lat="46.00107450783253" lon="7.759640456177294"><ele>2356.2999877929688</ele></trkpt><trkpt lat="46.0011203289032" lon="7.759660086128861"><ele>2355.3999938964844</ele></trkpt><trkpt lat="46.0011544781737" lon="7.759671903215349"><ele>2354.7999877929688</ele></trkpt><trkpt lat="46.00115537038073" lon="7.7596744899638"><ele>2354.8999938964844</ele></trkpt><trkpt lat="46.00115537038073" lon="7.7596744899638"><ele>2354.8999938964844</ele></trkpt><trkpt lat="46.00115537038073" lon="7.7596744899638"><ele>2354.8999938964844</ele></trkpt><trkpt lat="46.00115537038073" lon="7.7596744899638"><ele>2354.8999938964844</ele></trkpt><trkpt lat="46.00115537038073" lon="7.7596744899638"><ele>2354.8999938964844</ele></trkpt><trkpt lat="46.00115537038073" lon="7.7596744899638"><ele>2354.8999938964844</ele></trkpt><trkpt lat="46.00115537038073" lon="7.7596744899638"><ele>2354.8999938964844</ele></trkpt><trkpt lat="46.00115537038073" lon="7.7596744899638"><ele>2354.8999938964844</ele></trkpt><trkpt lat="46.00115537038073" lon="7.7596744899638"><ele>2354.8999938964844</ele></trkpt><trkpt lat="46.00115537038073" lon="7.7596744899638"><ele>2354.8999938964844</ele></trkpt><trkpt lat="46.00115537038073" lon="7.7596744899638"><ele>2354.8999938964844</ele></trkpt><trkpt lat="46.00115537038073" lon="7.7596744899638"><ele>2354.8999938964844</ele></trkpt><trkpt lat="46.00115537038073" lon="7.7596744899638"><ele>2354.8999938964844</ele></trkpt><trkpt lat="46.00115537038073" lon="7.7596744899638"><ele>2354.8999938964844</ele></trkpt><trkpt lat="46.00115537038073" lon="7.7596744899638"><ele>2354.8999938964844</ele></trkpt><trkpt lat="46.00115537038073" lon="7.7596744899638"><ele>2354.8999938964844</ele></trkpt><trkpt lat="46.0011544781737" lon="7.759671903215349"><ele>2354.7999877929688</ele></trkpt><trkpt lat="46.00133149558678" lon="7.759740061126649"><ele>2354.2999877929688</ele></trkpt><trkpt lat="46.001333460211754" lon="7.759681987576187"><ele>2354.5</ele></trkpt><trkpt lat="46.001330038532615" lon="7.75962000945583"><ele>2354.7999877929688</ele></trkpt><trkpt lat="46.00132039701566" lon="7.7595308888703585"><ele>2355.8999938964844</ele></trkpt><trkpt lat="46.00132039701566" lon="7.7595308888703585"><ele>2355.8999938964844</ele></trkpt><trkpt lat="46.00132039701566" lon="7.7595308888703585"><ele>2355.8999938964844</ele></trkpt><trkpt lat="46.00132039701566" lon="7.7595308888703585"><ele>2355.8999938964844</ele></trkpt><trkpt lat="46.00132039701566" lon="7.7595308888703585"><ele>2355.8999938964844</ele></trkpt><trkpt lat="46.00132039701566" lon="7.7595308888703585"><ele>2355.8999938964844</ele></trkpt><trkpt lat="46.00132039701566" lon="7.7595308888703585"><ele>2355.8999938964844</ele></trkpt><trkpt lat="46.00132039701566" lon="7.7595308888703585"><ele>2355.8999938964844</ele></trkpt><trkpt lat="46.00132039701566" lon="7.7595308888703585"><ele>2355.8999938964844</ele></trkpt><trkpt lat="46.00132039701566" lon="7.7595308888703585"><ele>2355.8999938964844</ele></trkpt><trkpt lat="46.00132039701566" lon="7.7595308888703585"><ele>2355.8999938964844</ele></trkpt><trkpt lat="46.00132039701566" lon="7.7595308888703585"><ele>2355.8999938964844</ele></trkpt><trkpt lat="46.00132039701566" lon="7.7595308888703585"><ele>2355.8999938964844</ele></trkpt><trkpt lat="46.00132039701566" lon="7.7595308888703585"><ele>2355.8999938964844</ele></trkpt><trkpt lat="46.00132039701566" lon="7.7595308888703585"><ele>2355.8999938964844</ele></trkpt><trkpt lat="46.00132042262703" lon="7.759521853644401"><ele>2355.8999938964844</ele></trkpt><trkpt lat="46.00132039701566" lon="7.7595308888703585"><ele>2355.8999938964844</ele></trkpt><trkpt lat="46.00132039701566" lon="7.7595308888703585"><ele>2355.8999938964844</ele></trkpt><trkpt lat="46.00132042262703" lon="7.759521853644401"><ele>2355.8999938964844</ele></trkpt><trkpt lat="46.00131250312552" lon="7.759459849447012"><ele>2356.199981689453</ele></trkpt><trkpt lat="46.00132251204923" lon="7.7594198933802545"><ele>2356.2999877929688</ele></trkpt><trkpt lat="46.001332491170615" lon="7.759390263818204"><ele>2356.5999755859375</ele></trkpt><trkpt lat="46.00135051133111" lon="7.759380043018609"><ele>2356.699981689453</ele></trkpt><trkpt lat="46.00137033034116" lon="7.759369832929224"><ele>2356.8999938964844</ele></trkpt><trkpt lat="46.0013900580816" lon="7.759391891770065"><ele>2357.2999877929688</ele></trkpt><trkpt lat="46.0014124950394" lon="7.759410094004124"><ele>2357.699981689453</ele></trkpt><trkpt lat="46.001430372241884" lon="7.759450213517994"><ele>2358.3999938964844</ele></trkpt><trkpt lat="46.00144012039527" lon="7.759501902386546"><ele>2358.5999755859375</ele></trkpt><trkpt lat="46.001447305548936" lon="7.759505816735327"><ele>2358.5999755859375</ele></trkpt><trkpt lat="46.001447305548936" lon="7.759505816735327"><ele>2358.5999755859375</ele></trkpt><trkpt lat="46.001447305548936" lon="7.759505816735327"><ele>2358.5999755859375</ele></trkpt><trkpt lat="46.001447305548936" lon="7.759505816735327"><ele>2358.5999755859375</ele></trkpt><trkpt lat="46.001447305548936" lon="7.759505816735327"><ele>2358.5999755859375</ele></trkpt><trkpt lat="46.001447305548936" lon="7.759505816735327"><ele>2358.5999755859375</ele></trkpt><trkpt lat="46.001447305548936" lon="7.759505816735327"><ele>2358.5999755859375</ele></trkpt><trkpt lat="46.001447305548936" lon="7.759505816735327"><ele>2358.5999755859375</ele></trkpt><trkpt lat="46.001447305548936" lon="7.759505816735327"><ele>2358.5999755859375</ele></trkpt><trkpt lat="46.001447305548936" lon="7.759505816735327"><ele>2358.5999755859375</ele></trkpt><trkpt lat="46.001447305548936" lon="7.759505816735327"><ele>2358.5999755859375</ele></trkpt><trkpt lat="46.001447305548936" lon="7.759505816735327"><ele>2358.5999755859375</ele></trkpt><trkpt lat="46.001447305548936" lon="7.759505816735327"><ele>2358.5999755859375</ele></trkpt><trkpt lat="46.001447305548936" lon="7.759505816735327"><ele>2358.5999755859375</ele></trkpt><trkpt lat="46.001447305548936" lon="7.759505816735327"><ele>2358.5999755859375</ele></trkpt><trkpt lat="46.001447305548936" lon="7.759505816735327"><ele>2358.5999755859375</ele></trkpt><trkpt lat="46.00144012039527" lon="7.759501902386546"><ele>2358.5999755859375</ele></trkpt><trkpt lat="46.00145443202928" lon="7.759530383627862"><ele>2358.7999877929688</ele></trkpt><trkpt lat="46.00148012209684" lon="7.7596699395217"><ele>2359.0999755859375</ele></trkpt><trkpt lat="46.001484476495534" lon="7.759720305912197"><ele>2359.0999755859375</ele></trkpt><trkpt lat="46.00148050393909" lon="7.759851943701506"><ele>2359.699981689453</ele></trkpt><trkpt lat="46.00146034639329" lon="7.759980904869735"><ele>2360.7999877929688</ele></trkpt><trkpt lat="46.00144032901153" lon="7.760060816537589"><ele>2361.5</ele></trkpt><trkpt lat="46.00141041260213" lon="7.76014196081087"><ele>2362.3999938964844</ele></trkpt><trkpt lat="46.001380499918014" lon="7.760221814271063"><ele>2363.3999938964844</ele></trkpt><trkpt lat="46.00135241961107" lon="7.76029006158933"><ele>2364.5999755859375</ele></trkpt><trkpt lat="46.00134246237576" lon="7.760311946738511"><ele>2365.5</ele></trkpt><trkpt lat="46.001343350857496" lon="7.760315824300051"><ele>2365.5</ele></trkpt><trkpt lat="46.001343350857496" lon="7.760315824300051"><ele>2365.5</ele></trkpt><trkpt lat="46.001343350857496" lon="7.760315824300051"><ele>2365.5</ele></trkpt><trkpt lat="46.001343350857496" lon="7.760315824300051"><ele>2365.5</ele></trkpt><trkpt lat="46.001343350857496" lon="7.760315824300051"><ele>2365.5</ele></trkpt><trkpt lat="46.001343350857496" lon="7.760315824300051"><ele>2365.5</ele></trkpt><trkpt lat="46.001343350857496" lon="7.760315824300051"><ele>2365.5</ele></trkpt><trkpt lat="46.001343350857496" lon="7.760315824300051"><ele>2365.5</ele></trkpt><trkpt lat="46.001343350857496" lon="7.760315824300051"><ele>2365.5</ele></trkpt><trkpt lat="46.001343350857496" lon="7.760315824300051"><ele>2365.5</ele></trkpt><trkpt lat="46.001343350857496" lon="7.760315824300051"><ele>2365.5</ele></trkpt><trkpt lat="46.001343350857496" lon="7.760315824300051"><ele>2365.5</ele></trkpt><trkpt lat="46.001343350857496" lon="7.760315824300051"><ele>2365.5</ele></trkpt><trkpt lat="46.001343350857496" lon="7.760315824300051"><ele>2365.5</ele></trkpt><trkpt lat="46.001343350857496" lon="7.760315824300051"><ele>2365.5</ele></trkpt><trkpt lat="46.001343350857496" lon="7.760315824300051"><ele>2365.5</ele></trkpt><trkpt lat="46.00134246237576" lon="7.760311946738511"><ele>2365.5</ele></trkpt><trkpt lat="46.00129006477073" lon="7.76039037713781"><ele>2366.2999877929688</ele></trkpt><trkpt lat="46.00125028658658" lon="7.760459846351296"><ele>2367.5</ele></trkpt><trkpt lat="46.00120243849233" lon="7.760520232375711"><ele>2368.8999938964844</ele></trkpt><trkpt lat="46.001140194013715" lon="7.760581824462861"><ele>2370.5999755859375</ele></trkpt><trkpt lat="46.00107348849997" lon="7.7606304828077555"><ele>2372.199981689453</ele></trkpt><trkpt lat="46.00101040722802" lon="7.760670126415789"><ele>2373.8999938964844</ele></trkpt><trkpt lat="46.000973496586084" lon="7.760680235922337"><ele>2374.5999755859375</ele></trkpt><trkpt lat="46.00091046700254" lon="7.760701809078455"><ele>2376.0999755859375</ele></trkpt><trkpt lat="46.000820454675704" lon="7.760721932630986"><ele>2378.3999938964844</ele></trkpt><trkpt lat="46.000712514389306" lon="7.760720007587224"><ele>2380.8999938964844</ele></trkpt><trkpt lat="46.00059017073363" lon="7.7607218702323735"><ele>2383.0999755859375</ele></trkpt><trkpt lat="46.000534432940185" lon="7.760709926020354"><ele>2384.5</ele></trkpt><trkpt lat="46.000490377657115" lon="7.760701922699809"><ele>2385.5</ele></trkpt><trkpt lat="46.00046345451847" lon="7.760679821483791"><ele>2386.5999755859375</ele></trkpt><trkpt lat="46.00044006295502" lon="7.760680974461138"><ele>2387.0</ele></trkpt><trkpt lat="46.00044813659042" lon="7.76068876683712"><ele>2387.0</ele></trkpt><trkpt lat="46.00044813659042" lon="7.76068876683712"><ele>2387.0</ele></trkpt><trkpt lat="46.00044813659042" lon="7.76068876683712"><ele>2387.0</ele></trkpt><trkpt lat="46.00044813659042" lon="7.76068876683712"><ele>2387.0</ele></trkpt><trkpt lat="46.00044813659042" lon="7.76068876683712"><ele>2387.0</ele></trkpt><trkpt lat="46.00044813659042" lon="7.76068876683712"><ele>2387.0</ele></trkpt><trkpt lat="46.00044813659042" lon="7.76068876683712"><ele>2387.0</ele></trkpt><trkpt lat="46.00044813659042" lon="7.76068876683712"><ele>2387.0</ele></trkpt><trkpt lat="46.00044006295502" lon="7.760680974461138"><ele>2387.0</ele></trkpt><trkpt lat="46.00041037844494" lon="7.760680800303817"><ele>2387.3999938964844</ele></trkpt><trkpt lat="46.00034018186852" lon="7.760692004580051"><ele>2388.7999877929688</ele></trkpt><trkpt lat="46.00021148938686" lon="7.7607119008898735"><ele>2391.3999938964844</ele></trkpt><trkpt lat="46.000102506019175" lon="7.760760309640318"><ele>2393.5</ele></trkpt><trkpt lat="46.00003042910248" lon="7.760799899697304"><ele>2395.2999877929688</ele></trkpt><trkpt lat="45.999930407851934" lon="7.760859977453947"><ele>2397.5</ele></trkpt><trkpt lat="45.999811433721334" lon="7.760941886343062"><ele>2400.3999938964844</ele></trkpt><trkpt lat="45.99962024949491" lon="7.761109850369394"><ele>2405.0999755859375</ele></trkpt><trkpt lat="45.99952011369169" lon="7.761209939606488"><ele>2407.8999938964844</ele></trkpt><trkpt lat="45.99946147110313" lon="7.7612702595070004"><ele>2409.699981689453</ele></trkpt><trkpt lat="45.9994101091288" lon="7.761300935409963"><ele>2411.0</ele></trkpt><trkpt lat="45.99933443358168" lon="7.761340502649546"><ele>2412.3999938964844</ele></trkpt><trkpt lat="45.9992614868097" lon="7.761369760148227"><ele>2414.0</ele></trkpt><trkpt lat="45.99920025933534" lon="7.761390051804483"><ele>2415.2999877929688</ele></trkpt><trkpt lat="45.999162449501455" lon="7.761400155257434"><ele>2416.699981689453</ele></trkpt><trkpt lat="45.999100437387824" lon="7.761380428913981"><ele>2417.7999877929688</ele></trkpt><trkpt lat="45.99903035862371" lon="7.761350329499692"><ele>2419.5999755859375</ele></trkpt><trkpt lat="45.99891350418329" lon="7.761319954879582"><ele>2421.3999938964844</ele></trkpt><trkpt lat="45.99881011340767" lon="7.761299985460937"><ele>2423.5</ele></trkpt><trkpt lat="45.998730110470206" lon="7.761280153412372"><ele>2424.699981689453</ele></trkpt><trkpt lat="45.99873025435954" lon="7.761229815892875"><ele>2425.5999755859375</ele></trkpt><trkpt lat="45.99874014919624" lon="7.761229874100536"><ele>2424.2999877929688</ele></trkpt><trkpt lat="45.998746430967" lon="7.7612350741401315"><ele>2424.2999877929688</ele></trkpt><trkpt lat="45.998746430967" lon="7.7612350741401315"><ele>2424.2999877929688</ele></trkpt><trkpt lat="45.998746430967" lon="7.7612350741401315"><ele>2424.2999877929688</ele></trkpt><trkpt lat="45.998746430967" lon="7.7612350741401315"><ele>2424.2999877929688</ele></trkpt><trkpt lat="45.998746430967" lon="7.7612350741401315"><ele>2424.2999877929688</ele></trkpt><trkpt lat="45.998746430967" lon="7.7612350741401315"><ele>2424.2999877929688</ele></trkpt><trkpt lat="45.998746430967" lon="7.7612350741401315"><ele>2424.2999877929688</ele></trkpt><trkpt lat="45.998746430967" lon="7.7612350741401315"><ele>2424.2999877929688</ele></trkpt><trkpt lat="45.99874014919624" lon="7.761229874100536"><ele>2424.2999877929688</ele></trkpt><trkpt lat="45.99873025435954" lon="7.761229815892875"><ele>2425.5999755859375</ele></trkpt><trkpt lat="45.998730110470206" lon="7.761280153412372"><ele>2424.699981689453</ele></trkpt><trkpt lat="45.998664466664195" lon="7.761272022500634"><ele>2426.2999877929688</ele></trkpt><trkpt lat="45.998592507559806" lon="7.761270308401436"><ele>2427.8999938964844</ele></trkpt><trkpt lat="45.99849442904815" lon="7.761280057020485"><ele>2430.0999755859375</ele></trkpt><trkpt lat="45.99840450193733" lon="7.761270492803305"><ele>2431.8999938964844</ele></trkpt><trkpt lat="45.99829031666741" lon="7.761250460054725"><ele>2434.2999877929688</ele></trkpt><trkpt lat="45.99815004505217" lon="7.761230274103582"><ele>2437.5</ele></trkpt><trkpt lat="45.99804043862969" lon="7.761181872803718"><ele>2440.2999877929688</ele></trkpt><trkpt lat="45.99797042272985" lon="7.7611298323608935"><ele>2442.3999938964844</ele></trkpt><trkpt lat="45.997900454793125" lon="7.761061013676226"><ele>2444.5999755859375</ele></trkpt><trkpt lat="45.99782250914723" lon="7.760950845200568"><ele>2447.2999877929688</ele></trkpt><trkpt lat="45.9977204753086" lon="7.760770837776363"><ele>2450.699981689453</ele></trkpt><trkpt lat="45.997643513605" lon="7.760630989912897"><ele>2453.5</ele></trkpt><trkpt lat="45.997574507724494" lon="7.76054023578763"><ele>2456.199981689453</ele></trkpt><trkpt lat="45.9974803077057" lon="7.760451915673912"><ele>2459.0</ele></trkpt><trkpt lat="45.997391486074775" lon="7.76037008035928"><ele>2461.199981689453</ele></trkpt><trkpt lat="45.99717047717422" lon="7.760271981824189"><ele>2466.2999877929688</ele></trkpt><trkpt lat="45.996950349304825" lon="7.760180342476815"><ele>2471.699981689453</ele></trkpt><trkpt lat="45.99690542416647" lon="7.760162009391934"><ele>2473.199981689453</ele></trkpt><trkpt lat="45.99691350897774" lon="7.760165928862989"><ele>2473.199981689453</ele></trkpt><trkpt lat="45.99691350897774" lon="7.760165928862989"><ele>2473.199981689453</ele></trkpt><trkpt lat="45.99691350897774" lon="7.760165928862989"><ele>2473.199981689453</ele></trkpt><trkpt lat="45.99691350897774" lon="7.760165928862989"><ele>2473.199981689453</ele></trkpt><trkpt lat="45.99691350897774" lon="7.760165928862989"><ele>2473.199981689453</ele></trkpt><trkpt lat="45.99691350897774" lon="7.760165928862989"><ele>2473.199981689453</ele></trkpt><trkpt lat="45.99691350897774" lon="7.760165928862989"><ele>2473.199981689453</ele></trkpt><trkpt lat="45.99691350897774" lon="7.760165928862989"><ele>2473.199981689453</ele></trkpt><trkpt lat="45.99690542416647" lon="7.760162009391934"><ele>2473.199981689453</ele></trkpt><trkpt lat="45.996834478806704" lon="7.760120291728526"><ele>2474.7999877929688</ele></trkpt><trkpt lat="45.99673033179715" lon="7.7600499843247235"><ele>2477.199981689453</ele></trkpt><trkpt lat="45.996651426889" lon="7.75996046513319"><ele>2479.699981689453</ele></trkpt><trkpt lat="45.996560101397336" lon="7.759810211602598"><ele>2482.7999877929688</ele></trkpt><trkpt lat="45.99647149955854" lon="7.759650939609855"><ele>2485.0999755859375</ele></trkpt><trkpt lat="45.996360442601144" lon="7.759479920845479"><ele>2488.699981689453</ele></trkpt><trkpt lat="45.99628341663629" lon="7.759362019598484"><ele>2491.5</ele></trkpt><trkpt lat="45.996135423425585" lon="7.759210146032274"><ele>2494.699981689453</ele></trkpt><trkpt lat="45.99607450468466" lon="7.759122024290264"><ele>2496.0</ele></trkpt><trkpt lat="45.996000074315816" lon="7.759040277451277"><ele>2497.2999877929688</ele></trkpt><trkpt lat="45.99593025166541" lon="7.758919838350266"><ele>2499.699981689453</ele></trkpt><trkpt lat="45.99586050957441" lon="7.758771005086601"><ele>2501.7999877929688</ele></trkpt><trkpt lat="45.99576044315472" lon="7.758530358783901"><ele>2504.8999938964844</ele></trkpt><trkpt lat="45.99568016640842" lon="7.7582898288965225"><ele>2508.0999755859375</ele></trkpt><trkpt lat="45.99566144449636" lon="7.758230349980295"><ele>2510.199981689453</ele></trkpt><trkpt lat="45.99566144449636" lon="7.758230349980295"><ele>2510.199981689453</ele></trkpt><trkpt lat="45.99566144449636" lon="7.758230349980295"><ele>2510.199981689453</ele></trkpt><trkpt lat="45.99566144449636" lon="7.758230349980295"><ele>2510.199981689453</ele></trkpt><trkpt lat="45.99566144449636" lon="7.758230349980295"><ele>2510.199981689453</ele></trkpt><trkpt lat="45.99566144449636" lon="7.758230349980295"><ele>2510.199981689453</ele></trkpt><trkpt lat="45.99566144449636" lon="7.758230349980295"><ele>2510.199981689453</ele></trkpt><trkpt lat="45.99566144449636" lon="7.758230349980295"><ele>2510.199981689453</ele></trkpt><trkpt lat="45.99566144449636" lon="7.758230349980295"><ele>2510.199981689453</ele></trkpt><trkpt lat="45.99566144449636" lon="7.758230349980295"><ele>2510.199981689453</ele></trkpt><trkpt lat="45.99566144449636" lon="7.758230349980295"><ele>2510.199981689453</ele></trkpt><trkpt lat="45.99566144449636" lon="7.758230349980295"><ele>2510.199981689453</ele></trkpt><trkpt lat="45.99566144449636" lon="7.758230349980295"><ele>2510.199981689453</ele></trkpt><trkpt lat="45.99566144449636" lon="7.758230349980295"><ele>2510.199981689453</ele></trkpt><trkpt lat="45.99566144449636" lon="7.758230349980295"><ele>2510.199981689453</ele></trkpt><trkpt lat="45.99566144449636" lon="7.758230349980295"><ele>2510.199981689453</ele></trkpt><trkpt lat="45.99566144449636" lon="7.758230349980295"><ele>2510.199981689453</ele></trkpt><trkpt lat="45.995661473833025" lon="7.758220024872571"><ele>2510.199981689453</ele></trkpt><trkpt lat="45.99556148657575" lon="7.7579509862698615"><ele>2512.2999877929688</ele></trkpt><trkpt lat="45.99549008673057" lon="7.757751810364425"><ele>2515.0</ele></trkpt><trkpt lat="45.99544031172991" lon="7.757539854384959"><ele>2517.699981689453</ele></trkpt><trkpt lat="45.995424455963075" lon="7.757421022746712"><ele>2518.8999938964844</ele></trkpt><trkpt lat="45.99539345363155" lon="7.757250477094203"><ele>2520.699981689453</ele></trkpt><trkpt lat="45.995292484760284" lon="7.756691041402519"><ele>2527.0</ele></trkpt><trkpt lat="45.99524031113833" lon="7.756371949799359"><ele>2530.2999877929688</ele></trkpt><trkpt lat="45.995143505278975" lon="7.7559299897402525"><ele>2535.2999877929688</ele></trkpt><trkpt lat="45.995090092066675" lon="7.755730921868235"><ele>2536.699981689453</ele></trkpt><trkpt lat="45.99505441915244" lon="7.75562101136893"><ele>2537.5999755859375</ele></trkpt><trkpt lat="45.99498029099777" lon="7.755430858582258"><ele>2539.3999938964844</ele></trkpt><trkpt lat="45.994920471683145" lon="7.7552704741247"><ele>2540.7999877929688</ele></trkpt><trkpt lat="45.99488049605861" lon="7.75509084481746"><ele>2541.5999755859375</ele></trkpt><trkpt lat="45.994850107468665" lon="7.755020975135267"><ele>2541.8999938964844</ele></trkpt><trkpt lat="45.9948134473525" lon="7.7549420348368585"><ele>2542.5</ele></trkpt><trkpt lat="45.99474444007501" lon="7.754850002005696"><ele>2543.0999755859375</ele></trkpt><trkpt lat="45.9946844172664" lon="7.75476189237088"><ele>2543.2999877929688</ele></trkpt><trkpt lat="45.9946144525893" lon="7.754690504167229"><ele>2543.2999877929688</ele></trkpt><trkpt lat="45.99448347790167" lon="7.754561976995319"><ele>2543.5999755859375</ele></trkpt><trkpt lat="45.99442245438695" lon="7.754510000348091"><ele>2543.8999938964844</ele></trkpt><trkpt lat="45.99436141969636" lon="7.754461895674467"><ele>2544.699981689453</ele></trkpt><trkpt lat="45.994291454553604" lon="7.754390507936478"><ele>2545.5</ele></trkpt><trkpt lat="45.99428248824552" lon="7.754380131606013"><ele>2545.7999877929688</ele></trkpt><trkpt lat="45.994291472714394" lon="7.754384055268019"><ele>2545.7999877929688</ele></trkpt><trkpt lat="45.994291472714394" lon="7.754384055268019"><ele>2545.7999877929688</ele></trkpt><trkpt lat="45.994291472714394" lon="7.754384055268019"><ele>2545.7999877929688</ele></trkpt><trkpt lat="45.994291472714394" lon="7.754384055268019"><ele>2545.7999877929688</ele></trkpt><trkpt lat="45.994291472714394" lon="7.754384055268019"><ele>2545.7999877929688</ele></trkpt><trkpt lat="45.994291472714394" lon="7.754384055268019"><ele>2545.7999877929688</ele></trkpt><trkpt lat="45.994291472714394" lon="7.754384055268019"><ele>2545.7999877929688</ele></trkpt><trkpt lat="45.994291472714394" lon="7.754384055268019"><ele>2545.7999877929688</ele></trkpt><trkpt lat="45.994291472714394" lon="7.754384055268019"><ele>2545.7999877929688</ele></trkpt><trkpt lat="45.994291472714394" lon="7.754384055268019"><ele>2545.7999877929688</ele></trkpt><trkpt lat="45.994291472714394" lon="7.754384055268019"><ele>2545.7999877929688</ele></trkpt><trkpt lat="45.994291472714394" lon="7.754384055268019"><ele>2545.7999877929688</ele></trkpt><trkpt lat="45.994291472714394" lon="7.754384055268019"><ele>2545.7999877929688</ele></trkpt><trkpt lat="45.994291472714394" lon="7.754384055268019"><ele>2545.7999877929688</ele></trkpt><trkpt lat="45.994291472714394" lon="7.754384055268019"><ele>2545.7999877929688</ele></trkpt><trkpt lat="45.994291472714394" lon="7.754384055268019"><ele>2545.7999877929688</ele></trkpt><trkpt lat="45.99428248824552" lon="7.754380131606013"><ele>2545.7999877929688</ele></trkpt><trkpt lat="45.994230481330305" lon="7.754320463165641"><ele>2546.0999755859375</ele></trkpt><trkpt lat="45.99419011455029" lon="7.754280221648514"><ele>2546.5</ele></trkpt><trkpt lat="45.99414342176169" lon="7.7542502684518695"><ele>2547.0999755859375</ele></trkpt><trkpt lat="45.99409034894779" lon="7.754249962978065"><ele>2547.199981689453</ele></trkpt><trkpt lat="45.9940444692038" lon="7.754250989295542"><ele>2547.3999938964844</ele></trkpt><trkpt lat="45.99400033801794" lon="7.754270094446838"><ele>2547.5</ele></trkpt><trkpt lat="45.99396446812898" lon="7.754229879006743"><ele>2547.5</ele></trkpt><trkpt lat="45.99391242861748" lon="7.754181826487184"><ele>2547.2999877929688</ele></trkpt><trkpt lat="45.99382349010557" lon="7.754140014760196"><ele>2547.199981689453</ele></trkpt><trkpt lat="45.99375343462452" lon="7.754100893158466"><ele>2547.5999755859375</ele></trkpt><trkpt lat="45.993612431921065" lon="7.754020064603537"><ele>2551.0</ele></trkpt><trkpt lat="45.99351448798552" lon="7.753982073627412"><ele>2554.0999755859375</ele></trkpt><trkpt lat="45.99349020048976" lon="7.753981933929026"><ele>2554.8999938964844</ele></trkpt><trkpt lat="45.993420069571584" lon="7.753969915676862"><ele>2557.3999938964844</ele></trkpt><trkpt lat="45.99332021456212" lon="7.75397192267701"><ele>2561.2999877929688</ele></trkpt><trkpt lat="45.993282492272556" lon="7.753951056394726"><ele>2562.2999877929688</ele></trkpt><trkpt lat="45.99317027442157" lon="7.753870394080877"><ele>2565.5999755859375</ele></trkpt><trkpt lat="45.9931002734229" lon="7.753811915405095"><ele>2568.2999877929688</ele></trkpt><trkpt lat="45.9930903785862" lon="7.753811858128756"><ele>2568.3999938964844</ele></trkpt><trkpt lat="45.993098470848054" lon="7.753813195507973"><ele>2569.0</ele></trkpt><trkpt lat="45.993098470848054" lon="7.753813195507973"><ele>2569.0</ele></trkpt><trkpt lat="45.993098470848054" lon="7.753813195507973"><ele>2569.0</ele></trkpt><trkpt lat="45.993098470848054" lon="7.753813195507973"><ele>2569.0</ele></trkpt><trkpt lat="45.993098470848054" lon="7.753813195507973"><ele>2569.0</ele></trkpt><trkpt lat="45.993098470848054" lon="7.753813195507973"><ele>2569.0</ele></trkpt><trkpt lat="45.993098470848054" lon="7.753813195507973"><ele>2569.0</ele></trkpt><trkpt lat="45.993098470848054" lon="7.753813195507973"><ele>2569.0</ele></trkpt><trkpt lat="45.993098470848054" lon="7.753813195507973"><ele>2569.0</ele></trkpt><trkpt lat="45.993098470848054" lon="7.753813195507973"><ele>2569.0</ele></trkpt><trkpt lat="45.993098470848054" lon="7.753813195507973"><ele>2569.0</ele></trkpt><trkpt lat="45.993098470848054" lon="7.753813195507973"><ele>2569.0</ele></trkpt><trkpt lat="45.993098470848054" lon="7.753813195507973"><ele>2569.0</ele></trkpt><trkpt lat="45.993098470848054" lon="7.753813195507973"><ele>2569.0</ele></trkpt><trkpt lat="45.99303846200928" lon="7.753719927743077"><ele>2570.0</ele></trkpt><trkpt lat="45.99296409217641" lon="7.753614962566644"><ele>2570.5</ele></trkpt><trkpt lat="45.99296409217641" lon="7.753614962566644"><ele>2570.5</ele></trkpt><trkpt lat="45.99296409217641" lon="7.753614962566644"><ele>2570.5</ele></trkpt><trkpt lat="45.99296409217641" lon="7.753614962566644"><ele>2570.5</ele></trkpt><trkpt lat="45.99296409217641" lon="7.753614962566644"><ele>2570.5</ele></trkpt><trkpt lat="45.99296409217641" lon="7.753614962566644"><ele>2570.5</ele></trkpt><trkpt lat="45.99296409217641" lon="7.753614962566644"><ele>2570.5</ele></trkpt><trkpt lat="45.99296409217641" lon="7.753614962566644"><ele>2570.5</ele></trkpt><trkpt lat="45.99296409217641" lon="7.753614962566644"><ele>2570.5</ele></trkpt><trkpt lat="45.99296409217641" lon="7.753614962566644"><ele>2570.5</ele></trkpt><trkpt lat="45.992881475482136" lon="7.753564154729247"><ele>2570.0999755859375</ele></trkpt><trkpt lat="45.99276922084391" lon="7.753496399149299"><ele>2569.7999877929688</ele></trkpt><trkpt lat="45.99276922084391" lon="7.753496399149299"><ele>2569.7999877929688</ele></trkpt><trkpt lat="45.99276922084391" lon="7.753496399149299"><ele>2569.7999877929688</ele></trkpt><trkpt lat="45.99276922084391" lon="7.753496399149299"><ele>2569.7999877929688</ele></trkpt><trkpt lat="45.99276922084391" lon="7.753496399149299"><ele>2569.7999877929688</ele></trkpt><trkpt lat="45.99276922084391" lon="7.753496399149299"><ele>2569.7999877929688</ele></trkpt><trkpt lat="45.99276922084391" lon="7.753496399149299"><ele>2569.7999877929688</ele></trkpt><trkpt lat="45.99276922084391" lon="7.753496399149299"><ele>2569.7999877929688</ele></trkpt><trkpt lat="45.99276922084391" lon="7.753496399149299"><ele>2569.7999877929688</ele></trkpt><trkpt lat="45.99276922084391" lon="7.753496399149299"><ele>2569.7999877929688</ele></trkpt><trkpt lat="45.992687496356666" lon="7.753448178060353"><ele>2569.5</ele></trkpt><trkpt lat="45.992582426872104" lon="7.753384335897863"><ele>2569.5</ele></trkpt><trkpt lat="45.992582426872104" lon="7.753384335897863"><ele>2569.5</ele></trkpt><trkpt lat="45.992582426872104" lon="7.753384335897863"><ele>2569.5</ele></trkpt><trkpt lat="45.992582426872104" lon="7.753384335897863"><ele>2569.5</ele></trkpt><trkpt lat="45.992582426872104" lon="7.753384335897863"><ele>2569.5</ele></trkpt><trkpt lat="45.992582426872104" lon="7.753384335897863"><ele>2569.5</ele></trkpt><trkpt lat="45.992582426872104" lon="7.753384335897863"><ele>2569.5</ele></trkpt><trkpt lat="45.992582426872104" lon="7.753384335897863"><ele>2569.5</ele></trkpt><trkpt lat="45.992582426872104" lon="7.753384335897863"><ele>2569.5</ele></trkpt><trkpt lat="45.992582426872104" lon="7.753384335897863"><ele>2569.5</ele></trkpt><trkpt lat="45.9924971293658" lon="7.753327060490847"><ele>2569.0</ele></trkpt><trkpt lat="45.99241632968187" lon="7.7532698111608624"><ele>2568.8999938964844</ele></trkpt><trkpt lat="45.99234541784972" lon="7.753215199802071"><ele>2569.3999938964844</ele></trkpt><trkpt lat="45.99234541784972" lon="7.753215199802071"><ele>2569.3999938964844</ele></trkpt><trkpt lat="45.99234541784972" lon="7.753215199802071"><ele>2569.3999938964844</ele></trkpt><trkpt lat="45.99234541784972" lon="7.753215199802071"><ele>2569.3999938964844</ele></trkpt><trkpt lat="45.99234541784972" lon="7.753215199802071"><ele>2569.3999938964844</ele></trkpt><trkpt lat="45.99232417810708" lon="7.7530898922123015"><ele>2569.699981689453</ele></trkpt><trkpt lat="45.99230653978884" lon="7.75296331429854"><ele>2569.7999877929688</ele></trkpt><trkpt lat="45.99228350073099" lon="7.752837996464223"><ele>2570.0999755859375</ele></trkpt><trkpt lat="45.99226315645501" lon="7.752713984809816"><ele>2570.5</ele></trkpt><trkpt lat="45.99223843635991" lon="7.752546068746597"><ele>2571.0</ele></trkpt><trkpt lat="45.99223843635991" lon="7.752546068746597"><ele>2571.0</ele></trkpt><trkpt lat="45.99223843635991" lon="7.752546068746597"><ele>2571.0</ele></trkpt><trkpt lat="45.99223843635991" lon="7.752546068746597"><ele>2571.0</ele></trkpt><trkpt lat="45.99223843635991" lon="7.752546068746597"><ele>2571.0</ele></trkpt><trkpt lat="45.99222349608317" lon="7.7524195071309805"><ele>2571.3999938964844</ele></trkpt><trkpt lat="45.99220855580643" lon="7.752292945515364"><ele>2571.0</ele></trkpt><trkpt lat="45.99219271913171" lon="7.752165087964386"><ele>2570.5999755859375</ele></trkpt><trkpt lat="45.99217418394983" lon="7.752037215512246"><ele>2570.8999938964844</ele></trkpt><trkpt lat="45.99215747322887" lon="7.751900319475681"><ele>2571.5</ele></trkpt><trkpt lat="45.99215747322887" lon="7.751900319475681"><ele>2571.5</ele></trkpt><trkpt lat="45.99215747322887" lon="7.751900319475681"><ele>2571.5</ele></trkpt><trkpt lat="45.99215747322887" lon="7.751900319475681"><ele>2571.5</ele></trkpt><trkpt lat="45.99215747322887" lon="7.751900319475681"><ele>2571.5</ele></trkpt><trkpt lat="45.992116414010525" lon="7.7517852247692645"><ele>2575.5</ele></trkpt><trkpt lat="45.99207535479218" lon="7.751670129597187"><ele>2577.8999938964844</ele></trkpt><trkpt lat="45.99203429138288" lon="7.751556325238198"><ele>2578.8999938964844</ele></trkpt><trkpt lat="45.99199323123321" lon="7.751441230531782"><ele>2579.0</ele></trkpt><trkpt lat="45.99195217108354" lon="7.7513261353597045"><ele>2578.3999938964844</ele></trkpt><trkpt lat="45.99189951317385" lon="7.751176129560918"><ele>2577.699981689453</ele></trkpt><trkpt lat="45.99189951317385" lon="7.751176129560918"><ele>2577.699981689453</ele></trkpt><trkpt lat="45.99189951317385" lon="7.751176129560918"><ele>2577.699981689453</ele></trkpt><trkpt lat="45.99189951317385" lon="7.751176129560918"><ele>2577.699981689453</ele></trkpt><trkpt lat="45.99189951317385" lon="7.751176129560918"><ele>2577.699981689453</ele></trkpt><trkpt lat="45.991815742105246" lon="7.751216949895024"><ele>2578.7999877929688</ele></trkpt><trkpt lat="45.99172747693956" lon="7.751256454270333"><ele>2580.8999938964844</ele></trkpt><trkpt lat="45.99162839259952" lon="7.751304930541664"><ele>2582.2999877929688</ele></trkpt><trkpt lat="45.99162839259952" lon="7.751304930541664"><ele>2582.2999877929688</ele></trkpt><trkpt lat="45.99162839259952" lon="7.751304930541664"><ele>2582.2999877929688</ele></trkpt><trkpt lat="45.99162839259952" lon="7.751304930541664"><ele>2582.2999877929688</ele></trkpt><trkpt lat="45.99162839259952" lon="7.751304930541664"><ele>2582.2999877929688</ele></trkpt><trkpt lat="45.99164243461564" lon="7.751431485638022"><ele>2583.2999877929688</ele></trkpt><trkpt lat="45.99165647290647" lon="7.751559331081808"><ele>2583.8999938964844</ele></trkpt><trkpt lat="45.991672227624804" lon="7.751716869417578"><ele>2584.2999877929688</ele></trkpt><trkpt lat="45.991672227624804" lon="7.751716869417578"><ele>2584.2999877929688</ele></trkpt><trkpt lat="45.991672227624804" lon="7.751716869417578"><ele>2584.2999877929688</ele></trkpt><trkpt lat="45.991672227624804" lon="7.751716869417578"><ele>2584.2999877929688</ele></trkpt><trkpt lat="45.991672227624804" lon="7.751716869417578"><ele>2584.2999877929688</ele></trkpt><trkpt lat="45.991690766997635" lon="7.751843450125307"><ele>2584.3999938964844</ele></trkpt><trkpt lat="45.991706603672355" lon="7.751971306279302"><ele>2583.5</ele></trkpt><trkpt lat="45.991722443606704" lon="7.752097871154547"><ele>2581.699981689453</ele></trkpt><trkpt lat="45.99173648422584" lon="7.752224426250905"><ele>2579.699981689453</ele></trkpt><trkpt lat="45.9917523204349" lon="7.7523522824049"><ele>2578.3999938964844</ele></trkpt><trkpt lat="45.991768159903586" lon="7.752478848211467"><ele>2577.8999938964844</ele></trkpt><trkpt lat="45.991786698345095" lon="7.752605429384857"><ele>2577.5</ele></trkpt><trkpt lat="45.991804250516" lon="7.752762978430837"><ele>2576.2999877929688</ele></trkpt><trkpt lat="45.99180050287396" lon="7.752760410774499"><ele>2576.4299926757812</ele></trkpt><trkpt lat="45.9918105029501" lon="7.752810411155224"><ele>2576.1799926757812</ele></trkpt><trkpt lat="45.99183050310239" lon="7.752900410909206"><ele>2576.019989013672</ele></trkpt><trkpt lat="45.99187050294131" lon="7.753000410739332"><ele>2575.9099731445312</ele></trkpt><trkpt lat="45.991880503017455" lon="7.753060410730541"><ele>2575.8599853515625</ele></trkpt><trkpt lat="45.9918905030936" lon="7.753140410874039"><ele>2575.699981689453</ele></trkpt><trkpt lat="45.9918905030936" lon="7.753210410941392"><ele>2575.769989013672</ele></trkpt><trkpt lat="45.9918905030936" lon="7.753250410780311"><ele>2575.8599853515625</ele></trkpt><trkpt lat="45.991890139877796" lon="7.753250005654991"><ele>2576.0</ele></trkpt><trkpt lat="45.99190057441592" lon="7.75337912235409"><ele>2576.5</ele></trkpt><trkpt lat="45.99191101267934" lon="7.753506948240101"><ele>2577.0999755859375</ele></trkpt><trkpt lat="45.991920561529696" lon="7.753630897495896"><ele>2576.8999938964844</ele></trkpt><trkpt lat="45.992006815969944" lon="7.753667529206723"><ele>2575.7999877929688</ele></trkpt><trkpt lat="45.99209306621924" lon="7.7537054512649775"><ele>2574.2999877929688</ele></trkpt><trkpt lat="45.99217841774225" lon="7.753743368200958"><ele>2573.699981689453</ele></trkpt><trkpt lat="45.99223142908886" lon="7.7537656128406525"><ele>2573.699981689453</ele></trkpt><trkpt lat="45.99228962464258" lon="7.7538640312850475"><ele>2574.0</ele></trkpt><trkpt lat="45.99234782066196" lon="7.753962449729443"><ele>2574.5999755859375</ele></trkpt><trkpt lat="45.99239258794114" lon="7.754037560895085"><ele>2575.0</ele></trkpt></trkseg></trk></gpx>