<?xml version="1.0" encoding="UTF-8"?>
<gpx creator="https://gpx.studio" version="1.1" xmlns="http://www.topografix.com/GPX/1/1" xmlns:xsi="http://www.w3.org/2001/XMLSchema-instance" xsi:schemaLocation="http://www.topografix.com/GPX/1/1 http://www.topografix.com/GPX/1/1/gpx.xsd http://www.garmin.com/xmlschemas/GpxExtensions/v3 http://www.garmin.com/xmlschemas/GpxExtensionsv3.xsd http://www.garmin.com/xmlschemas/TrackPointExtension/v1 http://www.garmin.com/xmlschemas/TrackPointExtensionv1.xsd http://www.garmin.com/xmlschemas/PowerExtension/v1 http://www.garmin.com/xmlschemas/PowerExtensionv1.xsd http://www.topografix.com/GPX/gpx_style/0/2 http://www.topografix.com/GPX/gpx_style/0/2/gpx_style.xsd" xmlns:gpxtpx="http://www.garmin.com/xmlschemas/TrackPointExtension/v1" xmlns:gpxx="http://www.garmin.com/xmlschemas/GpxExtensions/v3" xmlns:gpxpx="http://www.garmin.com/xmlschemas/PowerExtension/v1" xmlns:gpx_style="http://www.topografix.com/GPX/gpx_style/0/2">
  <metadata>
    <name>New file 1</name>
    <author>
      <name>gpx.studio</name>
      <link href="https://gpx.studio"/>
    </author>
  </metadata>
  <trk>
    <name>New file 1</name>
    <trkseg>
      <trkpt lat="31.619774" lon="-8.003576">
        <ele>467.5</ele>
      </trkpt>
      <trkpt lat="31.619555" lon="-8.004099">
        <ele>467.75</ele>
      </trkpt>
      <trkpt lat="31.619506" lon="-8.004216">
        <ele>467.75</ele>
      </trkpt>
      <trkpt lat="31.619503" lon="-8.004223">
        <ele>467.5</ele>
      </trkpt>
      <trkpt lat="31.619503" lon="-8.004221">
        <ele>467.5</ele>
      </trkpt>
      <trkpt lat="31.619397" lon="-8.004471">
        <ele>467.5</ele>
      </trkpt>
      <trkpt lat="31.619006" lon="-8.005405">
        <ele>466.75</ele>
      </trkpt>
      <trkpt lat="31.618763" lon="-8.005947">
        <ele>466.75</ele>
      </trkpt>
      <trkpt lat="31.618657" lon="-8.006221">
        <ele>466.5</ele>
      </trkpt>
      <trkpt lat="31.618608" lon="-8.006339">
        <ele>466.5</ele>
      </trkpt>
      <trkpt lat="31.618285" lon="-8.007046">
        <ele>465.5</ele>
      </trkpt>
      <trkpt lat="31.618063" lon="-8.007577">
        <ele>465</ele>
      </trkpt>
      <trkpt lat="31.618058" lon="-8.007621">
        <ele>465</ele>
      </trkpt>
      <trkpt lat="31.618037" lon="-8.007813">
        <ele>465.5</ele>
      </trkpt>
      <trkpt lat="31.61801" lon="-8.007977">
        <ele>465.75</ele>
      </trkpt>
      <trkpt lat="31.618275" lon="-8.008143">
        <ele>465.75</ele>
      </trkpt>
      <trkpt lat="31.618674" lon="-8.008405">
        <ele>466.25</ele>
      </trkpt>
      <trkpt lat="31.618984" lon="-8.008609">
        <ele>466</ele>
      </trkpt>
      <trkpt lat="31.619058" lon="-8.008657">
        <ele>466</ele>
      </trkpt>
      <trkpt lat="31.619066" lon="-8.008662">
        <ele>466</ele>
      </trkpt>
      <trkpt lat="31.619464" lon="-8.008923">
        <ele>465.25</ele>
      </trkpt>
      <trkpt lat="31.619813" lon="-8.009154">
        <ele>465</ele>
      </trkpt>
      <trkpt lat="31.619846" lon="-8.009174">
        <ele>465</ele>
      </trkpt>
      <trkpt lat="31.620134" lon="-8.009364">
        <ele>464.75</ele>
      </trkpt>
      <trkpt lat="31.620423" lon="-8.009553">
        <ele>464.75</ele>
      </trkpt>
      <trkpt lat="31.620808" lon="-8.009806">
        <ele>464.25</ele>
      </trkpt>
      <trkpt lat="31.621211" lon="-8.01007">
        <ele>463.25</ele>
      </trkpt>
      <trkpt lat="31.621196" lon="-8.010099">
        <ele>463.25</ele>
      </trkpt>
      <trkpt lat="31.621195" lon="-8.0101">
        <ele>463.25</ele>
      </trkpt>
      <trkpt lat="31.621211" lon="-8.01007">
        <ele>463.25</ele>
      </trkpt>
      <trkpt lat="31.621401" lon="-8.010195">
        <ele>462.75</ele>
      </trkpt>
      <trkpt lat="31.621601" lon="-8.010326">
        <ele>462.25</ele>
      </trkpt>
      <trkpt lat="31.621914" lon="-8.010532">
        <ele>463</ele>
      </trkpt>
      <trkpt lat="31.621914" lon="-8.010532">
        <ele>461.329898318393</ele>
      </trkpt>
      <trkpt lat="31.622306473562972" lon="-8.010789720058801">
        <ele>462.98569944638393</ele>
      </trkpt>
      <trkpt lat="31.622698947125944" lon="-8.011047440117604">
        <ele>462.9347014677719</ele>
      </trkpt>
      <trkpt lat="31.623091420688915" lon="-8.011305160176406">
        <ele>462.5489124863415</ele>
      </trkpt>
      <trkpt lat="31.623483894251887" lon="-8.011562880235207">
        <ele>461.4139431220026</ele>
      </trkpt>
      <trkpt lat="31.62387636781486" lon="-8.011820600294008">
        <ele>461.1879050302124</ele>
      </trkpt>
      <trkpt lat="31.62426884137783" lon="-8.012078320352812">
        <ele>460.60436257272994</ele>
      </trkpt>
      <trkpt lat="31.624661314940802" lon="-8.012336040411613">
        <ele>459.85434150891797</ele>
      </trkpt>
      <trkpt lat="31.625053788503774" lon="-8.012593760470414">
        <ele>460.36487670503664</ele>
      </trkpt>
      <trkpt lat="31.625446262066745" lon="-8.012851480529218">
        <ele>460.7457158509029</ele>
      </trkpt>
      <trkpt lat="31.62561" lon="-8.012959">
        <ele>460.06194657119937</ele>
      </trkpt>
      <trkpt lat="31.62561" lon="-8.012959">
        <ele>459.25</ele>
      </trkpt>
      <trkpt lat="31.62577" lon="-8.013063">
        <ele>458.75</ele>
      </trkpt>
      <trkpt lat="31.625813" lon="-8.013091">
        <ele>458.5</ele>
      </trkpt>
      <trkpt lat="31.626177" lon="-8.01333">
        <ele>458</ele>
      </trkpt>
      <trkpt lat="31.626567" lon="-8.013586">
        <ele>458</ele>
      </trkpt>
      <trkpt lat="31.626948" lon="-8.013836">
        <ele>457.75</ele>
      </trkpt>
      <trkpt lat="31.62704" lon="-8.013893">
        <ele>457.9356659733491</ele>
      </trkpt>
      <trkpt lat="31.62709590329723" lon="-8.01398635357603">
        <ele>457.67323981830896</ele>
      </trkpt>
      <trkpt lat="31.62704141457688" lon="-8.014099815692646">
        <ele>456.8920952872536</ele>
      </trkpt>
      <trkpt lat="31.627016728119372" lon="-8.014220445098886">
        <ele>456.22570026666006</ele>
      </trkpt>
      <trkpt lat="31.626904172208626" lon="-8.014195521223286">
        <ele>456.35853945098427</ele>
      </trkpt>
      <trkpt lat="31.626511444480688" lon="-8.01393833152769">
        <ele>457.9106334901078</ele>
      </trkpt>
      <trkpt lat="31.626118716752746" lon="-8.013681141832093">
        <ele>457.43792980920864</ele>
      </trkpt>
      <trkpt lat="31.625725989024808" lon="-8.013423952136497">
        <ele>458.32216195045646</ele>
      </trkpt>
      <trkpt lat="31.625333261296866" lon="-8.0131667624409">
        <ele>460.53197056579086</ele>
      </trkpt>
      <trkpt lat="31.624940533568928" lon="-8.012909572745304">
        <ele>461.0314205216016</ele>
      </trkpt>
      <trkpt lat="31.62454780584099" lon="-8.012652383049709">
        <ele>459.0156019187705</ele>
      </trkpt>
      <trkpt lat="31.62415507811305" lon="-8.012395193354111">
        <ele>459.6438327648698</ele>
      </trkpt>
      <trkpt lat="31.62376235038511" lon="-8.012138003658515">
        <ele>461.1670560397214</ele>
      </trkpt>
      <trkpt lat="31.6236507296573" lon="-8.012064905430492">
        <ele>461.02404765342595</ele>
      </trkpt>
      <trkpt lat="31.62325609447983" lon="-8.01181178692689">
        <ele>461.3927659247099</ele>
      </trkpt>
      <trkpt lat="31.622861459302367" lon="-8.011558668423287">
        <ele>464.18949740300934</ele>
      </trkpt>
      <trkpt lat="31.6224668241249" lon="-8.011305549919685">
        <ele>462.5751860107657</ele>
      </trkpt>
      <trkpt lat="31.62207218894743" lon="-8.011052431416083">
        <ele>460.9226352265555</ele>
      </trkpt>
      <trkpt lat="31.621677553769963" lon="-8.01079931291248">
        <ele>460.94233295943206</ele>
      </trkpt>
      <trkpt lat="31.6212829185925" lon="-8.010546194408878">
        <ele>463.07845454753596</ele>
      </trkpt>
      <trkpt lat="31.62088828341503" lon="-8.010293075905276">
        <ele>463.9632199664844</ele>
      </trkpt>
      <trkpt lat="31.620493648237563" lon="-8.010039957401673">
        <ele>464.88113875864167</ele>
      </trkpt>
      <trkpt lat="31.6200990130601" lon="-8.009786838898071">
        <ele>464.18624694538374</ele>
      </trkpt>
      <trkpt lat="31.61970437788263" lon="-8.009533720394469">
        <ele>463.9193539239936</ele>
      </trkpt>
      <trkpt lat="31.619309742705163" lon="-8.009280601890865">
        <ele>464.28550399863246</ele>
      </trkpt>
      <trkpt lat="31.618915107527695" lon="-8.009027483387262">
        <ele>466.350088523539</ele>
      </trkpt>
      <trkpt lat="31.61852047235023" lon="-8.00877436488366">
        <ele>467.2950965105038</ele>
      </trkpt>
      <trkpt lat="31.618125837172762" lon="-8.008521246380058">
        <ele>466.71252449955193</ele>
      </trkpt>
      <trkpt lat="31.61794829580313" lon="-8.008407371570172">
        <ele>466.62952682985974</ele>
      </trkpt>
      <trkpt lat="31.61783253957985" lon="-8.008390261520503">
        <ele>466.3585299544277</ele>
      </trkpt>
      <trkpt lat="31.617741586203337" lon="-8.008492811070823">
        <ele>466.2995271406144</ele>
      </trkpt>
      <trkpt lat="31.617680168992525" lon="-8.008578066398462">
        <ele>466.3907904582094</ele>
      </trkpt>
      <trkpt lat="31.61762830728499" lon="-8.008650057405703">
        <ele>466.4678547387678</ele>
      </trkpt>
      <trkpt lat="31.617477306535648" lon="-8.008939815520336">
        <ele>467.64717332697546</ele>
      </trkpt>
      <trkpt lat="31.617278469215158" lon="-8.009413418355692">
        <ele>469.12071512394215</ele>
      </trkpt>
      <trkpt lat="31.61707963189467" lon="-8.009887021191046">
        <ele>466.2695665308736</ele>
      </trkpt>
      <trkpt lat="31.61688079457418" lon="-8.010360624026402">
        <ele>465.2723877136761</ele>
      </trkpt>
      <trkpt lat="31.61668195725369" lon="-8.010834226861757">
        <ele>467.8135245958821</ele>
      </trkpt>
      <trkpt lat="31.6164831199332" lon="-8.011307829697113">
        <ele>467.05364940205516</ele>
      </trkpt>
      <trkpt lat="31.61628428261271" lon="-8.01178143253247">
        <ele>467.36637554413306</ele>
      </trkpt>
      <trkpt lat="31.61608544529222" lon="-8.012255035367824">
        <ele>466.2709156752578</ele>
      </trkpt>
      <trkpt lat="31.61588660797173" lon="-8.01272863820318">
        <ele>466.72244447993836</ele>
      </trkpt>
      <trkpt lat="31.615687770651242" lon="-8.013202241038536">
        <ele>468.1611401235691</ele>
      </trkpt>
      <trkpt lat="31.61552050374968" lon="-8.013600647528051">
        <ele>468.71882843072603</ele>
      </trkpt>
      <trkpt lat="31.615315839725582" lon="-8.014070806818633">
        <ele>465.716331127845</ele>
      </trkpt>
      <trkpt lat="31.61511117570149" lon="-8.014540966109214">
        <ele>463.3964795756661</ele>
      </trkpt>
      <trkpt lat="31.614906511677393" lon="-8.015011125399797">
        <ele>463.40452002268376</ele>
      </trkpt>
      <trkpt lat="31.6147018476533" lon="-8.015481284690377">
        <ele>462.9097488618019</ele>
      </trkpt>
      <trkpt lat="31.614497183629204" lon="-8.01595144398096">
        <ele>464.3847520178246</ele>
      </trkpt>
      <trkpt lat="31.61429251960511" lon="-8.01642160327154">
        <ele>466.00243689643696</ele>
      </trkpt>
      <trkpt lat="31.614181749240473" lon="-8.01667606771045">
        <ele>465.0996696231425</ele>
      </trkpt>
      <trkpt lat="31.614140286135196" lon="-8.016777647453551">
        <ele>464.53523120753624</ele>
      </trkpt>
      <trkpt lat="31.614061" lon="-8.016812">
        <ele>465</ele>
      </trkpt>
      <trkpt lat="31.614007" lon="-8.016772">
        <ele>465</ele>
      </trkpt>
      <trkpt lat="31.613858" lon="-8.016674">
        <ele>464.40000000000146</ele>
      </trkpt>
      <trkpt lat="31.613465848107936" lon="-8.016415635010622">
        <ele>464.5204325027299</ele>
      </trkpt>
      <trkpt lat="31.613073696215874" lon="-8.016157270021244">
        <ele>464.87095002471506</ele>
      </trkpt>
      <trkpt lat="31.61268154432381" lon="-8.015898905031868">
        <ele>466.0711230980935</ele>
      </trkpt>
      <trkpt lat="31.612401687709806" lon="-8.015714524559485">
        <ele>467.28183709087426</ele>
      </trkpt>
      <trkpt lat="31.61201082783739" lon="-8.015453478559824">
        <ele>467.90000000000146</ele>
      </trkpt>
      <trkpt lat="31.61161996796498" lon="-8.015192432560163">
        <ele>467.1542323417502</ele>
      </trkpt>
      <trkpt lat="31.611229108092566" lon="-8.014931386560502">
        <ele>466.5766328608625</ele>
      </trkpt>
      <trkpt lat="31.610838248220155" lon="-8.01467034056084">
        <ele>469.1590470012746</ele>
      </trkpt>
      <trkpt lat="31.610572255325252" lon="-8.014492690241497">
        <ele>470.4879489945519</ele>
      </trkpt>
      <trkpt lat="31.610348916657486" lon="-8.014338164006887">
        <ele>470.6307639362761</ele>
      </trkpt>
      <trkpt lat="31.61019558756908" lon="-8.014232649664791">
        <ele>470.9044242801615</ele>
      </trkpt>
      <trkpt lat="31.6101250268391" lon="-8.0141448919087">
        <ele>470.84854527222956</ele>
      </trkpt>
      <trkpt lat="31.610057930973667" lon="-8.014068693258793">
        <ele>470.84853353337417</ele>
      </trkpt>
      <trkpt lat="31.609991936288864" lon="-8.014069986334164">
        <ele>471.05088201605327</ele>
      </trkpt>
      <trkpt lat="31.609872429938846" lon="-8.01402194424881">
        <ele>471.0857342606646</ele>
      </trkpt>
      <trkpt lat="31.60966296702354" lon="-8.013881871033078">
        <ele>470.51292104797307</ele>
      </trkpt>
      <trkpt lat="31.609269802547708" lon="-8.013625649469127">
        <ele>470.19882440501897</ele>
      </trkpt>
      <trkpt lat="31.608876638071877" lon="-8.013369427905175">
        <ele>471.4473096228691</ele>
      </trkpt>
      <trkpt lat="31.608483473596046" lon="-8.013113206341226">
        <ele>471.84645171950234</ele>
      </trkpt>
      <trkpt lat="31.608090309120215" lon="-8.012856984777274">
        <ele>471.26099953837763</ele>
      </trkpt>
      <trkpt lat="31.607697144644384" lon="-8.012600763213323">
        <ele>471.7990581988728</ele>
      </trkpt>
      <trkpt lat="31.607370775880355" lon="-8.012388071781913">
        <ele>472.8588660441585</ele>
      </trkpt>
      <trkpt lat="31.606978472863744" lon="-8.012130040696878">
        <ele>473.6713101454785</ele>
      </trkpt>
      <trkpt lat="31.60658616984713" lon="-8.01187200961184">
        <ele>475.1627348795687</ele>
      </trkpt>
      <trkpt lat="31.606358631644312" lon="-8.011722349968977">
        <ele>474.4170043977307</ele>
      </trkpt>
      <trkpt lat="31.60597953059596" lon="-8.011438414878047">
        <ele>473.3620986065375</ele>
      </trkpt>
      <trkpt lat="31.60569950728558" lon="-8.0112286859827">
        <ele>474.9523943550839</ele>
      </trkpt>
      <trkpt lat="31.605628943148048" lon="-8.011140928227519">
        <ele>475.25618443460377</ele>
      </trkpt>
      <trkpt lat="31.60560468756981" lon="-8.011060014491989">
        <ele>475.4771872090186</ele>
      </trkpt>
      <trkpt lat="31.605534835241414" lon="-8.010790086526328">
        <ele>475.48868379527823</ele>
      </trkpt>
      <trkpt lat="31.60553736028426" lon="-8.010503237832467">
        <ele>475.21176106385025</ele>
      </trkpt>
      <trkpt lat="31.6055985164423" lon="-8.010393520993347">
        <ele>475.4475089448849</ele>
      </trkpt>
      <trkpt lat="31.605859963157258" lon="-8.00996396275105">
        <ele>475.5547467879849</ele>
      </trkpt>
      <trkpt lat="31.606121409872213" lon="-8.009534404508752">
        <ele>476.7319918603645</ele>
      </trkpt>
      <trkpt lat="31.60638285658717" lon="-8.009104846266455">
        <ele>476.3310468941472</ele>
      </trkpt>
      <trkpt lat="31.606644303302126" lon="-8.008675288024156">
        <ele>475.0528013041231</ele>
      </trkpt>
      <trkpt lat="31.606905750017084" lon="-8.008245729781859">
        <ele>474.99502760199834</ele>
      </trkpt>
      <trkpt lat="31.607114486036522" lon="-8.007902775472303">
        <ele>474.567527429458</ele>
      </trkpt>
      <trkpt lat="31.60737682824832" lon="-8.007473960584855">
        <ele>474.3161152393103</ele>
      </trkpt>
      <trkpt lat="31.607639170460118" lon="-8.007045145697406">
        <ele>473.1674904328777</ele>
      </trkpt>
      <trkpt lat="31.607901512671916" lon="-8.006616330809958">
        <ele>473.8254308428959</ele>
      </trkpt>
      <trkpt lat="31.60816385488371" lon="-8.00618751592251">
        <ele>475.0787639925263</ele>
      </trkpt>
      <trkpt lat="31.608426197095508" lon="-8.005758701035063">
        <ele>474.6624078253334</ele>
      </trkpt>
      <trkpt lat="31.608688539307305" lon="-8.005329886147614">
        <ele>474.7416158321787</ele>
      </trkpt>
      <trkpt lat="31.608950881519103" lon="-8.004901071260166">
        <ele>474.9543891265989</ele>
      </trkpt>
      <trkpt lat="31.6092132237309" lon="-8.004472256372718">
        <ele>473.29467506447037</ele>
      </trkpt>
      <trkpt lat="31.6094755659427" lon="-8.00404344148527">
        <ele>474.72698733587833</ele>
      </trkpt>
      <trkpt lat="31.609737908154496" lon="-8.003614626597821">
        <ele>474.9672952400997</ele>
      </trkpt>
      <trkpt lat="31.60994722580604" lon="-8.003272483697629">
        <ele>474.5679280620106</ele>
      </trkpt>
      <trkpt lat="31.610089334633827" lon="-8.003285201929742">
        <ele>474.2335915325218</ele>
      </trkpt>
      <trkpt lat="31.610483263416107" lon="-8.003539806658562">
        <ele>474</ele>
      </trkpt>
      <trkpt lat="31.610877192198387" lon="-8.003794411387382">
        <ele>473.3678257549433</ele>
      </trkpt>
      <trkpt lat="31.611271120980664" lon="-8.004049016116202">
        <ele>472.246034092457</ele>
      </trkpt>
      <trkpt lat="31.611665049762944" lon="-8.004303620845022">
        <ele>471.10481766220227</ele>
      </trkpt>
      <trkpt lat="31.61196263642232" lon="-8.004495957567087">
        <ele>470.96938728710404</ele>
      </trkpt>
      <trkpt lat="31.612080683893254" lon="-8.004616890726766">
        <ele>470.4899578404814</ele>
      </trkpt>
      <trkpt lat="31.612218337497595" lon="-8.004780847132736">
        <ele>469.64456342726595</ele>
      </trkpt>
      <trkpt lat="31.61233685370823" lon="-8.004991686496368">
        <ele>469.4293315987204</ele>
      </trkpt>
      <trkpt lat="31.612392015711237" lon="-8.005157259246744">
        <ele>469.59630996265946</ele>
      </trkpt>
      <trkpt lat="31.61246714075108" lon="-8.005334067833417">
        <ele>470.29576121622574</ele>
      </trkpt>
      <trkpt lat="31.61248903091422" lon="-8.005480914190684">
        <ele>470.8657516243643</ele>
      </trkpt>
      <trkpt lat="31.61252186615006" lon="-8.00570118372562">
        <ele>470.76805952406926</ele>
      </trkpt>
      <trkpt lat="31.612550135350546" lon="-8.005832402430002">
        <ele>470.5143905945365</ele>
      </trkpt>
      <trkpt lat="31.612609312649695" lon="-8.006048280148349">
        <ele>469.86484331924123</ele>
      </trkpt>
      <trkpt lat="31.612711330168295" lon="-8.006259442781044">
        <ele>469.9946219162094</ele>
      </trkpt>
      <trkpt lat="31.6128084307165" lon="-8.006468270788815">
        <ele>470.2486704044752</ele>
      </trkpt>
      <trkpt lat="31.612996954184126" lon="-8.006728122045956">
        <ele>470.1475417117361</ele>
      </trkpt>
      <trkpt lat="31.61316815326437" lon="-8.006930177776354">
        <ele>469.5779121529547</ele>
      </trkpt>
      <trkpt lat="31.61347799088861" lon="-8.007133392634529">
        <ele>469.11343964983286</ele>
      </trkpt>
      <trkpt lat="31.613661121142" lon="-8.007246074265339">
        <ele>469.2467220394183</ele>
      </trkpt>
      <trkpt lat="31.61383111637693" lon="-8.007298632545314">
        <ele>469.50021548636755</ele>
      </trkpt>
      <trkpt lat="31.614059173864604" lon="-8.007321293538382">
        <ele>469.6753371352645</ele>
      </trkpt>
      <trkpt lat="31.61430053924383" lon="-8.00735144508829">
        <ele>469.28448142506</ele>
      </trkpt>
      <trkpt lat="31.614540802822106" lon="-8.007304104912066">
        <ele>468.5063928316017</ele>
      </trkpt>
      <trkpt lat="31.61476110320777" lon="-8.00724552890054">
        <ele>467.67953853546703</ele>
      </trkpt>
      <trkpt lat="31.614997350277847" lon="-8.007147883756346">
        <ele>467.58966880771374</ele>
      </trkpt>
      <trkpt lat="31.61516733044138" lon="-8.00703215875626">
        <ele>467.99415700000367</ele>
      </trkpt>
      <trkpt lat="31.6153289303964" lon="-8.007015033838456">
        <ele>468.00267528402713</ele>
      </trkpt>
      <trkpt lat="31.615546590076065" lon="-8.007003017515501">
        <ele>467.9653376729698</ele>
      </trkpt>
      <trkpt lat="31.615685225649017" lon="-8.007004176642283">
        <ele>467.9856785443725</ele>
      </trkpt>
      <trkpt lat="31.61582122218259" lon="-8.00705189545954">
        <ele>468.406030911977</ele>
      </trkpt>
      <trkpt lat="31.61597080201723" lon="-8.0071264777649">
        <ele>468.8214960568829</ele>
      </trkpt>
      <trkpt lat="31.61617070023857" lon="-8.007258209057966">
        <ele>468.3558895332516</ele>
      </trkpt>
      <trkpt lat="31.616565246136254" lon="-8.007511508648818">
        <ele>465.6286138837229</ele>
      </trkpt>
      <trkpt lat="31.61695979203394" lon="-8.007764808239669">
        <ele>466.18042804743254</ele>
      </trkpt>
      <trkpt lat="31.617354337931623" lon="-8.008018107830521">
        <ele>466.45395846578805</ele>
      </trkpt>
      <trkpt lat="31.617506101198458" lon="-8.008115540280386">
        <ele>466</ele>
      </trkpt>
      <trkpt lat="31.61758303503875" lon="-8.008187670383649">
        <ele>466</ele>
      </trkpt>
      <trkpt lat="31.61767008743206" lon="-8.008275104869767">
        <ele>466</ele>
      </trkpt>
      <trkpt lat="31.617748558777137" lon="-8.00822318355742">
        <ele>466.02188782848094</ele>
      </trkpt>
      <trkpt lat="31.617809982197016" lon="-8.008132839649619">
        <ele>465.9510005204945</ele>
      </trkpt>
      <trkpt lat="31.6178711302922" lon="-8.008023122811466">
        <ele>465.90000000000146</ele>
      </trkpt>
      <trkpt lat="31.617990351090327" lon="-8.008051791965528">
        <ele>465.7605623251768</ele>
      </trkpt>
      <trkpt lat="31.618139927439685" lon="-8.008126374270972">
        <ele>465.4382050351711</ele>
      </trkpt>
      <trkpt lat="31.618139927439685" lon="-8.008126374270972">
        <ele>465.4382050351711</ele>
      </trkpt>
      <trkpt lat="31.61853300585763" lon="-8.008382816411713">
        <ele>466.16143784301414</ele>
      </trkpt>
      <trkpt lat="31.61892608427557" lon="-8.008639258552451">
        <ele>467.07055304122423</ele>
      </trkpt>
      <trkpt lat="31.619319162693518" lon="-8.008895700693191">
        <ele>465.2244486497723</ele>
      </trkpt>
      <trkpt lat="31.61971224111146" lon="-8.00915214283393">
        <ele>464.12246140917335</ele>
      </trkpt>
      <trkpt lat="31.620105319529404" lon="-8.00940858497467">
        <ele>464.71236947583526</ele>
      </trkpt>
      <trkpt lat="31.620498397947348" lon="-8.009665027115409">
        <ele>465.0698435981761</ele>
      </trkpt>
      <trkpt lat="31.620891476365294" lon="-8.009921469256149">
        <ele>464.6006727145251</ele>
      </trkpt>
      <trkpt lat="31.621284554783237" lon="-8.010177911396887">
        <ele>463.92800171576806</ele>
      </trkpt>
      <trkpt lat="31.62167763320118" lon="-8.010434353537628">
        <ele>461.6204251219524</ele>
      </trkpt>
      <trkpt lat="31.622070711619124" lon="-8.010690795678366">
        <ele>462.0786823525338</ele>
      </trkpt>
      <trkpt lat="31.62246379003707" lon="-8.010947237819106">
        <ele>463.0302792234353</ele>
      </trkpt>
      <trkpt lat="31.622856868455013" lon="-8.011203679959847">
        <ele>463.02944809584926</ele>
      </trkpt>
      <trkpt lat="31.623249946872956" lon="-8.011460122100585">
        <ele>462.0499024314759</ele>
      </trkpt>
      <trkpt lat="31.6236430252909" lon="-8.011716564241326">
        <ele>461.2000000000007</ele>
      </trkpt>
      <trkpt lat="31.624036103708846" lon="-8.011973006382064">
        <ele>461.1228043226827</ele>
      </trkpt>
      <trkpt lat="31.62442918212679" lon="-8.012229448522804">
        <ele>460.2044168255304</ele>
      </trkpt>
      <trkpt lat="31.624822260544732" lon="-8.012485890663543">
        <ele>459.73458894798614</ele>
      </trkpt>
      <trkpt lat="31.625215338962676" lon="-8.012742332804283">
        <ele>460.8214492917539</ele>
      </trkpt>
      <trkpt lat="31.625608417380622" lon="-8.012998774945022">
        <ele>459.9735951798039</ele>
      </trkpt>
      <trkpt lat="31.626001495798565" lon="-8.013255217085762">
        <ele>458.2370304925196</ele>
      </trkpt>
      <trkpt lat="31.62639457421651" lon="-8.013511659226502">
        <ele>458.06309655370495</ele>
      </trkpt>
      <trkpt lat="31.62678765263445" lon="-8.01376810136724">
        <ele>458.15576854047185</ele>
      </trkpt>
      <trkpt lat="31.626912405205587" lon="-8.013849489240357">
        <ele>457.8544798680594</ele>
      </trkpt>
      <trkpt lat="31.626912405205587" lon="-8.013849489240357">
        <ele>457.8544798680594</ele>
      </trkpt>
      <trkpt lat="31.627128225450164" lon="-8.01394222481457">
        <ele>457.9673480023636</ele>
      </trkpt>
      <trkpt lat="31.627128225450164" lon="-8.01394222481457">
        <ele>457.9673480023636</ele>
      </trkpt>
      <trkpt lat="31.627038396072393" lon="-8.014122290796195">
        <ele>456.75336276959706</ele>
      </trkpt>
      <trkpt lat="31.627026475609213" lon="-8.01421167984148">
        <ele>456.26654932685295</ele>
      </trkpt>
      <trkpt lat="31.627026475609213" lon="-8.01421167984148">
        <ele>456.26654932685295</ele>
      </trkpt>
      <trkpt lat="31.627026475609213" lon="-8.01421167984148">
        <ele>456.26654932685295</ele>
      </trkpt>
      <trkpt lat="31.626941072869116" lon="-8.014240505103345">
        <ele>456.10459494186523</ele>
      </trkpt>
      <trkpt lat="31.626941072869116" lon="-8.014240505103345">
        <ele>456.10459494186523</ele>
      </trkpt>
      <trkpt lat="31.626546797699596" lon="-8.013986599572187">
        <ele>457.91639124517764</ele>
      </trkpt>
      <trkpt lat="31.626152522530077" lon="-8.01373269404103">
        <ele>457.55986104449823</ele>
      </trkpt>
      <trkpt lat="31.625758247360555" lon="-8.013478788509872">
        <ele>458.14464891148486</ele>
      </trkpt>
      <trkpt lat="31.625363972191035" lon="-8.013224882978713">
        <ele>460.2918736372411</ele>
      </trkpt>
      <trkpt lat="31.625282091192133" lon="-8.01317215320995">
        <ele>460.69673142694955</ele>
      </trkpt>
      <trkpt lat="31.625282091192133" lon="-8.01317215320995">
        <ele>460.69673142694955</ele>
      </trkpt>
      <trkpt lat="31.624887600126257" lon="-8.012918720738826">
        <ele>461.0127162008409</ele>
      </trkpt>
      <trkpt lat="31.624493109060378" lon="-8.012665288267701">
        <ele>458.7586126592121</ele>
      </trkpt>
      <trkpt lat="31.624098617994502" lon="-8.012411855796577">
        <ele>459.8092801966011</ele>
      </trkpt>
      <trkpt lat="31.623704126928626" lon="-8.012158423325452">
        <ele>461.08220350130404</ele>
      </trkpt>
      <trkpt lat="31.62330963586275" lon="-8.011904990854328">
        <ele>461.01299469280104</ele>
      </trkpt>
      <trkpt lat="31.62291514479687" lon="-8.011651558383203">
        <ele>464.1539200027297</ele>
      </trkpt>
      <trkpt lat="31.622520653730994" lon="-8.01139812591208">
        <ele>463.0761165509278</ele>
      </trkpt>
      <trkpt lat="31.62212616266512" lon="-8.011144693440956">
        <ele>460.59941274467053</ele>
      </trkpt>
      <trkpt lat="31.621731671599242" lon="-8.010891260969832">
        <ele>460.8352057081193</ele>
      </trkpt>
      <trkpt lat="31.621337180533363" lon="-8.010637828498707">
        <ele>462.663267671038</ele>
      </trkpt>
      <trkpt lat="31.620942689467487" lon="-8.010384396027582">
        <ele>463.6097357545226</ele>
      </trkpt>
      <trkpt lat="31.62054819840161" lon="-8.010130963556458">
        <ele>464.56304919275016</ele>
      </trkpt>
      <trkpt lat="31.620153707335735" lon="-8.009877531085333">
        <ele>464.39361564473523</ele>
      </trkpt>
      <trkpt lat="31.619759216269856" lon="-8.009624098614209">
        <ele>463.90897254103857</ele>
      </trkpt>
      <trkpt lat="31.61951466476779" lon="-8.009466991655785">
        <ele>464</ele>
      </trkpt>
      <trkpt lat="31.61951466476779" lon="-8.009466991655785">
        <ele>464</ele>
      </trkpt>
      <trkpt lat="31.61912453873828" lon="-8.009204416070416">
        <ele>465.05858147256146</ele>
      </trkpt>
      <trkpt lat="31.61873441270877" lon="-8.008941840485045">
        <ele>466.92437165563763</ele>
      </trkpt>
      <trkpt lat="31.61834428667926" lon="-8.008679264899676">
        <ele>467.29656352244905</ele>
      </trkpt>
      <trkpt lat="31.61795416064975" lon="-8.008416689314307">
        <ele>466.6432146272395</ele>
      </trkpt>
      <trkpt lat="31.617899610388832" lon="-8.008379974084846">
        <ele>466.502244695205</ele>
      </trkpt>
      <trkpt lat="31.617899610388832" lon="-8.008379974084846">
        <ele>466.502244695205</ele>
      </trkpt>
      <trkpt lat="31.617778546769415" lon="-8.008455974158267">
        <ele>466.3148275433116</ele>
      </trkpt>
      <trkpt lat="31.617778546769415" lon="-8.008455974158267">
        <ele>466.3148275433116</ele>
      </trkpt>
      <trkpt lat="31.6176698467399" lon="-8.008702329349973">
        <ele>466.7159176265542</ele>
      </trkpt>
      <trkpt lat="31.6176698467399" lon="-8.008702329349973">
        <ele>466.7159176265542</ele>
      </trkpt>
      <trkpt lat="31.617468254460313" lon="-8.009174327732216">
        <ele>468.5021723972418</ele>
      </trkpt>
      <trkpt lat="31.617266662180725" lon="-8.009646326114458">
        <ele>468.21395965470106</ele>
      </trkpt>
      <trkpt lat="31.617065069901138" lon="-8.010118324496702">
        <ele>465.3110065066726</ele>
      </trkpt>
      <trkpt lat="31.617022397515342" lon="-8.010218235550354">
        <ele>465.22606084044173</ele>
      </trkpt>
      <trkpt lat="31.617022397515342" lon="-8.010218235550354">
        <ele>465.22606084044173</ele>
      </trkpt>
      <trkpt lat="31.616823811305405" lon="-8.010691980776466">
        <ele>467.10427396695195</ele>
      </trkpt>
      <trkpt lat="31.616625225095472" lon="-8.011165726002577">
        <ele>467.6660409820719</ele>
      </trkpt>
      <trkpt lat="31.616426638885535" lon="-8.011639471228687">
        <ele>466.87590573807336</ele>
      </trkpt>
      <trkpt lat="31.6162280526756" lon="-8.012113216454798">
        <ele>467.0864313151182</ele>
      </trkpt>
      <trkpt lat="31.616029466465665" lon="-8.01258696168091">
        <ele>466.18085762560435</ele>
      </trkpt>
      <trkpt lat="31.61583088025573" lon="-8.013060706907021">
        <ele>467.6543161938438</ele>
      </trkpt>
      <trkpt lat="31.615632294045792" lon="-8.013534452133133">
        <ele>468.41293948520956</ele>
      </trkpt>
      <trkpt lat="31.61543370783586" lon="-8.014008197359242">
        <ele>466.56594400899553</ele>
      </trkpt>
      <trkpt lat="31.615235121625922" lon="-8.014481942585354">
        <ele>463.35556462330317</ele>
      </trkpt>
      <trkpt lat="31.61503653541599" lon="-8.014955687811465">
        <ele>463.27115765940493</ele>
      </trkpt>
      <trkpt lat="31.614846059033027" lon="-8.015410086317502">
        <ele>462.56428656987873</ele>
      </trkpt>
      <trkpt lat="31.614657040801852" lon="-8.015889191654145">
        <ele>464.07041541783605</ele>
      </trkpt>
      <trkpt lat="31.61446802257068" lon="-8.016368296990786">
        <ele>466.2772999234817</ele>
      </trkpt>
      <trkpt lat="31.614358424800884" lon="-8.016646094936874">
        <ele>465.72277893228477</ele>
      </trkpt>
      <trkpt lat="31.61431696177432" lon="-8.016747674680005">
        <ele>465.097217197766</ele>
      </trkpt>
      <trkpt lat="31.614280064668463" lon="-8.016938305254598">
        <ele>464.18405215254404</ele>
      </trkpt>
      <trkpt lat="31.61436393068874" lon="-8.017033553567586">
        <ele>464.1854234429186</ele>
      </trkpt>
      <trkpt lat="31.614757303419623" lon="-8.017289351170424">
        <ele>463.9170807497305</ele>
      </trkpt>
      <trkpt lat="31.615133448930905" lon="-8.017533946467836">
        <ele>464.8831292186633</ele>
      </trkpt>
      <trkpt lat="31.615526786108074" lon="-8.01778982688513">
        <ele>467.7923294468261</ele>
      </trkpt>
      <trkpt lat="31.615920123285242" lon="-8.018045707302424">
        <ele>467.52449526609894</ele>
      </trkpt>
      <trkpt lat="31.61631346046241" lon="-8.018301587719716">
        <ele>465.93035359047116</ele>
      </trkpt>
      <trkpt lat="31.61670679763958" lon="-8.01855746813701">
        <ele>464.1996335515682</ele>
      </trkpt>
      <trkpt lat="31.61710013481675" lon="-8.018813348554303">
        <ele>464.21156012724146</ele>
      </trkpt>
      <trkpt lat="31.617493471993914" lon="-8.019069228971597">
        <ele>463.7287296083763</ele>
      </trkpt>
      <trkpt lat="31.617886809171083" lon="-8.01932510938889">
        <ele>463</ele>
      </trkpt>
      <trkpt lat="31.61828014634825" lon="-8.019580989806183">
        <ele>462.3119149342191</ele>
      </trkpt>
      <trkpt lat="31.61867348352542" lon="-8.019836870223477">
        <ele>462.5790130026687</ele>
      </trkpt>
      <trkpt lat="31.61906682070259" lon="-8.02009275064077">
        <ele>462.34278300155546</ele>
      </trkpt>
      <trkpt lat="31.619460157879757" lon="-8.020348631058063">
        <ele>462.04971279886104</ele>
      </trkpt>
      <trkpt lat="31.619773616291866" lon="-8.020552547377065">
        <ele>461.66954734976014</ele>
      </trkpt>
      <trkpt lat="31.61988299155442" lon="-8.020585285078624">
        <ele>461.8350732794802</ele>
      </trkpt>
      <trkpt lat="31.619998745228145" lon="-8.020602395127383">
        <ele>461.90000000000146</ele>
      </trkpt>
      <trkpt lat="31.620141664542643" lon="-8.020673232154309">
        <ele>461.8252618917742</ele>
      </trkpt>
      <trkpt lat="31.62053036164994" lon="-8.02093871881369">
        <ele>460.72906886802605</ele>
      </trkpt>
      <trkpt lat="31.620621563217583" lon="-8.021001011017745">
        <ele>460.5694795702128</ele>
      </trkpt>
      <trkpt lat="31.62068573749852" lon="-8.021104396425727">
        <ele>460.2656479213392</ele>
      </trkpt>
      <trkpt lat="31.6207762515087" lon="-8.021203390017234">
        <ele>460.1893735842566</ele>
      </trkpt>
      <trkpt lat="31.621169269600596" lon="-8.021459958858618">
        <ele>460.70267731912975</ele>
      </trkpt>
      <trkpt lat="31.621562287692488" lon="-8.0217165277">
        <ele>459.1758815935904</ele>
      </trkpt>
      <trkpt lat="31.621955305784383" lon="-8.021973096541384">
        <ele>458.98019337390946</ele>
      </trkpt>
      <trkpt lat="31.622348323876274" lon="-8.022229665382767">
        <ele>458.9280241966953</ele>
      </trkpt>
      <trkpt lat="31.62274134196817" lon="-8.02248623422415">
        <ele>458.8337949906484</ele>
      </trkpt>
      <trkpt lat="31.623134360060064" lon="-8.022742803065533">
        <ele>458.75348963947124</ele>
      </trkpt>
      <trkpt lat="31.623527378151955" lon="-8.022999371906915">
        <ele>460.24799019354884</ele>
      </trkpt>
      <trkpt lat="31.6237067088327" lon="-8.023116442000969">
        <ele>460.2755123746591</ele>
      </trkpt>
      <trkpt lat="31.6237067088327" lon="-8.023116442000969">
        <ele>460.2755123746591</ele>
      </trkpt>
      <trkpt lat="31.623823961094914" lon="-8.023102318846469">
        <ele>460.2123257979114</ele>
      </trkpt>
      <trkpt lat="31.623823961094914" lon="-8.023102318846469">
        <ele>460.2123257979114</ele>
      </trkpt>
      <trkpt lat="31.623923702960866" lon="-8.023158472218853">
        <ele>459.99790928457026</ele>
      </trkpt>
      <trkpt lat="31.624004953586805" lon="-8.023284330938964">
        <ele>459.4906600234805</ele>
      </trkpt>
      <trkpt lat="31.623983519523705" lon="-8.023383090489432">
        <ele>459.11734394987656</ele>
      </trkpt>
      <trkpt lat="31.62390069489321" lon="-8.023447293260205">
        <ele>458.73820681586005</ele>
      </trkpt>
      <trkpt lat="31.623835943590294" lon="-8.02344409218398">
        <ele>458.7928334156991</ele>
      </trkpt>
      <trkpt lat="31.62376687911042" lon="-8.023405215806036">
        <ele>459.13234953982885</ele>
      </trkpt>
      <trkpt lat="31.623728192455516" lon="-8.023361274150602">
        <ele>459.42634931672507</ele>
      </trkpt>
      <trkpt lat="31.623703901031192" lon="-8.023258940683206">
        <ele>459.8516289203902</ele>
      </trkpt>
      <trkpt lat="31.623634836453377" lon="-8.023220064305264">
        <ele>459.9422174467708</ele>
      </trkpt>
      <trkpt lat="31.623241139373185" lon="-8.022964935334194">
        <ele>459.5711031376393</ele>
      </trkpt>
      <trkpt lat="31.622847442292997" lon="-8.022709806363126">
        <ele>458.7039332720924</ele>
      </trkpt>
      <trkpt lat="31.622453745212805" lon="-8.022454677392057">
        <ele>459.3605912851647</ele>
      </trkpt>
      <trkpt lat="31.622060048132614" lon="-8.02219954842099">
        <ele>459.47980818906905</ele>
      </trkpt>
      <trkpt lat="31.621666351052422" lon="-8.02194441944992">
        <ele>458.99922123844743</ele>
      </trkpt>
      <trkpt lat="31.621272653972234" lon="-8.021689290478852">
        <ele>460.0096006137629</ele>
      </trkpt>
      <trkpt lat="31.620878956892042" lon="-8.021434161507782">
        <ele>460.4032956789779</ele>
      </trkpt>
      <trkpt lat="31.620725987359066" lon="-8.021335032097085">
        <ele>459.82930918454235</ele>
      </trkpt>
      <trkpt lat="31.62052889732645" lon="-8.021252063846703">
        <ele>459.4709269439341</ele>
      </trkpt>
      <trkpt lat="31.62052889732645" lon="-8.021252063846703">
        <ele>459.4709269439341</ele>
      </trkpt>
      <trkpt lat="31.620332149027547" lon="-8.021133494109051">
        <ele>460.0605084600265</ele>
      </trkpt>
      <trkpt lat="31.620210262844864" lon="-8.021061628715586">
        <ele>460.5506274727643</ele>
      </trkpt>
      <trkpt lat="31.620210262844864" lon="-8.021061628715586">
        <ele>460.5506274727643</ele>
      </trkpt>
      <trkpt lat="31.620083163424496" lon="-8.020956839853369">
        <ele>461.3139805417472</ele>
      </trkpt>
      <trkpt lat="31.61971141382543" lon="-8.020659761804584">
        <ele>461.3438353801971</ele>
      </trkpt>
      <trkpt lat="31.619695127336215" lon="-8.02064674670396">
        <ele>461.34131776334095</ele>
      </trkpt>
      <trkpt lat="31.619695127336215" lon="-8.02064674670396">
        <ele>461.34131776334095</ele>
      </trkpt>
      <trkpt lat="31.619301713865823" lon="-8.020391028074593">
        <ele>461.93434965699015</ele>
      </trkpt>
      <trkpt lat="31.61890830039543" lon="-8.020135309445225">
        <ele>462.6746692679126</ele>
      </trkpt>
      <trkpt lat="31.618514886925038" lon="-8.019879590815858">
        <ele>463.0730772914842</ele>
      </trkpt>
      <trkpt lat="31.618121473454643" lon="-8.019623872186491">
        <ele>462.6289305467629</ele>
      </trkpt>
      <trkpt lat="31.617728059984252" lon="-8.019368153557124">
        <ele>463</ele>
      </trkpt>
      <trkpt lat="31.617334646513857" lon="-8.019112434927756">
        <ele>463.7410827815076</ele>
      </trkpt>
      <trkpt lat="31.616941233043466" lon="-8.018856716298389">
        <ele>463.7983918690507</ele>
      </trkpt>
      <trkpt lat="31.61654781957307" lon="-8.018600997669022">
        <ele>464.26018903211536</ele>
      </trkpt>
      <trkpt lat="31.61615440610268" lon="-8.018345279039654">
        <ele>465.96552839800813</ele>
      </trkpt>
      <trkpt lat="31.615760992632286" lon="-8.018089560410287">
        <ele>467.67470819417</ele>
      </trkpt>
      <trkpt lat="31.615367579161894" lon="-8.01783384178092">
        <ele>466.5160625582799</ele>
      </trkpt>
      <trkpt lat="31.615214473005906" lon="-8.017734322828716">
        <ele>465.1875786080037</ele>
      </trkpt>
      <trkpt lat="31.614818799457705" lon="-8.017483466397032">
        <ele>463.76112434328627</ele>
      </trkpt>
      <trkpt lat="31.6144231259095" lon="-8.017232609965346">
        <ele>463.91076800753495</ele>
      </trkpt>
      <trkpt lat="31.61411271725477" lon="-8.017035811347284">
        <ele>464.2354436931209</ele>
      </trkpt>
      <trkpt lat="31.61411271725477" lon="-8.017035811347284">
        <ele>464.2354436931209</ele>
      </trkpt>
      <trkpt lat="31.613723636964192" lon="-8.01677112258145">
        <ele>464.52571530688647</ele>
      </trkpt>
      <trkpt lat="31.613334556673614" lon="-8.016506433815612">
        <ele>464.7070015191845</ele>
      </trkpt>
      <trkpt lat="31.612945476383032" lon="-8.016241745049777">
        <ele>465.5279773896107</ele>
      </trkpt>
      <trkpt lat="31.612556396092454" lon="-8.01597705628394">
        <ele>467.13549161606477</ele>
      </trkpt>
      <trkpt lat="31.612167315801877" lon="-8.015712367518105">
        <ele>467.97874083535305</ele>
      </trkpt>
      <trkpt lat="31.6117782355113" lon="-8.01544767875227">
        <ele>467.5226933487138</ele>
      </trkpt>
      <trkpt lat="31.611389155220717" lon="-8.015182989986434">
        <ele>467.08809574367535</ele>
      </trkpt>
      <trkpt lat="31.61100007493014" lon="-8.014918301220598">
        <ele>468.20714837715616</ele>
      </trkpt>
      <trkpt lat="31.610690682435305" lon="-8.014707823538743">
        <ele>470.22473410655493</ele>
      </trkpt>
      <trkpt lat="31.610690682435305" lon="-8.014707823538743">
        <ele>470.22473410655493</ele>
      </trkpt>
      <trkpt lat="31.610292129625105" lon="-8.014463343900735">
        <ele>470.8723491576763</ele>
      </trkpt>
      <trkpt lat="31.610252816184683" lon="-8.014439228311943">
        <ele>470.91484738753337</ele>
      </trkpt>
      <trkpt lat="31.610118133095355" lon="-8.014377103909055">
        <ele>471.30114012372326</ele>
      </trkpt>
      <trkpt lat="31.609994195135172" lon="-8.01449575173308">
        <ele>471.73986826189883</ele>
      </trkpt>
      <trkpt lat="31.609923029280154" lon="-8.01457760573436">
        <ele>471.74789844735153</ele>
      </trkpt>
      <trkpt lat="31.60986049092493" lon="-8.014730810339188">
        <ele>471.28541939258673</ele>
      </trkpt>
      <trkpt lat="31.609699388579397" lon="-8.015223752179148">
        <ele>468.5536221097405</ele>
      </trkpt>
      <trkpt lat="31.609538286233867" lon="-8.015716694019106">
        <ele>468.0736625506082</ele>
      </trkpt>
      <trkpt lat="31.609377183888334" lon="-8.016209635859067">
        <ele>470.13959766719586</ele>
      </trkpt>
      <trkpt lat="31.6092160815428" lon="-8.016702577699027">
        <ele>471.9543921685631</ele>
      </trkpt>
      <trkpt lat="31.609054979197268" lon="-8.017195519538987">
        <ele>470.71702231470124</ele>
      </trkpt>
      <trkpt lat="31.608893876851738" lon="-8.017688461378945">
        <ele>470.9947461278803</ele>
      </trkpt>
      <trkpt lat="31.608764955567267" lon="-8.018082935431863">
        <ele>471.88673232521023</ele>
      </trkpt>
      <trkpt lat="31.60869810260391" lon="-8.018200464734889">
        <ele>471.7011462781118</ele>
      </trkpt>
      <trkpt lat="31.608681296376446" lon="-8.018357243255565">
        <ele>471.2761571566114</ele>
      </trkpt>
      <trkpt lat="31.60869823417397" lon="-8.018477600794114">
        <ele>470.8323055506696</ele>
      </trkpt>
      <trkpt lat="31.6087342528338" lon="-8.018544925705271">
        <ele>470.55411994557386</ele>
      </trkpt>
      <trkpt lat="31.60911707941638" lon="-8.018821896496796">
        <ele>469.82222230835333</ele>
      </trkpt>
      <trkpt lat="31.60949990599896" lon="-8.019098867288319">
        <ele>469.49229436516856</ele>
      </trkpt>
      <trkpt lat="31.60988273258154" lon="-8.019375838079844">
        <ele>468.53370799399516</ele>
      </trkpt>
      <trkpt lat="31.61026555916412" lon="-8.019652808871369">
        <ele>468.4182123837063</ele>
      </trkpt>
      <trkpt lat="31.6106483857467" lon="-8.019929779662894">
        <ele>468.16110590205164</ele>
      </trkpt>
      <trkpt lat="31.61103121232928" lon="-8.020206750454417">
        <ele>468.10682710791133</ele>
      </trkpt>
      <trkpt lat="31.61141403891186" lon="-8.020483721245942">
        <ele>468.3866740449343</ele>
      </trkpt>
      <trkpt lat="31.61179686549444" lon="-8.020760692037467">
        <ele>465.8885697282957</ele>
      </trkpt>
      <trkpt lat="31.61195960671793" lon="-8.020878433509807">
        <ele>464.7140302468332</ele>
      </trkpt>
      <trkpt lat="31.611734930629428" lon="-8.021335804646684">
        <ele>464.7668865689548</ele>
      </trkpt>
      <trkpt lat="31.611610623182514" lon="-8.02158885622282">
        <ele>466.87133190362863</ele>
      </trkpt>
      <trkpt lat="31.61160961538384" lon="-8.021670156516535">
        <ele>467.34471384813696</ele>
      </trkpt>
      <trkpt lat="31.61170592134401" lon="-8.021749550045115">
        <ele>467.7218844999099</ele>
      </trkpt>
      <trkpt lat="31.612084214539145" lon="-8.022034987108617">
        <ele>469.0959480452144</ele>
      </trkpt>
      <trkpt lat="31.612462507734275" lon="-8.022320424172118">
        <ele>467.07050861007116</ele>
      </trkpt>
      <trkpt lat="31.61284080092941" lon="-8.02260586123562">
        <ele>466.429088596911</ele>
      </trkpt>
      <trkpt lat="31.61321909412454" lon="-8.022891298299124">
        <ele>465.8624466490004</ele>
      </trkpt>
      <trkpt lat="31.613597387319672" lon="-8.023176735362625">
        <ele>464.6560334904067</ele>
      </trkpt>
      <trkpt lat="31.61364603584053" lon="-8.023213442581039">
        <ele>464.53647077383994</ele>
      </trkpt>
      <trkpt lat="31.613771890122564" lon="-8.023089055720789">
        <ele>465.0695005459016</ele>
      </trkpt>
      <trkpt lat="31.61398463497912" lon="-8.022686104423258">
        <ele>465.16765929226176</ele>
      </trkpt>
      <trkpt lat="31.61401407966784" lon="-8.02262710707771">
        <ele>464.72667034292357</ele>
      </trkpt>
      <trkpt lat="31.614061148885497" lon="-8.022590624541209">
        <ele>464.2037553321105</ele>
      </trkpt>
      <trkpt lat="31.614334916418514" lon="-8.022524299790746">
        <ele>462.1895381750084</ele>
      </trkpt>
      <trkpt lat="31.61437362428842" lon="-8.022508301224576">
        <ele>461.85354879188185</ele>
      </trkpt>
      <trkpt lat="31.6147532489288" lon="-8.02279130231753">
        <ele>464.38761758189736</ele>
      </trkpt>
      <trkpt lat="31.61513287356918" lon="-8.023074303410484">
        <ele>465.1957564368038</ele>
      </trkpt>
      <trkpt lat="31.61551249820956" lon="-8.023357304503438">
        <ele>464.1000000000004</ele>
      </trkpt>
      <trkpt lat="31.615892122849942" lon="-8.023640305596393">
        <ele>463.90000000000146</ele>
      </trkpt>
      <trkpt lat="31.616271747490323" lon="-8.023923306689346">
        <ele>463.7816061093715</ele>
      </trkpt>
      <trkpt lat="31.616651372130704" lon="-8.0242063077823">
        <ele>462.070941962908</ele>
      </trkpt>
      <trkpt lat="31.617030996771085" lon="-8.024489308875255">
        <ele>461.40101048005806</ele>
      </trkpt>
      <trkpt lat="31.617410621411466" lon="-8.024772309968208">
        <ele>461.04689811132863</ele>
      </trkpt>
      <trkpt lat="31.617790246051847" lon="-8.025055311061163">
        <ele>460.6437335774556</ele>
      </trkpt>
      <trkpt lat="31.618169870692228" lon="-8.025338312154117">
        <ele>458.5851897136081</ele>
      </trkpt>
      <trkpt lat="31.61854949533261" lon="-8.02562131324707">
        <ele>458.02255226196814</ele>
      </trkpt>
      <trkpt lat="31.618807585132117" lon="-8.025813713021932">
        <ele>460.01707859383987</ele>
      </trkpt>
      <trkpt lat="31.619194360769452" lon="-8.026083039006853">
        <ele>462.0644985662775</ele>
      </trkpt>
      <trkpt lat="31.619581136406786" lon="-8.026352364991773">
        <ele>461.4368875198538</ele>
      </trkpt>
      <trkpt lat="31.61993540360345" lon="-8.026599054163626">
        <ele>459.71737507095</ele>
      </trkpt>
      <trkpt lat="31.62031525321985" lon="-8.026881653732135">
        <ele>459.00504784018267</ele>
      </trkpt>
      <trkpt lat="31.62069510283625" lon="-8.027164253300645">
        <ele>459</ele>
      </trkpt>
      <trkpt lat="31.621074952452656" lon="-8.027446852869154">
        <ele>458.97334411426056</ele>
      </trkpt>
      <trkpt lat="31.621454802069056" lon="-8.027729452437663">
        <ele>457.16898617827644</ele>
      </trkpt>
      <trkpt lat="31.621834651685457" lon="-8.028012052006174">
        <ele>457.4562799627449</ele>
      </trkpt>
      <trkpt lat="31.62221450130186" lon="-8.028294651574683">
        <ele>458.23477597166834</ele>
      </trkpt>
      <trkpt lat="31.622594350918263" lon="-8.028577251143192">
        <ele>456.1983597369716</ele>
      </trkpt>
      <trkpt lat="31.622974200534664" lon="-8.028859850711703">
        <ele>451.5917449508997</ele>
      </trkpt>
      <trkpt lat="31.623166218950516" lon="-8.029002708092946">
        <ele>449.9781274154325</ele>
      </trkpt>
      <trkpt lat="31.623301758321887" lon="-8.029104192706313">
        <ele>450.5793424611217</ele>
      </trkpt>
      <trkpt lat="31.62350288671628" lon="-8.029255192344351">
        <ele>452.5217754546534</ele>
      </trkpt>
      <trkpt lat="31.623631614122004" lon="-8.029333950285377">
        <ele>454.0538104955617</ele>
      </trkpt>
      <trkpt lat="31.623694564003628" lon="-8.02937539347883">
        <ele>454.61987327503846</ele>
      </trkpt>
      <trkpt lat="31.62380375877325" lon="-8.029449454152427">
        <ele>455.36896740291354</ele>
      </trkpt>
      <trkpt lat="31.623886068398477" lon="-8.029458001236435">
        <ele>455.95210795630794</ele>
      </trkpt>
      <trkpt lat="31.62399245125303" lon="-8.029486396703192">
        <ele>456.11090696849953</ele>
      </trkpt>
      <trkpt lat="31.624065031927685" lon="-8.029571334950134">
        <ele>455.8426841851802</ele>
      </trkpt>
      <trkpt lat="31.624083556580175" lon="-8.029657332509998">
        <ele>455.6134430199638</ele>
      </trkpt>
      <trkpt lat="31.62406337740464" lon="-8.02975932863609">
        <ele>455.34227044264844</ele>
      </trkpt>
      <trkpt lat="31.624029936139266" lon="-8.02984126451733">
        <ele>455.27633146606485</ele>
      </trkpt>
      <trkpt lat="31.624026838395196" lon="-8.029927685802647">
        <ele>455.37278103714453</ele>
      </trkpt>
      <trkpt lat="31.62409086809012" lon="-8.030176817856216">
        <ele>455.4483604478421</ele>
      </trkpt>
      <trkpt lat="31.624288549517352" lon="-8.030651128112654">
        <ele>455.56282559286694</ele>
      </trkpt>
      <trkpt lat="31.624486230944584" lon="-8.031125438369092">
        <ele>455.8832950564988</ele>
      </trkpt>
      <trkpt lat="31.624683912371815" lon="-8.03159974862553">
        <ele>454.17415074558033</ele>
      </trkpt>
      <trkpt lat="31.624853698838166" lon="-8.032007128638526">
        <ele>452.5749896513302</ele>
      </trkpt>
      <trkpt lat="31.62505451318524" lon="-8.032479625035005">
        <ele>452.4932064711247</ele>
      </trkpt>
      <trkpt lat="31.625255327532315" lon="-8.032952121431483">
        <ele>453.9829793051823</ele>
      </trkpt>
      <trkpt lat="31.62545614187939" lon="-8.033424617827963">
        <ele>452.99186648243494</ele>
      </trkpt>
      <trkpt lat="31.625656956226464" lon="-8.033897114224443">
        <ele>453.12794740099974</ele>
      </trkpt>
      <trkpt lat="31.625857770573536" lon="-8.03436961062092">
        <ele>452.9805464715564</ele>
      </trkpt>
      <trkpt lat="31.625964715678663" lon="-8.03462124192879">
        <ele>452.1388329101309</ele>
      </trkpt>
      <trkpt lat="31.626161760754105" lon="-8.035095926613039">
        <ele>451.695161498641</ele>
      </trkpt>
      <trkpt lat="31.62635880582955" lon="-8.035570611297288">
        <ele>452.0943833903413</ele>
      </trkpt>
      <trkpt lat="31.626555850904992" lon="-8.036045295981536">
        <ele>451.6816294174064</ele>
      </trkpt>
      <trkpt lat="31.62665305938313" lon="-8.036279472733469">
        <ele>450.9901192544191</ele>
      </trkpt>
      <trkpt lat="31.626712266514957" lon="-8.03641654047621">
        <ele>450.90000000000146</ele>
      </trkpt>
      <trkpt lat="31.626757314040475" lon="-8.036542658527054">
        <ele>450.90000000000146</ele>
      </trkpt>
      <trkpt lat="31.626841244626277" lon="-8.036665474561659">
        <ele>450.82015368768594</ele>
      </trkpt>
      <trkpt lat="31.62691209385811" lon="-8.036780926901287">
        <ele>450.7298118002949</ele>
      </trkpt>
      <trkpt lat="31.62697613180562" lon="-8.036873652568573">
        <ele>450.43790409092753</ele>
      </trkpt>
      <trkpt lat="31.62703908732891" lon="-8.036890198935083">
        <ele>450.1092835835655</ele>
      </trkpt>
      <trkpt lat="31.627105862037382" lon="-8.036871110217163">
        <ele>449.67145667652926</ele>
      </trkpt>
      <trkpt lat="31.62715901426489" lon="-8.03680656815331">
        <ele>449.2312833078214</ele>
      </trkpt>
      <trkpt lat="31.62716102952548" lon="-8.036643967567187">
        <ele>449.11199041796385</ele>
      </trkpt>
      <trkpt lat="31.627123336002903" lon="-8.036117733817875">
        <ele>450.10249994499645</ele>
      </trkpt>
      <trkpt lat="31.627085642480328" lon="-8.035591500068563">
        <ele>449.9568031822341</ele>
      </trkpt>
      <trkpt lat="31.62704794895775" lon="-8.03506526631925">
        <ele>449.76625776463277</ele>
      </trkpt>
      <trkpt lat="31.62701025543517" lon="-8.034539032569938">
        <ele>450.512507396952</ele>
      </trkpt>
      <trkpt lat="31.626972561912595" lon="-8.034012798820626">
        <ele>448.17190205899595</ele>
      </trkpt>
      <trkpt lat="31.626934868390016" lon="-8.033486565071314">
        <ele>448.6134010538698</ele>
      </trkpt>
      <trkpt lat="31.626897174867437" lon="-8.032960331322002">
        <ele>451.08724830485914</ele>
      </trkpt>
      <trkpt lat="31.626859481344862" lon="-8.03243409757269">
        <ele>450.42323654415134</ele>
      </trkpt>
      <trkpt lat="31.626821787822283" lon="-8.031907863823378">
        <ele>450.2935529732156</ele>
      </trkpt>
      <trkpt lat="31.62681157060507" lon="-8.031765222749954">
        <ele>450.44278641400643</ele>
      </trkpt>
      <trkpt lat="31.626795774501133" lon="-8.031390918359222">
        <ele>450.95137376729474</ele>
      </trkpt>
      <trkpt lat="31.6267589674336" lon="-8.03086459964754">
        <ele>450.81428118620386</ele>
      </trkpt>
      <trkpt lat="31.626722160366068" lon="-8.030338280935858">
        <ele>450.95932548497655</ele>
      </trkpt>
      <trkpt lat="31.626685353298534" lon="-8.029811962224176">
        <ele>451.3575309308492</ele>
      </trkpt>
      <trkpt lat="31.626648546231003" lon="-8.029285643512495">
        <ele>452.72457029356235</ele>
      </trkpt>
      <trkpt lat="31.626618659408834" lon="-8.028858280106647">
        <ele>453.0731714749944</ele>
      </trkpt>
      <trkpt lat="31.626589780454836" lon="-8.02833128006279">
        <ele>452.2481216305178</ele>
      </trkpt>
      <trkpt lat="31.626589460904853" lon="-8.02832544872777">
        <ele>452.24176487277816</ele>
      </trkpt>
      <trkpt lat="31.62659075458771" lon="-8.028112061941926">
        <ele>452.244249947737</ele>
      </trkpt>
      <trkpt lat="31.62660076915253" lon="-8.02790358428561">
        <ele>452.42400422934503</ele>
      </trkpt>
      <trkpt lat="31.6266187830077" lon="-8.027649229559131">
        <ele>452.6799539299374</ele>
      </trkpt>
      <trkpt lat="31.62665078016289" lon="-8.02746572127728">
        <ele>452.72778972297624</ele>
      </trkpt>
      <trkpt lat="31.626703316709822" lon="-8.027205609970366">
        <ele>452.4064286219472</ele>
      </trkpt>
      <trkpt lat="31.626852668974834" lon="-8.026707498347314">
        <ele>454.38534498373184</ele>
      </trkpt>
      <trkpt lat="31.627002021239846" lon="-8.026209386724261">
        <ele>454.61202910216565</ele>
      </trkpt>
      <trkpt lat="31.62715137350486" lon="-8.025711275101209">
        <ele>453.02872950874666</ele>
      </trkpt>
      <trkpt lat="31.627198526020592" lon="-8.025554014572606">
        <ele>452.6800573265558</ele>
      </trkpt>
      <trkpt lat="31.627340631446913" lon="-8.02505298396737">
        <ele>453.10680761144073</ele>
      </trkpt>
      <trkpt lat="31.627482736873237" lon="-8.024551953362135">
        <ele>454.62348089739726</ele>
      </trkpt>
      <trkpt lat="31.627624842299557" lon="-8.0240509227569">
        <ele>455.4046960065048</ele>
      </trkpt>
      <trkpt lat="31.627766947725878" lon="-8.023549892151664">
        <ele>456.0999644039116</ele>
      </trkpt>
      <trkpt lat="31.627907022364326" lon="-8.02305602163105">
        <ele>455.485515632481</ele>
      </trkpt>
      <trkpt lat="31.628055921765863" lon="-8.02255771466195">
        <ele>454.8991561679465</ele>
      </trkpt>
      <trkpt lat="31.628204821167405" lon="-8.022059407692852">
        <ele>455.2923891233987</ele>
      </trkpt>
      <trkpt lat="31.628353720568942" lon="-8.021561100723753">
        <ele>455.29411202704495</ele>
      </trkpt>
      <trkpt lat="31.62850261997048" lon="-8.021062793754655">
        <ele>454.4937373119416</ele>
      </trkpt>
      <trkpt lat="31.62865151937202" lon="-8.020564486785556">
        <ele>454.8164123025264</ele>
      </trkpt>
      <trkpt lat="31.628800418773558" lon="-8.020066179816457">
        <ele>455.00016730506866</ele>
      </trkpt>
      <trkpt lat="31.6289493181751" lon="-8.01956787284736">
        <ele>454.85251369571955</ele>
      </trkpt>
      <trkpt lat="31.629098217576637" lon="-8.01906956587826">
        <ele>454.0297280171484</ele>
      </trkpt>
      <trkpt lat="31.629123863236472" lon="-8.01898374007311">
        <ele>453.9996124867584</ele>
      </trkpt>
      <trkpt lat="31.6292695950207" lon="-8.01848413804346">
        <ele>454.2992971890151</ele>
      </trkpt>
      <trkpt lat="31.629415326804928" lon="-8.017984536013811">
        <ele>454.6336838570798</ele>
      </trkpt>
      <trkpt lat="31.629561058589154" lon="-8.01748493398416">
        <ele>454.9530198473723</ele>
      </trkpt>
      <trkpt lat="31.62970679037338" lon="-8.016985331954512">
        <ele>455.10252393123267</ele>
      </trkpt>
      <trkpt lat="31.629793497869088" lon="-8.016688078743272">
        <ele>455.040773043906</ele>
      </trkpt>
      <trkpt lat="31.62990826465763" lon="-8.016393727601923">
        <ele>453.9738418091558</ele>
      </trkpt>
      <trkpt lat="31.630003574980933" lon="-8.016252158787609">
        <ele>453.7962527643202</ele>
      </trkpt>
      <trkpt lat="31.63007643700189" lon="-8.016205010541114">
        <ele>453.99512393788996</ele>
      </trkpt>
      <trkpt lat="31.63015765873334" lon="-8.016137378325567">
        <ele>454.2104993629277</ele>
      </trkpt>
      <trkpt lat="31.630216898648357" lon="-8.016044776734333">
        <ele>454.2950792381778</ele>
      </trkpt>
      <trkpt lat="31.630298841819013" lon="-8.016027930717257">
        <ele>454.1297059403738</ele>
      </trkpt>
      <trkpt lat="31.630298841819013" lon="-8.016027930717257">
        <ele>454.1297059403738</ele>
      </trkpt>
      <trkpt lat="31.630446288127573" lon="-8.016029638262893">
        <ele>453.5433152711031</ele>
      </trkpt>
      <trkpt lat="31.630446288127573" lon="-8.016029638262893">
        <ele>453.5433152711031</ele>
      </trkpt>
      <trkpt lat="31.63088939506628" lon="-8.01611947280824">
        <ele>451.83812578879383</ele>
      </trkpt>
      <trkpt lat="31.63133250200499" lon="-8.016209307353586">
        <ele>454.0115441734725</ele>
      </trkpt>
      <trkpt lat="31.6317756089437" lon="-8.016299141898934">
        <ele>455.9671642309062</ele>
      </trkpt>
      <trkpt lat="31.63221871588241" lon="-8.01638897644428">
        <ele>454.8598058577169</ele>
      </trkpt>
      <trkpt lat="31.63235670981375" lon="-8.016416953036384">
        <ele>454.8980319518887</ele>
      </trkpt>
      <trkpt lat="31.63279700813751" lon="-8.016524158951677">
        <ele>454.8158846690566</ele>
      </trkpt>
      <trkpt lat="31.633237306461265" lon="-8.016631364866972">
        <ele>452.2249110033048</ele>
      </trkpt>
      <trkpt lat="31.633317845427726" lon="-8.016650974874892">
        <ele>451.77519479907085</ele>
      </trkpt>
      <trkpt lat="31.633757229367266" lon="-8.016763238931002">
        <ele>451.54336019733466</ele>
      </trkpt>
      <trkpt lat="31.634196613306802" lon="-8.016875502987114">
        <ele>453.9549154499335</ele>
      </trkpt>
      <trkpt lat="31.634635997246342" lon="-8.016987767043224">
        <ele>455.52186275085006</ele>
      </trkpt>
      <trkpt lat="31.63507538118588" lon="-8.017100031099336">
        <ele>454.20851933406743</ele>
      </trkpt>
      <trkpt lat="31.635514765125418" lon="-8.017212295155446">
        <ele>453.0434705313068</ele>
      </trkpt>
      <trkpt lat="31.635954149064958" lon="-8.017324559211557">
        <ele>457.13920335620674</ele>
      </trkpt>
      <trkpt lat="31.6362375949454" lon="-8.017396980575569">
        <ele>456.3939159562355</ele>
      </trkpt>
      <trkpt lat="31.636678252374786" lon="-8.01750213606273">
        <ele>447.509489045722</ele>
      </trkpt>
      <trkpt lat="31.637118909804173" lon="-8.017607291549892">
        <ele>447.2011587784743</ele>
      </trkpt>
      <trkpt lat="31.63755762841241" lon="-8.017711984369981">
        <ele>448.90376451163354</ele>
      </trkpt>
      <trkpt lat="31.63772258400273" lon="-8.017754471637858">
        <ele>449.2563283747998</ele>
      </trkpt>
      <trkpt lat="31.637945947154478" lon="-8.017798354158117">
        <ele>449.5267856955066</ele>
      </trkpt>
      <trkpt lat="31.638065393642208" lon="-8.017834113318571">
        <ele>449.5056662523383</ele>
      </trkpt>
      <trkpt lat="31.638505458029282" lon="-8.017942643057644">
        <ele>449.4868282126989</ele>
      </trkpt>
      <trkpt lat="31.63894552241636" lon="-8.018051172796719">
        <ele>448.1367439358121</ele>
      </trkpt>
      <trkpt lat="31.639385586803435" lon="-8.018159702535792">
        <ele>448.0453934508514</ele>
      </trkpt>
      <trkpt lat="31.639450815394156" lon="-8.018175789367945">
        <ele>448.4736414808558</ele>
      </trkpt>
      <trkpt lat="31.639890820171974" lon="-8.01828465406314">
        <ele>450.370974434565</ele>
      </trkpt>
      <trkpt lat="31.640330824949796" lon="-8.018393518758334">
        <ele>449.36993077489774</ele>
      </trkpt>
      <trkpt lat="31.640770829727614" lon="-8.018502383453528">
        <ele>449.8147256267266</ele>
      </trkpt>
      <trkpt lat="31.641210834505433" lon="-8.018611248148721">
        <ele>450.93947320950736</ele>
      </trkpt>
      <trkpt lat="31.641532" lon="-8.018699">
        <ele>448.5</ele>
      </trkpt>
      <trkpt lat="31.642657" lon="-8.018967">
        <ele>445.75</ele>
      </trkpt>
      <trkpt lat="31.642964" lon="-8.019039">
        <ele>445</ele>
      </trkpt>
      <trkpt lat="31.643371" lon="-8.019148">
        <ele>444.75</ele>
      </trkpt>
      <trkpt lat="31.643705" lon="-8.019235">
        <ele>444.5</ele>
      </trkpt>
      <trkpt lat="31.643997" lon="-8.019289">
        <ele>444.25</ele>
      </trkpt>
      <trkpt lat="31.64441" lon="-8.019371">
        <ele>444.25</ele>
      </trkpt>
      <trkpt lat="31.644835" lon="-8.019463">
        <ele>444</ele>
      </trkpt>
      <trkpt lat="31.64484" lon="-8.019464">
        <ele>444</ele>
      </trkpt>
      <trkpt lat="31.64497" lon="-8.019488">
        <ele>444</ele>
      </trkpt>
      <trkpt lat="31.645497" lon="-8.01958">
        <ele>443</ele>
      </trkpt>
      <trkpt lat="31.646002" lon="-8.019673">
        <ele>441.75</ele>
      </trkpt>
      <trkpt lat="31.646189" lon="-8.019711">
        <ele>441.25</ele>
      </trkpt>
      <trkpt lat="31.646735" lon="-8.019827">
        <ele>439.75</ele>
      </trkpt>
      <trkpt lat="31.647008" lon="-8.019881">
        <ele>440</ele>
      </trkpt>
      <trkpt lat="31.647039" lon="-8.019886">
        <ele>440.25</ele>
      </trkpt>
      <trkpt lat="31.647333" lon="-8.019944">
        <ele>440.75</ele>
      </trkpt>
      <trkpt lat="31.64857" lon="-8.020178">
        <ele>441</ele>
      </trkpt>
      <trkpt lat="31.649227" lon="-8.02034">
        <ele>439.5</ele>
      </trkpt>
      <trkpt lat="31.649584" lon="-8.020427">
        <ele>439</ele>
      </trkpt>
      <trkpt lat="31.649773" lon="-8.020484">
        <ele>438.5</ele>
      </trkpt>
      <trkpt lat="31.649876" lon="-8.02048">
        <ele>438.25</ele>
      </trkpt>
      <trkpt lat="31.650076" lon="-8.020459">
        <ele>438</ele>
      </trkpt>
      <trkpt lat="31.650117" lon="-8.020447">
        <ele>437.75</ele>
      </trkpt>
      <trkpt lat="31.650146" lon="-8.020448">
        <ele>437.75</ele>
      </trkpt>
      <trkpt lat="31.650159" lon="-8.020448">
        <ele>437.75</ele>
      </trkpt>
      <trkpt lat="31.650187" lon="-8.020456">
        <ele>437.5</ele>
      </trkpt>
      <trkpt lat="31.650359" lon="-8.020445">
        <ele>437</ele>
      </trkpt>
      <trkpt lat="31.650528" lon="-8.020409">
        <ele>436.5</ele>
      </trkpt>
      <trkpt lat="31.65134" lon="-8.02009">
        <ele>434</ele>
      </trkpt>
      <trkpt lat="31.651371" lon="-8.020078">
        <ele>433.75</ele>
      </trkpt>
      <trkpt lat="31.651998" lon="-8.01983">
        <ele>433</ele>
      </trkpt>
      <trkpt lat="31.6527" lon="-8.019556">
        <ele>433.75</ele>
      </trkpt>
      <trkpt lat="31.653367" lon="-8.019299">
        <ele>434.5</ele>
      </trkpt>
      <trkpt lat="31.653671" lon="-8.019164">
        <ele>434.5</ele>
      </trkpt>
      <trkpt lat="31.65372" lon="-8.01914">
        <ele>434.5</ele>
      </trkpt>
      <trkpt lat="31.653854" lon="-8.019085">
        <ele>434.25</ele>
      </trkpt>
      <trkpt lat="31.65389" lon="-8.019071">
        <ele>434.25</ele>
      </trkpt>
      <trkpt lat="31.654044" lon="-8.019019">
        <ele>434</ele>
      </trkpt>
      <trkpt lat="31.654055" lon="-8.018973">
        <ele>434</ele>
      </trkpt>
      <trkpt lat="31.654044" lon="-8.01896">
        <ele>434</ele>
      </trkpt>
      <trkpt lat="31.654055" lon="-8.018973">
        <ele>434</ele>
      </trkpt>
      <trkpt lat="31.654081" lon="-8.018921">
        <ele>434</ele>
      </trkpt>
      <trkpt lat="31.654119" lon="-8.01888">
        <ele>434</ele>
      </trkpt>
      <trkpt lat="31.654165" lon="-8.018853">
        <ele>434</ele>
      </trkpt>
      <trkpt lat="31.65419" lon="-8.018846">
        <ele>434</ele>
      </trkpt>
      <trkpt lat="31.654236" lon="-8.018844">
        <ele>434</ele>
      </trkpt>
      <trkpt lat="31.654281" lon="-8.018856">
        <ele>434</ele>
      </trkpt>
      <trkpt lat="31.654296" lon="-8.018854">
        <ele>434</ele>
      </trkpt>
      <trkpt lat="31.654508" lon="-8.018825">
        <ele>434</ele>
      </trkpt>
      <trkpt lat="31.654619" lon="-8.018785">
        <ele>434</ele>
      </trkpt>
      <trkpt lat="31.654946" lon="-8.018668">
        <ele>434.25</ele>
      </trkpt>
      <trkpt lat="31.655312" lon="-8.018536">
        <ele>434.25</ele>
      </trkpt>
      <trkpt lat="31.656747" lon="-8.017979">
        <ele>433.5</ele>
      </trkpt>
      <trkpt lat="31.657278" lon="-8.017733">
        <ele>434</ele>
      </trkpt>
      <trkpt lat="31.657881" lon="-8.017344">
        <ele>433</ele>
      </trkpt>
      <trkpt lat="31.658106" lon="-8.017173">
        <ele>432.5</ele>
      </trkpt>
      <trkpt lat="31.658134" lon="-8.017152">
        <ele>432.5</ele>
      </trkpt>
      <trkpt lat="31.65816" lon="-8.017112">
        <ele>432.5</ele>
      </trkpt>
      <trkpt lat="31.658185" lon="-8.017092">
        <ele>432.25</ele>
      </trkpt>
      <trkpt lat="31.658221" lon="-8.01708">
        <ele>432.25</ele>
      </trkpt>
      <trkpt lat="31.658258" lon="-8.017084">
        <ele>431.75</ele>
      </trkpt>
      <trkpt lat="31.658545" lon="-8.016909">
        <ele>431.75</ele>
      </trkpt>
      <trkpt lat="31.661216" lon="-8.015114">
        <ele>431</ele>
      </trkpt>
      <trkpt lat="31.661441" lon="-8.014962">
        <ele>431</ele>
      </trkpt>
      <trkpt lat="31.661465" lon="-8.014946">
        <ele>431</ele>
      </trkpt>
      <trkpt lat="31.663154" lon="-8.01383">
        <ele>431</ele>
      </trkpt>
      <trkpt lat="31.663313" lon="-8.013724">
        <ele>431</ele>
      </trkpt>
      <trkpt lat="31.663408" lon="-8.013661">
        <ele>431</ele>
      </trkpt>
      <trkpt lat="31.663432" lon="-8.013645">
        <ele>431</ele>
      </trkpt>
      <trkpt lat="31.664492" lon="-8.012922">
        <ele>429.5</ele>
      </trkpt>
      <trkpt lat="31.664766" lon="-8.012737">
        <ele>428.75</ele>
      </trkpt>
      <trkpt lat="31.665419" lon="-8.012297">
        <ele>427.25</ele>
      </trkpt>
      <trkpt lat="31.665641" lon="-8.012148">
        <ele>426.5</ele>
      </trkpt>
      <trkpt lat="31.666023" lon="-8.011885">
        <ele>424.75</ele>
      </trkpt>
      <trkpt lat="31.666781" lon="-8.011364">
        <ele>422</ele>
      </trkpt>
      <trkpt lat="31.666841" lon="-8.011322">
        <ele>421.5</ele>
      </trkpt>
      <trkpt lat="31.666875" lon="-8.011299">
        <ele>421.5</ele>
      </trkpt>
      <trkpt lat="31.666932" lon="-8.011261">
        <ele>421.5</ele>
      </trkpt>
      <trkpt lat="31.667047" lon="-8.011185">
        <ele>421</ele>
      </trkpt>
      <trkpt lat="31.667052" lon="-8.011136">
        <ele>421</ele>
      </trkpt>
      <trkpt lat="31.667054" lon="-8.01112">
        <ele>421</ele>
      </trkpt>
      <trkpt lat="31.667075" lon="-8.011069">
        <ele>420.75</ele>
      </trkpt>
      <trkpt lat="31.667108" lon="-8.011027">
        <ele>420.75</ele>
      </trkpt>
      <trkpt lat="31.667149" lon="-8.010997">
        <ele>420.5</ele>
      </trkpt>
      <trkpt lat="31.667197" lon="-8.010983">
        <ele>420.5</ele>
      </trkpt>
      <trkpt lat="31.667246" lon="-8.010985">
        <ele>420.5</ele>
      </trkpt>
      <trkpt lat="31.667293" lon="-8.011004">
        <ele>420.5</ele>
      </trkpt>
      <trkpt lat="31.667451" lon="-8.010894">
        <ele>420</ele>
      </trkpt>
      <trkpt lat="31.667482" lon="-8.010873">
        <ele>420</ele>
      </trkpt>
      <trkpt lat="31.667801" lon="-8.010678">
        <ele>418.75</ele>
      </trkpt>
      <trkpt lat="31.668387" lon="-8.010287">
        <ele>417.75</ele>
      </trkpt>
      <trkpt lat="31.668613" lon="-8.01008">
        <ele>418</ele>
      </trkpt>
      <trkpt lat="31.669125" lon="-8.009479">
        <ele>418</ele>
      </trkpt>
      <trkpt lat="31.669169" lon="-8.009427">
        <ele>418.25</ele>
      </trkpt>
      <trkpt lat="31.670126" lon="-8.00843">
        <ele>420.5</ele>
      </trkpt>
      <trkpt lat="31.671518" lon="-8.006998">
        <ele>419.75</ele>
      </trkpt>
      <trkpt lat="31.671627" lon="-8.006883">
        <ele>419.25</ele>
      </trkpt>
      <trkpt lat="31.671749" lon="-8.006746">
        <ele>418.5</ele>
      </trkpt>
      <trkpt lat="31.67234" lon="-8.006113">
        <ele>418.5</ele>
      </trkpt>
      <trkpt lat="31.673427" lon="-8.004948">
        <ele>418.75</ele>
      </trkpt>
      <trkpt lat="31.673898" lon="-8.004454">
        <ele>417</ele>
      </trkpt>
      <trkpt lat="31.674288" lon="-8.004045">
        <ele>415.75</ele>
      </trkpt>
      <trkpt lat="31.675085" lon="-8.003171">
        <ele>414</ele>
      </trkpt>
      <trkpt lat="31.676257" lon="-8.001914">
        <ele>413.5</ele>
      </trkpt>
      <trkpt lat="31.676658" lon="-8.00149">
        <ele>413.75</ele>
      </trkpt>
      <trkpt lat="31.67681" lon="-8.001328">
        <ele>413.75</ele>
      </trkpt>
      <trkpt lat="31.676825" lon="-8.001267">
        <ele>413.75</ele>
      </trkpt>
      <trkpt lat="31.676844" lon="-8.001244">
        <ele>413.75</ele>
      </trkpt>
      <trkpt lat="31.676868" lon="-8.001229">
        <ele>413.75</ele>
      </trkpt>
      <trkpt lat="31.676895" lon="-8.001222">
        <ele>413.75</ele>
      </trkpt>
      <trkpt lat="31.676989" lon="-8.001122">
        <ele>413.75</ele>
      </trkpt>
      <trkpt lat="31.677327" lon="-8.000761">
        <ele>413.75</ele>
      </trkpt>
      <trkpt lat="31.677723" lon="-8.000336">
        <ele>412.5</ele>
      </trkpt>
      <trkpt lat="31.677787" lon="-8.000264">
        <ele>412.25</ele>
      </trkpt>
      <trkpt lat="31.6779" lon="-8.000142">
        <ele>412</ele>
      </trkpt>
      <trkpt lat="31.678013" lon="-8.000023">
        <ele>412</ele>
      </trkpt>
      <trkpt lat="31.67808" lon="-7.999952">
        <ele>412</ele>
      </trkpt>
      <trkpt lat="31.678388" lon="-7.999634">
        <ele>411.75</ele>
      </trkpt>
      <trkpt lat="31.678495" lon="-7.999519">
        <ele>411.5</ele>
      </trkpt>
      <trkpt lat="31.678806" lon="-7.999181">
        <ele>411.25</ele>
      </trkpt>
      <trkpt lat="31.679239" lon="-7.99871">
        <ele>410.25</ele>
      </trkpt>
      <trkpt lat="31.679956" lon="-7.997931">
        <ele>410</ele>
      </trkpt>
      <trkpt lat="31.68002" lon="-7.997855">
        <ele>409.75</ele>
      </trkpt>
      <trkpt lat="31.680216" lon="-7.997625">
        <ele>409.5</ele>
      </trkpt>
      <trkpt lat="31.680199" lon="-7.997553">
        <ele>409.5</ele>
      </trkpt>
      <trkpt lat="31.680199" lon="-7.997478">
        <ele>409.75</ele>
      </trkpt>
      <trkpt lat="31.680216" lon="-7.997406">
        <ele>409.5</ele>
      </trkpt>
      <trkpt lat="31.680249" lon="-7.997342">
        <ele>409.5</ele>
      </trkpt>
      <trkpt lat="31.680296" lon="-7.997291">
        <ele>409.5</ele>
      </trkpt>
      <trkpt lat="31.680307" lon="-7.997284">
        <ele>409.25</ele>
      </trkpt>
      <trkpt lat="31.680352" lon="-7.997256">
        <ele>409.25</ele>
      </trkpt>
      <trkpt lat="31.680415" lon="-7.997241">
        <ele>409.25</ele>
      </trkpt>
      <trkpt lat="31.680478" lon="-7.997246">
        <ele>409.25</ele>
      </trkpt>
      <trkpt lat="31.680538" lon="-7.997271">
        <ele>409</ele>
      </trkpt>
      <trkpt lat="31.680661" lon="-7.99716">
        <ele>408.75</ele>
      </trkpt>
      <trkpt lat="31.680729" lon="-7.997099">
        <ele>408.5</ele>
      </trkpt>
      <trkpt lat="31.680943" lon="-7.996881">
        <ele>408.25</ele>
      </trkpt>
      <trkpt lat="31.681302" lon="-7.996494">
        <ele>408.25</ele>
      </trkpt>
      <trkpt lat="31.681351" lon="-7.996442">
        <ele>408.5</ele>
      </trkpt>
      <trkpt lat="31.682448" lon="-7.995276">
        <ele>407.5</ele>
      </trkpt>
      <trkpt lat="31.68261" lon="-7.995106">
        <ele>407.25</ele>
      </trkpt>
      <trkpt lat="31.683023" lon="-7.994713">
        <ele>408.5</ele>
      </trkpt>
      <trkpt lat="31.68326" lon="-7.994508">
        <ele>409.25</ele>
      </trkpt>
      <trkpt lat="31.68346" lon="-7.994355">
        <ele>409.5</ele>
      </trkpt>
      <trkpt lat="31.683606" lon="-7.994248">
        <ele>409.25</ele>
      </trkpt>
      <trkpt lat="31.683832" lon="-7.994082">
        <ele>409</ele>
      </trkpt>
      <trkpt lat="31.684073" lon="-7.993914">
        <ele>408.5</ele>
      </trkpt>
      <trkpt lat="31.685568" lon="-7.99287">
        <ele>405.25</ele>
      </trkpt>
      <trkpt lat="31.68559" lon="-7.992822">
        <ele>405</ele>
      </trkpt>
      <trkpt lat="31.68563" lon="-7.992732">
        <ele>404.75</ele>
      </trkpt>
      <trkpt lat="31.685668" lon="-7.992581">
        <ele>404.5</ele>
      </trkpt>
      <trkpt lat="31.685711" lon="-7.992415">
        <ele>404.25</ele>
      </trkpt>
      <trkpt lat="31.685723" lon="-7.992329">
        <ele>404.25</ele>
      </trkpt>
      <trkpt lat="31.685723" lon="-7.992241">
        <ele>404.25</ele>
      </trkpt>
      <trkpt lat="31.685713" lon="-7.992138">
        <ele>404.25</ele>
      </trkpt>
      <trkpt lat="31.685698" lon="-7.992056">
        <ele>404.25</ele>
      </trkpt>
      <trkpt lat="31.685666" lon="-7.99198">
        <ele>404.25</ele>
      </trkpt>
      <trkpt lat="31.685653" lon="-7.991948">
        <ele>404.25</ele>
      </trkpt>
      <trkpt lat="31.685488" lon="-7.991802">
        <ele>404.75</ele>
      </trkpt>
      <trkpt lat="31.6854" lon="-7.991697">
        <ele>405</ele>
      </trkpt>
      <trkpt lat="31.685295" lon="-7.991614">
        <ele>405.25</ele>
      </trkpt>
      <trkpt lat="31.685155" lon="-7.991519">
        <ele>405.5</ele>
      </trkpt>
      <trkpt lat="31.685124" lon="-7.991504">
        <ele>405.5</ele>
      </trkpt>
      <trkpt lat="31.684997" lon="-7.991437">
        <ele>406</ele>
      </trkpt>
      <trkpt lat="31.684853" lon="-7.991381">
        <ele>406.5</ele>
      </trkpt>
      <trkpt lat="31.684736" lon="-7.99136">
        <ele>407</ele>
      </trkpt>
      <trkpt lat="31.684613" lon="-7.991361">
        <ele>407.5</ele>
      </trkpt>
      <trkpt lat="31.684382" lon="-7.991398">
        <ele>408.75</ele>
      </trkpt>
      <trkpt lat="31.683888" lon="-7.991561">
        <ele>409.5</ele>
      </trkpt>
      <trkpt lat="31.683685" lon="-7.991608">
        <ele>409</ele>
      </trkpt>
      <trkpt lat="31.683547" lon="-7.991634">
        <ele>408.75</ele>
      </trkpt>
      <trkpt lat="31.683439" lon="-7.991644">
        <ele>408.25</ele>
      </trkpt>
      <trkpt lat="31.683437" lon="-7.991644">
        <ele>408.25</ele>
      </trkpt>
      <trkpt lat="31.683293" lon="-7.991646">
        <ele>407.75</ele>
      </trkpt>
      <trkpt lat="31.682944" lon="-7.991606">
        <ele>407.5</ele>
      </trkpt>
      <trkpt lat="31.68246" lon="-7.991515">
        <ele>407</ele>
      </trkpt>
      <trkpt lat="31.681905" lon="-7.991427">
        <ele>407.25</ele>
      </trkpt>
      <trkpt lat="31.681394" lon="-7.991335">
        <ele>407.25</ele>
      </trkpt>
      <trkpt lat="31.681246" lon="-7.991318">
        <ele>407.25</ele>
      </trkpt>
      <trkpt lat="31.681152" lon="-7.991306">
        <ele>407.5</ele>
      </trkpt>
      <trkpt lat="31.680925" lon="-7.991297">
        <ele>407.75</ele>
      </trkpt>
      <trkpt lat="31.680718" lon="-7.991292">
        <ele>408</ele>
      </trkpt>
      <trkpt lat="31.680462" lon="-7.991304">
        <ele>408.5</ele>
      </trkpt>
      <trkpt lat="31.679159" lon="-7.991323">
        <ele>410.5</ele>
      </trkpt>
      <trkpt lat="31.677157" lon="-7.991352">
        <ele>413.75</ele>
      </trkpt>
      <trkpt lat="31.676945" lon="-7.991367">
        <ele>414</ele>
      </trkpt>
      <trkpt lat="31.676856" lon="-7.991364">
        <ele>414</ele>
      </trkpt>
      <trkpt lat="31.676612" lon="-7.991353">
        <ele>414.25</ele>
      </trkpt>
      <trkpt lat="31.676362" lon="-7.991314">
        <ele>414.75</ele>
      </trkpt>
      <trkpt lat="31.676149" lon="-7.991262">
        <ele>415.25</ele>
      </trkpt>
      <trkpt lat="31.675893" lon="-7.991168">
        <ele>415.75</ele>
      </trkpt>
      <trkpt lat="31.675251" lon="-7.990802">
        <ele>416.5</ele>
      </trkpt>
      <trkpt lat="31.675083" lon="-7.990695">
        <ele>416.25</ele>
      </trkpt>
      <trkpt lat="31.675028" lon="-7.990659">
        <ele>416.25</ele>
      </trkpt>
      <trkpt lat="31.674825" lon="-7.990538">
        <ele>415.75</ele>
      </trkpt>
      <trkpt lat="31.67464" lon="-7.990451">
        <ele>415.5</ele>
      </trkpt>
      <trkpt lat="31.674463" lon="-7.990393">
        <ele>415.25</ele>
      </trkpt>
      <trkpt lat="31.674287" lon="-7.990373">
        <ele>415.25</ele>
      </trkpt>
      <trkpt lat="31.674106" lon="-7.99037">
        <ele>415.5</ele>
      </trkpt>
      <trkpt lat="31.673358" lon="-7.99046">
        <ele>418.5</ele>
      </trkpt>
      <trkpt lat="31.672842" lon="-7.99051">
        <ele>419.25</ele>
      </trkpt>
      <trkpt lat="31.672815" lon="-7.99051">
        <ele>419.25</ele>
      </trkpt>
      <trkpt lat="31.670909" lon="-7.990509">
        <ele>421</ele>
      </trkpt>
      <trkpt lat="31.67046" lon="-7.990508">
        <ele>421.5</ele>
      </trkpt>
      <trkpt lat="31.669197" lon="-7.990498">
        <ele>423.75</ele>
      </trkpt>
      <trkpt lat="31.668755" lon="-7.99048">
        <ele>424</ele>
      </trkpt>
      <trkpt lat="31.668525" lon="-7.990458">
        <ele>424</ele>
      </trkpt>
      <trkpt lat="31.668473" lon="-7.990453">
        <ele>424.25</ele>
      </trkpt>
      <trkpt lat="31.667475" lon="-7.990287">
        <ele>425.5</ele>
      </trkpt>
      <trkpt lat="31.667346" lon="-7.990261">
        <ele>425.5</ele>
      </trkpt>
      <trkpt lat="31.666193" lon="-7.990024">
        <ele>427.5</ele>
      </trkpt>
      <trkpt lat="31.665094" lon="-7.989817">
        <ele>428.25</ele>
      </trkpt>
      <trkpt lat="31.664736" lon="-7.989749">
        <ele>428.5</ele>
      </trkpt>
      <trkpt lat="31.664479" lon="-7.989686">
        <ele>429.25</ele>
      </trkpt>
      <trkpt lat="31.664336" lon="-7.989642">
        <ele>429.5</ele>
      </trkpt>
      <trkpt lat="31.664048" lon="-7.989524">
        <ele>430</ele>
      </trkpt>
      <trkpt lat="31.663852" lon="-7.989378">
        <ele>430</ele>
      </trkpt>
      <trkpt lat="31.663709" lon="-7.989253">
        <ele>430.25</ele>
      </trkpt>
      <trkpt lat="31.663606" lon="-7.989151">
        <ele>430.25</ele>
      </trkpt>
      <trkpt lat="31.663575" lon="-7.989119">
        <ele>430.5</ele>
      </trkpt>
      <trkpt lat="31.663419" lon="-7.988898">
        <ele>430.5</ele>
      </trkpt>
      <trkpt lat="31.663192" lon="-7.988516">
        <ele>430</ele>
      </trkpt>
      <trkpt lat="31.662837" lon="-7.987843">
        <ele>430.75</ele>
      </trkpt>
      <trkpt lat="31.662488" lon="-7.987315">
        <ele>432.25</ele>
      </trkpt>
      <trkpt lat="31.662385" lon="-7.987157">
        <ele>433</ele>
      </trkpt>
      <trkpt lat="31.66233" lon="-7.987073">
        <ele>433.5</ele>
      </trkpt>
      <trkpt lat="31.662235" lon="-7.986925">
        <ele>434.5</ele>
      </trkpt>
      <trkpt lat="31.661817" lon="-7.986292">
        <ele>435.75</ele>
      </trkpt>
      <trkpt lat="31.661548" lon="-7.985882">
        <ele>436.75</ele>
      </trkpt>
      <trkpt lat="31.661425" lon="-7.985702">
        <ele>437</ele>
      </trkpt>
      <trkpt lat="31.661255" lon="-7.985489">
        <ele>437.5</ele>
      </trkpt>
      <trkpt lat="31.661056" lon="-7.98528">
        <ele>438</ele>
      </trkpt>
      <trkpt lat="31.660803" lon="-7.985069">
        <ele>438</ele>
      </trkpt>
      <trkpt lat="31.660634" lon="-7.984942">
        <ele>437</ele>
      </trkpt>
      <trkpt lat="31.660556" lon="-7.984891">
        <ele>436.25</ele>
      </trkpt>
      <trkpt lat="31.660496" lon="-7.98485">
        <ele>436</ele>
      </trkpt>
      <trkpt lat="31.660204" lon="-7.9847">
        <ele>434</ele>
      </trkpt>
      <trkpt lat="31.660109" lon="-7.984653">
        <ele>433.5</ele>
      </trkpt>
      <trkpt lat="31.659858" lon="-7.984568">
        <ele>433</ele>
      </trkpt>
      <trkpt lat="31.65946" lon="-7.984486">
        <ele>433.25</ele>
      </trkpt>
      <trkpt lat="31.659158" lon="-7.984459">
        <ele>433.75</ele>
      </trkpt>
      <trkpt lat="31.658839" lon="-7.984452">
        <ele>434.75</ele>
      </trkpt>
      <trkpt lat="31.658474" lon="-7.984483">
        <ele>436</ele>
      </trkpt>
      <trkpt lat="31.658173" lon="-7.984543">
        <ele>436.5</ele>
      </trkpt>
      <trkpt lat="31.655589" lon="-7.985051">
        <ele>441</ele>
      </trkpt>
      <trkpt lat="31.655466" lon="-7.985075">
        <ele>441.25</ele>
      </trkpt>
      <trkpt lat="31.655344" lon="-7.985103">
        <ele>441.25</ele>
      </trkpt>
      <trkpt lat="31.655149" lon="-7.985142">
        <ele>441.25</ele>
      </trkpt>
      <trkpt lat="31.654702" lon="-7.985232">
        <ele>441.5</ele>
      </trkpt>
      <trkpt lat="31.654231" lon="-7.985335">
        <ele>441.25</ele>
      </trkpt>
      <trkpt lat="31.65247" lon="-7.985737">
        <ele>443.5</ele>
      </trkpt>
      <trkpt lat="31.652155" lon="-7.985807">
        <ele>443.5</ele>
      </trkpt>
      <trkpt lat="31.650288" lon="-7.986222">
        <ele>444.25</ele>
      </trkpt>
      <trkpt lat="31.650082" lon="-7.986261">
        <ele>444.5</ele>
      </trkpt>
      <trkpt lat="31.649799" lon="-7.986329">
        <ele>445</ele>
      </trkpt>
      <trkpt lat="31.64949" lon="-7.986403">
        <ele>446</ele>
      </trkpt>
      <trkpt lat="31.648363" lon="-7.986653">
        <ele>445</ele>
      </trkpt>
      <trkpt lat="31.647313" lon="-7.986902">
        <ele>446.75</ele>
      </trkpt>
      <trkpt lat="31.647088" lon="-7.986958">
        <ele>447.5</ele>
      </trkpt>
      <trkpt lat="31.646993" lon="-7.986982">
        <ele>447.75</ele>
      </trkpt>
      <trkpt lat="31.64678" lon="-7.987034">
        <ele>448.5</ele>
      </trkpt>
      <trkpt lat="31.646627" lon="-7.987103">
        <ele>449</ele>
      </trkpt>
      <trkpt lat="31.646239" lon="-7.987224">
        <ele>447.81393023994883</ele>
      </trkpt>
      <trkpt lat="31.64579508900556" lon="-7.987308193925519">
        <ele>448.152158688221</ele>
      </trkpt>
      <trkpt lat="31.64535117801112" lon="-7.987392387851038">
        <ele>449.06368304211696</ele>
      </trkpt>
      <trkpt lat="31.645175480850426" lon="-7.98742571127363">
        <ele>449.5896480286816</ele>
      </trkpt>
      <trkpt lat="31.644770276287105" lon="-7.987509027098525">
        <ele>451.3821235639576</ele>
      </trkpt>
      <trkpt lat="31.64454117306785" lon="-7.9875135177347545">
        <ele>451.99926696920534</ele>
      </trkpt>
      <trkpt lat="31.64428447484609" lon="-7.987511370825246">
        <ele>451.5491218144551</ele>
      </trkpt>
      <trkpt lat="31.643937302688713" lon="-7.987378196491221">
        <ele>450.8624858669915</ele>
      </trkpt>
      <trkpt lat="31.643947" lon="-7.987353">
        <ele>450.75</ele>
      </trkpt>
      <trkpt lat="31.643333" lon="-7.987004">
        <ele>451</ele>
      </trkpt>
      <trkpt lat="31.643201" lon="-7.986922">
        <ele>450.75</ele>
      </trkpt>
      <trkpt lat="31.643131" lon="-7.986877">
        <ele>450.75</ele>
      </trkpt>
      <trkpt lat="31.643062" lon="-7.986816">
        <ele>450.5</ele>
      </trkpt>
      <trkpt lat="31.642971" lon="-7.986719">
        <ele>450</ele>
      </trkpt>
      <trkpt lat="31.642901" lon="-7.986622">
        <ele>450</ele>
      </trkpt>
      <trkpt lat="31.642799" lon="-7.986457">
        <ele>450</ele>
      </trkpt>
      <trkpt lat="31.64271" lon="-7.986236">
        <ele>450.25</ele>
      </trkpt>
      <trkpt lat="31.642602" lon="-7.986001">
        <ele>450.5</ele>
      </trkpt>
      <trkpt lat="31.642544" lon="-7.985884">
        <ele>450.5</ele>
      </trkpt>
      <trkpt lat="31.642217" lon="-7.985211">
        <ele>452</ele>
      </trkpt>
      <trkpt lat="31.642174" lon="-7.985133">
        <ele>452</ele>
      </trkpt>
      <trkpt lat="31.642114" lon="-7.985049">
        <ele>452.25</ele>
      </trkpt>
      <trkpt lat="31.642061" lon="-7.984991">
        <ele>452.5</ele>
      </trkpt>
      <trkpt lat="31.641834" lon="-7.984797">
        <ele>453</ele>
      </trkpt>
      <trkpt lat="31.641797" lon="-7.984765">
        <ele>453.25</ele>
      </trkpt>
      <trkpt lat="31.640567" lon="-7.983706">
        <ele>455.75</ele>
      </trkpt>
      <trkpt lat="31.640517" lon="-7.983651">
        <ele>456</ele>
      </trkpt>
      <trkpt lat="31.640341" lon="-7.983427">
        <ele>456.5</ele>
      </trkpt>
      <trkpt lat="31.639962" lon="-7.982944">
        <ele>456</ele>
      </trkpt>
      <trkpt lat="31.639851" lon="-7.982829">
        <ele>455.75</ele>
      </trkpt>
      <trkpt lat="31.639699" lon="-7.982667">
        <ele>455.75</ele>
      </trkpt>
      <trkpt lat="31.639618" lon="-7.982575">
        <ele>455.5</ele>
      </trkpt>
      <trkpt lat="31.639565" lon="-7.982513">
        <ele>455.5</ele>
      </trkpt>
      <trkpt lat="31.639382" lon="-7.982221">
        <ele>455.25</ele>
      </trkpt>
      <trkpt lat="31.63916" lon="-7.981848">
        <ele>455</ele>
      </trkpt>
      <trkpt lat="31.638811" lon="-7.98126">
        <ele>455.25</ele>
      </trkpt>
      <trkpt lat="31.638728" lon="-7.981138">
        <ele>455.25</ele>
      </trkpt>
      <trkpt lat="31.638727" lon="-7.981135">
        <ele>455.25</ele>
      </trkpt>
      <trkpt lat="31.638634" lon="-7.981011">
        <ele>455.25</ele>
      </trkpt>
      <trkpt lat="31.638476" lon="-7.980815">
        <ele>455</ele>
      </trkpt>
      <trkpt lat="31.638373" lon="-7.980736">
        <ele>455</ele>
      </trkpt>
      <trkpt lat="31.637888" lon="-7.980477">
        <ele>455.75</ele>
      </trkpt>
      <trkpt lat="31.637685" lon="-7.980376">
        <ele>456.25</ele>
      </trkpt>
      <trkpt lat="31.63756" lon="-7.980269">
        <ele>456.5</ele>
      </trkpt>
      <trkpt lat="31.637341" lon="-7.980167">
        <ele>457.5</ele>
      </trkpt>
      <trkpt lat="31.637231" lon="-7.980103">
        <ele>458</ele>
      </trkpt>
      <trkpt lat="31.637064" lon="-7.979977">
        <ele>459</ele>
      </trkpt>
      <trkpt lat="31.636993" lon="-7.979907">
        <ele>459.25</ele>
      </trkpt>
      <trkpt lat="31.636948" lon="-7.979859">
        <ele>459.25</ele>
      </trkpt>
      <trkpt lat="31.63624" lon="-7.979086">
        <ele>459.25</ele>
      </trkpt>
      <trkpt lat="31.636112" lon="-7.978992">
        <ele>459</ele>
      </trkpt>
      <trkpt lat="31.635952" lon="-7.97891">
        <ele>458.75</ele>
      </trkpt>
      <trkpt lat="31.635859" lon="-7.978872">
        <ele>458.5</ele>
      </trkpt>
      <trkpt lat="31.635705" lon="-7.978837">
        <ele>458.75</ele>
      </trkpt>
      <trkpt lat="31.635543" lon="-7.978832">
        <ele>459</ele>
      </trkpt>
      <trkpt lat="31.635388" lon="-7.978848">
        <ele>459.5</ele>
      </trkpt>
      <trkpt lat="31.635201" lon="-7.978853">
        <ele>460.25</ele>
      </trkpt>
      <trkpt lat="31.635097" lon="-7.978845">
        <ele>460.5</ele>
      </trkpt>
      <trkpt lat="31.635024" lon="-7.978839">
        <ele>460.75</ele>
      </trkpt>
      <trkpt lat="31.634862" lon="-7.978809">
        <ele>461.25</ele>
      </trkpt>
      <trkpt lat="31.634691" lon="-7.978763">
        <ele>461.75</ele>
      </trkpt>
      <trkpt lat="31.634583" lon="-7.97872">
        <ele>462</ele>
      </trkpt>
      <trkpt lat="31.634501" lon="-7.978686">
        <ele>462.25</ele>
      </trkpt>
      <trkpt lat="31.634364" lon="-7.978608">
        <ele>462.75</ele>
      </trkpt>
      <trkpt lat="31.634324" lon="-7.978579">
        <ele>462.75</ele>
      </trkpt>
      <trkpt lat="31.634254" lon="-7.978502">
        <ele>463</ele>
      </trkpt>
      <trkpt lat="31.63416" lon="-7.978505">
        <ele>463.25</ele>
      </trkpt>
      <trkpt lat="31.633927" lon="-7.978217">
        <ele>463</ele>
      </trkpt>
      <trkpt lat="31.633689" lon="-7.977989">
        <ele>462.5</ele>
      </trkpt>
      <trkpt lat="31.633589" lon="-7.97787">
        <ele>462.5</ele>
      </trkpt>
      <trkpt lat="31.633496" lon="-7.977747">
        <ele>462.25</ele>
      </trkpt>
      <trkpt lat="31.63286" lon="-7.976753">
        <ele>461.25</ele>
      </trkpt>
      <trkpt lat="31.63278" lon="-7.976611">
        <ele>461.25</ele>
      </trkpt>
      <trkpt lat="31.632675" lon="-7.976416">
        <ele>461.5</ele>
      </trkpt>
      <trkpt lat="31.632609" lon="-7.976294">
        <ele>461.5</ele>
      </trkpt>
      <trkpt lat="31.632514" lon="-7.976092">
        <ele>461.75</ele>
      </trkpt>
      <trkpt lat="31.632472" lon="-7.975992">
        <ele>461.75</ele>
      </trkpt>
      <trkpt lat="31.632421" lon="-7.975869">
        <ele>462.25</ele>
      </trkpt>
      <trkpt lat="31.632294" lon="-7.975503">
        <ele>462.75</ele>
      </trkpt>
      <trkpt lat="31.63201" lon="-7.974614">
        <ele>462.75</ele>
      </trkpt>
      <trkpt lat="31.63192" lon="-7.974413">
        <ele>462.5</ele>
      </trkpt>
      <trkpt lat="31.631871" lon="-7.974313">
        <ele>462.5</ele>
      </trkpt>
      <trkpt lat="31.631766" lon="-7.974148">
        <ele>462.5</ele>
      </trkpt>
      <trkpt lat="31.63168" lon="-7.974043">
        <ele>462.75</ele>
      </trkpt>
      <trkpt lat="31.631584" lon="-7.97395">
        <ele>463</ele>
      </trkpt>
      <trkpt lat="31.631176" lon="-7.973635">
        <ele>464.5</ele>
      </trkpt>
      <trkpt lat="31.630926" lon="-7.973456">
        <ele>464.75</ele>
      </trkpt>
      <trkpt lat="31.630828" lon="-7.973385">
        <ele>465</ele>
      </trkpt>
      <trkpt lat="31.630774" lon="-7.973348">
        <ele>465</ele>
      </trkpt>
      <trkpt lat="31.630576" lon="-7.973229">
        <ele>465</ele>
      </trkpt>
      <trkpt lat="31.630566" lon="-7.973222">
        <ele>465</ele>
      </trkpt>
      <trkpt lat="31.630359" lon="-7.973097">
        <ele>465</ele>
      </trkpt>
      <trkpt lat="31.630204" lon="-7.97302">
        <ele>465</ele>
      </trkpt>
      <trkpt lat="31.630186" lon="-7.973011">
        <ele>465</ele>
      </trkpt>
      <trkpt lat="31.6301" lon="-7.97297">
        <ele>465</ele>
      </trkpt>
      <trkpt lat="31.630067" lon="-7.972952">
        <ele>465</ele>
      </trkpt>
      <trkpt lat="31.630047" lon="-7.972941">
        <ele>465</ele>
      </trkpt>
      <trkpt lat="31.62972" lon="-7.972791">
        <ele>464.75</ele>
      </trkpt>
      <trkpt lat="31.629553" lon="-7.972724">
        <ele>464.5</ele>
      </trkpt>
      <trkpt lat="31.629005" lon="-7.972513">
        <ele>464</ele>
      </trkpt>
      <trkpt lat="31.6287" lon="-7.972386">
        <ele>464.5</ele>
      </trkpt>
      <trkpt lat="31.628583" lon="-7.97233">
        <ele>464.5</ele>
      </trkpt>
      <trkpt lat="31.628469" lon="-7.972265">
        <ele>464.75</ele>
      </trkpt>
      <trkpt lat="31.628007" lon="-7.971962">
        <ele>465.5</ele>
      </trkpt>
      <trkpt lat="31.626995" lon="-7.971285">
        <ele>466</ele>
      </trkpt>
      <trkpt lat="31.626947" lon="-7.971254">
        <ele>466</ele>
      </trkpt>
      <trkpt lat="31.626845" lon="-7.971186">
        <ele>466</ele>
      </trkpt>
      <trkpt lat="31.626493" lon="-7.970983">
        <ele>466.5</ele>
      </trkpt>
      <trkpt lat="31.626086" lon="-7.970842">
        <ele>467.25</ele>
      </trkpt>
      <trkpt lat="31.625969" lon="-7.970814">
        <ele>467.5</ele>
      </trkpt>
      <trkpt lat="31.625717" lon="-7.970795">
        <ele>468</ele>
      </trkpt>
      <trkpt lat="31.625679" lon="-7.970792">
        <ele>468.25</ele>
      </trkpt>
      <trkpt lat="31.625242" lon="-7.970816">
        <ele>469.25</ele>
      </trkpt>
      <trkpt lat="31.625119" lon="-7.970838">
        <ele>469.5</ele>
      </trkpt>
      <trkpt lat="31.625082" lon="-7.970969">
        <ele>469.75</ele>
      </trkpt>
      <trkpt lat="31.625055" lon="-7.971025">
        <ele>469.5</ele>
      </trkpt>
      <trkpt lat="31.624768" lon="-7.971615">
        <ele>469.25</ele>
      </trkpt>
      <trkpt lat="31.624636" lon="-7.971887">
        <ele>469.25</ele>
      </trkpt>
      <trkpt lat="31.624502" lon="-7.972162">
        <ele>469</ele>
      </trkpt>
      <trkpt lat="31.624374" lon="-7.972425">
        <ele>468.5</ele>
      </trkpt>
      <trkpt lat="31.624242" lon="-7.972698">
        <ele>468.25</ele>
      </trkpt>
      <trkpt lat="31.624108" lon="-7.972973">
        <ele>467.75</ele>
      </trkpt>
      <trkpt lat="31.623876" lon="-7.973451">
        <ele>467.75</ele>
      </trkpt>
      <trkpt lat="31.62369" lon="-7.973833">
        <ele>468</ele>
      </trkpt>
      <trkpt lat="31.62359" lon="-7.973974">
        <ele>468</ele>
      </trkpt>
      <trkpt lat="31.623671" lon="-7.974236">
        <ele>468.25</ele>
      </trkpt>
      <trkpt lat="31.62368" lon="-7.974324">
        <ele>468.25</ele>
      </trkpt>
      <trkpt lat="31.623662" lon="-7.974413">
        <ele>468.25</ele>
      </trkpt>
      <trkpt lat="31.623622" lon="-7.974441">
        <ele>468</ele>
      </trkpt>
      <trkpt lat="31.623584" lon="-7.974468">
        <ele>468</ele>
      </trkpt>
      <trkpt lat="31.623525" lon="-7.97449">
        <ele>468</ele>
      </trkpt>
      <trkpt lat="31.623459" lon="-7.97449">
        <ele>468</ele>
      </trkpt>
      <trkpt lat="31.623383" lon="-7.974455">
        <ele>468</ele>
      </trkpt>
      <trkpt lat="31.623301" lon="-7.974391">
        <ele>468</ele>
      </trkpt>
      <trkpt lat="31.623154" lon="-7.974227">
        <ele>468</ele>
      </trkpt>
      <trkpt lat="31.623119" lon="-7.974186">
        <ele>468.25</ele>
      </trkpt>
      <trkpt lat="31.622826" lon="-7.973842">
        <ele>468.5</ele>
      </trkpt>
      <trkpt lat="31.622618" lon="-7.973604">
        <ele>469</ele>
      </trkpt>
      <trkpt lat="31.622547" lon="-7.973522">
        <ele>469.5</ele>
      </trkpt>
      <trkpt lat="31.622282" lon="-7.973251">
        <ele>470.5</ele>
      </trkpt>
      <trkpt lat="31.622011" lon="-7.973065">
        <ele>471.25</ele>
      </trkpt>
      <trkpt lat="31.621799" lon="-7.972937">
        <ele>471.75</ele>
      </trkpt>
      <trkpt lat="31.621541" lon="-7.972781">
        <ele>471.75</ele>
      </trkpt>
      <trkpt lat="31.62134" lon="-7.972652">
        <ele>471.5</ele>
      </trkpt>
      <trkpt lat="31.620533" lon="-7.97216">
        <ele>469.75</ele>
      </trkpt>
      <trkpt lat="31.620239" lon="-7.971981">
        <ele>469.5</ele>
      </trkpt>
      <trkpt lat="31.620029" lon="-7.971806">
        <ele>469.5</ele>
      </trkpt>
      <trkpt lat="31.620001" lon="-7.971775">
        <ele>469.5</ele>
      </trkpt>
      <trkpt lat="31.61992" lon="-7.971724">
        <ele>470</ele>
      </trkpt>
      <trkpt lat="31.619892" lon="-7.971719">
        <ele>470</ele>
      </trkpt>
      <trkpt lat="31.619808" lon="-7.971724">
        <ele>470.25</ele>
      </trkpt>
      <trkpt lat="31.619622" lon="-7.971798">
        <ele>470.5</ele>
      </trkpt>
      <trkpt lat="31.619533" lon="-7.971833">
        <ele>470.75</ele>
      </trkpt>
      <trkpt lat="31.619157" lon="-7.972049">
        <ele>470.5</ele>
      </trkpt>
      <trkpt lat="31.618167" lon="-7.972636">
        <ele>471</ele>
      </trkpt>
      <trkpt lat="31.617442" lon="-7.973127">
        <ele>471.5</ele>
      </trkpt>
      <trkpt lat="31.617064" lon="-7.973429">
        <ele>471.75</ele>
      </trkpt>
      <trkpt lat="31.616913" lon="-7.973549">
        <ele>471.75</ele>
      </trkpt>
      <trkpt lat="31.616411" lon="-7.973991">
        <ele>471.75</ele>
      </trkpt>
      <trkpt lat="31.615899" lon="-7.974472">
        <ele>471.75</ele>
      </trkpt>
      <trkpt lat="31.615472" lon="-7.974923">
        <ele>472</ele>
      </trkpt>
      <trkpt lat="31.61519" lon="-7.975218">
        <ele>472</ele>
      </trkpt>
      <trkpt lat="31.615107" lon="-7.975276">
        <ele>472</ele>
      </trkpt>
      <trkpt lat="31.615101" lon="-7.975279">
        <ele>472</ele>
      </trkpt>
      <trkpt lat="31.615018" lon="-7.975319">
        <ele>472</ele>
      </trkpt>
      <trkpt lat="31.614962" lon="-7.975335">
        <ele>472</ele>
      </trkpt>
      <trkpt lat="31.614761" lon="-7.975359">
        <ele>472.25</ele>
      </trkpt>
      <trkpt lat="31.614723" lon="-7.97535">
        <ele>472.25</ele>
      </trkpt>
      <trkpt lat="31.614645" lon="-7.975309">
        <ele>472.5</ele>
      </trkpt>
      <trkpt lat="31.614635" lon="-7.975333">
        <ele>472.5</ele>
      </trkpt>
      <trkpt lat="31.614593" lon="-7.975395">
        <ele>472.5</ele>
      </trkpt>
      <trkpt lat="31.614518" lon="-7.975434">
        <ele>472.75</ele>
      </trkpt>
      <trkpt lat="31.614462" lon="-7.975439">
        <ele>472.75</ele>
      </trkpt>
      <trkpt lat="31.614425" lon="-7.97543">
        <ele>473</ele>
      </trkpt>
      <trkpt lat="31.614391" lon="-7.975413">
        <ele>473</ele>
      </trkpt>
      <trkpt lat="31.614347" lon="-7.975373">
        <ele>473</ele>
      </trkpt>
      <trkpt lat="31.614235" lon="-7.975334">
        <ele>473.25</ele>
      </trkpt>
      <trkpt lat="31.613627" lon="-7.975018">
        <ele>473</ele>
      </trkpt>
      <trkpt lat="31.613422" lon="-7.974911">
        <ele>473</ele>
      </trkpt>
      <trkpt lat="31.613385" lon="-7.974897">
        <ele>473</ele>
      </trkpt>
      <trkpt lat="31.612914" lon="-7.974743">
        <ele>473.25</ele>
      </trkpt>
      <trkpt lat="31.61264" lon="-7.97465">
        <ele>473</ele>
      </trkpt>
      <trkpt lat="31.61259" lon="-7.974633">
        <ele>473</ele>
      </trkpt>
      <trkpt lat="31.612497" lon="-7.974602">
        <ele>473</ele>
      </trkpt>
      <trkpt lat="31.612352" lon="-7.974556">
        <ele>472.75</ele>
      </trkpt>
      <trkpt lat="31.612014" lon="-7.974448">
        <ele>472.25</ele>
      </trkpt>
      <trkpt lat="31.611794" lon="-7.974376">
        <ele>472</ele>
      </trkpt>
      <trkpt lat="31.61173" lon="-7.974355">
        <ele>471.75</ele>
      </trkpt>
      <trkpt lat="31.611662" lon="-7.974333">
        <ele>471.75</ele>
      </trkpt>
      <trkpt lat="31.610544" lon="-7.973962">
        <ele>474.5</ele>
      </trkpt>
      <trkpt lat="31.610363" lon="-7.973906">
        <ele>475</ele>
      </trkpt>
      <trkpt lat="31.610262" lon="-7.973874">
        <ele>475.25</ele>
      </trkpt>
      <trkpt lat="31.609933" lon="-7.973767">
        <ele>476</ele>
      </trkpt>
      <trkpt lat="31.609807" lon="-7.973725">
        <ele>476.25</ele>
      </trkpt>
      <trkpt lat="31.608359" lon="-7.973257">
        <ele>476.5</ele>
      </trkpt>
      <trkpt lat="31.608175" lon="-7.973194">
        <ele>477.25</ele>
      </trkpt>
      <trkpt lat="31.607934" lon="-7.973115">
        <ele>478.75</ele>
      </trkpt>
      <trkpt lat="31.606723" lon="-7.972722">
        <ele>483.25</ele>
      </trkpt>
      <trkpt lat="31.606377" lon="-7.972605">
        <ele>483.75</ele>
      </trkpt>
      <trkpt lat="31.605704" lon="-7.972388">
        <ele>483.75</ele>
      </trkpt>
      <trkpt lat="31.60507" lon="-7.972184">
        <ele>483</ele>
      </trkpt>
      <trkpt lat="31.604938" lon="-7.972143">
        <ele>483</ele>
      </trkpt>
      <trkpt lat="31.604261" lon="-7.971925">
        <ele>483.25</ele>
      </trkpt>
      <trkpt lat="31.604213" lon="-7.97191">
        <ele>483.25</ele>
      </trkpt>
      <trkpt lat="31.604112" lon="-7.971944">
        <ele>483.25</ele>
      </trkpt>
      <trkpt lat="31.604098" lon="-7.971948">
        <ele>483.25</ele>
      </trkpt>
      <trkpt lat="31.604042" lon="-7.972">
        <ele>483</ele>
      </trkpt>
      <trkpt lat="31.603975" lon="-7.972091">
        <ele>482.75</ele>
      </trkpt>
      <trkpt lat="31.60394" lon="-7.972144">
        <ele>482.75</ele>
      </trkpt>
      <trkpt lat="31.603881" lon="-7.972259">
        <ele>482.5</ele>
      </trkpt>
      <trkpt lat="31.603844" lon="-7.972338">
        <ele>482.5</ele>
      </trkpt>
      <trkpt lat="31.603788" lon="-7.972593">
        <ele>482.5</ele>
      </trkpt>
      <trkpt lat="31.603657" lon="-7.973177">
        <ele>483</ele>
      </trkpt>
      <trkpt lat="31.603573" lon="-7.973558">
        <ele>483.5</ele>
      </trkpt>
      <trkpt lat="31.60309" lon="-7.975894">
        <ele>483.5</ele>
      </trkpt>
      <trkpt lat="31.602289" lon="-7.979965">
        <ele>485</ele>
      </trkpt>
      <trkpt lat="31.602065" lon="-7.981029">
        <ele>484.5</ele>
      </trkpt>
      <trkpt lat="31.601884" lon="-7.981883">
        <ele>484.75</ele>
      </trkpt>
      <trkpt lat="31.601412" lon="-7.984119">
        <ele>483.5</ele>
      </trkpt>
      <trkpt lat="31.601211" lon="-7.985073">
        <ele>484.75</ele>
      </trkpt>
      <trkpt lat="31.601012" lon="-7.986077">
        <ele>483</ele>
      </trkpt>
      <trkpt lat="31.600855" lon="-7.986836">
        <ele>483.5</ele>
      </trkpt>
      <trkpt lat="31.600774" lon="-7.987232">
        <ele>484</ele>
      </trkpt>
      <trkpt lat="31.60081" lon="-7.987459">
        <ele>484</ele>
      </trkpt>
      <trkpt lat="31.600834" lon="-7.987486">
        <ele>483.75</ele>
      </trkpt>
      <trkpt lat="31.600854" lon="-7.98753">
        <ele>483.75</ele>
      </trkpt>
      <trkpt lat="31.600861" lon="-7.987591">
        <ele>483.5</ele>
      </trkpt>
      <trkpt lat="31.60085" lon="-7.98764">
        <ele>483.25</ele>
      </trkpt>
      <trkpt lat="31.600818" lon="-7.987691">
        <ele>483.25</ele>
      </trkpt>
      <trkpt lat="31.600809" lon="-7.987699">
        <ele>483.25</ele>
      </trkpt>
      <trkpt lat="31.600785" lon="-7.987903">
        <ele>482.5</ele>
      </trkpt>
      <trkpt lat="31.600788" lon="-7.988071">
        <ele>481.75</ele>
      </trkpt>
      <trkpt lat="31.60088" lon="-7.988908">
        <ele>481.5</ele>
      </trkpt>
      <trkpt lat="31.600954" lon="-7.989593">
        <ele>481.5241620257969</ele>
      </trkpt>
      <trkpt lat="31.601026938549182" lon="-7.990113953212439">
        <ele>482.97242867893135</ele>
      </trkpt>
      <trkpt lat="31.601038743931582" lon="-7.99019827147697">
        <ele>483.2671423740927</ele>
      </trkpt>
      <trkpt lat="31.60088688648635" lon="-7.990309335855585">
        <ele>483.6702270091052</ele>
      </trkpt>
      <trkpt lat="31.600467556161956" lon="-7.990499940211027">
        <ele>483.90000000000146</ele>
      </trkpt>
      <trkpt lat="31.60004822583756" lon="-7.99069054456647">
        <ele>483.5414923125885</ele>
      </trkpt>
      <trkpt lat="31.599628895513167" lon="-7.990881148921912">
        <ele>483.197351973458</ele>
      </trkpt>
      <trkpt lat="31.599209565188772" lon="-7.991071753277354">
        <ele>483.00000000000006</ele>
      </trkpt>
      <trkpt lat="31.598790234864378" lon="-7.991262357632797">
        <ele>482.9000000000014</ele>
      </trkpt>
      <trkpt lat="31.598370904539983" lon="-7.991452961988239">
        <ele>483.42817354003654</ele>
      </trkpt>
      <trkpt lat="31.59795157421559" lon="-7.991643566343682">
        <ele>483.8561604786212</ele>
      </trkpt>
      <trkpt lat="31.59753224389119" lon="-7.991834170699124">
        <ele>483.6324065125785</ele>
      </trkpt>
      <trkpt lat="31.597112913566797" lon="-7.992024775054566">
        <ele>484.20557020322974</ele>
      </trkpt>
      <trkpt lat="31.596693583242402" lon="-7.992215379410009">
        <ele>485.52921299627127</ele>
      </trkpt>
      <trkpt lat="31.596274252918008" lon="-7.992405983765451">
        <ele>485.90000000000146</ele>
      </trkpt>
      <trkpt lat="31.595854922593613" lon="-7.992596588120893">
        <ele>486.00588055197665</ele>
      </trkpt>
      <trkpt lat="31.59543559226922" lon="-7.992787192476336">
        <ele>487.4175044886305</ele>
      </trkpt>
      <trkpt lat="31.59503867616546" lon="-7.99296760856771">
        <ele>488.67739238506385</ele>
      </trkpt>
      <trkpt lat="31.594878317807257" lon="-7.992913102473324">
        <ele>488.18983194825773</ele>
      </trkpt>
      <trkpt lat="31.594487122874696" lon="-7.992652799169786">
        <ele>488.5653986434458</ele>
      </trkpt>
      <trkpt lat="31.59409592794214" lon="-7.992392495866249">
        <ele>489.12434165654753</ele>
      </trkpt>
      <trkpt lat="31.593704733009577" lon="-7.992132192562711">
        <ele>489</ele>
      </trkpt>
      <trkpt lat="31.59331353807702" lon="-7.9918718892591745">
        <ele>489.7759014441642</ele>
      </trkpt>
      <trkpt lat="31.59292234314446" lon="-7.991611585955637">
        <ele>490.5502097172158</ele>
      </trkpt>
      <trkpt lat="31.5925311482119" lon="-7.991351282652099">
        <ele>490.55570542457167</ele>
      </trkpt>
      <trkpt lat="31.592499046760892" lon="-7.991329922166443">
        <ele>490.5230685407919</ele>
      </trkpt>
      <trkpt lat="31.592468640802437" lon="-7.991404395857899">
        <ele>490.72190175796936</ele>
      </trkpt>
      <trkpt lat="31.592468640802437" lon="-7.991404395857899">
        <ele>490.72190175796936</ele>
      </trkpt>
      <trkpt lat="31.592863749087954" lon="-7.991656421710729">
        <ele>490.75775749595</ele>
      </trkpt>
      <trkpt lat="31.593258857373467" lon="-7.99190844756356">
        <ele>489.9254870513924</ele>
      </trkpt>
      <trkpt lat="31.593653965658984" lon="-7.99216047341639">
        <ele>489</ele>
      </trkpt>
      <trkpt lat="31.594049073944497" lon="-7.9924124992692205">
        <ele>489.1709529638297</ele>
      </trkpt>
      <trkpt lat="31.594444182230013" lon="-7.992664525122051">
        <ele>488.72430410327</ele>
      </trkpt>
      <trkpt lat="31.594839290515527" lon="-7.992916550974882">
        <ele>488.1442587324986</ele>
      </trkpt>
      <trkpt lat="31.595234398801043" lon="-7.993168576827712">
        <ele>490.3180981099067</ele>
      </trkpt>
      <trkpt lat="31.595392517909247" lon="-7.993269435515202">
        <ele>490.1989277683672</ele>
      </trkpt>
      <trkpt lat="31.595405" lon="-7.99324">
        <ele>487.5</ele>
      </trkpt>
      <trkpt lat="31.595548" lon="-7.993324">
        <ele>487.5</ele>
      </trkpt>
      <trkpt lat="31.596274" lon="-7.993811">
        <ele>486</ele>
      </trkpt>
      <trkpt lat="31.59645" lon="-7.993923">
        <ele>485.75</ele>
      </trkpt>
      <trkpt lat="31.597804" lon="-7.994784">
        <ele>485</ele>
      </trkpt>
      <trkpt lat="31.599145" lon="-7.995663">
        <ele>483.75</ele>
      </trkpt>
      <trkpt lat="31.600779" lon="-7.996733">
        <ele>482.75</ele>
      </trkpt>
      <trkpt lat="31.601296" lon="-7.997078">
        <ele>481.75</ele>
      </trkpt>
      <trkpt lat="31.601385" lon="-7.997136">
        <ele>481.75</ele>
      </trkpt>
      <trkpt lat="31.602676" lon="-7.997972">
        <ele>480.75</ele>
      </trkpt>
      <trkpt lat="31.603381" lon="-7.998425">
        <ele>479.75</ele>
      </trkpt>
      <trkpt lat="31.603407" lon="-7.998441">
        <ele>479.75</ele>
      </trkpt>
      <trkpt lat="31.603713" lon="-7.998617">
        <ele>479.5</ele>
      </trkpt>
      <trkpt lat="31.603759" lon="-7.998568">
        <ele>479.25</ele>
      </trkpt>
      <trkpt lat="31.603789" lon="-7.998537">
        <ele>479.25</ele>
      </trkpt>
      <trkpt lat="31.603878" lon="-7.998477">
        <ele>479.25</ele>
      </trkpt>
      <trkpt lat="31.603975" lon="-7.998439">
        <ele>479</ele>
      </trkpt>
      <trkpt lat="31.604076" lon="-7.998425">
        <ele>479</ele>
      </trkpt>
      <trkpt lat="31.604178" lon="-7.998435">
        <ele>478.75</ele>
      </trkpt>
      <trkpt lat="31.604276" lon="-7.998469">
        <ele>478.75</ele>
      </trkpt>
      <trkpt lat="31.604366" lon="-7.998526">
        <ele>478.75</ele>
      </trkpt>
      <trkpt lat="31.604445" lon="-7.998602">
        <ele>478.75</ele>
      </trkpt>
      <trkpt lat="31.604489" lon="-7.998664">
        <ele>478.75</ele>
      </trkpt>
      <trkpt lat="31.604526" lon="-7.998732">
        <ele>478.75</ele>
      </trkpt>
      <trkpt lat="31.604575" lon="-7.998882">
        <ele>478.5</ele>
      </trkpt>
      <trkpt lat="31.604586" lon="-7.998961">
        <ele>478.5</ele>
      </trkpt>
      <trkpt lat="31.604588" lon="-7.999042">
        <ele>478.5</ele>
      </trkpt>
      <trkpt lat="31.60458" lon="-7.999122">
        <ele>478.5</ele>
      </trkpt>
      <trkpt lat="31.604631" lon="-7.999185">
        <ele>478.25</ele>
      </trkpt>
      <trkpt lat="31.604649" lon="-7.999207">
        <ele>478.25</ele>
      </trkpt>
      <trkpt lat="31.60489" lon="-7.999379">
        <ele>477.75</ele>
      </trkpt>
      <trkpt lat="31.605351" lon="-7.999689">
        <ele>478</ele>
      </trkpt>
      <trkpt lat="31.606117" lon="-8.000193">
        <ele>478.25</ele>
      </trkpt>
      <trkpt lat="31.606353" lon="-8.000352">
        <ele>478.25</ele>
      </trkpt>
      <trkpt lat="31.606573" lon="-8.000497">
        <ele>478.25</ele>
      </trkpt>
      <trkpt lat="31.606799" lon="-8.000651">
        <ele>477.75</ele>
      </trkpt>
      <trkpt lat="31.607244" lon="-8.000952">
        <ele>477.25</ele>
      </trkpt>
      <trkpt lat="31.607518" lon="-8.001109">
        <ele>476.5</ele>
      </trkpt>
      <trkpt lat="31.60776" lon="-8.001286">
        <ele>476</ele>
      </trkpt>
      <trkpt lat="31.608436" lon="-8.00174">
        <ele>474.75</ele>
      </trkpt>
      <trkpt lat="31.608671" lon="-8.001905">
        <ele>474.5</ele>
      </trkpt>
      <trkpt lat="31.608883" lon="-8.002031">
        <ele>474.25</ele>
      </trkpt>
      <trkpt lat="31.609956" lon="-8.002743">
        <ele>474.75</ele>
      </trkpt>
      <trkpt lat="31.610013" lon="-8.002781">
        <ele>474.75</ele>
      </trkpt>
      <trkpt lat="31.610035" lon="-8.002795">
        <ele>474.75</ele>
      </trkpt>
      <trkpt lat="31.610121" lon="-8.002852">
        <ele>474.75</ele>
      </trkpt>
      <trkpt lat="31.61018" lon="-8.002891">
        <ele>474.75</ele>
      </trkpt>
      <trkpt lat="31.61022" lon="-8.002917">
        <ele>474.5</ele>
      </trkpt>
      <trkpt lat="31.610665" lon="-8.003215">
        <ele>473.75</ele>
      </trkpt>
      <trkpt lat="31.610863" lon="-8.003347">
        <ele>473.75</ele>
      </trkpt>
      <trkpt lat="31.611337" lon="-8.003651">
        <ele>472.75</ele>
      </trkpt>
      <trkpt lat="31.611872" lon="-8.004001">
        <ele>471.75</ele>
      </trkpt>
      <trkpt lat="31.612155" lon="-8.004177">
        <ele>471.25</ele>
      </trkpt>
      <trkpt lat="31.612348" lon="-8.00426">
        <ele>471</ele>
      </trkpt>
      <trkpt lat="31.612492" lon="-8.004294">
        <ele>470.75</ele>
      </trkpt>
      <trkpt lat="31.612527" lon="-8.004302">
        <ele>470.75</ele>
      </trkpt>
      <trkpt lat="31.612667" lon="-8.004299">
        <ele>470.5</ele>
      </trkpt>
      <trkpt lat="31.61284" lon="-8.004263">
        <ele>470.5</ele>
      </trkpt>
      <trkpt lat="31.613256" lon="-8.004089">
        <ele>470</ele>
      </trkpt>
      <trkpt lat="31.613455" lon="-8.004009">
        <ele>469.75</ele>
      </trkpt>
      <trkpt lat="31.613633" lon="-8.003979">
        <ele>469.75</ele>
      </trkpt>
      <trkpt lat="31.613781" lon="-8.003954">
        <ele>469.75</ele>
      </trkpt>
      <trkpt lat="31.614062" lon="-8.00396">
        <ele>469.75</ele>
      </trkpt>
      <trkpt lat="31.614265" lon="-8.003995">
        <ele>469.5</ele>
      </trkpt>
      <trkpt lat="31.61447" lon="-8.004062">
        <ele>469.5</ele>
      </trkpt>
      <trkpt lat="31.614722" lon="-8.004185">
        <ele>469.25</ele>
      </trkpt>
      <trkpt lat="31.614811" lon="-8.004247">
        <ele>469.25</ele>
      </trkpt>
      <trkpt lat="31.61493" lon="-8.004333">
        <ele>469.25</ele>
      </trkpt>
      <trkpt lat="31.615088" lon="-8.004489">
        <ele>469.25</ele>
      </trkpt>
      <trkpt lat="31.615199" lon="-8.004613">
        <ele>469</ele>
      </trkpt>
      <trkpt lat="31.615405" lon="-8.004932">
        <ele>468.5</ele>
      </trkpt>
      <trkpt lat="31.615478" lon="-8.005084">
        <ele>468</ele>
      </trkpt>
      <trkpt lat="31.615579" lon="-8.005383">
        <ele>467.75</ele>
      </trkpt>
      <trkpt lat="31.615636" lon="-8.005615">
        <ele>467.5</ele>
      </trkpt>
      <trkpt lat="31.615683" lon="-8.005922">
        <ele>467.75</ele>
      </trkpt>
      <trkpt lat="31.615759" lon="-8.00621">
        <ele>468.25</ele>
      </trkpt>
      <trkpt lat="31.615822" lon="-8.006358">
        <ele>468.25</ele>
      </trkpt>
      <trkpt lat="31.615857" lon="-8.006436">
        <ele>468.5</ele>
      </trkpt>
      <trkpt lat="31.615977" lon="-8.006603">
        <ele>468.25</ele>
      </trkpt>
      <trkpt lat="31.616074" lon="-8.006695">
        <ele>468</ele>
      </trkpt>
      <trkpt lat="31.616177" lon="-8.006781">
        <ele>467.75</ele>
      </trkpt>
      <trkpt lat="31.616505" lon="-8.007008">
        <ele>466.5</ele>
      </trkpt>
      <trkpt lat="31.617584" lon="-8.007717">
        <ele>465.5</ele>
      </trkpt>
      <trkpt lat="31.617637" lon="-8.007751">
        <ele>465.5</ele>
      </trkpt>
      <trkpt lat="31.61771" lon="-8.0078">
        <ele>465.5</ele>
      </trkpt>
      <trkpt lat="31.617839" lon="-8.007872">
        <ele>465.5</ele>
      </trkpt>
      <trkpt lat="31.617864" lon="-8.007885">
        <ele>465.5</ele>
      </trkpt>
      <trkpt lat="31.617926" lon="-8.007774">
        <ele>465.25</ele>
      </trkpt>
      <trkpt lat="31.617929" lon="-8.00777">
        <ele>465.25</ele>
      </trkpt>
      <trkpt lat="31.617928" lon="-8.007771">
        <ele>465.25</ele>
      </trkpt>
      <trkpt lat="31.617943" lon="-8.007751">
        <ele>465.25</ele>
      </trkpt>
      <trkpt lat="31.618063" lon="-8.007577">
        <ele>465</ele>
      </trkpt>
      <trkpt lat="31.618285" lon="-8.007046">
        <ele>465.5</ele>
      </trkpt>
      <trkpt lat="31.618608" lon="-8.006339">
        <ele>466.5</ele>
      </trkpt>
      <trkpt lat="31.618657" lon="-8.006221">
        <ele>466.5</ele>
      </trkpt>
      <trkpt lat="31.618763" lon="-8.005947">
        <ele>466.75</ele>
      </trkpt>
      <trkpt lat="31.619006" lon="-8.005405">
        <ele>466.75</ele>
      </trkpt>
      <trkpt lat="31.619397" lon="-8.004471">
        <ele>467.5</ele>
      </trkpt>
      <trkpt lat="31.619506" lon="-8.004216">
        <ele>467.75</ele>
      </trkpt>
      <trkpt lat="31.619555" lon="-8.004099">
        <ele>467.75</ele>
      </trkpt>
      <trkpt lat="31.619776" lon="-8.003569">
        <ele>467.25</ele>
      </trkpt>
    </trkseg>
  </trk>
</gpx>
