<?xml version="1.0" encoding="UTF-8"?>
<gpx creator="StravaGPX" version="1.1" xmlns="http://www.topografix.com/GPX/1/1" xmlns:xsi="http://www.w3.org/2001/XMLSchema-instance" xsi:schemaLocation="http://www.topografix.com/GPX/1/1 http://www.topografix.com/GPX/1/1/gpx.xsd">
 <metadata>
  <name>Marathon International de la Côte d'Amour Amarris</name>
  <desc>Nota : le parcours est mesuré officiellement par des juges arbitres de la FFA (42,195km). L'affichage Strava ne tient pas compte des trajectoires de course et annonce une distance inexacte.</desc>
  <author>
   <name>Marathon International de la Côte d'Amour</name>
   <link href="https://www.strava.com/athletes/122628277"/>
  </author>
  <copyright author="OpenStreetMap contributors">
   <year>2020</year>
   <license>https://www.openstreetmap.org/copyright</license>
  </copyright>
  <link href="https://www.strava.com/routes/3375062778444223746"/>
 </metadata>
 <trk>
  <name>Marathon International de la Côte d'Amour Amarris</name>
  <desc>Nota : le parcours est mesuré officiellement par des juges arbitres de la FFA (42,195km). L'affichage Strava ne tient pas compte des trajectoires de course et annonce une distance inexacte.</desc>
  <link href="https://www.strava.com/routes/3375062778444223746"/>
  <type>running</type>
  <trkseg>
   <trkpt lat="47.2807" lon="-2.3831300000000004">
    <ele>8.040000000000001</ele>
   </trkpt>
   <trkpt lat="47.280800000000006" lon="-2.38368">
    <ele>7.94</ele>
   </trkpt>
   <trkpt lat="47.2809" lon="-2.3842800000000004">
    <ele>7.8500000000000005</ele>
   </trkpt>
   <trkpt lat="47.281040000000004" lon="-2.3851">
    <ele>7.86</ele>
   </trkpt>
   <trkpt lat="47.28117" lon="-2.38615">
    <ele>7.660000000000001</ele>
   </trkpt>
   <trkpt lat="47.28124500298854" lon="-2.386979998736741">
    <ele>7.44</ele>
   </trkpt>
   <trkpt lat="47.28132" lon="-2.38781">
    <ele>7.280000000000001</ele>
   </trkpt>
   <trkpt lat="47.281380000000006" lon="-2.3884100000000004">
    <ele>7.36</ele>
   </trkpt>
   <trkpt lat="47.28145000000001" lon="-2.38898">
    <ele>7.53</ele>
   </trkpt>
   <trkpt lat="47.28161" lon="-2.3896800000000002">
    <ele>8.010000000000002</ele>
   </trkpt>
   <trkpt lat="47.2817" lon="-2.39067">
    <ele>8.350000000000001</ele>
   </trkpt>
   <trkpt lat="47.281755003538834" lon="-2.391569999321948">
    <ele>8.33</ele>
   </trkpt>
   <trkpt lat="47.28181000000001" lon="-2.3924700000000003">
    <ele>8.280000000000001</ele>
   </trkpt>
   <trkpt lat="47.28182" lon="-2.3929300000000002">
    <ele>8.31</ele>
   </trkpt>
   <trkpt lat="47.28183000000001" lon="-2.3936100000000002">
    <ele>8.25</ele>
   </trkpt>
   <trkpt lat="47.28184" lon="-2.39466">
    <ele>8.280000000000001</ele>
   </trkpt>
   <trkpt lat="47.28182" lon="-2.3955900000000003">
    <ele>8.14</ele>
   </trkpt>
   <trkpt lat="47.28182" lon="-2.3956000000000004">
    <ele>8.14</ele>
   </trkpt>
   <trkpt lat="47.28180000241547" lon="-2.3963450002299815">
    <ele>8.14</ele>
   </trkpt>
   <trkpt lat="47.281780000000005" lon="-2.3970900000000004">
    <ele>8.290000000000001</ele>
   </trkpt>
   <trkpt lat="47.28172000000001" lon="-2.3980200000000003">
    <ele>8.270000000000001</ele>
   </trkpt>
   <trkpt lat="47.28172000000001" lon="-2.3980300000000003">
    <ele>8.270000000000001</ele>
   </trkpt>
   <trkpt lat="47.28163000000001" lon="-2.39929">
    <ele>7.98</ele>
   </trkpt>
   <trkpt lat="47.28163000000001" lon="-2.39977">
    <ele>7.98</ele>
   </trkpt>
   <trkpt lat="47.281620000000004" lon="-2.3999">
    <ele>7.99</ele>
   </trkpt>
   <trkpt lat="47.28166" lon="-2.40001">
    <ele>7.99</ele>
   </trkpt>
   <trkpt lat="47.28163000000001" lon="-2.4001">
    <ele>7.9700000000000015</ele>
   </trkpt>
   <trkpt lat="47.281580000000005" lon="-2.4001200000000003">
    <ele>7.9700000000000015</ele>
   </trkpt>
   <trkpt lat="47.281580000000005" lon="-2.40025">
    <ele>7.92</ele>
   </trkpt>
   <trkpt lat="47.28148000452833" lon="-2.401270001896263">
    <ele>7.680000000000001</ele>
   </trkpt>
   <trkpt lat="47.281380000000006" lon="-2.4022900000000003">
    <ele>7.580000000000001</ele>
   </trkpt>
   <trkpt lat="47.281380000000006" lon="-2.4023000000000003">
    <ele>7.580000000000001</ele>
   </trkpt>
   <trkpt lat="47.28125000000001" lon="-2.40349">
    <ele>7.390000000000001</ele>
   </trkpt>
   <trkpt lat="47.28114" lon="-2.4042800000000004">
    <ele>7.17</ele>
   </trkpt>
   <trkpt lat="47.281090000000006" lon="-2.4043900000000002">
    <ele>7.17</ele>
   </trkpt>
   <trkpt lat="47.28094" lon="-2.4046700000000003">
    <ele>7.150000000000001</ele>
   </trkpt>
   <trkpt lat="47.28094" lon="-2.4046800000000004">
    <ele>7.150000000000001</ele>
   </trkpt>
   <trkpt lat="47.28079" lon="-2.4049500000000004">
    <ele>7.04</ele>
   </trkpt>
   <trkpt lat="47.28074" lon="-2.40513">
    <ele>7.04</ele>
   </trkpt>
   <trkpt lat="47.28056" lon="-2.4060200000000003">
    <ele>6.880000000000001</ele>
   </trkpt>
   <trkpt lat="47.280550000000005" lon="-2.4062200000000002">
    <ele>6.890000000000001</ele>
   </trkpt>
   <trkpt lat="47.280640000000005" lon="-2.40673">
    <ele>6.94</ele>
   </trkpt>
   <trkpt lat="47.280620000000006" lon="-2.4070300000000002">
    <ele>6.91</ele>
   </trkpt>
   <trkpt lat="47.28038" lon="-2.40817">
    <ele>6.620000000000001</ele>
   </trkpt>
   <trkpt lat="47.280370000000005" lon="-2.4082600000000003">
    <ele>6.620000000000001</ele>
   </trkpt>
   <trkpt lat="47.280440000000006" lon="-2.40837">
    <ele>6.620000000000001</ele>
   </trkpt>
   <trkpt lat="47.28051000000001" lon="-2.40858">
    <ele>6.620000000000001</ele>
   </trkpt>
   <trkpt lat="47.28058" lon="-2.4087500000000004">
    <ele>6.620000000000001</ele>
   </trkpt>
   <trkpt lat="47.28078000000001" lon="-2.4090900000000004">
    <ele>6.620000000000001</ele>
   </trkpt>
   <trkpt lat="47.28088" lon="-2.4092900000000004">
    <ele>6.5200000000000005</ele>
   </trkpt>
   <trkpt lat="47.28081" lon="-2.4096200000000003">
    <ele>6.36</ele>
   </trkpt>
   <trkpt lat="47.280710000000006" lon="-2.41">
    <ele>5.630000000000001</ele>
   </trkpt>
   <trkpt lat="47.280710000000006" lon="-2.4101100000000004">
    <ele>5.630000000000001</ele>
   </trkpt>
   <trkpt lat="47.280620000000006" lon="-2.41046">
    <ele>5.24</ele>
   </trkpt>
   <trkpt lat="47.280620000000006" lon="-2.41047">
    <ele>5.23</ele>
   </trkpt>
   <trkpt lat="47.28058" lon="-2.4106400000000003">
    <ele>5.08</ele>
   </trkpt>
   <trkpt lat="47.28054" lon="-2.4107000000000003">
    <ele>5.08</ele>
   </trkpt>
   <trkpt lat="47.28049" lon="-2.41086">
    <ele>5.03</ele>
   </trkpt>
   <trkpt lat="47.280440000000006" lon="-2.4111800000000003">
    <ele>5.08</ele>
   </trkpt>
   <trkpt lat="47.280440000000006" lon="-2.4111900000000004">
    <ele>5.08</ele>
   </trkpt>
   <trkpt lat="47.28032" lon="-2.4118700000000004">
    <ele>5.19</ele>
   </trkpt>
   <trkpt lat="47.28002" lon="-2.4130900000000004">
    <ele>6.07</ele>
   </trkpt>
   <trkpt lat="47.27994000202054" lon="-2.413770000948902">
    <ele>6.24</ele>
   </trkpt>
   <trkpt lat="47.279860000000006" lon="-2.41445">
    <ele>6.24</ele>
   </trkpt>
   <trkpt lat="47.27982" lon="-2.41462">
    <ele>6.2</ele>
   </trkpt>
   <trkpt lat="47.27982" lon="-2.4146300000000003">
    <ele>6.2</ele>
   </trkpt>
   <trkpt lat="47.27976" lon="-2.41488">
    <ele>6.2</ele>
   </trkpt>
   <trkpt lat="47.27966000000001" lon="-2.41515">
    <ele>6.04</ele>
   </trkpt>
   <trkpt lat="47.279520000000005" lon="-2.41549">
    <ele>5.78</ele>
   </trkpt>
   <trkpt lat="47.279410000000006" lon="-2.4157">
    <ele>5.33</ele>
   </trkpt>
   <trkpt lat="47.279410000000006" lon="-2.4157100000000002">
    <ele>5.32</ele>
   </trkpt>
   <trkpt lat="47.27895500347062" lon="-2.4166100078433668">
    <ele>4.95</ele>
   </trkpt>
   <trkpt lat="47.2785" lon="-2.41751">
    <ele>5.08</ele>
   </trkpt>
   <trkpt lat="47.278040000000004" lon="-2.41859">
    <ele>5.3500000000000005</ele>
   </trkpt>
   <trkpt lat="47.277890000000006" lon="-2.4189800000000004">
    <ele>5.37</ele>
   </trkpt>
   <trkpt lat="47.277820000000006" lon="-2.41921">
    <ele>5.34</ele>
   </trkpt>
   <trkpt lat="47.277820000000006" lon="-2.41922">
    <ele>5.34</ele>
   </trkpt>
   <trkpt lat="47.277640000000005" lon="-2.4198000000000004">
    <ele>5.13</ele>
   </trkpt>
   <trkpt lat="47.27749000000001" lon="-2.42036">
    <ele>4.6000000000000005</ele>
   </trkpt>
   <trkpt lat="47.277370000000005" lon="-2.42104">
    <ele>4.37</ele>
   </trkpt>
   <trkpt lat="47.277350000000006" lon="-2.42131">
    <ele>4.37</ele>
   </trkpt>
   <trkpt lat="47.277370000000005" lon="-2.4224">
    <ele>3.95</ele>
   </trkpt>
   <trkpt lat="47.27741" lon="-2.42316">
    <ele>3.91</ele>
   </trkpt>
   <trkpt lat="47.277460000000005" lon="-2.42362">
    <ele>3.8400000000000003</ele>
   </trkpt>
   <trkpt lat="47.27763" lon="-2.42462">
    <ele>3.73</ele>
   </trkpt>
   <trkpt lat="47.277840000000005" lon="-2.42525">
    <ele>3.69</ele>
   </trkpt>
   <trkpt lat="47.27808" lon="-2.42591">
    <ele>3.91</ele>
   </trkpt>
   <trkpt lat="47.278180000000006" lon="-2.42639">
    <ele>4.390000000000001</ele>
   </trkpt>
   <trkpt lat="47.27826" lon="-2.42701">
    <ele>5.17</ele>
   </trkpt>
   <trkpt lat="47.27823" lon="-2.4270500000000004">
    <ele>5.3500000000000005</ele>
   </trkpt>
   <trkpt lat="47.278220000000005" lon="-2.42709">
    <ele>5.3500000000000005</ele>
   </trkpt>
   <trkpt lat="47.27826" lon="-2.42716">
    <ele>5.3500000000000005</ele>
   </trkpt>
   <trkpt lat="47.27826" lon="-2.42727">
    <ele>5.55</ele>
   </trkpt>
   <trkpt lat="47.2783" lon="-2.42815">
    <ele>5.48</ele>
   </trkpt>
   <trkpt lat="47.27835" lon="-2.42816">
    <ele>5.48</ele>
   </trkpt>
   <trkpt lat="47.27837" lon="-2.4282600000000003">
    <ele>5.24</ele>
   </trkpt>
   <trkpt lat="47.278560000000006" lon="-2.42822">
    <ele>4.74</ele>
   </trkpt>
   <trkpt lat="47.27935" lon="-2.4281400000000004">
    <ele>3.68</ele>
   </trkpt>
   <trkpt lat="47.27998" lon="-2.42801">
    <ele>3.67</ele>
   </trkpt>
   <trkpt lat="47.28013000000001" lon="-2.42803">
    <ele>3.67</ele>
   </trkpt>
   <trkpt lat="47.28031000000001" lon="-2.4281300000000003">
    <ele>3.67</ele>
   </trkpt>
   <trkpt lat="47.280460000000005" lon="-2.4283400000000004">
    <ele>3.5700000000000003</ele>
   </trkpt>
   <trkpt lat="47.28054" lon="-2.42849">
    <ele>3.5700000000000003</ele>
   </trkpt>
   <trkpt lat="47.28081" lon="-2.42883">
    <ele>3.5</ele>
   </trkpt>
   <trkpt lat="47.28096" lon="-2.42898">
    <ele>3.58</ele>
   </trkpt>
   <trkpt lat="47.280930000000005" lon="-2.42923">
    <ele>3.75</ele>
   </trkpt>
   <trkpt lat="47.28107000000001" lon="-2.4301700000000004">
    <ele>3.7900000000000005</ele>
   </trkpt>
   <trkpt lat="47.281090000000006" lon="-2.4304400000000004">
    <ele>3.7800000000000002</ele>
   </trkpt>
   <trkpt lat="47.281110000000005" lon="-2.43059">
    <ele>3.7800000000000002</ele>
   </trkpt>
   <trkpt lat="47.28107000000001" lon="-2.4309700000000003">
    <ele>3.85</ele>
   </trkpt>
   <trkpt lat="47.28097" lon="-2.43115">
    <ele>3.85</ele>
   </trkpt>
   <trkpt lat="47.28098000000001" lon="-2.43127">
    <ele>3.89</ele>
   </trkpt>
   <trkpt lat="47.28094" lon="-2.43133">
    <ele>3.9000000000000004</ele>
   </trkpt>
   <trkpt lat="47.2809" lon="-2.43134">
    <ele>3.9000000000000004</ele>
   </trkpt>
   <trkpt lat="47.280860000000004" lon="-2.43133">
    <ele>3.9000000000000004</ele>
   </trkpt>
   <trkpt lat="47.280820000000006" lon="-2.4312500000000004">
    <ele>3.86</ele>
   </trkpt>
   <trkpt lat="47.28072" lon="-2.43133">
    <ele>3.86</ele>
   </trkpt>
   <trkpt lat="47.28072" lon="-2.43134">
    <ele>3.86</ele>
   </trkpt>
   <trkpt lat="47.28027" lon="-2.43169">
    <ele>3.85</ele>
   </trkpt>
   <trkpt lat="47.27987000028622" lon="-2.4320600030833313">
    <ele>3.7900000000000005</ele>
   </trkpt>
   <trkpt lat="47.27947" lon="-2.43243">
    <ele>3.7600000000000002</ele>
   </trkpt>
   <trkpt lat="47.27947" lon="-2.43244">
    <ele>3.7600000000000002</ele>
   </trkpt>
   <trkpt lat="47.27915" lon="-2.4327300000000003">
    <ele>3.8400000000000003</ele>
   </trkpt>
   <trkpt lat="47.278980000000004" lon="-2.4328700000000003">
    <ele>3.920000000000001</ele>
   </trkpt>
   <trkpt lat="47.27881000000001" lon="-2.4329300000000003">
    <ele>4.109999999999999</ele>
   </trkpt>
   <trkpt lat="47.278800000000004" lon="-2.43304">
    <ele>4.03</ele>
   </trkpt>
   <trkpt lat="47.278760000000005" lon="-2.4330900000000004">
    <ele>4.03</ele>
   </trkpt>
   <trkpt lat="47.27872000000001" lon="-2.4331">
    <ele>3.94</ele>
   </trkpt>
   <trkpt lat="47.2787" lon="-2.43331">
    <ele>3.69</ele>
   </trkpt>
   <trkpt lat="47.278670000000005" lon="-2.4334200000000004">
    <ele>3.69</ele>
   </trkpt>
   <trkpt lat="47.278670000000005" lon="-2.43344">
    <ele>3.67</ele>
   </trkpt>
   <trkpt lat="47.27863000000001" lon="-2.43358">
    <ele>3.56</ele>
   </trkpt>
   <trkpt lat="47.278560000000006" lon="-2.43358">
    <ele>3.56</ele>
   </trkpt>
   <trkpt lat="47.278510000000004" lon="-2.43366">
    <ele>3.5</ele>
   </trkpt>
   <trkpt lat="47.278380000000006" lon="-2.4336">
    <ele>3.49</ele>
   </trkpt>
   <trkpt lat="47.277860000000004" lon="-2.43366">
    <ele>3.24</ele>
   </trkpt>
   <trkpt lat="47.27731000000001" lon="-2.43371">
    <ele>3.0</ele>
   </trkpt>
   <trkpt lat="47.27687" lon="-2.43359">
    <ele>3.0700000000000003</ele>
   </trkpt>
   <trkpt lat="47.276590000000006" lon="-2.4335500000000003">
    <ele>3.21</ele>
   </trkpt>
   <trkpt lat="47.27622" lon="-2.43359">
    <ele>3.21</ele>
   </trkpt>
   <trkpt lat="47.27568" lon="-2.43371">
    <ele>3.1300000000000003</ele>
   </trkpt>
   <trkpt lat="47.275600000000004" lon="-2.43367">
    <ele>3.0900000000000003</ele>
   </trkpt>
   <trkpt lat="47.275360000000006" lon="-2.4335600000000004">
    <ele>3.0100000000000002</ele>
   </trkpt>
   <trkpt lat="47.275310000000005" lon="-2.43351">
    <ele>3.02</ele>
   </trkpt>
   <trkpt lat="47.27481" lon="-2.43269">
    <ele>3.0300000000000002</ele>
   </trkpt>
   <trkpt lat="47.27441" lon="-2.4323">
    <ele>3.1500000000000004</ele>
   </trkpt>
   <trkpt lat="47.27434" lon="-2.43216">
    <ele>3.19</ele>
   </trkpt>
   <trkpt lat="47.27423" lon="-2.43181">
    <ele>3.34</ele>
   </trkpt>
   <trkpt lat="47.274100000000004" lon="-2.43148">
    <ele>3.2700000000000005</ele>
   </trkpt>
   <trkpt lat="47.27365" lon="-2.43176">
    <ele>3.24</ele>
   </trkpt>
   <trkpt lat="47.2736" lon="-2.43059">
    <ele>3.39</ele>
   </trkpt>
   <trkpt lat="47.2736" lon="-2.43052">
    <ele>3.4000000000000004</ele>
   </trkpt>
   <trkpt lat="47.273500000000006" lon="-2.4303100000000004">
    <ele>3.37</ele>
   </trkpt>
   <trkpt lat="47.272940000000006" lon="-2.4297600000000004">
    <ele>3.2600000000000002</ele>
   </trkpt>
   <trkpt lat="47.27275" lon="-2.42923">
    <ele>3.3800000000000003</ele>
   </trkpt>
   <trkpt lat="47.27277" lon="-2.4291400000000003">
    <ele>3.3800000000000003</ele>
   </trkpt>
   <trkpt lat="47.27273" lon="-2.4290900000000004">
    <ele>3.34</ele>
   </trkpt>
   <trkpt lat="47.272650000000006" lon="-2.4292100000000003">
    <ele>3.25</ele>
   </trkpt>
   <trkpt lat="47.272560000000006" lon="-2.42923">
    <ele>3.25</ele>
   </trkpt>
   <trkpt lat="47.27255" lon="-2.42924">
    <ele>3.24</ele>
   </trkpt>
   <trkpt lat="47.27226" lon="-2.4293400000000003">
    <ele>2.84</ele>
   </trkpt>
   <trkpt lat="47.272110000000005" lon="-2.42943">
    <ele>2.84</ele>
   </trkpt>
   <trkpt lat="47.27192" lon="-2.4296300000000004">
    <ele>2.6300000000000003</ele>
   </trkpt>
   <trkpt lat="47.27160000000001" lon="-2.43004">
    <ele>2.45</ele>
   </trkpt>
   <trkpt lat="47.27136" lon="-2.4302400000000004">
    <ele>2.41</ele>
   </trkpt>
   <trkpt lat="47.271350000000005" lon="-2.4302400000000004">
    <ele>2.41</ele>
   </trkpt>
   <trkpt lat="47.271240000000006" lon="-2.43032">
    <ele>2.3800000000000003</ele>
   </trkpt>
   <trkpt lat="47.2712" lon="-2.4303100000000004">
    <ele>2.3800000000000003</ele>
   </trkpt>
   <trkpt lat="47.27062" lon="-2.4304400000000004">
    <ele>2.4400000000000004</ele>
   </trkpt>
   <trkpt lat="47.270540000000004" lon="-2.4304400000000004">
    <ele>2.4400000000000004</ele>
   </trkpt>
   <trkpt lat="47.27015" lon="-2.43038">
    <ele>2.66</ele>
   </trkpt>
   <trkpt lat="47.26972000000001" lon="-2.43019">
    <ele>2.75</ele>
   </trkpt>
   <trkpt lat="47.269270000000006" lon="-2.43">
    <ele>2.93</ele>
   </trkpt>
   <trkpt lat="47.26892" lon="-2.42987">
    <ele>3.2600000000000002</ele>
   </trkpt>
   <trkpt lat="47.26876" lon="-2.4292100000000003">
    <ele>3.8000000000000003</ele>
   </trkpt>
   <trkpt lat="47.2685" lon="-2.4283">
    <ele>4.86</ele>
   </trkpt>
   <trkpt lat="47.26834" lon="-2.42776">
    <ele>5.630000000000001</ele>
   </trkpt>
   <trkpt lat="47.26831000000001" lon="-2.42755">
    <ele>5.790000000000001</ele>
   </trkpt>
   <trkpt lat="47.268085002879026" lon="-2.426734996498863">
    <ele>6.580000000000001</ele>
   </trkpt>
   <trkpt lat="47.267860000000006" lon="-2.42592">
    <ele>7.34</ele>
   </trkpt>
   <trkpt lat="47.26778" lon="-2.4257000000000004">
    <ele>7.580000000000001</ele>
   </trkpt>
   <trkpt lat="47.267540000000004" lon="-2.42523">
    <ele>7.82</ele>
   </trkpt>
   <trkpt lat="47.267120000000006" lon="-2.42545">
    <ele>7.7</ele>
   </trkpt>
   <trkpt lat="47.267070000000004" lon="-2.42544">
    <ele>7.630000000000001</ele>
   </trkpt>
   <trkpt lat="47.266760000000005" lon="-2.42503">
    <ele>7.3500000000000005</ele>
   </trkpt>
   <trkpt lat="47.266600000000004" lon="-2.42491">
    <ele>6.7700000000000005</ele>
   </trkpt>
   <trkpt lat="47.26634000000001" lon="-2.42516">
    <ele>6.49</ele>
   </trkpt>
   <trkpt lat="47.26596000000001" lon="-2.4254200000000004">
    <ele>6.08</ele>
   </trkpt>
   <trkpt lat="47.26572" lon="-2.4255600000000004">
    <ele>5.630000000000001</ele>
   </trkpt>
   <trkpt lat="47.26568" lon="-2.4255400000000003">
    <ele>5.630000000000001</ele>
   </trkpt>
   <trkpt lat="47.265105000154385" lon="-2.42568000150388">
    <ele>5.540000000000001</ele>
   </trkpt>
   <trkpt lat="47.26453" lon="-2.4258200000000003">
    <ele>6.07</ele>
   </trkpt>
   <trkpt lat="47.26422" lon="-2.4258900000000003">
    <ele>6.260000000000001</ele>
   </trkpt>
   <trkpt lat="47.263870000000004" lon="-2.426">
    <ele>6.46</ele>
   </trkpt>
   <trkpt lat="47.26323000000001" lon="-2.42628">
    <ele>6.9</ele>
   </trkpt>
   <trkpt lat="47.26274" lon="-2.42655">
    <ele>7.33</ele>
   </trkpt>
   <trkpt lat="47.26202500070464" lon="-2.4269850059469564">
    <ele>7.99</ele>
   </trkpt>
   <trkpt lat="47.26131" lon="-2.42742">
    <ele>8.9</ele>
   </trkpt>
   <trkpt lat="47.26131" lon="-2.42743">
    <ele>8.910000000000002</ele>
   </trkpt>
   <trkpt lat="47.261050000000004" lon="-2.4275800000000003">
    <ele>9.23</ele>
   </trkpt>
   <trkpt lat="47.260540000000006" lon="-2.42795">
    <ele>9.959999999999999</ele>
   </trkpt>
   <trkpt lat="47.26057" lon="-2.42815">
    <ele>10.190000000000001</ele>
   </trkpt>
   <trkpt lat="47.2605700028892" lon="-2.428965000063199">
    <ele>10.55</ele>
   </trkpt>
   <trkpt lat="47.26057" lon="-2.42978">
    <ele>10.900000000000002</ele>
   </trkpt>
   <trkpt lat="47.260650000000005" lon="-2.43011">
    <ele>11.030000000000001</ele>
   </trkpt>
   <trkpt lat="47.26093" lon="-2.43107">
    <ele>11.21</ele>
   </trkpt>
   <trkpt lat="47.26109" lon="-2.4315800000000003">
    <ele>11.09</ele>
   </trkpt>
   <trkpt lat="47.260720000000006" lon="-2.43182">
    <ele>10.540000000000001</ele>
   </trkpt>
   <trkpt lat="47.260160000000006" lon="-2.43209">
    <ele>9.15</ele>
   </trkpt>
   <trkpt lat="47.259600000000006" lon="-2.4323200000000003">
    <ele>8.110000000000001</ele>
   </trkpt>
   <trkpt lat="47.259600000000006" lon="-2.43251">
    <ele>8.020000000000001</ele>
   </trkpt>
   <trkpt lat="47.259600000000006" lon="-2.4327400000000003">
    <ele>8.07</ele>
   </trkpt>
   <trkpt lat="47.259570000000004" lon="-2.43311">
    <ele>8.780000000000001</ele>
   </trkpt>
   <trkpt lat="47.259570000000004" lon="-2.4333">
    <ele>9.170000000000002</ele>
   </trkpt>
   <trkpt lat="47.259600000000006" lon="-2.43345">
    <ele>9.170000000000002</ele>
   </trkpt>
   <trkpt lat="47.25992" lon="-2.4343500000000002">
    <ele>9.600000000000001</ele>
   </trkpt>
   <trkpt lat="47.260250000000006" lon="-2.43533">
    <ele>10.46</ele>
   </trkpt>
   <trkpt lat="47.2605" lon="-2.43581">
    <ele>10.77</ele>
   </trkpt>
   <trkpt lat="47.26077" lon="-2.43628">
    <ele>10.900000000000002</ele>
   </trkpt>
   <trkpt lat="47.2608" lon="-2.43636">
    <ele>10.900000000000002</ele>
   </trkpt>
   <trkpt lat="47.260870000000004" lon="-2.43662">
    <ele>10.96</ele>
   </trkpt>
   <trkpt lat="47.26090000000001" lon="-2.43677">
    <ele>11.0</ele>
   </trkpt>
   <trkpt lat="47.26089" lon="-2.4371500000000004">
    <ele>11.19</ele>
   </trkpt>
   <trkpt lat="47.260690000000004" lon="-2.43838">
    <ele>10.83</ele>
   </trkpt>
   <trkpt lat="47.260690000000004" lon="-2.4389200000000004">
    <ele>10.92</ele>
   </trkpt>
   <trkpt lat="47.26078000279112" lon="-2.439719998704871">
    <ele>11.74</ele>
   </trkpt>
   <trkpt lat="47.260870000000004" lon="-2.4405200000000002">
    <ele>12.360000000000001</ele>
   </trkpt>
   <trkpt lat="47.26101000229158" lon="-2.4412499979319136">
    <ele>12.97</ele>
   </trkpt>
   <trkpt lat="47.26115" lon="-2.44198">
    <ele>13.05</ele>
   </trkpt>
   <trkpt lat="47.26129" lon="-2.44245">
    <ele>12.450000000000001</ele>
   </trkpt>
   <trkpt lat="47.261610003454756" lon="-2.4433299949183596">
    <ele>11.070000000000002</ele>
   </trkpt>
   <trkpt lat="47.26193000000001" lon="-2.44421">
    <ele>11.14</ele>
   </trkpt>
   <trkpt lat="47.26209" lon="-2.4448000000000003">
    <ele>11.64</ele>
   </trkpt>
   <trkpt lat="47.26214" lon="-2.4452900000000004">
    <ele>11.500000000000002</ele>
   </trkpt>
   <trkpt lat="47.26214" lon="-2.4463500000000002">
    <ele>10.64</ele>
   </trkpt>
   <trkpt lat="47.26216" lon="-2.44665">
    <ele>10.64</ele>
   </trkpt>
   <trkpt lat="47.262190000000004" lon="-2.44692">
    <ele>9.98</ele>
   </trkpt>
   <trkpt lat="47.2623" lon="-2.4474">
    <ele>9.98</ele>
   </trkpt>
   <trkpt lat="47.262480000000004" lon="-2.44787">
    <ele>9.55</ele>
   </trkpt>
   <trkpt lat="47.26268" lon="-2.44843">
    <ele>8.77</ele>
   </trkpt>
   <trkpt lat="47.262800000000006" lon="-2.44863">
    <ele>8.690000000000001</ele>
   </trkpt>
   <trkpt lat="47.263000000000005" lon="-2.44883">
    <ele>8.76</ele>
   </trkpt>
   <trkpt lat="47.263110000000005" lon="-2.44889">
    <ele>8.94</ele>
   </trkpt>
   <trkpt lat="47.26353" lon="-2.4490000000000003">
    <ele>9.850000000000001</ele>
   </trkpt>
   <trkpt lat="47.263690000000004" lon="-2.4489">
    <ele>10.25</ele>
   </trkpt>
   <trkpt lat="47.263760000000005" lon="-2.44904">
    <ele>8.49</ele>
   </trkpt>
   <trkpt lat="47.26391" lon="-2.44951">
    <ele>8.360000000000001</ele>
   </trkpt>
   <trkpt lat="47.264010000000006" lon="-2.4498300000000004">
    <ele>8.57</ele>
   </trkpt>
   <trkpt lat="47.264010000000006" lon="-2.44984">
    <ele>8.57</ele>
   </trkpt>
   <trkpt lat="47.26436" lon="-2.45092">
    <ele>9.510000000000002</ele>
   </trkpt>
   <trkpt lat="47.26470500106554" lon="-2.4514299965789004">
    <ele>9.840000000000002</ele>
   </trkpt>
   <trkpt lat="47.26505" lon="-2.45194">
    <ele>9.370000000000001</ele>
   </trkpt>
   <trkpt lat="47.265766670726855" lon="-2.452623314828461">
    <ele>8.16</ele>
   </trkpt>
   <trkpt lat="47.2664833373917" lon="-2.4533066481596943">
    <ele>7.8100000000000005</ele>
   </trkpt>
   <trkpt lat="47.2672" lon="-2.45399">
    <ele>7.07</ele>
   </trkpt>
   <trkpt lat="47.26746000000001" lon="-2.45412">
    <ele>7.33</ele>
   </trkpt>
   <trkpt lat="47.2674" lon="-2.4541700000000004">
    <ele>7.1000000000000005</ele>
   </trkpt>
   <trkpt lat="47.26747" lon="-2.45411">
    <ele>6.970000000000001</ele>
   </trkpt>
   <trkpt lat="47.267520000000005" lon="-2.45412">
    <ele>6.970000000000001</ele>
   </trkpt>
   <trkpt lat="47.2676" lon="-2.4539500000000003">
    <ele>6.790000000000001</ele>
   </trkpt>
   <trkpt lat="47.267610000000005" lon="-2.4539600000000004">
    <ele>7.53</ele>
   </trkpt>
   <trkpt lat="47.26767" lon="-2.45404">
    <ele>7.450000000000001</ele>
   </trkpt>
   <trkpt lat="47.2678" lon="-2.45414">
    <ele>7.390000000000001</ele>
   </trkpt>
   <trkpt lat="47.268040000000006" lon="-2.45397">
    <ele>7.69</ele>
   </trkpt>
   <trkpt lat="47.26823" lon="-2.4538300000000004">
    <ele>8.26</ele>
   </trkpt>
   <trkpt lat="47.26823" lon="-2.45385">
    <ele>7.0200000000000005</ele>
   </trkpt>
   <trkpt lat="47.268330000000006" lon="-2.4538300000000004">
    <ele>7.08</ele>
   </trkpt>
   <trkpt lat="47.268480000000004" lon="-2.45385">
    <ele>7.51</ele>
   </trkpt>
   <trkpt lat="47.26877" lon="-2.4540100000000002">
    <ele>8.040000000000001</ele>
   </trkpt>
   <trkpt lat="47.269200000000005" lon="-2.45418">
    <ele>8.38</ele>
   </trkpt>
   <trkpt lat="47.26946" lon="-2.45425">
    <ele>8.650000000000002</ele>
   </trkpt>
   <trkpt lat="47.269650000000006" lon="-2.4542900000000003">
    <ele>8.9</ele>
   </trkpt>
   <trkpt lat="47.269650000000006" lon="-2.45509">
    <ele>9.57</ele>
   </trkpt>
   <trkpt lat="47.26964" lon="-2.45509">
    <ele>9.57</ele>
   </trkpt>
   <trkpt lat="47.26964" lon="-2.45621">
    <ele>9.47</ele>
   </trkpt>
   <trkpt lat="47.26962" lon="-2.45636">
    <ele>9.520000000000001</ele>
   </trkpt>
   <trkpt lat="47.269650000000006" lon="-2.45648">
    <ele>9.56</ele>
   </trkpt>
   <trkpt lat="47.269850000000005" lon="-2.4566500000000002">
    <ele>9.35</ele>
   </trkpt>
   <trkpt lat="47.27015" lon="-2.4569">
    <ele>9.45</ele>
   </trkpt>
   <trkpt lat="47.27035" lon="-2.45702">
    <ele>9.47</ele>
   </trkpt>
   <trkpt lat="47.270830000000004" lon="-2.45731">
    <ele>9.31</ele>
   </trkpt>
   <trkpt lat="47.27094" lon="-2.45743">
    <ele>9.3</ele>
   </trkpt>
   <trkpt lat="47.27105" lon="-2.45758">
    <ele>9.36</ele>
   </trkpt>
   <trkpt lat="47.271170000000005" lon="-2.4578300000000004">
    <ele>9.35</ele>
   </trkpt>
   <trkpt lat="47.271300000000004" lon="-2.4580800000000003">
    <ele>9.340000000000002</ele>
   </trkpt>
   <trkpt lat="47.271620000000006" lon="-2.45887">
    <ele>8.9</ele>
   </trkpt>
   <trkpt lat="47.27167000000001" lon="-2.45887">
    <ele>8.9</ele>
   </trkpt>
   <trkpt lat="47.27168" lon="-2.4589000000000003">
    <ele>8.9</ele>
   </trkpt>
   <trkpt lat="47.27214000000001" lon="-2.45872">
    <ele>8.450000000000001</ele>
   </trkpt>
   <trkpt lat="47.272490000000005" lon="-2.45852">
    <ele>7.83</ele>
   </trkpt>
   <trkpt lat="47.27248" lon="-2.45852">
    <ele>7.840000000000002</ele>
   </trkpt>
   <trkpt lat="47.27299500044875" lon="-2.4582100029982477">
    <ele>7.16</ele>
   </trkpt>
   <trkpt lat="47.27351" lon="-2.4579000000000004">
    <ele>6.750000000000001</ele>
   </trkpt>
   <trkpt lat="47.27375000000001" lon="-2.45778">
    <ele>6.74</ele>
   </trkpt>
   <trkpt lat="47.274480000000004" lon="-2.4576800000000003">
    <ele>7.24</ele>
   </trkpt>
   <trkpt lat="47.274770000000004" lon="-2.45757">
    <ele>7.36</ele>
   </trkpt>
   <trkpt lat="47.27476" lon="-2.45757">
    <ele>7.36</ele>
   </trkpt>
   <trkpt lat="47.27550500030129" lon="-2.45731000365796">
    <ele>7.670000000000001</ele>
   </trkpt>
   <trkpt lat="47.276250000000005" lon="-2.45705">
    <ele>8.290000000000001</ele>
   </trkpt>
   <trkpt lat="47.27646000000001" lon="-2.4569500000000004">
    <ele>8.110000000000001</ele>
   </trkpt>
   <trkpt lat="47.27696" lon="-2.45649">
    <ele>6.72</ele>
   </trkpt>
   <trkpt lat="47.27736" lon="-2.4561900000000003">
    <ele>6.010000000000001</ele>
   </trkpt>
   <trkpt lat="47.277880000580694" lon="-2.4558650031181855">
    <ele>5.12</ele>
   </trkpt>
   <trkpt lat="47.278400000000005" lon="-2.45554">
    <ele>4.59</ele>
   </trkpt>
   <trkpt lat="47.27853" lon="-2.4554300000000002">
    <ele>4.42</ele>
   </trkpt>
   <trkpt lat="47.278580000000005" lon="-2.45562">
    <ele>4.2700000000000005</ele>
   </trkpt>
   <trkpt lat="47.27868" lon="-2.45641">
    <ele>3.75</ele>
   </trkpt>
   <trkpt lat="47.27866" lon="-2.4566100000000004">
    <ele>3.68</ele>
   </trkpt>
   <trkpt lat="47.27866" lon="-2.45662">
    <ele>3.69</ele>
   </trkpt>
   <trkpt lat="47.27863000000001" lon="-2.45702">
    <ele>3.8400000000000003</ele>
   </trkpt>
   <trkpt lat="47.27859" lon="-2.4572100000000003">
    <ele>3.8400000000000003</ele>
   </trkpt>
   <trkpt lat="47.278470000000006" lon="-2.45751">
    <ele>4.0</ele>
   </trkpt>
   <trkpt lat="47.27832" lon="-2.45773">
    <ele>4.0600000000000005</ele>
   </trkpt>
   <trkpt lat="47.278310000000005" lon="-2.4577400000000003">
    <ele>4.07</ele>
   </trkpt>
   <trkpt lat="47.27821" lon="-2.45791">
    <ele>4.25</ele>
   </trkpt>
   <trkpt lat="47.27774" lon="-2.45831">
    <ele>4.34</ele>
   </trkpt>
   <trkpt lat="47.27760000000001" lon="-2.45846">
    <ele>4.23</ele>
   </trkpt>
   <trkpt lat="47.277480000000004" lon="-2.4587800000000004">
    <ele>3.8400000000000003</ele>
   </trkpt>
   <trkpt lat="47.27745" lon="-2.4591200000000004">
    <ele>3.69</ele>
   </trkpt>
   <trkpt lat="47.277550000000005" lon="-2.4592">
    <ele>3.4000000000000004</ele>
   </trkpt>
   <trkpt lat="47.27788" lon="-2.45919">
    <ele>1.75</ele>
   </trkpt>
   <trkpt lat="47.27859500061626" lon="-2.458820004989172">
    <ele>-1.93</ele>
   </trkpt>
   <trkpt lat="47.27931" lon="-2.45845">
    <ele>0.8200000000000001</ele>
   </trkpt>
   <trkpt lat="47.279540000000004" lon="-2.4584">
    <ele>1.87</ele>
   </trkpt>
   <trkpt lat="47.27957000000001" lon="-2.45845">
    <ele>1.87</ele>
   </trkpt>
   <trkpt lat="47.27964" lon="-2.45847">
    <ele>2.21</ele>
   </trkpt>
   <trkpt lat="47.27948000000001" lon="-2.459">
    <ele>2.43</ele>
   </trkpt>
   <trkpt lat="47.27948000000001" lon="-2.45901">
    <ele>2.43</ele>
   </trkpt>
   <trkpt lat="47.27929" lon="-2.4596500000000003">
    <ele>2.9600000000000004</ele>
   </trkpt>
   <trkpt lat="47.279140000000005" lon="-2.46029">
    <ele>3.33</ele>
   </trkpt>
   <trkpt lat="47.278940000000006" lon="-2.4614200000000004">
    <ele>3.6400000000000006</ele>
   </trkpt>
   <trkpt lat="47.27890000000001" lon="-2.46165">
    <ele>3.6</ele>
   </trkpt>
   <trkpt lat="47.27890000000001" lon="-2.46166">
    <ele>3.6</ele>
   </trkpt>
   <trkpt lat="47.27890000000001" lon="-2.46171">
    <ele>3.6</ele>
   </trkpt>
   <trkpt lat="47.27892000000001" lon="-2.4618200000000003">
    <ele>3.6300000000000003</ele>
   </trkpt>
   <trkpt lat="47.27899000000001" lon="-2.46184">
    <ele>3.5700000000000003</ele>
   </trkpt>
   <trkpt lat="47.279300000000006" lon="-2.46179">
    <ele>4.0</ele>
   </trkpt>
   <trkpt lat="47.279340000000005" lon="-2.46177">
    <ele>4.0</ele>
   </trkpt>
   <trkpt lat="47.27938" lon="-2.4616700000000002">
    <ele>4.090000000000001</ele>
   </trkpt>
   <trkpt lat="47.279430000000005" lon="-2.46163">
    <ele>4.430000000000001</ele>
   </trkpt>
   <trkpt lat="47.27966000000001" lon="-2.46153">
    <ele>5.36</ele>
   </trkpt>
   <trkpt lat="47.279650000000004" lon="-2.46153">
    <ele>5.34</ele>
   </trkpt>
   <trkpt lat="47.280120000000004" lon="-2.4614100000000003">
    <ele>6.34</ele>
   </trkpt>
   <trkpt lat="47.280460000000005" lon="-2.46123">
    <ele>5.49</ele>
   </trkpt>
   <trkpt lat="47.280590000000004" lon="-2.46123">
    <ele>5.19</ele>
   </trkpt>
   <trkpt lat="47.280800000000006" lon="-2.46139">
    <ele>4.23</ele>
   </trkpt>
   <trkpt lat="47.2809" lon="-2.46136">
    <ele>3.9000000000000004</ele>
   </trkpt>
   <trkpt lat="47.28112" lon="-2.4611400000000003">
    <ele>3.49</ele>
   </trkpt>
   <trkpt lat="47.2814450012324" lon="-2.4605950034477524">
    <ele>3.1500000000000004</ele>
   </trkpt>
   <trkpt lat="47.28177" lon="-2.4600500000000003">
    <ele>2.9899999999999998</ele>
   </trkpt>
   <trkpt lat="47.282160000000005" lon="-2.4592400000000003">
    <ele>2.9800000000000004</ele>
   </trkpt>
   <trkpt lat="47.282160000000005" lon="-2.4592500000000004">
    <ele>2.9800000000000004</ele>
   </trkpt>
   <trkpt lat="47.28222" lon="-2.45913">
    <ele>2.9800000000000004</ele>
   </trkpt>
   <trkpt lat="47.28267000091389" lon="-2.458680003794644">
    <ele>3.0700000000000003</ele>
   </trkpt>
   <trkpt lat="47.283120000000004" lon="-2.4582300000000004">
    <ele>3.1300000000000003</ele>
   </trkpt>
   <trkpt lat="47.28333000000001" lon="-2.45804">
    <ele>3.19</ele>
   </trkpt>
   <trkpt lat="47.28332" lon="-2.45804">
    <ele>3.19</ele>
   </trkpt>
   <trkpt lat="47.28343" lon="-2.4579600000000004">
    <ele>3.19</ele>
   </trkpt>
   <trkpt lat="47.283770000000004" lon="-2.4577400000000003">
    <ele>3.23</ele>
   </trkpt>
   <trkpt lat="47.28426" lon="-2.45753">
    <ele>3.1500000000000004</ele>
   </trkpt>
   <trkpt lat="47.284800000000004" lon="-2.45737">
    <ele>3.19</ele>
   </trkpt>
   <trkpt lat="47.28531" lon="-2.45711">
    <ele>3.12</ele>
   </trkpt>
   <trkpt lat="47.285830000000004" lon="-2.45696">
    <ele>3.06</ele>
   </trkpt>
   <trkpt lat="47.286440000000006" lon="-2.4570000000000003">
    <ele>3.16</ele>
   </trkpt>
   <trkpt lat="47.286530000000006" lon="-2.4570000000000003">
    <ele>3.16</ele>
   </trkpt>
   <trkpt lat="47.28714" lon="-2.45689">
    <ele>2.9899999999999998</ele>
   </trkpt>
   <trkpt lat="47.28766" lon="-2.45671">
    <ele>3.06</ele>
   </trkpt>
   <trkpt lat="47.287960000000005" lon="-2.45655">
    <ele>2.9400000000000004</ele>
   </trkpt>
   <trkpt lat="47.288090000000004" lon="-2.45636">
    <ele>2.9400000000000004</ele>
   </trkpt>
   <trkpt lat="47.28844" lon="-2.45608">
    <ele>2.9600000000000004</ele>
   </trkpt>
   <trkpt lat="47.28876" lon="-2.4557700000000002">
    <ele>2.7900000000000005</ele>
   </trkpt>
   <trkpt lat="47.28884" lon="-2.45567">
    <ele>2.7900000000000005</ele>
   </trkpt>
   <trkpt lat="47.2892" lon="-2.45547">
    <ele>2.82</ele>
   </trkpt>
   <trkpt lat="47.290060000000004" lon="-2.45514">
    <ele>2.83</ele>
   </trkpt>
   <trkpt lat="47.29036000000001" lon="-2.4550400000000003">
    <ele>2.82</ele>
   </trkpt>
   <trkpt lat="47.29081000005546" lon="-2.455169998888676">
    <ele>2.87</ele>
   </trkpt>
   <trkpt lat="47.29126" lon="-2.4553000000000003">
    <ele>2.87</ele>
   </trkpt>
   <trkpt lat="47.291650000000004" lon="-2.4554400000000003">
    <ele>2.93</ele>
   </trkpt>
   <trkpt lat="47.29227" lon="-2.45553">
    <ele>2.86</ele>
   </trkpt>
   <trkpt lat="47.29243" lon="-2.4556">
    <ele>2.86</ele>
   </trkpt>
   <trkpt lat="47.292880000000004" lon="-2.45587">
    <ele>2.83</ele>
   </trkpt>
   <trkpt lat="47.292880000000004" lon="-2.4558600000000004">
    <ele>2.83</ele>
   </trkpt>
   <trkpt lat="47.29343" lon="-2.4559300000000004">
    <ele>2.75</ele>
   </trkpt>
   <trkpt lat="47.29377" lon="-2.45595">
    <ele>2.75</ele>
   </trkpt>
   <trkpt lat="47.29386" lon="-2.4559300000000004">
    <ele>2.75</ele>
   </trkpt>
   <trkpt lat="47.29413" lon="-2.4558">
    <ele>2.74</ele>
   </trkpt>
   <trkpt lat="47.29473" lon="-2.4553100000000003">
    <ele>2.86</ele>
   </trkpt>
   <trkpt lat="47.29545" lon="-2.45486">
    <ele>2.93</ele>
   </trkpt>
   <trkpt lat="47.295660000000005" lon="-2.4546">
    <ele>2.8800000000000003</ele>
   </trkpt>
   <trkpt lat="47.29596" lon="-2.4544300000000003">
    <ele>2.9800000000000004</ele>
   </trkpt>
   <trkpt lat="47.29619" lon="-2.45433">
    <ele>2.9800000000000004</ele>
   </trkpt>
   <trkpt lat="47.29648" lon="-2.4543000000000004">
    <ele>2.95</ele>
   </trkpt>
   <trkpt lat="47.29684" lon="-2.45452">
    <ele>3.0500000000000003</ele>
   </trkpt>
   <trkpt lat="47.29693" lon="-2.4545000000000003">
    <ele>3.0500000000000003</ele>
   </trkpt>
   <trkpt lat="47.29721000000001" lon="-2.45438">
    <ele>3.0300000000000002</ele>
   </trkpt>
   <trkpt lat="47.29737" lon="-2.4544">
    <ele>3.0300000000000002</ele>
   </trkpt>
   <trkpt lat="47.297450000000005" lon="-2.45445">
    <ele>3.0700000000000003</ele>
   </trkpt>
   <trkpt lat="47.297850000000004" lon="-2.4547100000000004">
    <ele>2.95</ele>
   </trkpt>
   <trkpt lat="47.29811" lon="-2.4549000000000003">
    <ele>2.87</ele>
   </trkpt>
   <trkpt lat="47.29847" lon="-2.4553900000000004">
    <ele>2.85</ele>
   </trkpt>
   <trkpt lat="47.29858" lon="-2.4555200000000004">
    <ele>2.85</ele>
   </trkpt>
   <trkpt lat="47.299059999980585" lon="-2.4557299980011282">
    <ele>2.74</ele>
   </trkpt>
   <trkpt lat="47.29954" lon="-2.45594">
    <ele>2.86</ele>
   </trkpt>
   <trkpt lat="47.299850000000006" lon="-2.4560600000000004">
    <ele>2.86</ele>
   </trkpt>
   <trkpt lat="47.30003000000001" lon="-2.45609">
    <ele>2.87</ele>
   </trkpt>
   <trkpt lat="47.300760000007145" lon="-2.4560166686957636">
    <ele>2.84</ele>
   </trkpt>
   <trkpt lat="47.301489999967515" lon="-2.4559433353664475">
    <ele>2.7</ele>
   </trkpt>
   <trkpt lat="47.302220000000005" lon="-2.45587">
    <ele>2.84</ele>
   </trkpt>
   <trkpt lat="47.30236000000001" lon="-2.45589">
    <ele>2.84</ele>
   </trkpt>
   <trkpt lat="47.30248" lon="-2.45594">
    <ele>2.6400000000000006</ele>
   </trkpt>
   <trkpt lat="47.30266" lon="-2.4561">
    <ele>2.6</ele>
   </trkpt>
   <trkpt lat="47.30295" lon="-2.45636">
    <ele>2.5700000000000003</ele>
   </trkpt>
   <trkpt lat="47.30308" lon="-2.45641">
    <ele>2.5700000000000003</ele>
   </trkpt>
   <trkpt lat="47.303160000000005" lon="-2.45641">
    <ele>2.6100000000000003</ele>
   </trkpt>
   <trkpt lat="47.303490000000004" lon="-2.45614">
    <ele>2.6100000000000003</ele>
   </trkpt>
   <trkpt lat="47.30378" lon="-2.45597">
    <ele>2.71</ele>
   </trkpt>
   <trkpt lat="47.30382" lon="-2.4561800000000003">
    <ele>2.66</ele>
   </trkpt>
   <trkpt lat="47.30384" lon="-2.45641">
    <ele>2.4600000000000004</ele>
   </trkpt>
   <trkpt lat="47.303810000000006" lon="-2.4566100000000004">
    <ele>2.39</ele>
   </trkpt>
   <trkpt lat="47.30369" lon="-2.45691">
    <ele>2.3000000000000003</ele>
   </trkpt>
   <trkpt lat="47.30369" lon="-2.45692">
    <ele>2.3000000000000003</ele>
   </trkpt>
   <trkpt lat="47.30366" lon="-2.4570000000000003">
    <ele>2.3000000000000003</ele>
   </trkpt>
   <trkpt lat="47.303630000000005" lon="-2.4572100000000003">
    <ele>2.31</ele>
   </trkpt>
   <trkpt lat="47.30366" lon="-2.4575400000000003">
    <ele>2.2900000000000005</ele>
   </trkpt>
   <trkpt lat="47.30366" lon="-2.4575500000000003">
    <ele>2.2900000000000005</ele>
   </trkpt>
   <trkpt lat="47.30359000000001" lon="-2.45804">
    <ele>2.2600000000000002</ele>
   </trkpt>
   <trkpt lat="47.30373" lon="-2.45872">
    <ele>2.33</ele>
   </trkpt>
   <trkpt lat="47.30375" lon="-2.45894">
    <ele>2.2900000000000005</ele>
   </trkpt>
   <trkpt lat="47.30377000000001" lon="-2.45948">
    <ele>2.17</ele>
   </trkpt>
   <trkpt lat="47.30378" lon="-2.4599100000000003">
    <ele>2.18</ele>
   </trkpt>
   <trkpt lat="47.30382" lon="-2.46014">
    <ele>2.2800000000000002</ele>
   </trkpt>
   <trkpt lat="47.303900000000006" lon="-2.46035">
    <ele>2.2800000000000002</ele>
   </trkpt>
   <trkpt lat="47.30404" lon="-2.4605">
    <ele>2.23</ele>
   </trkpt>
   <trkpt lat="47.304190000000006" lon="-2.4606700000000004">
    <ele>2.22</ele>
   </trkpt>
   <trkpt lat="47.30424000000001" lon="-2.4608700000000003">
    <ele>2.25</ele>
   </trkpt>
   <trkpt lat="47.304230000000004" lon="-2.46102">
    <ele>2.25</ele>
   </trkpt>
   <trkpt lat="47.304170000000006" lon="-2.4612600000000002">
    <ele>2.21</ele>
   </trkpt>
   <trkpt lat="47.304170000000006" lon="-2.4612700000000003">
    <ele>2.2</ele>
   </trkpt>
   <trkpt lat="47.304140000000004" lon="-2.46143">
    <ele>2.2</ele>
   </trkpt>
   <trkpt lat="47.30415000000001" lon="-2.46151">
    <ele>2.2</ele>
   </trkpt>
   <trkpt lat="47.30418" lon="-2.4616100000000003">
    <ele>2.2</ele>
   </trkpt>
   <trkpt lat="47.30436" lon="-2.46185">
    <ele>2.2800000000000002</ele>
   </trkpt>
   <trkpt lat="47.30438" lon="-2.4619600000000004">
    <ele>2.2700000000000005</ele>
   </trkpt>
   <trkpt lat="47.304410000000004" lon="-2.46211">
    <ele>2.2800000000000002</ele>
   </trkpt>
   <trkpt lat="47.304460000000006" lon="-2.46226">
    <ele>2.2800000000000002</ele>
   </trkpt>
   <trkpt lat="47.304520000000004" lon="-2.46238">
    <ele>2.4000000000000004</ele>
   </trkpt>
   <trkpt lat="47.30456" lon="-2.4625500000000002">
    <ele>2.4000000000000004</ele>
   </trkpt>
   <trkpt lat="47.304590000000005" lon="-2.46267">
    <ele>2.4200000000000004</ele>
   </trkpt>
   <trkpt lat="47.30458" lon="-2.4628">
    <ele>2.4200000000000004</ele>
   </trkpt>
   <trkpt lat="47.30454" lon="-2.4629100000000004">
    <ele>2.36</ele>
   </trkpt>
   <trkpt lat="47.30444000000001" lon="-2.463">
    <ele>2.36</ele>
   </trkpt>
   <trkpt lat="47.304140000000004" lon="-2.4632400000000003">
    <ele>2.36</ele>
   </trkpt>
   <trkpt lat="47.30413" lon="-2.4632400000000003">
    <ele>2.36</ele>
   </trkpt>
   <trkpt lat="47.30397000000001" lon="-2.4635100000000003">
    <ele>2.34</ele>
   </trkpt>
   <trkpt lat="47.30373" lon="-2.46402">
    <ele>2.14</ele>
   </trkpt>
   <trkpt lat="47.30373" lon="-2.46403">
    <ele>2.14</ele>
   </trkpt>
   <trkpt lat="47.303490000000004" lon="-2.4645300000000003">
    <ele>2.0100000000000002</ele>
   </trkpt>
   <trkpt lat="47.303290000000004" lon="-2.46475">
    <ele>1.9500000000000002</ele>
   </trkpt>
   <trkpt lat="47.30315" lon="-2.46482">
    <ele>1.9500000000000002</ele>
   </trkpt>
   <trkpt lat="47.302780000000006" lon="-2.46492">
    <ele>1.9500000000000002</ele>
   </trkpt>
   <trkpt lat="47.30277" lon="-2.46492">
    <ele>1.9500000000000002</ele>
   </trkpt>
   <trkpt lat="47.302130000000005" lon="-2.4650800000000004">
    <ele>2.08</ele>
   </trkpt>
   <trkpt lat="47.30172" lon="-2.4652000000000003">
    <ele>2.0300000000000002</ele>
   </trkpt>
   <trkpt lat="47.30171000000001" lon="-2.4652000000000003">
    <ele>2.02</ele>
   </trkpt>
   <trkpt lat="47.300940000000004" lon="-2.4654200000000004">
    <ele>2.1</ele>
   </trkpt>
   <trkpt lat="47.3008" lon="-2.46543">
    <ele>2.1</ele>
   </trkpt>
   <trkpt lat="47.30049" lon="-2.4653400000000003">
    <ele>2.24</ele>
   </trkpt>
   <trkpt lat="47.300320000000006" lon="-2.46517">
    <ele>2.3000000000000003</ele>
   </trkpt>
   <trkpt lat="47.30019" lon="-2.46509">
    <ele>2.43</ele>
   </trkpt>
   <trkpt lat="47.30006" lon="-2.4650600000000003">
    <ele>2.4400000000000004</ele>
   </trkpt>
   <trkpt lat="47.29994000000001" lon="-2.46516">
    <ele>2.4400000000000004</ele>
   </trkpt>
   <trkpt lat="47.299670000000006" lon="-2.4655500000000004">
    <ele>2.54</ele>
   </trkpt>
   <trkpt lat="47.299490000000006" lon="-2.4656700000000003">
    <ele>2.54</ele>
   </trkpt>
   <trkpt lat="47.29894" lon="-2.4658700000000002">
    <ele>2.6</ele>
   </trkpt>
   <trkpt lat="47.298930000000006" lon="-2.4658700000000002">
    <ele>2.6</ele>
   </trkpt>
   <trkpt lat="47.29851000000001" lon="-2.4660200000000003">
    <ele>2.52</ele>
   </trkpt>
   <trkpt lat="47.29815000000001" lon="-2.46611">
    <ele>2.52</ele>
   </trkpt>
   <trkpt lat="47.298030000000004" lon="-2.46611">
    <ele>2.3000000000000003</ele>
   </trkpt>
   <trkpt lat="47.29795000000001" lon="-2.4661000000000004">
    <ele>2.3000000000000003</ele>
   </trkpt>
   <trkpt lat="47.29787" lon="-2.46604">
    <ele>2.3000000000000003</ele>
   </trkpt>
   <trkpt lat="47.29758" lon="-2.46577">
    <ele>2.34</ele>
   </trkpt>
   <trkpt lat="47.29748000000001" lon="-2.46572">
    <ele>2.34</ele>
   </trkpt>
   <trkpt lat="47.297380000000004" lon="-2.46572">
    <ele>2.34</ele>
   </trkpt>
   <trkpt lat="47.29728" lon="-2.46577">
    <ele>2.41</ele>
   </trkpt>
   <trkpt lat="47.297200000000004" lon="-2.46585">
    <ele>2.41</ele>
   </trkpt>
   <trkpt lat="47.296435001904776" lon="-2.466520009734854">
    <ele>2.37</ele>
   </trkpt>
   <trkpt lat="47.29567" lon="-2.46719">
    <ele>2.5900000000000003</ele>
   </trkpt>
   <trkpt lat="47.294970000000006" lon="-2.46746">
    <ele>2.7</ele>
   </trkpt>
   <trkpt lat="47.29475" lon="-2.4675200000000004">
    <ele>2.5500000000000003</ele>
   </trkpt>
   <trkpt lat="47.294610000000006" lon="-2.46746">
    <ele>2.4400000000000004</ele>
   </trkpt>
   <trkpt lat="47.294320000000006" lon="-2.46722">
    <ele>2.36</ele>
   </trkpt>
   <trkpt lat="47.29430000000001" lon="-2.46719">
    <ele>2.36</ele>
   </trkpt>
   <trkpt lat="47.29408" lon="-2.46719">
    <ele>2.37</ele>
   </trkpt>
   <trkpt lat="47.29383000000001" lon="-2.4672400000000003">
    <ele>2.4600000000000004</ele>
   </trkpt>
   <trkpt lat="47.293580000000006" lon="-2.4671800000000004">
    <ele>2.33</ele>
   </trkpt>
   <trkpt lat="47.293000000000006" lon="-2.46686">
    <ele>2.33</ele>
   </trkpt>
   <trkpt lat="47.292660000000005" lon="-2.46665">
    <ele>2.34</ele>
   </trkpt>
   <trkpt lat="47.29256" lon="-2.46638">
    <ele>2.39</ele>
   </trkpt>
   <trkpt lat="47.292530000000006" lon="-2.46624">
    <ele>2.4000000000000004</ele>
   </trkpt>
   <trkpt lat="47.292460000000005" lon="-2.46577">
    <ele>2.37</ele>
   </trkpt>
   <trkpt lat="47.292350000000006" lon="-2.4654800000000003">
    <ele>2.39</ele>
   </trkpt>
   <trkpt lat="47.29216" lon="-2.46523">
    <ele>2.39</ele>
   </trkpt>
   <trkpt lat="47.29182" lon="-2.46492">
    <ele>2.2600000000000002</ele>
   </trkpt>
   <trkpt lat="47.29171" lon="-2.46483">
    <ele>2.2600000000000002</ele>
   </trkpt>
   <trkpt lat="47.291380000000004" lon="-2.4646600000000003">
    <ele>2.24</ele>
   </trkpt>
   <trkpt lat="47.291160000000005" lon="-2.46462">
    <ele>2.31</ele>
   </trkpt>
   <trkpt lat="47.29083000000001" lon="-2.46462">
    <ele>2.3800000000000003</ele>
   </trkpt>
   <trkpt lat="47.29013000001841" lon="-2.4647950023448564">
    <ele>2.4899999999999998</ele>
   </trkpt>
   <trkpt lat="47.28943" lon="-2.46497">
    <ele>2.4000000000000004</ele>
   </trkpt>
   <trkpt lat="47.289080000000006" lon="-2.4651300000000003">
    <ele>2.4000000000000004</ele>
   </trkpt>
   <trkpt lat="47.28869" lon="-2.46545">
    <ele>2.4200000000000004</ele>
   </trkpt>
   <trkpt lat="47.28893" lon="-2.46525">
    <ele>2.41</ele>
   </trkpt>
   <trkpt lat="47.28869" lon="-2.46545">
    <ele>2.41</ele>
   </trkpt>
   <trkpt lat="47.288380000000004" lon="-2.46565">
    <ele>2.43</ele>
   </trkpt>
   <trkpt lat="47.28822" lon="-2.46578">
    <ele>2.4000000000000004</ele>
   </trkpt>
   <trkpt lat="47.288050000000005" lon="-2.4660200000000003">
    <ele>2.4000000000000004</ele>
   </trkpt>
   <trkpt lat="47.28801000000001" lon="-2.46612">
    <ele>2.4200000000000004</ele>
   </trkpt>
   <trkpt lat="47.287940000000006" lon="-2.46646">
    <ele>2.37</ele>
   </trkpt>
   <trkpt lat="47.28782" lon="-2.4667100000000004">
    <ele>2.41</ele>
   </trkpt>
   <trkpt lat="47.28772000000001" lon="-2.4668">
    <ele>2.41</ele>
   </trkpt>
   <trkpt lat="47.28748" lon="-2.46693">
    <ele>2.4400000000000004</ele>
   </trkpt>
   <trkpt lat="47.28689000000001" lon="-2.46719">
    <ele>2.6100000000000003</ele>
   </trkpt>
   <trkpt lat="47.28672" lon="-2.4673200000000004">
    <ele>2.6</ele>
   </trkpt>
   <trkpt lat="47.28604000320982" lon="-2.4681700108427305">
    <ele>2.9800000000000004</ele>
   </trkpt>
   <trkpt lat="47.285360000000004" lon="-2.46902">
    <ele>2.4000000000000004</ele>
   </trkpt>
   <trkpt lat="47.285120000000006" lon="-2.4692000000000003">
    <ele>2.34</ele>
   </trkpt>
   <trkpt lat="47.28483000000001" lon="-2.4693">
    <ele>2.34</ele>
   </trkpt>
   <trkpt lat="47.28482" lon="-2.4693">
    <ele>2.34</ele>
   </trkpt>
   <trkpt lat="47.2847" lon="-2.46936">
    <ele>2.34</ele>
   </trkpt>
   <trkpt lat="47.28454000000001" lon="-2.4695">
    <ele>2.22</ele>
   </trkpt>
   <trkpt lat="47.28416000000001" lon="-2.4699">
    <ele>2.2</ele>
   </trkpt>
   <trkpt lat="47.28357333779836" lon="-2.4706133491078037">
    <ele>2.45</ele>
   </trkpt>
   <trkpt lat="47.282986671170214" lon="-2.47132668239404">
    <ele>2.19</ele>
   </trkpt>
   <trkpt lat="47.2824" lon="-2.4720400000000002">
    <ele>2.4899999999999998</ele>
   </trkpt>
   <trkpt lat="47.282120000000006" lon="-2.4724000000000004">
    <ele>2.39</ele>
   </trkpt>
   <trkpt lat="47.28204" lon="-2.47248">
    <ele>2.39</ele>
   </trkpt>
   <trkpt lat="47.282030000000006" lon="-2.47248">
    <ele>2.39</ele>
   </trkpt>
   <trkpt lat="47.28193" lon="-2.47262">
    <ele>2.39</ele>
   </trkpt>
   <trkpt lat="47.281690000000005" lon="-2.47283">
    <ele>2.36</ele>
   </trkpt>
   <trkpt lat="47.281490000000005" lon="-2.47295">
    <ele>2.47</ele>
   </trkpt>
   <trkpt lat="47.28121" lon="-2.4730800000000004">
    <ele>2.5500000000000003</ele>
   </trkpt>
   <trkpt lat="47.281220000000005" lon="-2.4732600000000002">
    <ele>2.45</ele>
   </trkpt>
   <trkpt lat="47.28123" lon="-2.47337">
    <ele>2.45</ele>
   </trkpt>
   <trkpt lat="47.281015005789" lon="-2.474520004476627">
    <ele>2.06</ele>
   </trkpt>
   <trkpt lat="47.280800000000006" lon="-2.47567">
    <ele>1.9200000000000002</ele>
   </trkpt>
   <trkpt lat="47.28076" lon="-2.4762000000000004">
    <ele>1.9100000000000001</ele>
   </trkpt>
   <trkpt lat="47.280770000000004" lon="-2.47663">
    <ele>1.8300000000000003</ele>
   </trkpt>
   <trkpt lat="47.28085" lon="-2.47731">
    <ele>2.25</ele>
   </trkpt>
   <trkpt lat="47.280640000000005" lon="-2.47739">
    <ele>2.4400000000000004</ele>
   </trkpt>
   <trkpt lat="47.280330000000006" lon="-2.4774800000000003">
    <ele>3.08</ele>
   </trkpt>
   <trkpt lat="47.28051000000001" lon="-2.4779">
    <ele>3.45</ele>
   </trkpt>
   <trkpt lat="47.280640000000005" lon="-2.47831">
    <ele>4.220000000000001</ele>
   </trkpt>
   <trkpt lat="47.28067" lon="-2.47854">
    <ele>4.220000000000001</ele>
   </trkpt>
   <trkpt lat="47.28067" lon="-2.4789700000000003">
    <ele>4.91</ele>
   </trkpt>
   <trkpt lat="47.28065" lon="-2.4790500000000004">
    <ele>4.91</ele>
   </trkpt>
   <trkpt lat="47.28060000000001" lon="-2.4791700000000003">
    <ele>5.140000000000001</ele>
   </trkpt>
   <trkpt lat="47.28068000194728" lon="-2.4798449986886024">
    <ele>4.99</ele>
   </trkpt>
   <trkpt lat="47.28076" lon="-2.4805200000000003">
    <ele>5.2</ele>
   </trkpt>
   <trkpt lat="47.2809" lon="-2.4810100000000004">
    <ele>5.17</ele>
   </trkpt>
   <trkpt lat="47.28097" lon="-2.48122">
    <ele>5.21</ele>
   </trkpt>
   <trkpt lat="47.281130000000005" lon="-2.48184">
    <ele>5.25</ele>
   </trkpt>
   <trkpt lat="47.281290000000006" lon="-2.4830500000000004">
    <ele>5.74</ele>
   </trkpt>
   <trkpt lat="47.28137" lon="-2.48361">
    <ele>6.130000000000001</ele>
   </trkpt>
   <trkpt lat="47.28141" lon="-2.48362">
    <ele>6.11</ele>
   </trkpt>
   <trkpt lat="47.28141" lon="-2.4836300000000002">
    <ele>7.44</ele>
   </trkpt>
   <trkpt lat="47.281420000000004" lon="-2.4836600000000004">
    <ele>7.430000000000001</ele>
   </trkpt>
   <trkpt lat="47.28143000000001" lon="-2.4838400000000003">
    <ele>7.74</ele>
   </trkpt>
   <trkpt lat="47.28144" lon="-2.48402">
    <ele>7.94</ele>
   </trkpt>
   <trkpt lat="47.281470000000006" lon="-2.48444">
    <ele>6.29</ele>
   </trkpt>
   <trkpt lat="47.281530000000004" lon="-2.48516">
    <ele>6.33</ele>
   </trkpt>
   <trkpt lat="47.28161" lon="-2.48556">
    <ele>6.280000000000001</ele>
   </trkpt>
   <trkpt lat="47.281710000000004" lon="-2.4863700000000004">
    <ele>6.17</ele>
   </trkpt>
   <trkpt lat="47.281800000000004" lon="-2.4866">
    <ele>6.140000000000001</ele>
   </trkpt>
   <trkpt lat="47.28192000408836" lon="-2.4875699977669186">
    <ele>5.47</ele>
   </trkpt>
   <trkpt lat="47.28204" lon="-2.4885400000000004">
    <ele>5.25</ele>
   </trkpt>
   <trkpt lat="47.28204" lon="-2.4887200000000003">
    <ele>5.140000000000001</ele>
   </trkpt>
   <trkpt lat="47.28204" lon="-2.4888600000000003">
    <ele>5.090000000000001</ele>
   </trkpt>
   <trkpt lat="47.282160004077575" lon="-2.48982999767977">
    <ele>4.2</ele>
   </trkpt>
   <trkpt lat="47.28228000000001" lon="-2.4908">
    <ele>4.33</ele>
   </trkpt>
   <trkpt lat="47.28151000010765" lon="-2.490980002627558">
    <ele>5.64</ele>
   </trkpt>
   <trkpt lat="47.28074" lon="-2.4911600000000003">
    <ele>7.800000000000001</ele>
   </trkpt>
   <trkpt lat="47.280750000000005" lon="-2.49115">
    <ele>7.78</ele>
   </trkpt>
   <trkpt lat="47.28049" lon="-2.4912400000000003">
    <ele>8.0</ele>
   </trkpt>
   <trkpt lat="47.28060500263799" lon="-2.4920199982486055">
    <ele>7.2</ele>
   </trkpt>
   <trkpt lat="47.28072" lon="-2.4928000000000003">
    <ele>6.51</ele>
   </trkpt>
   <trkpt lat="47.280870008302465" lon="-2.493776661159124">
    <ele>5.880000000000001</ele>
   </trkpt>
   <trkpt lat="47.28102000830719" lon="-2.4947533278564613">
    <ele>6.410000000000001</ele>
   </trkpt>
   <trkpt lat="47.28117" lon="-2.49573">
    <ele>6.74</ele>
   </trkpt>
   <trkpt lat="47.281180000000006" lon="-2.49588">
    <ele>6.74</ele>
   </trkpt>
   <trkpt lat="47.28116000000001" lon="-2.49602">
    <ele>6.800000000000001</ele>
   </trkpt>
   <trkpt lat="47.28121" lon="-2.49607">
    <ele>6.800000000000001</ele>
   </trkpt>
   <trkpt lat="47.281220000000005" lon="-2.4962000000000004">
    <ele>6.7700000000000005</ele>
   </trkpt>
   <trkpt lat="47.28119" lon="-2.4962400000000002">
    <ele>6.7700000000000005</ele>
   </trkpt>
   <trkpt lat="47.28128" lon="-2.49661">
    <ele>6.390000000000001</ele>
   </trkpt>
   <trkpt lat="47.28134000000001" lon="-2.4970000000000003">
    <ele>6.220000000000001</ele>
   </trkpt>
   <trkpt lat="47.28147334002519" lon="-2.4978766622892477">
    <ele>5.450000000000001</ele>
   </trkpt>
   <trkpt lat="47.28160667336484" lon="-2.498753328997389">
    <ele>4.0600000000000005</ele>
   </trkpt>
   <trkpt lat="47.281740000000006" lon="-2.4996300000000002">
    <ele>3.86</ele>
   </trkpt>
   <trkpt lat="47.28193" lon="-2.5009">
    <ele>3.7600000000000002</ele>
   </trkpt>
   <trkpt lat="47.282050000000005" lon="-2.5014700000000003">
    <ele>3.7600000000000002</ele>
   </trkpt>
   <trkpt lat="47.282160000000005" lon="-2.50185">
    <ele>3.47</ele>
   </trkpt>
   <trkpt lat="47.282230000000006" lon="-2.50204">
    <ele>3.35</ele>
   </trkpt>
   <trkpt lat="47.28253" lon="-2.50246">
    <ele>3.47</ele>
   </trkpt>
   <trkpt lat="47.282680000000006" lon="-2.5026">
    <ele>3.47</ele>
   </trkpt>
   <trkpt lat="47.283" lon="-2.50293">
    <ele>3.3800000000000003</ele>
   </trkpt>
   <trkpt lat="47.283080000000005" lon="-2.5029600000000003">
    <ele>3.3800000000000003</ele>
   </trkpt>
   <trkpt lat="47.283150000000006" lon="-2.50301">
    <ele>3.3200000000000003</ele>
   </trkpt>
   <trkpt lat="47.283260000000006" lon="-2.50305">
    <ele>3.3200000000000003</ele>
   </trkpt>
   <trkpt lat="47.28341" lon="-2.50315">
    <ele>3.2800000000000002</ele>
   </trkpt>
   <trkpt lat="47.28354" lon="-2.50326">
    <ele>3.2800000000000002</ele>
   </trkpt>
   <trkpt lat="47.28378000000001" lon="-2.5034">
    <ele>3.22</ele>
   </trkpt>
   <trkpt lat="47.284255000500806" lon="-2.5036949974271026">
    <ele>3.52</ele>
   </trkpt>
   <trkpt lat="47.28473" lon="-2.5039900000000004">
    <ele>3.95</ele>
   </trkpt>
   <trkpt lat="47.2852" lon="-2.50429">
    <ele>4.57</ele>
   </trkpt>
   <trkpt lat="47.28591666868174" lon="-2.5047733202250604">
    <ele>3.98</ele>
   </trkpt>
   <trkpt lat="47.28663333533138" lon="-2.5052566535466663">
    <ele>3.9000000000000004</ele>
   </trkpt>
   <trkpt lat="47.28735" lon="-2.5057400000000003">
    <ele>4.0</ele>
   </trkpt>
   <trkpt lat="47.287910000000004" lon="-2.5060200000000004">
    <ele>3.7800000000000002</ele>
   </trkpt>
   <trkpt lat="47.28855" lon="-2.5063500000000003">
    <ele>3.37</ele>
   </trkpt>
   <trkpt lat="47.28855" lon="-2.5063400000000002">
    <ele>3.37</ele>
   </trkpt>
   <trkpt lat="47.28871" lon="-2.50647">
    <ele>3.37</ele>
   </trkpt>
   <trkpt lat="47.2892" lon="-2.5072500000000004">
    <ele>3.1500000000000004</ele>
   </trkpt>
   <trkpt lat="47.28934" lon="-2.50739">
    <ele>3.17</ele>
   </trkpt>
   <trkpt lat="47.28951000000001" lon="-2.50749">
    <ele>3.17</ele>
   </trkpt>
   <trkpt lat="47.2897" lon="-2.5075000000000003">
    <ele>3.1400000000000006</ele>
   </trkpt>
   <trkpt lat="47.28989000000001" lon="-2.5075200000000004">
    <ele>3.23</ele>
   </trkpt>
   <trkpt lat="47.28996" lon="-2.50753">
    <ele>3.23</ele>
   </trkpt>
   <trkpt lat="47.2901" lon="-2.50762">
    <ele>3.23</ele>
   </trkpt>
   <trkpt lat="47.29016000000001" lon="-2.5076">
    <ele>3.4800000000000004</ele>
   </trkpt>
   <trkpt lat="47.29023" lon="-2.5075700000000003">
    <ele>3.4800000000000004</ele>
   </trkpt>
   <trkpt lat="47.290290000000006" lon="-2.5074500000000004">
    <ele>3.4800000000000004</ele>
   </trkpt>
   <trkpt lat="47.29032" lon="-2.50732">
    <ele>3.56</ele>
   </trkpt>
   <trkpt lat="47.29032" lon="-2.50733">
    <ele>3.5500000000000003</ele>
   </trkpt>
   <trkpt lat="47.29048" lon="-2.50679">
    <ele>3.72</ele>
   </trkpt>
   <trkpt lat="47.29048" lon="-2.50639">
    <ele>3.8300000000000005</ele>
   </trkpt>
   <trkpt lat="47.290490000000005" lon="-2.50626">
    <ele>3.8300000000000005</ele>
   </trkpt>
   <trkpt lat="47.290490000000005" lon="-2.50627">
    <ele>3.8300000000000005</ele>
   </trkpt>
   <trkpt lat="47.29080500290433" lon="-2.5054600046939974">
    <ele>3.74</ele>
   </trkpt>
   <trkpt lat="47.29112000000001" lon="-2.5046500000000003">
    <ele>3.62</ele>
   </trkpt>
   <trkpt lat="47.29119000000001" lon="-2.50457">
    <ele>3.6400000000000006</ele>
   </trkpt>
   <trkpt lat="47.291360000000005" lon="-2.50461">
    <ele>3.6500000000000004</ele>
   </trkpt>
   <trkpt lat="47.291790000000006" lon="-2.50488">
    <ele>4.3500000000000005</ele>
   </trkpt>
   <trkpt lat="47.29191" lon="-2.50497">
    <ele>4.49</ele>
   </trkpt>
   <trkpt lat="47.29202" lon="-2.5051">
    <ele>4.79</ele>
   </trkpt>
   <trkpt lat="47.292120000000004" lon="-2.50529">
    <ele>4.86</ele>
   </trkpt>
   <trkpt lat="47.29214" lon="-2.5054000000000003">
    <ele>4.9</ele>
   </trkpt>
   <trkpt lat="47.29214" lon="-2.50556">
    <ele>4.95</ele>
   </trkpt>
   <trkpt lat="47.29205" lon="-2.50624">
    <ele>5.0200000000000005</ele>
   </trkpt>
   <trkpt lat="47.292060000000006" lon="-2.5064300000000004">
    <ele>4.96</ele>
   </trkpt>
   <trkpt lat="47.29216" lon="-2.50705">
    <ele>4.1000000000000005</ele>
   </trkpt>
   <trkpt lat="47.291990000000006" lon="-2.5075700000000003">
    <ele>3.85</ele>
   </trkpt>
   <trkpt lat="47.29198" lon="-2.5078">
    <ele>3.89</ele>
   </trkpt>
   <trkpt lat="47.292100000000005" lon="-2.50807">
    <ele>4.0</ele>
   </trkpt>
   <trkpt lat="47.292280000000005" lon="-2.50835">
    <ele>4.3</ele>
   </trkpt>
   <trkpt lat="47.29233000000001" lon="-2.50864">
    <ele>4.3</ele>
   </trkpt>
   <trkpt lat="47.292410000000004" lon="-2.5086700000000004">
    <ele>4.3</ele>
   </trkpt>
   <trkpt lat="47.29260000000001" lon="-2.5088000000000004">
    <ele>4.140000000000001</ele>
   </trkpt>
   <trkpt lat="47.29269" lon="-2.50889">
    <ele>4.15</ele>
   </trkpt>
   <trkpt lat="47.29276" lon="-2.5090100000000004">
    <ele>4.21</ele>
   </trkpt>
   <trkpt lat="47.292820000000006" lon="-2.5090100000000004">
    <ele>4.21</ele>
   </trkpt>
   <trkpt lat="47.292880000000004" lon="-2.5090500000000002">
    <ele>4.19</ele>
   </trkpt>
   <trkpt lat="47.292970000000004" lon="-2.50902">
    <ele>4.07</ele>
   </trkpt>
   <trkpt lat="47.293060000000004" lon="-2.50903">
    <ele>4.07</ele>
   </trkpt>
   <trkpt lat="47.29346" lon="-2.5093">
    <ele>3.6</ele>
   </trkpt>
   <trkpt lat="47.293530000000004" lon="-2.50949">
    <ele>3.6100000000000003</ele>
   </trkpt>
   <trkpt lat="47.29366" lon="-2.5097400000000003">
    <ele>3.5900000000000003</ele>
   </trkpt>
   <trkpt lat="47.293760000000006" lon="-2.50991">
    <ele>3.67</ele>
   </trkpt>
   <trkpt lat="47.29381" lon="-2.5099600000000004">
    <ele>3.67</ele>
   </trkpt>
   <trkpt lat="47.29388" lon="-2.50997">
    <ele>3.4800000000000004</ele>
   </trkpt>
   <trkpt lat="47.29392000000001" lon="-2.5101">
    <ele>3.36</ele>
   </trkpt>
   <trkpt lat="47.29434000152653" lon="-2.5106649956984057">
    <ele>3.2600000000000002</ele>
   </trkpt>
   <trkpt lat="47.294760000000004" lon="-2.5112300000000003">
    <ele>3.4400000000000004</ele>
   </trkpt>
   <trkpt lat="47.294990000000006" lon="-2.5116">
    <ele>3.47</ele>
   </trkpt>
   <trkpt lat="47.29525" lon="-2.5124400000000002">
    <ele>3.5</ele>
   </trkpt>
   <trkpt lat="47.29525" lon="-2.51254">
    <ele>3.5</ele>
   </trkpt>
   <trkpt lat="47.295410000000004" lon="-2.51309">
    <ele>3.36</ele>
   </trkpt>
   <trkpt lat="47.29551000000001" lon="-2.51325">
    <ele>3.3800000000000003</ele>
   </trkpt>
   <trkpt lat="47.295550000000006" lon="-2.51324">
    <ele>3.3800000000000003</ele>
   </trkpt>
   <trkpt lat="47.29565" lon="-2.5132800000000004">
    <ele>3.3800000000000003</ele>
   </trkpt>
   <trkpt lat="47.29592" lon="-2.51342">
    <ele>3.21</ele>
   </trkpt>
   <trkpt lat="47.29641500081529" lon="-2.513824996292073">
    <ele>3.23</ele>
   </trkpt>
   <trkpt lat="47.296910000000004" lon="-2.5142300000000004">
    <ele>3.19</ele>
   </trkpt>
   <trkpt lat="47.297470000000004" lon="-2.51458">
    <ele>3.2700000000000005</ele>
   </trkpt>
   <trkpt lat="47.297700000000006" lon="-2.5147600000000003">
    <ele>3.3100000000000005</ele>
   </trkpt>
   <trkpt lat="47.29787" lon="-2.51485">
    <ele>3.33</ele>
   </trkpt>
   <trkpt lat="47.297990000000006" lon="-2.51487">
    <ele>3.39</ele>
   </trkpt>
   <trkpt lat="47.29797000000001" lon="-2.51498">
    <ele>3.4400000000000004</ele>
   </trkpt>
   <trkpt lat="47.298" lon="-2.51505">
    <ele>3.47</ele>
   </trkpt>
   <trkpt lat="47.29805" lon="-2.5150400000000004">
    <ele>3.47</ele>
   </trkpt>
   <trkpt lat="47.29805" lon="-2.51512">
    <ele>3.47</ele>
   </trkpt>
   <trkpt lat="47.29809" lon="-2.5152">
    <ele>3.5900000000000003</ele>
   </trkpt>
   <trkpt lat="47.29829" lon="-2.51568">
    <ele>4.050000000000001</ele>
   </trkpt>
   <trkpt lat="47.2984" lon="-2.516">
    <ele>4.25</ele>
   </trkpt>
   <trkpt lat="47.298640000000006" lon="-2.5168500000000003">
    <ele>4.72</ele>
   </trkpt>
   <trkpt lat="47.29894" lon="-2.5178200000000004">
    <ele>4.5</ele>
   </trkpt>
   <trkpt lat="47.29901" lon="-2.51799">
    <ele>4.5</ele>
   </trkpt>
   <trkpt lat="47.29905" lon="-2.5180800000000003">
    <ele>4.5</ele>
   </trkpt>
   <trkpt lat="47.29938000102641" lon="-2.5185449972188665">
    <ele>4.38</ele>
   </trkpt>
   <trkpt lat="47.299710000000005" lon="-2.51901">
    <ele>4.2700000000000005</ele>
   </trkpt>
   <trkpt lat="47.300070000000005" lon="-2.51959">
    <ele>4.28</ele>
   </trkpt>
   <trkpt lat="47.30017" lon="-2.5198500000000004">
    <ele>4.21</ele>
   </trkpt>
   <trkpt lat="47.300180000000005" lon="-2.5199800000000003">
    <ele>4.2</ele>
   </trkpt>
   <trkpt lat="47.30029500530166" lon="-2.521084997510931">
    <ele>4.3</ele>
   </trkpt>
   <trkpt lat="47.30041000000001" lon="-2.52219">
    <ele>3.74</ele>
   </trkpt>
   <trkpt lat="47.30042" lon="-2.52267">
    <ele>3.5100000000000002</ele>
   </trkpt>
   <trkpt lat="47.30048000000001" lon="-2.52273">
    <ele>3.5100000000000002</ele>
   </trkpt>
   <trkpt lat="47.30050000000001" lon="-2.52285">
    <ele>3.5100000000000002</ele>
   </trkpt>
   <trkpt lat="47.30046" lon="-2.52298">
    <ele>3.34</ele>
   </trkpt>
   <trkpt lat="47.300580000000004" lon="-2.52375">
    <ele>2.9800000000000004</ele>
   </trkpt>
   <trkpt lat="47.300650000000005" lon="-2.5243800000000003">
    <ele>2.71</ele>
   </trkpt>
   <trkpt lat="47.300650000000005" lon="-2.52436">
    <ele>2.71</ele>
   </trkpt>
   <trkpt lat="47.30078" lon="-2.5256700000000003">
    <ele>2.58</ele>
   </trkpt>
   <trkpt lat="47.30089" lon="-2.52665">
    <ele>2.72</ele>
   </trkpt>
   <trkpt lat="47.30091" lon="-2.52706">
    <ele>2.83</ele>
   </trkpt>
   <trkpt lat="47.300900000000006" lon="-2.52727">
    <ele>2.9899999999999998</ele>
   </trkpt>
   <trkpt lat="47.300810000000006" lon="-2.528">
    <ele>3.39</ele>
   </trkpt>
   <trkpt lat="47.3006" lon="-2.52922">
    <ele>4.0600000000000005</ele>
   </trkpt>
   <trkpt lat="47.3004" lon="-2.53003">
    <ele>4.32</ele>
   </trkpt>
   <trkpt lat="47.30035" lon="-2.5302800000000003">
    <ele>4.25</ele>
   </trkpt>
   <trkpt lat="47.300340000000006" lon="-2.5304">
    <ele>4.23</ele>
   </trkpt>
   <trkpt lat="47.3004" lon="-2.53167">
    <ele>3.6100000000000003</ele>
   </trkpt>
   <trkpt lat="47.300450000000005" lon="-2.5328000000000004">
    <ele>3.17</ele>
   </trkpt>
   <trkpt lat="47.30042" lon="-2.53349">
    <ele>3.24</ele>
   </trkpt>
   <trkpt lat="47.30031" lon="-2.53396">
    <ele>3.47</ele>
   </trkpt>
   <trkpt lat="47.300230000000006" lon="-2.5341600000000004">
    <ele>3.62</ele>
   </trkpt>
   <trkpt lat="47.29999" lon="-2.53458">
    <ele>3.68</ele>
   </trkpt>
   <trkpt lat="47.29972" lon="-2.5351000000000004">
    <ele>3.87</ele>
   </trkpt>
   <trkpt lat="47.29948" lon="-2.5354400000000004">
    <ele>3.9000000000000004</ele>
   </trkpt>
   <trkpt lat="47.29927000000001" lon="-2.5358">
    <ele>3.8800000000000003</ele>
   </trkpt>
   <trkpt lat="47.299170000000004" lon="-2.53607">
    <ele>3.73</ele>
   </trkpt>
   <trkpt lat="47.29909000000001" lon="-2.53647">
    <ele>3.73</ele>
   </trkpt>
   <trkpt lat="47.29905" lon="-2.53683">
    <ele>3.6</ele>
   </trkpt>
   <trkpt lat="47.299145001875225" lon="-2.5374799990896157">
    <ele>3.52</ele>
   </trkpt>
   <trkpt lat="47.299240000000005" lon="-2.53813">
    <ele>3.3800000000000003</ele>
   </trkpt>
   <trkpt lat="47.299330000000005" lon="-2.5387700000000004">
    <ele>3.58</ele>
   </trkpt>
   <trkpt lat="47.299350000000004" lon="-2.53921">
    <ele>3.6500000000000004</ele>
   </trkpt>
   <trkpt lat="47.29932" lon="-2.5396300000000003">
    <ele>3.6400000000000006</ele>
   </trkpt>
   <trkpt lat="47.29927000000001" lon="-2.5399100000000003">
    <ele>3.68</ele>
   </trkpt>
   <trkpt lat="47.299080001719624" lon="-2.540525001968532">
    <ele>3.98</ele>
   </trkpt>
   <trkpt lat="47.29889000000001" lon="-2.5411400000000004">
    <ele>4.1000000000000005</ele>
   </trkpt>
   <trkpt lat="47.29876" lon="-2.5416800000000004">
    <ele>4.07</ele>
   </trkpt>
   <trkpt lat="47.29876" lon="-2.5417">
    <ele>4.0600000000000005</ele>
   </trkpt>
   <trkpt lat="47.29867" lon="-2.54278">
    <ele>3.71</ele>
   </trkpt>
   <trkpt lat="47.29862000000001" lon="-2.54305">
    <ele>3.72</ele>
   </trkpt>
   <trkpt lat="47.298570000000005" lon="-2.54318">
    <ele>3.72</ele>
   </trkpt>
   <trkpt lat="47.29825500155453" lon="-2.543790003757733">
    <ele>4.0600000000000005</ele>
   </trkpt>
   <trkpt lat="47.297940000000004" lon="-2.5444">
    <ele>4.24</ele>
   </trkpt>
   <trkpt lat="47.297810000000005" lon="-2.54461">
    <ele>4.2700000000000005</ele>
   </trkpt>
   <trkpt lat="47.29724" lon="-2.5451300000000003">
    <ele>3.89</ele>
   </trkpt>
   <trkpt lat="47.296670000000006" lon="-2.54563">
    <ele>4.04</ele>
   </trkpt>
   <trkpt lat="47.2963" lon="-2.54589">
    <ele>4.15</ele>
   </trkpt>
   <trkpt lat="47.29589000000001" lon="-2.5460000000000003">
    <ele>4.55</ele>
   </trkpt>
   <trkpt lat="47.295390000000005" lon="-2.54611">
    <ele>4.710000000000001</ele>
   </trkpt>
   <trkpt lat="47.29515000000001" lon="-2.54624">
    <ele>4.630000000000001</ele>
   </trkpt>
   <trkpt lat="47.29506000000001" lon="-2.54633">
    <ele>4.630000000000001</ele>
   </trkpt>
   <trkpt lat="47.29482" lon="-2.5466300000000004">
    <ele>4.5600000000000005</ele>
   </trkpt>
   <trkpt lat="47.29457000000001" lon="-2.54678">
    <ele>4.66</ele>
   </trkpt>
   <trkpt lat="47.29374499996993" lon="-2.5468150005475225">
    <ele>5.21</ele>
   </trkpt>
   <trkpt lat="47.29292" lon="-2.54685">
    <ele>5.12</ele>
   </trkpt>
   <trkpt lat="47.292910000000006" lon="-2.54685">
    <ele>5.12</ele>
   </trkpt>
   <trkpt lat="47.292730000000006" lon="-2.54685">
    <ele>5.04</ele>
   </trkpt>
   <trkpt lat="47.292570000000005" lon="-2.54678">
    <ele>4.79</ele>
   </trkpt>
   <trkpt lat="47.292390000000005" lon="-2.54664">
    <ele>4.72</ele>
   </trkpt>
   <trkpt lat="47.291760000000004" lon="-2.54589">
    <ele>4.9</ele>
   </trkpt>
   <trkpt lat="47.29121000000001" lon="-2.5455300000000003">
    <ele>4.99</ele>
   </trkpt>
   <trkpt lat="47.291070000000005" lon="-2.54542">
    <ele>4.91</ele>
   </trkpt>
   <trkpt lat="47.290910000000004" lon="-2.5452000000000004">
    <ele>4.65</ele>
   </trkpt>
   <trkpt lat="47.290820000000004" lon="-2.5449400000000004">
    <ele>4.64</ele>
   </trkpt>
   <trkpt lat="47.29076000197032" lon="-2.544264999106287">
    <ele>4.760000000000001</ele>
   </trkpt>
   <trkpt lat="47.2907" lon="-2.54359">
    <ele>5.0200000000000005</ele>
   </trkpt>
   <trkpt lat="47.29065000000001" lon="-2.54327">
    <ele>5.0200000000000005</ele>
   </trkpt>
   <trkpt lat="47.29059" lon="-2.5430300000000003">
    <ele>5.090000000000001</ele>
   </trkpt>
   <trkpt lat="47.29048" lon="-2.5427000000000004">
    <ele>5.15</ele>
   </trkpt>
   <trkpt lat="47.29023000218501" lon="-2.5419949967331146">
    <ele>5.34</ele>
   </trkpt>
   <trkpt lat="47.28998000000001" lon="-2.54129">
    <ele>6.07</ele>
   </trkpt>
   <trkpt lat="47.28985" lon="-2.5408000000000004">
    <ele>6.840000000000001</ele>
   </trkpt>
   <trkpt lat="47.289660000000005" lon="-2.53994">
    <ele>8.89</ele>
   </trkpt>
   <trkpt lat="47.28958" lon="-2.53952">
    <ele>9.250000000000002</ele>
   </trkpt>
   <trkpt lat="47.289372027010174" lon="-2.5382739803998318">
    <ele>10.77</ele>
   </trkpt>
   <trkpt lat="47.289164040515004" lon="-2.5370279705989596">
    <ele>12.780000000000001</ele>
   </trkpt>
   <trkpt lat="47.2889560405147" lon="-2.5357819705978697">
    <ele>15.83</ele>
   </trkpt>
   <trkpt lat="47.28874802700947" lon="-2.5345359803970515">
    <ele>15.940000000000003</ele>
   </trkpt>
   <trkpt lat="47.288540000000005" lon="-2.53329">
    <ele>16.080000000000002</ele>
   </trkpt>
   <trkpt lat="47.28844" lon="-2.5326600000000004">
    <ele>16.099999999999998</ele>
   </trkpt>
   <trkpt lat="47.288340000000005" lon="-2.5323300000000004">
    <ele>16.12</ele>
   </trkpt>
   <trkpt lat="47.28824" lon="-2.53214">
    <ele>16.34</ele>
   </trkpt>
   <trkpt lat="47.28784" lon="-2.5316400000000003">
    <ele>16.19</ele>
   </trkpt>
   <trkpt lat="47.28774000000001" lon="-2.5314500000000004">
    <ele>15.860000000000003</ele>
   </trkpt>
   <trkpt lat="47.28768" lon="-2.53128">
    <ele>15.56</ele>
   </trkpt>
   <trkpt lat="47.287600000000005" lon="-2.5307600000000003">
    <ele>15.170000000000002</ele>
   </trkpt>
   <trkpt lat="47.28749500511238" lon="-2.529674997764907">
    <ele>15.1</ele>
   </trkpt>
   <trkpt lat="47.28739" lon="-2.5285900000000003">
    <ele>12.93</ele>
   </trkpt>
   <trkpt lat="47.287310006690966" lon="-2.5277133307417645">
    <ele>11.31</ele>
   </trkpt>
   <trkpt lat="47.28723000669644" lon="-2.5268366641352396">
    <ele>9.430000000000001</ele>
   </trkpt>
   <trkpt lat="47.287150000000004" lon="-2.5259600000000004">
    <ele>7.790000000000001</ele>
   </trkpt>
   <trkpt lat="47.28717" lon="-2.52556">
    <ele>7.69</ele>
   </trkpt>
   <trkpt lat="47.287240000000004" lon="-2.52516">
    <ele>7.670000000000001</ele>
   </trkpt>
   <trkpt lat="47.287420000000004" lon="-2.5244400000000002">
    <ele>8.64</ele>
   </trkpt>
   <trkpt lat="47.28745000000001" lon="-2.52415">
    <ele>9.22</ele>
   </trkpt>
   <trkpt lat="47.28743" lon="-2.5239100000000003">
    <ele>10.05</ele>
   </trkpt>
   <trkpt lat="47.28728000270535" lon="-2.523124997905355">
    <ele>11.36</ele>
   </trkpt>
   <trkpt lat="47.287130000000005" lon="-2.5223400000000002">
    <ele>11.39</ele>
   </trkpt>
   <trkpt lat="47.286810003813166" lon="-2.5213999942252285">
    <ele>11.540000000000001</ele>
   </trkpt>
   <trkpt lat="47.28649" lon="-2.5204600000000004">
    <ele>10.860000000000001</ele>
   </trkpt>
   <trkpt lat="47.2864" lon="-2.52014">
    <ele>10.200000000000001</ele>
   </trkpt>
   <trkpt lat="47.28634" lon="-2.5198300000000002">
    <ele>9.420000000000002</ele>
   </trkpt>
   <trkpt lat="47.28631000000001" lon="-2.51925">
    <ele>8.39</ele>
   </trkpt>
   <trkpt lat="47.286300000000004" lon="-2.5189600000000003">
    <ele>8.030000000000001</ele>
   </trkpt>
   <trkpt lat="47.28624000000001" lon="-2.51871">
    <ele>8.010000000000002</ele>
   </trkpt>
   <trkpt lat="47.286120000000004" lon="-2.51839">
    <ele>7.8900000000000015</ele>
   </trkpt>
   <trkpt lat="47.28598" lon="-2.51824">
    <ele>7.9300000000000015</ele>
   </trkpt>
   <trkpt lat="47.286120000000004" lon="-2.51839">
    <ele>7.8900000000000015</ele>
   </trkpt>
   <trkpt lat="47.28624000000001" lon="-2.51871">
    <ele>8.010000000000002</ele>
   </trkpt>
   <trkpt lat="47.286120000000004" lon="-2.51839">
    <ele>7.8900000000000015</ele>
   </trkpt>
   <trkpt lat="47.28573" lon="-2.51797">
    <ele>8.030000000000001</ele>
   </trkpt>
   <trkpt lat="47.28562" lon="-2.51777">
    <ele>7.9300000000000015</ele>
   </trkpt>
   <trkpt lat="47.285560000000004" lon="-2.5176200000000004">
    <ele>7.800000000000001</ele>
   </trkpt>
   <trkpt lat="47.28539000000001" lon="-2.5164400000000002">
    <ele>5.920000000000001</ele>
   </trkpt>
   <trkpt lat="47.28524" lon="-2.5153100000000004">
    <ele>5.3100000000000005</ele>
   </trkpt>
   <trkpt lat="47.28519000000001" lon="-2.51507">
    <ele>5.410000000000001</ele>
   </trkpt>
   <trkpt lat="47.28508" lon="-2.51485">
    <ele>5.4</ele>
   </trkpt>
   <trkpt lat="47.28492000000001" lon="-2.51466">
    <ele>5.46</ele>
   </trkpt>
   <trkpt lat="47.28454000000001" lon="-2.5142200000000003">
    <ele>5.49</ele>
   </trkpt>
   <trkpt lat="47.284470000000006" lon="-2.51405">
    <ele>5.540000000000001</ele>
   </trkpt>
   <trkpt lat="47.28443" lon="-2.51384">
    <ele>5.55</ele>
   </trkpt>
   <trkpt lat="47.28439" lon="-2.51336">
    <ele>5.85</ele>
   </trkpt>
   <trkpt lat="47.2843" lon="-2.5131400000000004">
    <ele>6.050000000000001</ele>
   </trkpt>
   <trkpt lat="47.28408" lon="-2.51276">
    <ele>5.94</ele>
   </trkpt>
   <trkpt lat="47.28367000050334" lon="-2.512464997803484">
    <ele>5.450000000000001</ele>
   </trkpt>
   <trkpt lat="47.283260000000006" lon="-2.5121700000000002">
    <ele>5.33</ele>
   </trkpt>
   <trkpt lat="47.28313000000001" lon="-2.51208">
    <ele>5.36</ele>
   </trkpt>
   <trkpt lat="47.28304000000001" lon="-2.51195">
    <ele>5.430000000000001</ele>
   </trkpt>
   <trkpt lat="47.282970000000006" lon="-2.51181">
    <ele>5.540000000000001</ele>
   </trkpt>
   <trkpt lat="47.282680000000006" lon="-2.5109000000000004">
    <ele>6.24</ele>
   </trkpt>
   <trkpt lat="47.28257000000001" lon="-2.51059">
    <ele>6.25</ele>
   </trkpt>
   <trkpt lat="47.28249" lon="-2.51031">
    <ele>6.19</ele>
   </trkpt>
   <trkpt lat="47.282450000000004" lon="-2.5101">
    <ele>6.19</ele>
   </trkpt>
   <trkpt lat="47.282360000000004" lon="-2.5093500000000004">
    <ele>5.6000000000000005</ele>
   </trkpt>
   <trkpt lat="47.28222500234776" lon="-2.50860999792514">
    <ele>5.61</ele>
   </trkpt>
   <trkpt lat="47.282090000000004" lon="-2.50787">
    <ele>5.91</ele>
   </trkpt>
   <trkpt lat="47.282090000000004" lon="-2.50739">
    <ele>5.9799999999999995</ele>
   </trkpt>
   <trkpt lat="47.28217" lon="-2.50666">
    <ele>6.0200000000000005</ele>
   </trkpt>
   <trkpt lat="47.282410003858786" lon="-2.505720004203309">
    <ele>5.66</ele>
   </trkpt>
   <trkpt lat="47.282650000000004" lon="-2.5047800000000002">
    <ele>5.0</ele>
   </trkpt>
   <trkpt lat="47.282790000000006" lon="-2.50423">
    <ele>4.44</ele>
   </trkpt>
   <trkpt lat="47.28282" lon="-2.50402">
    <ele>4.25</ele>
   </trkpt>
   <trkpt lat="47.28284000000001" lon="-2.50369">
    <ele>4.03</ele>
   </trkpt>
   <trkpt lat="47.282810000000005" lon="-2.50367">
    <ele>4.08</ele>
   </trkpt>
   <trkpt lat="47.282790000000006" lon="-2.5034">
    <ele>3.96</ele>
   </trkpt>
   <trkpt lat="47.282740000000004" lon="-2.5031700000000003">
    <ele>3.96</ele>
   </trkpt>
   <trkpt lat="47.282590000000006" lon="-2.5027500000000003">
    <ele>3.93</ele>
   </trkpt>
   <trkpt lat="47.28226" lon="-2.5022900000000003">
    <ele>4.050000000000001</ele>
   </trkpt>
   <trkpt lat="47.28213" lon="-2.50198">
    <ele>4.23</ele>
   </trkpt>
   <trkpt lat="47.282050000000005" lon="-2.5017500000000004">
    <ele>4.260000000000001</ele>
   </trkpt>
   <trkpt lat="47.281920001833925" lon="-2.501109998685233">
    <ele>4.38</ele>
   </trkpt>
   <trkpt lat="47.28179" lon="-2.5004700000000004">
    <ele>4.45</ele>
   </trkpt>
   <trkpt lat="47.28179" lon="-2.5004600000000003">
    <ele>4.45</ele>
   </trkpt>
   <trkpt lat="47.281560000000006" lon="-2.4991800000000004">
    <ele>4.7</ele>
   </trkpt>
   <trkpt lat="47.28155" lon="-2.49892">
    <ele>4.79</ele>
   </trkpt>
   <trkpt lat="47.281470000000006" lon="-2.49847">
    <ele>4.96</ele>
   </trkpt>
   <trkpt lat="47.281380000000006" lon="-2.4977">
    <ele>6.33</ele>
   </trkpt>
   <trkpt lat="47.281380000000006" lon="-2.4975500000000004">
    <ele>6.33</ele>
   </trkpt>
   <trkpt lat="47.281220000000005" lon="-2.49663">
    <ele>6.960000000000001</ele>
   </trkpt>
   <trkpt lat="47.2811" lon="-2.49636">
    <ele>6.99</ele>
   </trkpt>
   <trkpt lat="47.28108" lon="-2.49622">
    <ele>6.99</ele>
   </trkpt>
   <trkpt lat="47.281060000000004" lon="-2.4961300000000004">
    <ele>7.0</ele>
   </trkpt>
   <trkpt lat="47.280950000000004" lon="-2.49607">
    <ele>6.87</ele>
   </trkpt>
   <trkpt lat="47.2809" lon="-2.49602">
    <ele>6.87</ele>
   </trkpt>
   <trkpt lat="47.280860000000004" lon="-2.49596">
    <ele>7.5</ele>
   </trkpt>
   <trkpt lat="47.28078000000001" lon="-2.4958600000000004">
    <ele>7.490000000000001</ele>
   </trkpt>
   <trkpt lat="47.28078000000001" lon="-2.4958500000000003">
    <ele>6.7</ele>
   </trkpt>
   <trkpt lat="47.280640000000005" lon="-2.4956500000000004">
    <ele>6.51</ele>
   </trkpt>
   <trkpt lat="47.28043" lon="-2.49539">
    <ele>6.38</ele>
   </trkpt>
   <trkpt lat="47.27993000213668" lon="-2.494704993657747">
    <ele>7.220000000000001</ele>
   </trkpt>
   <trkpt lat="47.279430000000005" lon="-2.4940200000000003">
    <ele>8.010000000000002</ele>
   </trkpt>
   <trkpt lat="47.279085001094046" lon="-2.4935499971168475">
    <ele>8.07</ele>
   </trkpt>
   <trkpt lat="47.278740000000006" lon="-2.4930800000000004">
    <ele>8.200000000000001</ele>
   </trkpt>
   <trkpt lat="47.278510000000004" lon="-2.4928600000000003">
    <ele>8.33</ele>
   </trkpt>
   <trkpt lat="47.278420000000004" lon="-2.49276">
    <ele>8.33</ele>
   </trkpt>
   <trkpt lat="47.2781" lon="-2.49263">
    <ele>8.33</ele>
   </trkpt>
   <trkpt lat="47.27738" lon="-2.49255">
    <ele>8.13</ele>
   </trkpt>
   <trkpt lat="47.27695000000001" lon="-2.49255">
    <ele>7.790000000000001</ele>
   </trkpt>
   <trkpt lat="47.276610000000005" lon="-2.49243">
    <ele>7.29</ele>
   </trkpt>
   <trkpt lat="47.27648000000001" lon="-2.49236">
    <ele>7.12</ele>
   </trkpt>
   <trkpt lat="47.27644" lon="-2.4924600000000003">
    <ele>6.95</ele>
   </trkpt>
   <trkpt lat="47.2764" lon="-2.4924500000000003">
    <ele>6.95</ele>
   </trkpt>
   <trkpt lat="47.276360000000004" lon="-2.49242">
    <ele>6.95</ele>
   </trkpt>
   <trkpt lat="47.276340000000005" lon="-2.49236">
    <ele>6.95</ele>
   </trkpt>
   <trkpt lat="47.276360000000004" lon="-2.49227">
    <ele>6.930000000000001</ele>
   </trkpt>
   <trkpt lat="47.276180000000004" lon="-2.4920500000000003">
    <ele>6.72</ele>
   </trkpt>
   <trkpt lat="47.27608" lon="-2.49187">
    <ele>6.65</ele>
   </trkpt>
   <trkpt lat="47.27597" lon="-2.4916">
    <ele>6.73</ele>
   </trkpt>
   <trkpt lat="47.27591" lon="-2.49133">
    <ele>7.010000000000001</ele>
   </trkpt>
   <trkpt lat="47.27588" lon="-2.49105">
    <ele>7.260000000000001</ele>
   </trkpt>
   <trkpt lat="47.27588" lon="-2.49073">
    <ele>7.48</ele>
   </trkpt>
   <trkpt lat="47.27594000730969" lon="-2.4898133354119247">
    <ele>9.1</ele>
   </trkpt>
   <trkpt lat="47.27600000730972" lon="-2.4888966687449425">
    <ele>9.56</ele>
   </trkpt>
   <trkpt lat="47.27606" lon="-2.4879800000000003">
    <ele>9.47</ele>
   </trkpt>
   <trkpt lat="47.275980002802584" lon="-2.48717499862157">
    <ele>9.32</ele>
   </trkpt>
   <trkpt lat="47.27590000000001" lon="-2.4863700000000004">
    <ele>9.260000000000002</ele>
   </trkpt>
   <trkpt lat="47.275830000000006" lon="-2.4864300000000004">
    <ele>9.47</ele>
   </trkpt>
   <trkpt lat="47.275780000000005" lon="-2.4864900000000003">
    <ele>9.47</ele>
   </trkpt>
   <trkpt lat="47.27561" lon="-2.4868900000000003">
    <ele>9.35</ele>
   </trkpt>
   <trkpt lat="47.27561" lon="-2.4869000000000003">
    <ele>9.35</ele>
   </trkpt>
   <trkpt lat="47.275560000000006" lon="-2.48701">
    <ele>9.340000000000002</ele>
   </trkpt>
   <trkpt lat="47.27492" lon="-2.4869100000000004">
    <ele>8.76</ele>
   </trkpt>
   <trkpt lat="47.27483" lon="-2.4868400000000004">
    <ele>8.76</ele>
   </trkpt>
   <trkpt lat="47.2747" lon="-2.4863500000000003">
    <ele>8.030000000000001</ele>
   </trkpt>
   <trkpt lat="47.27467" lon="-2.4861000000000004">
    <ele>8.030000000000001</ele>
   </trkpt>
   <trkpt lat="47.274660000000004" lon="-2.48565">
    <ele>7.490000000000001</ele>
   </trkpt>
   <trkpt lat="47.274680000000004" lon="-2.4855400000000003">
    <ele>7.490000000000001</ele>
   </trkpt>
   <trkpt lat="47.274680000000004" lon="-2.4852000000000003">
    <ele>7.29</ele>
   </trkpt>
   <trkpt lat="47.27458000000001" lon="-2.48428">
    <ele>7.74</ele>
   </trkpt>
   <trkpt lat="47.27445" lon="-2.48388">
    <ele>8.190000000000001</ele>
   </trkpt>
   <trkpt lat="47.274350000000005" lon="-2.4835700000000003">
    <ele>8.610000000000001</ele>
   </trkpt>
   <trkpt lat="47.27425" lon="-2.48307">
    <ele>8.55</ele>
   </trkpt>
   <trkpt lat="47.2742" lon="-2.48259">
    <ele>8.66</ele>
   </trkpt>
   <trkpt lat="47.27405" lon="-2.4818300000000004">
    <ele>9.46</ele>
   </trkpt>
   <trkpt lat="47.27405" lon="-2.48132">
    <ele>9.330000000000002</ele>
   </trkpt>
   <trkpt lat="47.274150000000006" lon="-2.4813">
    <ele>9.72</ele>
   </trkpt>
   <trkpt lat="47.27443" lon="-2.4813400000000003">
    <ele>11.340000000000002</ele>
   </trkpt>
   <trkpt lat="47.274820000000005" lon="-2.4812100000000004">
    <ele>13.31</ele>
   </trkpt>
   <trkpt lat="47.27499" lon="-2.48117">
    <ele>13.840000000000002</ele>
   </trkpt>
   <trkpt lat="47.27470500151058" lon="-2.4805849968946325">
    <ele>12.450000000000001</ele>
   </trkpt>
   <trkpt lat="47.274420000000006" lon="-2.48">
    <ele>10.350000000000001</ele>
   </trkpt>
   <trkpt lat="47.27422000000001" lon="-2.47968">
    <ele>9.48</ele>
   </trkpt>
   <trkpt lat="47.27403" lon="-2.4794400000000003">
    <ele>8.97</ele>
   </trkpt>
   <trkpt lat="47.273590000000006" lon="-2.47907">
    <ele>8.350000000000001</ele>
   </trkpt>
   <trkpt lat="47.27311" lon="-2.47872">
    <ele>8.280000000000001</ele>
   </trkpt>
   <trkpt lat="47.272870000000005" lon="-2.4784900000000003">
    <ele>8.200000000000001</ele>
   </trkpt>
   <trkpt lat="47.27261000000001" lon="-2.47819">
    <ele>8.180000000000001</ele>
   </trkpt>
   <trkpt lat="47.27248" lon="-2.47799">
    <ele>8.219999999999999</ele>
   </trkpt>
   <trkpt lat="47.272290000000005" lon="-2.47763">
    <ele>8.530000000000001</ele>
   </trkpt>
   <trkpt lat="47.272200000000005" lon="-2.47738">
    <ele>9.120000000000001</ele>
   </trkpt>
   <trkpt lat="47.27208" lon="-2.4768800000000004">
    <ele>9.850000000000001</ele>
   </trkpt>
   <trkpt lat="47.27202000220521" lon="-2.476164998970086">
    <ele>10.4</ele>
   </trkpt>
   <trkpt lat="47.27196000000001" lon="-2.4754500000000004">
    <ele>10.950000000000001</ele>
   </trkpt>
   <trkpt lat="47.271910000000005" lon="-2.47514">
    <ele>10.950000000000001</ele>
   </trkpt>
   <trkpt lat="47.27179" lon="-2.47472">
    <ele>11.28</ele>
   </trkpt>
   <trkpt lat="47.271370000000005" lon="-2.47364">
    <ele>13.3</ele>
   </trkpt>
   <trkpt lat="47.271300000000004" lon="-2.47323">
    <ele>13.940000000000001</ele>
   </trkpt>
   <trkpt lat="47.271250002004216" lon="-2.472549999261743">
    <ele>14.430000000000001</ele>
   </trkpt>
   <trkpt lat="47.2712" lon="-2.47187">
    <ele>14.42</ele>
   </trkpt>
   <trkpt lat="47.271170000000005" lon="-2.47168">
    <ele>14.42</ele>
   </trkpt>
   <trkpt lat="47.271170000000005" lon="-2.4715100000000003">
    <ele>14.470000000000002</ele>
   </trkpt>
   <trkpt lat="47.271100000000004" lon="-2.4706400000000004">
    <ele>14.530000000000001</ele>
   </trkpt>
   <trkpt lat="47.27107" lon="-2.4699500000000003">
    <ele>14.650000000000002</ele>
   </trkpt>
   <trkpt lat="47.27109" lon="-2.4694200000000004">
    <ele>14.780000000000001</ele>
   </trkpt>
   <trkpt lat="47.27121" lon="-2.46841">
    <ele>14.13</ele>
   </trkpt>
   <trkpt lat="47.27121" lon="-2.46774">
    <ele>13.14</ele>
   </trkpt>
   <trkpt lat="47.27118" lon="-2.46687">
    <ele>11.73</ele>
   </trkpt>
   <trkpt lat="47.27116" lon="-2.4662100000000002">
    <ele>10.22</ele>
   </trkpt>
   <trkpt lat="47.27111000000001" lon="-2.46509">
    <ele>7.86</ele>
   </trkpt>
   <trkpt lat="47.271040000000006" lon="-2.4645300000000003">
    <ele>7.21</ele>
   </trkpt>
   <trkpt lat="47.27098" lon="-2.46414">
    <ele>7.130000000000001</ele>
   </trkpt>
   <trkpt lat="47.27074" lon="-2.46321">
    <ele>7.46</ele>
   </trkpt>
   <trkpt lat="47.270450000000004" lon="-2.4620800000000003">
    <ele>8.3</ele>
   </trkpt>
   <trkpt lat="47.27028000177108" lon="-2.461454998257209">
    <ele>8.83</ele>
   </trkpt>
   <trkpt lat="47.27011" lon="-2.46083">
    <ele>9.72</ele>
   </trkpt>
   <trkpt lat="47.269935003518654" lon="-2.4599299970007484">
    <ele>10.870000000000001</ele>
   </trkpt>
   <trkpt lat="47.269760000000005" lon="-2.4590300000000003">
    <ele>11.38</ele>
   </trkpt>
   <trkpt lat="47.26970000000001" lon="-2.45865">
    <ele>11.53</ele>
   </trkpt>
   <trkpt lat="47.26966" lon="-2.4575">
    <ele>10.730000000000002</ele>
   </trkpt>
   <trkpt lat="47.269600000000004" lon="-2.45684">
    <ele>10.010000000000002</ele>
   </trkpt>
   <trkpt lat="47.269490000000005" lon="-2.4564600000000003">
    <ele>9.959999999999999</ele>
   </trkpt>
   <trkpt lat="47.26935" lon="-2.45624">
    <ele>9.53</ele>
   </trkpt>
   <trkpt lat="47.26923000000001" lon="-2.4561200000000003">
    <ele>9.53</ele>
   </trkpt>
   <trkpt lat="47.26888" lon="-2.4557900000000004">
    <ele>8.790000000000001</ele>
   </trkpt>
   <trkpt lat="47.26838" lon="-2.4553800000000003">
    <ele>8.13</ele>
   </trkpt>
   <trkpt lat="47.267990000000005" lon="-2.4549800000000004">
    <ele>7.1000000000000005</ele>
   </trkpt>
   <trkpt lat="47.26785" lon="-2.4548300000000003">
    <ele>6.86</ele>
   </trkpt>
   <trkpt lat="47.267570000000006" lon="-2.45439">
    <ele>6.85</ele>
   </trkpt>
   <trkpt lat="47.267520000000005" lon="-2.45431">
    <ele>6.9</ele>
   </trkpt>
   <trkpt lat="47.267480000000006" lon="-2.4543600000000003">
    <ele>6.930000000000001</ele>
   </trkpt>
   <trkpt lat="47.267430000000004" lon="-2.45432">
    <ele>6.930000000000001</ele>
   </trkpt>
   <trkpt lat="47.2674" lon="-2.45425">
    <ele>6.930000000000001</ele>
   </trkpt>
   <trkpt lat="47.2674" lon="-2.4541700000000004">
    <ele>7.21</ele>
   </trkpt>
   <trkpt lat="47.26701500068562" lon="-2.453804997445793">
    <ele>7.760000000000001</ele>
   </trkpt>
   <trkpt lat="47.266630000000006" lon="-2.45344">
    <ele>8.17</ele>
   </trkpt>
   <trkpt lat="47.26643000000001" lon="-2.45324">
    <ele>8.39</ele>
   </trkpt>
   <trkpt lat="47.266270000000006" lon="-2.4530700000000003">
    <ele>8.63</ele>
   </trkpt>
   <trkpt lat="47.26603" lon="-2.45285">
    <ele>8.790000000000001</ele>
   </trkpt>
   <trkpt lat="47.26603" lon="-2.45284">
    <ele>8.8</ele>
   </trkpt>
   <trkpt lat="47.2654550011658" lon="-2.4523199943422034">
    <ele>9.23</ele>
   </trkpt>
   <trkpt lat="47.264880000000005" lon="-2.4518">
    <ele>9.72</ele>
   </trkpt>
   <trkpt lat="47.26465" lon="-2.4515100000000003">
    <ele>10.010000000000002</ele>
   </trkpt>
   <trkpt lat="47.26458" lon="-2.4513900000000004">
    <ele>10.07</ele>
   </trkpt>
   <trkpt lat="47.264390000000006" lon="-2.4510500000000004">
    <ele>10.120000000000001</ele>
   </trkpt>
   <trkpt lat="47.26420000163631" lon="-2.4504449979693352">
    <ele>10.15</ele>
   </trkpt>
   <trkpt lat="47.264010000000006" lon="-2.44984">
    <ele>10.32</ele>
   </trkpt>
   <trkpt lat="47.263740000000006" lon="-2.44904">
    <ele>10.34</ele>
   </trkpt>
   <trkpt lat="47.263690000000004" lon="-2.4489">
    <ele>10.25</ele>
   </trkpt>
   <trkpt lat="47.26353" lon="-2.4490000000000003">
    <ele>9.63</ele>
   </trkpt>
   <trkpt lat="47.263270000000006" lon="-2.4489300000000003">
    <ele>9.170000000000002</ele>
   </trkpt>
   <trkpt lat="47.263110000000005" lon="-2.44889">
    <ele>8.94</ele>
   </trkpt>
   <trkpt lat="47.263000000000005" lon="-2.44883">
    <ele>8.76</ele>
   </trkpt>
   <trkpt lat="47.262800000000006" lon="-2.44863">
    <ele>8.690000000000001</ele>
   </trkpt>
   <trkpt lat="47.26268" lon="-2.44843">
    <ele>8.77</ele>
   </trkpt>
   <trkpt lat="47.262480000000004" lon="-2.44787">
    <ele>9.55</ele>
   </trkpt>
   <trkpt lat="47.2623" lon="-2.4474">
    <ele>9.98</ele>
   </trkpt>
   <trkpt lat="47.262190000000004" lon="-2.44692">
    <ele>9.98</ele>
   </trkpt>
   <trkpt lat="47.26216" lon="-2.44665">
    <ele>10.64</ele>
   </trkpt>
   <trkpt lat="47.26214" lon="-2.44612">
    <ele>10.75</ele>
   </trkpt>
   <trkpt lat="47.26214" lon="-2.4452900000000004">
    <ele>11.500000000000002</ele>
   </trkpt>
   <trkpt lat="47.26209" lon="-2.4448000000000003">
    <ele>11.66</ele>
   </trkpt>
   <trkpt lat="47.26193000000001" lon="-2.44421">
    <ele>11.14</ele>
   </trkpt>
   <trkpt lat="47.26170500168524" lon="-2.443594997495812">
    <ele>10.89</ele>
   </trkpt>
   <trkpt lat="47.261480000000006" lon="-2.4429800000000004">
    <ele>11.61</ele>
   </trkpt>
   <trkpt lat="47.26129" lon="-2.44245">
    <ele>12.450000000000001</ele>
   </trkpt>
   <trkpt lat="47.26115" lon="-2.44198">
    <ele>13.05</ele>
   </trkpt>
   <trkpt lat="47.26100500248821" lon="-2.441219997791601">
    <ele>12.97</ele>
   </trkpt>
   <trkpt lat="47.26086" lon="-2.4404600000000003">
    <ele>12.440000000000001</ele>
   </trkpt>
   <trkpt lat="47.260775002750954" lon="-2.439664998740451">
    <ele>11.4</ele>
   </trkpt>
   <trkpt lat="47.260690000000004" lon="-2.43887">
    <ele>10.88</ele>
   </trkpt>
   <trkpt lat="47.260690000000004" lon="-2.43888">
    <ele>10.88</ele>
   </trkpt>
   <trkpt lat="47.260690000000004" lon="-2.43838">
    <ele>10.83</ele>
   </trkpt>
   <trkpt lat="47.26089" lon="-2.4371500000000004">
    <ele>11.19</ele>
   </trkpt>
   <trkpt lat="47.26090000000001" lon="-2.43677">
    <ele>11.0</ele>
   </trkpt>
   <trkpt lat="47.2608" lon="-2.43636">
    <ele>10.900000000000002</ele>
   </trkpt>
   <trkpt lat="47.26077" lon="-2.43628">
    <ele>10.900000000000002</ele>
   </trkpt>
   <trkpt lat="47.2605" lon="-2.43581">
    <ele>10.77</ele>
   </trkpt>
   <trkpt lat="47.260250000000006" lon="-2.43533">
    <ele>10.46</ele>
   </trkpt>
   <trkpt lat="47.25992" lon="-2.4343500000000002">
    <ele>9.71</ele>
   </trkpt>
   <trkpt lat="47.259600000000006" lon="-2.43345">
    <ele>9.170000000000002</ele>
   </trkpt>
   <trkpt lat="47.25949000000001" lon="-2.43289">
    <ele>9.15</ele>
   </trkpt>
   <trkpt lat="47.259440000000005" lon="-2.43242">
    <ele>9.160000000000002</ele>
   </trkpt>
   <trkpt lat="47.25943" lon="-2.43169">
    <ele>9.58</ele>
   </trkpt>
   <trkpt lat="47.25945" lon="-2.43133">
    <ele>9.83</ele>
   </trkpt>
   <trkpt lat="47.25958000000001" lon="-2.43046">
    <ele>10.75</ele>
   </trkpt>
   <trkpt lat="47.259600000000006" lon="-2.43005">
    <ele>10.92</ele>
   </trkpt>
   <trkpt lat="47.25961" lon="-2.4297000000000004">
    <ele>11.160000000000002</ele>
   </trkpt>
   <trkpt lat="47.25963" lon="-2.42951">
    <ele>11.250000000000002</ele>
   </trkpt>
   <trkpt lat="47.25981" lon="-2.4290200000000004">
    <ele>11.430000000000001</ele>
   </trkpt>
   <trkpt lat="47.25985000000001" lon="-2.42878">
    <ele>11.39</ele>
   </trkpt>
   <trkpt lat="47.25986" lon="-2.42849">
    <ele>11.4</ele>
   </trkpt>
   <trkpt lat="47.259840000000004" lon="-2.4271800000000003">
    <ele>10.46</ele>
   </trkpt>
   <trkpt lat="47.25979" lon="-2.42673">
    <ele>10.24</ele>
   </trkpt>
   <trkpt lat="47.259710000000005" lon="-2.4260300000000004">
    <ele>10.06</ele>
   </trkpt>
   <trkpt lat="47.25972" lon="-2.42572">
    <ele>10.09</ele>
   </trkpt>
   <trkpt lat="47.2599" lon="-2.42491">
    <ele>10.13</ele>
   </trkpt>
   <trkpt lat="47.25996000000001" lon="-2.4243400000000004">
    <ele>10.270000000000001</ele>
   </trkpt>
   <trkpt lat="47.25997" lon="-2.42409">
    <ele>10.5</ele>
   </trkpt>
   <trkpt lat="47.25995" lon="-2.4239200000000003">
    <ele>10.5</ele>
   </trkpt>
   <trkpt lat="47.2599" lon="-2.42375">
    <ele>10.5</ele>
   </trkpt>
   <trkpt lat="47.25981" lon="-2.4235800000000003">
    <ele>11.160000000000002</ele>
   </trkpt>
   <trkpt lat="47.2595" lon="-2.4231000000000003">
    <ele>11.3</ele>
   </trkpt>
   <trkpt lat="47.259350000000005" lon="-2.42279">
    <ele>11.410000000000002</ele>
   </trkpt>
   <trkpt lat="47.25927" lon="-2.4225100000000004">
    <ele>11.53</ele>
   </trkpt>
   <trkpt lat="47.259170000000005" lon="-2.42179">
    <ele>11.860000000000001</ele>
   </trkpt>
   <trkpt lat="47.25912" lon="-2.42098">
    <ele>12.0</ele>
   </trkpt>
   <trkpt lat="47.25907" lon="-2.42062">
    <ele>11.88</ele>
   </trkpt>
   <trkpt lat="47.25901" lon="-2.4204700000000003">
    <ele>11.770000000000001</ele>
   </trkpt>
   <trkpt lat="47.25889" lon="-2.4202700000000004">
    <ele>11.510000000000002</ele>
   </trkpt>
   <trkpt lat="47.2588" lon="-2.42018">
    <ele>11.040000000000001</ele>
   </trkpt>
   <trkpt lat="47.2588" lon="-2.42017">
    <ele>11.02</ele>
   </trkpt>
   <trkpt lat="47.258700000000005" lon="-2.4200700000000004">
    <ele>10.58</ele>
   </trkpt>
   <trkpt lat="47.258590000000005" lon="-2.41988">
    <ele>10.4</ele>
   </trkpt>
   <trkpt lat="47.25855000000001" lon="-2.41961">
    <ele>9.940000000000001</ele>
   </trkpt>
   <trkpt lat="47.25855000000001" lon="-2.41947">
    <ele>9.940000000000001</ele>
   </trkpt>
   <trkpt lat="47.25865" lon="-2.41874">
    <ele>9.38</ele>
   </trkpt>
   <trkpt lat="47.258720000000004" lon="-2.4185000000000003">
    <ele>9.500000000000002</ele>
   </trkpt>
   <trkpt lat="47.25902000000001" lon="-2.4178300000000004">
    <ele>9.61</ele>
   </trkpt>
   <trkpt lat="47.259100000000004" lon="-2.41771">
    <ele>9.590000000000002</ele>
   </trkpt>
   <trkpt lat="47.2593" lon="-2.41758">
    <ele>9.62</ele>
   </trkpt>
   <trkpt lat="47.25948" lon="-2.41757">
    <ele>9.62</ele>
   </trkpt>
   <trkpt lat="47.259710000000005" lon="-2.41758">
    <ele>9.8</ele>
   </trkpt>
   <trkpt lat="47.26043000000001" lon="-2.41779">
    <ele>9.940000000000001</ele>
   </trkpt>
   <trkpt lat="47.26126000000001" lon="-2.4180300000000003">
    <ele>9.23</ele>
   </trkpt>
   <trkpt lat="47.26145" lon="-2.41811">
    <ele>9.23</ele>
   </trkpt>
   <trkpt lat="47.261590000000005" lon="-2.41818">
    <ele>9.160000000000002</ele>
   </trkpt>
   <trkpt lat="47.26212" lon="-2.41879">
    <ele>8.049999999999999</ele>
   </trkpt>
   <trkpt lat="47.262820000000005" lon="-2.41929">
    <ele>6.790000000000001</ele>
   </trkpt>
   <trkpt lat="47.26325500038046" lon="-2.4195549978681865">
    <ele>6.1000000000000005</ele>
   </trkpt>
   <trkpt lat="47.263690000000004" lon="-2.41982">
    <ele>6.04</ele>
   </trkpt>
   <trkpt lat="47.26409" lon="-2.42017">
    <ele>6.3100000000000005</ele>
   </trkpt>
   <trkpt lat="47.264790000000005" lon="-2.4208800000000004">
    <ele>5.970000000000001</ele>
   </trkpt>
   <trkpt lat="47.26543" lon="-2.4215600000000004">
    <ele>5.0200000000000005</ele>
   </trkpt>
   <trkpt lat="47.26576000000001" lon="-2.42178">
    <ele>4.44</ele>
   </trkpt>
   <trkpt lat="47.26586" lon="-2.42194">
    <ele>4.37</ele>
   </trkpt>
   <trkpt lat="47.266020000000005" lon="-2.4220200000000003">
    <ele>4.45</ele>
   </trkpt>
   <trkpt lat="47.266380000000005" lon="-2.42238">
    <ele>5.5</ele>
   </trkpt>
   <trkpt lat="47.266760000000005" lon="-2.42286">
    <ele>5.840000000000001</ele>
   </trkpt>
   <trkpt lat="47.266890000000004" lon="-2.42299">
    <ele>6.2700000000000005</ele>
   </trkpt>
   <trkpt lat="47.26764000000001" lon="-2.42348">
    <ele>6.8100000000000005</ele>
   </trkpt>
   <trkpt lat="47.26818" lon="-2.4244000000000003">
    <ele>7.72</ele>
   </trkpt>
   <trkpt lat="47.26838" lon="-2.42462">
    <ele>7.86</ele>
   </trkpt>
   <trkpt lat="47.269070000000006" lon="-2.42471">
    <ele>7.11</ele>
   </trkpt>
   <trkpt lat="47.269180000000006" lon="-2.4247500000000004">
    <ele>7.11</ele>
   </trkpt>
   <trkpt lat="47.26939" lon="-2.4248700000000003">
    <ele>6.710000000000001</ele>
   </trkpt>
   <trkpt lat="47.26961000000001" lon="-2.4251500000000004">
    <ele>6.57</ele>
   </trkpt>
   <trkpt lat="47.269740000000006" lon="-2.42532">
    <ele>6.34</ele>
   </trkpt>
   <trkpt lat="47.269850000000005" lon="-2.42552">
    <ele>6.34</ele>
   </trkpt>
   <trkpt lat="47.270160000000004" lon="-2.42641">
    <ele>5.930000000000001</ele>
   </trkpt>
   <trkpt lat="47.2704" lon="-2.42659">
    <ele>5.760000000000001</ele>
   </trkpt>
   <trkpt lat="47.27051" lon="-2.4266300000000003">
    <ele>5.760000000000001</ele>
   </trkpt>
   <trkpt lat="47.270630000000004" lon="-2.4266300000000003">
    <ele>5.760000000000001</ele>
   </trkpt>
   <trkpt lat="47.271370000000005" lon="-2.4263500000000002">
    <ele>6.24</ele>
   </trkpt>
   <trkpt lat="47.27136" lon="-2.4263500000000002">
    <ele>6.24</ele>
   </trkpt>
   <trkpt lat="47.27193500018284" lon="-2.426140002284894">
    <ele>6.37</ele>
   </trkpt>
   <trkpt lat="47.272510000000004" lon="-2.42593">
    <ele>5.9799999999999995</ele>
   </trkpt>
   <trkpt lat="47.2725" lon="-2.42593">
    <ele>6.0</ele>
   </trkpt>
   <trkpt lat="47.272740000000006" lon="-2.42584">
    <ele>5.72</ele>
   </trkpt>
   <trkpt lat="47.27306" lon="-2.4257000000000004">
    <ele>5.33</ele>
   </trkpt>
   <trkpt lat="47.2732" lon="-2.42565">
    <ele>5.33</ele>
   </trkpt>
   <trkpt lat="47.27373" lon="-2.4256200000000003">
    <ele>5.08</ele>
   </trkpt>
   <trkpt lat="47.27387" lon="-2.42567">
    <ele>5.07</ele>
   </trkpt>
   <trkpt lat="47.27423" lon="-2.42571">
    <ele>5.090000000000001</ele>
   </trkpt>
   <trkpt lat="47.27438" lon="-2.42544">
    <ele>5.390000000000001</ele>
   </trkpt>
   <trkpt lat="47.274420000000006" lon="-2.4254300000000004">
    <ele>5.390000000000001</ele>
   </trkpt>
   <trkpt lat="47.274440000000006" lon="-2.42537">
    <ele>5.46</ele>
   </trkpt>
   <trkpt lat="47.274480000000004" lon="-2.42537">
    <ele>5.46</ele>
   </trkpt>
   <trkpt lat="47.27476" lon="-2.4256900000000003">
    <ele>5.24</ele>
   </trkpt>
   <trkpt lat="47.275235001238535" lon="-2.4262149953312755">
    <ele>4.890000000000001</ele>
   </trkpt>
   <trkpt lat="47.275710000000004" lon="-2.42674">
    <ele>4.61</ele>
   </trkpt>
   <trkpt lat="47.27601000000001" lon="-2.42713">
    <ele>4.38</ele>
   </trkpt>
   <trkpt lat="47.27666000000001" lon="-2.42782">
    <ele>4.410000000000001</ele>
   </trkpt>
   <trkpt lat="47.27678" lon="-2.4278700000000004">
    <ele>4.410000000000001</ele>
   </trkpt>
   <trkpt lat="47.27694" lon="-2.42794">
    <ele>4.44</ele>
   </trkpt>
   <trkpt lat="47.277210000000004" lon="-2.42803">
    <ele>4.44</ele>
   </trkpt>
   <trkpt lat="47.27779" lon="-2.4281800000000002">
    <ele>4.51</ele>
   </trkpt>
   <trkpt lat="47.27817" lon="-2.42823">
    <ele>5.04</ele>
   </trkpt>
   <trkpt lat="47.27826" lon="-2.42823">
    <ele>5.2700000000000005</ele>
   </trkpt>
   <trkpt lat="47.278270000000006" lon="-2.4282000000000004">
    <ele>5.2700000000000005</ele>
   </trkpt>
   <trkpt lat="47.2783" lon="-2.42815">
    <ele>5.48</ele>
   </trkpt>
   <trkpt lat="47.2783" lon="-2.42808">
    <ele>5.630000000000001</ele>
   </trkpt>
   <trkpt lat="47.27825000000001" lon="-2.42809">
    <ele>5.57</ele>
   </trkpt>
   <trkpt lat="47.278220000000005" lon="-2.42727">
    <ele>5.64</ele>
   </trkpt>
   <trkpt lat="47.27819" lon="-2.42716">
    <ele>5.36</ele>
   </trkpt>
   <trkpt lat="47.27819" lon="-2.42709">
    <ele>5.36</ele>
   </trkpt>
   <trkpt lat="47.27814" lon="-2.42709">
    <ele>5.33</ele>
   </trkpt>
   <trkpt lat="47.27787000000001" lon="-2.42706">
    <ele>5.1000000000000005</ele>
   </trkpt>
   <trkpt lat="47.277300000000004" lon="-2.42673">
    <ele>5.19</ele>
   </trkpt>
   <trkpt lat="47.277150000000006" lon="-2.4266500000000004">
    <ele>5.17</ele>
   </trkpt>
   <trkpt lat="47.276535002862374" lon="-2.42584499070112">
    <ele>5.010000000000001</ele>
   </trkpt>
   <trkpt lat="47.275920000000006" lon="-2.42504">
    <ele>4.840000000000001</ele>
   </trkpt>
   <trkpt lat="47.27588" lon="-2.42496">
    <ele>4.840000000000001</ele>
   </trkpt>
   <trkpt lat="47.27582" lon="-2.42496">
    <ele>4.840000000000001</ele>
   </trkpt>
   <trkpt lat="47.275330000409575" lon="-2.424649997124122">
    <ele>4.96</ele>
   </trkpt>
   <trkpt lat="47.274840000000005" lon="-2.4243400000000004">
    <ele>5.11</ele>
   </trkpt>
   <trkpt lat="47.27440000000001" lon="-2.4238700000000004">
    <ele>5.180000000000001</ele>
   </trkpt>
   <trkpt lat="47.27443" lon="-2.42367">
    <ele>5.23</ele>
   </trkpt>
   <trkpt lat="47.27441" lon="-2.4236">
    <ele>5.23</ele>
   </trkpt>
   <trkpt lat="47.27447" lon="-2.42354">
    <ele>5.23</ele>
   </trkpt>
   <trkpt lat="47.27461" lon="-2.42347">
    <ele>5.260000000000001</ele>
   </trkpt>
   <trkpt lat="47.27495500097924" lon="-2.423035002639073">
    <ele>5.25</ele>
   </trkpt>
   <trkpt lat="47.2753" lon="-2.4226">
    <ele>5.53</ele>
   </trkpt>
   <trkpt lat="47.275360000000006" lon="-2.4225000000000003">
    <ele>5.53</ele>
   </trkpt>
   <trkpt lat="47.2753" lon="-2.4226">
    <ele>5.450000000000001</ele>
   </trkpt>
   <trkpt lat="47.27579" lon="-2.4218200000000003">
    <ele>6.17</ele>
   </trkpt>
   <trkpt lat="47.27597" lon="-2.4215">
    <ele>6.15</ele>
   </trkpt>
   <trkpt lat="47.27628000189363" lon="-2.4208500036906986">
    <ele>5.880000000000001</ele>
   </trkpt>
   <trkpt lat="47.276590000000006" lon="-2.4202000000000004">
    <ele>6.0</ele>
   </trkpt>
   <trkpt lat="47.276700000000005" lon="-2.4199300000000004">
    <ele>5.9799999999999995</ele>
   </trkpt>
   <trkpt lat="47.276700000000005" lon="-2.41994">
    <ele>5.9799999999999995</ele>
   </trkpt>
   <trkpt lat="47.27689" lon="-2.41947">
    <ele>6.03</ele>
   </trkpt>
   <trkpt lat="47.27702000000001" lon="-2.41928">
    <ele>6.03</ele>
   </trkpt>
   <trkpt lat="47.27704000000001" lon="-2.41906">
    <ele>6.0600000000000005</ele>
   </trkpt>
   <trkpt lat="47.277330000000006" lon="-2.41832">
    <ele>6.140000000000001</ele>
   </trkpt>
   <trkpt lat="47.277460000000005" lon="-2.41814">
    <ele>6.220000000000001</ele>
   </trkpt>
   <trkpt lat="47.27747" lon="-2.41799">
    <ele>6.220000000000001</ele>
   </trkpt>
   <trkpt lat="47.27747" lon="-2.41801">
    <ele>6.220000000000001</ele>
   </trkpt>
   <trkpt lat="47.277480000000004" lon="-2.41792">
    <ele>6.23</ele>
   </trkpt>
   <trkpt lat="47.277860000000004" lon="-2.4169400000000003">
    <ele>6.53</ele>
   </trkpt>
   <trkpt lat="47.278163339018356" lon="-2.4161300093471025">
    <ele>6.620000000000001</ele>
   </trkpt>
   <trkpt lat="47.27846667232932" lon="-2.4153200094069605">
    <ele>6.7700000000000005</ele>
   </trkpt>
   <trkpt lat="47.27877" lon="-2.4145100000000004">
    <ele>6.840000000000001</ele>
   </trkpt>
   <trkpt lat="47.278780000000005" lon="-2.4144">
    <ele>6.840000000000001</ele>
   </trkpt>
   <trkpt lat="47.27903667417766" lon="-2.4134700090692567">
    <ele>6.68</ele>
   </trkpt>
   <trkpt lat="47.27929334083161" lon="-2.4125400091155305">
    <ele>6.59</ele>
   </trkpt>
   <trkpt lat="47.27955" lon="-2.41161">
    <ele>6.5</ele>
   </trkpt>
   <trkpt lat="47.27958" lon="-2.41135">
    <ele>6.42</ele>
   </trkpt>
   <trkpt lat="47.27962" lon="-2.4113700000000002">
    <ele>6.38</ele>
   </trkpt>
   <trkpt lat="47.279630000000004" lon="-2.4113100000000003">
    <ele>6.3500000000000005</ele>
   </trkpt>
   <trkpt lat="47.279650000000004" lon="-2.4112600000000004">
    <ele>6.3500000000000005</ele>
   </trkpt>
   <trkpt lat="47.279630000000004" lon="-2.4112">
    <ele>6.3500000000000005</ele>
   </trkpt>
   <trkpt lat="47.279810003107855" lon="-2.4103500030554934">
    <ele>6.280000000000001</ele>
   </trkpt>
   <trkpt lat="47.279990000000005" lon="-2.4095">
    <ele>6.16</ele>
   </trkpt>
   <trkpt lat="47.28004000000001" lon="-2.40945">
    <ele>6.16</ele>
   </trkpt>
   <trkpt lat="47.280170000000005" lon="-2.40879">
    <ele>6.42</ele>
   </trkpt>
   <trkpt lat="47.28016" lon="-2.40883">
    <ele>6.4</ele>
   </trkpt>
   <trkpt lat="47.28031000000001" lon="-2.4082600000000003">
    <ele>6.630000000000001</ele>
   </trkpt>
   <trkpt lat="47.28029" lon="-2.40823">
    <ele>6.620000000000001</ele>
   </trkpt>
   <trkpt lat="47.28029" lon="-2.40818">
    <ele>6.620000000000001</ele>
   </trkpt>
   <trkpt lat="47.280330000000006" lon="-2.4081400000000004">
    <ele>6.580000000000001</ele>
   </trkpt>
   <trkpt lat="47.280350000000006" lon="-2.40796">
    <ele>6.5200000000000005</ele>
   </trkpt>
   <trkpt lat="47.28056" lon="-2.4069900000000004">
    <ele>6.5600000000000005</ele>
   </trkpt>
   <trkpt lat="47.28058" lon="-2.40681">
    <ele>6.5600000000000005</ele>
   </trkpt>
   <trkpt lat="47.28056" lon="-2.40654">
    <ele>6.470000000000001</ele>
   </trkpt>
   <trkpt lat="47.28049" lon="-2.40632">
    <ele>6.46</ele>
   </trkpt>
   <trkpt lat="47.280480000000004" lon="-2.4062300000000003">
    <ele>6.46</ele>
   </trkpt>
   <trkpt lat="47.280530000000006" lon="-2.4058200000000003">
    <ele>6.51</ele>
   </trkpt>
  </trkseg>
 </trk>
</gpx>
