<?xml version="1.0" encoding="utf-8" standalone="yes"?>
<gpx version="1.1" creator="GPS Visualizer https://www.gpsvisualizer.com/" xmlns="http://www.topografix.com/GPX/1/1" xmlns:xsi="http://www.w3.org/2001/XMLSchema-instance" xsi:schemaLocation="http://www.topografix.com/GPX/1/1 http://www.topografix.com/GPX/1/1/gpx.xsd http://www.garmin.com/xmlschemas/TrackPointExtension/v2 http://www.garmin.com/xmlschemas/TrackPointExtensionv2.xsd http://www.garmin.com/xmlschemas/GpxExtensions/v3 http://www.garmin.com/xmlschemas/GpxExtensionsv3.xsd" xmlns:gpxtpx="http://www.garmin.com/xmlschemas/TrackPointExtension/v2" xmlns:gpxx="http://www.garmin.com/xmlschemas/GpxExtensions/v3">
<trk>
  <name>SM26h</name>
  <trkseg>
    <trkpt lat="59.345731371" lon="18.082552689">
      <ele>21.156698911</ele>
    </trkpt>
    <trkpt lat="59.345676263" lon="18.082359352">
      <ele>21.363659249</ele>
    </trkpt>
    <trkpt lat="59.345645425" lon="18.082250693">
      <ele>21.440436362</ele>
    </trkpt>
    <trkpt lat="59.345614587" lon="18.082142034">
      <ele>21.517213434</ele>
    </trkpt>
    <trkpt lat="59.345588672" lon="18.082051905">
      <ele>21.670783932</ele>
    </trkpt>
    <trkpt lat="59.345558777" lon="18.081950157">
      <ele>21.753288422</ele>
    </trkpt>
    <trkpt lat="59.345547816" lon="18.081913938">
      <ele>21.787111003</ele>
    </trkpt>
    <trkpt lat="59.345509246" lon="18.081789841">
      <ele>21.902807454</ele>
    </trkpt>
    <trkpt lat="59.345473278" lon="18.081680168">
      <ele>21.912797085</ele>
    </trkpt>
    <trkpt lat="59.345436036" lon="18.081568526">
      <ele>21.877786962</ele>
    </trkpt>
    <trkpt lat="59.345400514" lon="18.081470471">
      <ele>21.846780183</ele>
    </trkpt>
    <trkpt lat="59.345342056" lon="18.081329414">
      <ele>21.804775989</ele>
    </trkpt>
    <trkpt lat="59.345285598" lon="18.081195001">
      <ele>21.830772474</ele>
    </trkpt>
    <trkpt lat="59.34523341" lon="18.081078097">
      <ele>21.765771697</ele>
    </trkpt>
    <trkpt lat="59.345169834" lon="18.080941678">
      <ele>21.622772738</ele>
    </trkpt>
    <trkpt lat="59.345103529" lon="18.08080524">
      <ele>21.475775745</ele>
    </trkpt>
    <trkpt lat="59.345056049" lon="18.080712118">
      <ele>21.371779428</ele>
    </trkpt>
    <trkpt lat="59.345010462" lon="18.080626519">
      <ele>21.274784245</ele>
    </trkpt>
    <trkpt lat="59.344970788" lon="18.080554861">
      <ele>21.31678939</ele>
    </trkpt>
    <trkpt lat="59.344928018" lon="18.080482147">
      <ele>21.318796484</ele>
    </trkpt>
    <trkpt lat="59.344878138" lon="18.080404543">
      <ele>21.320807229</ele>
    </trkpt>
    <trkpt lat="59.344832209" lon="18.08032925">
      <ele>21.320815738</ele>
    </trkpt>
    <trkpt lat="59.34478016" lon="18.08024354">
      <ele>21.319825192</ele>
    </trkpt>
    <trkpt lat="59.344602477" lon="18.079951265">
      <ele>21.483528188</ele>
    </trkpt>
    <trkpt lat="59.344471804" lon="18.079736326">
      <ele>21.597421132</ele>
    </trkpt>
    <trkpt lat="59.344391762" lon="18.079604792">
      <ele>21.615889295</ele>
    </trkpt>
    <trkpt lat="59.344249293" lon="18.079370429">
      <ele>21.716911961</ele>
    </trkpt>
    <trkpt lat="59.3442035" lon="18.07929514">
      <ele>21.725919344</ele>
    </trkpt>
    <trkpt lat="59.344153386" lon="18.079212738">
      <ele>21.738927467</ele>
    </trkpt>
    <trkpt lat="59.344140652" lon="18.079192011">
      <ele>21.742929616</ele>
    </trkpt>
    <trkpt lat="59.344128393" lon="18.07917023">
      <ele>21.747931021</ele>
    </trkpt>
    <trkpt lat="59.344116619" lon="18.07914743">
      <ele>21.751931689</ele>
    </trkpt>
    <trkpt lat="59.344105366" lon="18.079123645">
      <ele>21.749931604</ele>
    </trkpt>
    <trkpt lat="59.344095002" lon="18.079099774">
      <ele>21.741930813</ele>
    </trkpt>
    <trkpt lat="59.344083158" lon="18.079066904">
      <ele>21.731927878</ele>
    </trkpt>
    <trkpt lat="59.344077398" lon="18.079049292">
      <ele>21.72692586</ele>
    </trkpt>
    <trkpt lat="59.344070382" lon="18.079025563">
      <ele>21.720922575</ele>
    </trkpt>
    <trkpt lat="59.344063995" lon="18.079001167">
      <ele>21.715918569</ele>
    </trkpt>
    <trkpt lat="59.344058263" lon="18.078976156">
      <ele>21.715913841</ele>
    </trkpt>
    <trkpt lat="59.344053186" lon="18.078950619">
      <ele>21.715908423</ele>
    </trkpt>
    <trkpt lat="59.344048783" lon="18.078924589">
      <ele>21.716902314</ele>
    </trkpt>
    <trkpt lat="59.344045071" lon="18.078898156">
      <ele>21.71689553</ele>
    </trkpt>
    <trkpt lat="59.344042059" lon="18.078871372">
      <ele>21.717888086</ele>
    </trkpt>
    <trkpt lat="59.344039747" lon="18.078844343">
      <ele>21.719880018</ele>
    </trkpt>
    <trkpt lat="59.344038154" lon="18.078817102">
      <ele>21.720871325</ele>
    </trkpt>
    <trkpt lat="59.34403727" lon="18.07878974">
      <ele>21.722862047</ele>
    </trkpt>
    <trkpt lat="59.344037103" lon="18.078762325">
      <ele>21.7248522</ele>
    </trkpt>
    <trkpt lat="59.344037655" lon="18.078734945">
      <ele>21.727841818</ele>
    </trkpt>
    <trkpt lat="59.344038926" lon="18.078707637">
      <ele>21.730830911</ele>
    </trkpt>
    <trkpt lat="59.344040905" lon="18.078680504">
      <ele>21.732819526</ele>
    </trkpt>
    <trkpt lat="59.344043593" lon="18.0786536">
      <ele>21.735807681</ele>
    </trkpt>
    <trkpt lat="59.344046982" lon="18.078626996">
      <ele>21.738795408</ele>
    </trkpt>
    <trkpt lat="59.344051071" lon="18.07860076">
      <ele>21.742782733</ele>
    </trkpt>
    <trkpt lat="59.344055832" lon="18.078574983">
      <ele>21.745769708</ele>
    </trkpt>
    <trkpt lat="59.344067259" lon="18.078525361">
      <ele>21.753742899</ele>
    </trkpt>
    <trkpt lat="59.344092383" lon="18.078426629">
      <ele>21.768687708</ele>
    </trkpt>
    <trkpt lat="59.344192966" lon="18.078024047">
      <ele>21.829463793</ele>
    </trkpt>
    <trkpt lat="59.344288079" lon="18.077643289">
      <ele>21.849251597</ele>
    </trkpt>
    <trkpt lat="59.344368631" lon="18.07732065">
      <ele>21.805071493</ele>
    </trkpt>
    <trkpt lat="59.344410801" lon="18.077151975">
      <ele>21.804977169</ele>
    </trkpt>
    <trkpt lat="59.344485977" lon="18.076851098">
      <ele>21.879308748</ele>
    </trkpt>
    <trkpt lat="59.344562488" lon="18.076544955">
      <ele>21.953637094</ele>
    </trkpt>
    <trkpt lat="59.344634364" lon="18.076256858">
      <ele>21.667120933</ele>
    </trkpt>
    <trkpt lat="59.344683481" lon="18.07606019">
      <ele>21.651364851</ele>
    </trkpt>
    <trkpt lat="59.344735705" lon="18.075847516">
      <ele>21.626245869</ele>
    </trkpt>
    <trkpt lat="59.344784315" lon="18.075656477">
      <ele>21.60313755</ele>
    </trkpt>
    <trkpt lat="59.344833736" lon="18.075458593">
      <ele>21.645025965</ele>
    </trkpt>
    <trkpt lat="59.344912781" lon="18.075142532">
      <ele>21.81084742</ele>
    </trkpt>
    <trkpt lat="59.344966541" lon="18.074926829">
      <ele>21.970815547</ele>
    </trkpt>
    <trkpt lat="59.345024226" lon="18.074696">
      <ele>21.966554856</ele>
    </trkpt>
    <trkpt lat="59.345090861" lon="18.074428992">
      <ele>22.017843558</ele>
    </trkpt>
    <trkpt lat="59.345159427" lon="18.074154416">
      <ele>22.031597723</ele>
    </trkpt>
    <trkpt lat="59.345222414" lon="18.073902404">
      <ele>22.167504457</ele>
    </trkpt>
    <trkpt lat="59.345282395" lon="18.07366223">
      <ele>22.214627785</ele>
    </trkpt>
    <trkpt lat="59.345344601" lon="18.073413153">
      <ele>22.190145869</ele>
    </trkpt>
    <trkpt lat="59.345407946" lon="18.073159428">
      <ele>22.313231137</ele>
    </trkpt>
    <trkpt lat="59.345453131" lon="18.072978716">
      <ele>22.458603746</ele>
    </trkpt>
    <trkpt lat="59.345496836" lon="18.07280337">
      <ele>22.514757717</ele>
    </trkpt>
    <trkpt lat="59.34553989" lon="18.072631014">
      <ele>22.543169096</ele>
    </trkpt>
    <trkpt lat="59.345602586" lon="18.072379969">
      <ele>22.663715305</ele>
    </trkpt>
    <trkpt lat="59.345690273" lon="18.072028816">
      <ele>22.714783091</ele>
    </trkpt>
    <trkpt lat="59.345749438" lon="18.071791961">
      <ele>22.897157791</ele>
    </trkpt>
    <trkpt lat="59.345812654" lon="18.071538783">
      <ele>22.822065699</ele>
    </trkpt>
    <trkpt lat="59.345896279" lon="18.071203867">
      <ele>22.698539249</ele>
    </trkpt>
    <trkpt lat="59.345976573" lon="18.070882186">
      <ele>22.875463665</ele>
    </trkpt>
    <trkpt lat="59.346043337" lon="18.070614899">
      <ele>22.852259195</ele>
    </trkpt>
    <trkpt lat="59.346091906" lon="18.070424789">
      <ele>22.81494332</ele>
    </trkpt>
    <trkpt lat="59.346140475" lon="18.07023468">
      <ele>22.777627338</ele>
    </trkpt>
    <trkpt lat="59.346178829" lon="18.070078742">
      <ele>22.846427435</ele>
    </trkpt>
    <trkpt lat="59.346214451" lon="18.069954212">
      <ele>22.942781515</ele>
    </trkpt>
    <trkpt lat="59.346321209" lon="18.069600079">
      <ele>23.015120871</ele>
    </trkpt>
    <trkpt lat="59.346390205" lon="18.069374691">
      <ele>23.079899354</ele>
    </trkpt>
    <trkpt lat="59.346480409" lon="18.069075438">
      <ele>23.12442233</ele>
    </trkpt>
    <trkpt lat="59.346547674" lon="18.068852367">
      <ele>23.020212692</ele>
    </trkpt>
    <trkpt lat="59.346609717" lon="18.068648204">
      <ele>23.139254341</ele>
    </trkpt>
    <trkpt lat="59.346667585" lon="18.068456782">
      <ele>23.288994117</ele>
    </trkpt>
    <trkpt lat="59.346730811" lon="18.068247955">
      <ele>23.310642734</ele>
    </trkpt>
    <trkpt lat="59.346790904" lon="18.068049413">
      <ele>23.496327696</ele>
    </trkpt>
    <trkpt lat="59.346841441" lon="18.067882623">
      <ele>23.589202501</ele>
    </trkpt>
    <trkpt lat="59.346875768" lon="18.067768993">
      <ele>23.621350863</ele>
    </trkpt>
    <trkpt lat="59.346921148" lon="18.06762082">
      <ele>23.672786868</ele>
    </trkpt>
    <trkpt lat="59.346975147" lon="18.067445019">
      <ele>23.718525113</ele>
    </trkpt>
    <trkpt lat="59.347004436" lon="18.067347918">
      <ele>23.699653786</ele>
    </trkpt>
    <trkpt lat="59.347017617" lon="18.067303893">
      <ele>23.680601051</ele>
    </trkpt>
    <trkpt lat="59.347030798" lon="18.067259868">
      <ele>23.66154831</ele>
    </trkpt>
    <trkpt lat="59.347032468" lon="18.067253207">
      <ele>23.667194381</ele>
    </trkpt>
    <trkpt lat="59.347032531" lon="18.067249445">
      <ele>23.666702895</ele>
    </trkpt>
    <trkpt lat="59.347032037" lon="18.067244647">
      <ele>23.662011476</ele>
    </trkpt>
    <trkpt lat="59.347031463" lon="18.067241799">
      <ele>23.658770868</ele>
    </trkpt>
    <trkpt lat="59.347000654" lon="18.06716834">
      <ele>23.715008497</ele>
    </trkpt>
    <trkpt lat="59.346975876" lon="18.06710944">
      <ele>23.770490839</ele>
    </trkpt>
    <trkpt lat="59.34691208" lon="18.066957439">
      <ele>23.952075917</ele>
    </trkpt>
    <trkpt lat="59.346871149" lon="18.06686006">
      <ele>23.753975008</ele>
    </trkpt>
    <trkpt lat="59.346838578" lon="18.066782772">
      <ele>23.720956458</ele>
    </trkpt>
    <trkpt lat="59.346755775" lon="18.066585017">
      <ele>23.641290799</ele>
    </trkpt>
    <trkpt lat="59.346722719" lon="18.06649268">
      <ele>23.549143379</ele>
    </trkpt>
    <trkpt lat="59.346622318" lon="18.066100682">
      <ele>22.642608802</ele>
    </trkpt>
    <trkpt lat="59.346524163" lon="18.065717467">
      <ele>21.866766117</ele>
    </trkpt>
    <trkpt lat="59.346446974" lon="18.065416106">
      <ele>21.34218713</ele>
    </trkpt>
    <trkpt lat="59.346351981" lon="18.065045247">
      <ele>20.37570722</ele>
    </trkpt>
    <trkpt lat="59.346268489" lon="18.064719288">
      <ele>19.513374903</ele>
    </trkpt>
    <trkpt lat="59.34618042" lon="18.06437547">
      <ele>18.651040065</ele>
    </trkpt>
    <trkpt lat="59.346095657" lon="18.064044561">
      <ele>17.97893762</ele>
    </trkpt>
    <trkpt lat="59.345943451" lon="18.063450375">
      <ele>16.668634273</ele>
    </trkpt>
    <trkpt lat="59.34576013" lon="18.062734739">
      <ele>15.484549179</ele>
    </trkpt>
    <trkpt lat="59.345664303" lon="18.062360668">
      <ele>14.965845828</ele>
    </trkpt>
    <trkpt lat="59.345533504" lon="18.061850086">
      <ele>14.321658128</ele>
    </trkpt>
    <trkpt lat="59.345366224" lon="18.061197119">
      <ele>13.397849897</ele>
    </trkpt>
    <trkpt lat="59.345250524" lon="18.060745499">
      <ele>13.328422704</ele>
    </trkpt>
    <trkpt lat="59.345190524" lon="18.060499732">
      <ele>12.980263813</ele>
    </trkpt>
    <trkpt lat="59.345164967" lon="18.060399783">
      <ele>12.989109054</ele>
    </trkpt>
    <trkpt lat="59.345109633" lon="18.060183383">
      <ele>12.869197201</ele>
    </trkpt>
    <trkpt lat="59.345066768" lon="18.060015748">
      <ele>12.864042622</ele>
    </trkpt>
    <trkpt lat="59.345028489" lon="18.059866049">
      <ele>12.815061075</ele>
    </trkpt>
    <trkpt lat="59.345002608" lon="18.059764838">
      <ele>12.796862505</ele>
    </trkpt>
    <trkpt lat="59.344925106" lon="18.059461752">
      <ele>12.795493349</ele>
    </trkpt>
    <trkpt lat="59.344890324" lon="18.059325736">
      <ele>12.718304048</ele>
    </trkpt>
    <trkpt lat="59.344861578" lon="18.059213322">
      <ele>12.750038141</ele>
    </trkpt>
    <trkpt lat="59.344787533" lon="18.058923761">
      <ele>12.624977359</ele>
    </trkpt>
    <trkpt lat="59.344753536" lon="18.058790817">
      <ele>12.473678726</ele>
    </trkpt>
    <trkpt lat="59.344723215" lon="18.058672244">
      <ele>12.439102155</ele>
    </trkpt>
    <trkpt lat="59.344647617" lon="18.058376624">
      <ele>12.371741043</ele>
    </trkpt>
    <trkpt lat="59.344607436" lon="18.058219496">
      <ele>12.286799306</ele>
    </trkpt>
    <trkpt lat="59.344568049" lon="18.058065478">
      <ele>12.210398078</ele>
    </trkpt>
    <trkpt lat="59.344491972" lon="18.057767988">
      <ele>12.084817199</ele>
    </trkpt>
    <trkpt lat="59.344423202" lon="18.057499077">
      <ele>11.952379853</ele>
    </trkpt>
    <trkpt lat="59.344304615" lon="18.057035371">
      <ele>11.723465469</ele>
    </trkpt>
    <trkpt lat="59.344234757" lon="18.05677499">
      <ele>11.592686167</ele>
    </trkpt>
    <trkpt lat="59.344187683" lon="18.056599533">
      <ele>11.524664791</ele>
    </trkpt>
    <trkpt lat="59.344137754" lon="18.05641344">
      <ele>11.397642233</ele>
    </trkpt>
    <trkpt lat="59.344079324" lon="18.05619566">
      <ele>11.254615984</ele>
    </trkpt>
    <trkpt lat="59.344056516" lon="18.05611065">
      <ele>11.273605782</ele>
    </trkpt>
    <trkpt lat="59.344036063" lon="18.056034418">
      <ele>11.220596654</ele>
    </trkpt>
    <trkpt lat="59.344029088" lon="18.056008422">
      <ele>11.249593546</ele>
    </trkpt>
    <trkpt lat="59.344021583" lon="18.055982974">
      <ele>11.210591115</ele>
    </trkpt>
    <trkpt lat="59.344013467" lon="18.055958246">
      <ele>11.199589495</ele>
    </trkpt>
    <trkpt lat="59.344007417" lon="18.055941357">
      <ele>11.188588847</ele>
    </trkpt>
    <trkpt lat="59.343985405" lon="18.055885927">
      <ele>11.117588667</ele>
    </trkpt>
    <trkpt lat="59.34397402" lon="18.055861471">
      <ele>11.110366163</ele>
    </trkpt>
    <trkpt lat="59.343967911" lon="18.055852087">
      <ele>11.109316112</ele>
    </trkpt>
    <trkpt lat="59.343961334" lon="18.055844005">
      <ele>11.109711418</ele>
    </trkpt>
    <trkpt lat="59.343954362" lon="18.055837313">
      <ele>11.111547749</ele>
    </trkpt>
    <trkpt lat="59.34394707" lon="18.055832084">
      <ele>11.114804985</ele>
    </trkpt>
    <trkpt lat="59.34393954" lon="18.055828376">
      <ele>11.119447439</ele>
    </trkpt>
    <trkpt lat="59.343924093" lon="18.055825667">
      <ele>11.132669925</ele>
    </trkpt>
    <trkpt lat="59.343916346" lon="18.055826696">
      <ele>11.141105088</ele>
    </trkpt>
    <trkpt lat="59.343908697" lon="18.055829305">
      <ele>11.150637317</ele>
    </trkpt>
    <trkpt lat="59.343850916" lon="18.055860455">
      <ele>11.120700539</ele>
    </trkpt>
    <trkpt lat="59.343831722" lon="18.055870803">
      <ele>11.180721538</ele>
    </trkpt>
    <trkpt lat="59.343455615" lon="18.056208157">
      <ele>10.815180532</ele>
    </trkpt>
    <trkpt lat="59.343189906" lon="18.056446485">
      <ele>10.539503827</ele>
    </trkpt>
    <trkpt lat="59.343007759" lon="18.056609859">
      <ele>10.494724985</ele>
    </trkpt>
    <trkpt lat="59.342695144" lon="18.05689025">
      <ele>10.286103672</ele>
    </trkpt>
    <trkpt lat="59.342349787" lon="18.0572">
      <ele>9.850520724</ele>
    </trkpt>
    <trkpt lat="59.341932883" lon="18.057573913">
      <ele>9.423022367</ele>
    </trkpt>
    <trkpt lat="59.341609791" lon="18.05786368">
      <ele>9.066409766</ele>
    </trkpt>
    <trkpt lat="59.34136783" lon="18.05808068">
      <ele>9.481405573</ele>
    </trkpt>
    <trkpt lat="59.341263444" lon="18.058174297">
      <ele>9.054823728</ele>
    </trkpt>
    <trkpt lat="59.341118627" lon="18.058304227">
      <ele>8.90899643</ele>
    </trkpt>
    <trkpt lat="59.340894723" lon="18.058505032">
      <ele>8.476262948</ele>
    </trkpt>
    <trkpt lat="59.340766645" lon="18.058619895">
      <ele>8.419415147</ele>
    </trkpt>
    <trkpt lat="59.34068913" lon="18.058689412">
      <ele>8.264507169</ele>
    </trkpt>
    <trkpt lat="59.340585701" lon="18.058782168">
      <ele>8.238629848</ele>
    </trkpt>
    <trkpt lat="59.340304257" lon="18.059034568">
      <ele>8.015963057</ele>
    </trkpt>
    <trkpt lat="59.339952638" lon="18.059349893">
      <ele>8.193375773</ele>
    </trkpt>
    <trkpt lat="59.339864251" lon="18.059429156">
      <ele>8.239475551</ele>
    </trkpt>
    <trkpt lat="59.339731912" lon="18.059547832">
      <ele>8.270624729</ele>
    </trkpt>
    <trkpt lat="59.339600817" lon="18.059665392">
      <ele>8.332772245</ele>
    </trkpt>
    <trkpt lat="59.339415799" lon="18.059831306">
      <ele>8.433980002</ele>
    </trkpt>
    <trkpt lat="59.339352505" lon="18.059888065">
      <ele>8.490050957</ele>
    </trkpt>
    <trkpt lat="59.33914653" lon="18.060072769">
      <ele>8.499282345</ele>
    </trkpt>
    <trkpt lat="59.338788388" lon="18.060393919">
      <ele>8.695686753</ele>
    </trkpt>
    <trkpt lat="59.338670993" lon="18.060499188">
      <ele>8.736864375</ele>
    </trkpt>
    <trkpt lat="59.33860258" lon="18.060560533">
      <ele>8.878896578</ele>
    </trkpt>
    <trkpt lat="59.338503924" lon="18.060648997">
      <ele>9.217912972</ele>
    </trkpt>
    <trkpt lat="59.337861921" lon="18.061224661">
      <ele>9.327733064</ele>
    </trkpt>
    <trkpt lat="59.33780261" lon="18.061277842">
      <ele>9.324800055</ele>
    </trkpt>
    <trkpt lat="59.337708082" lon="18.0613626">
      <ele>9.257906825</ele>
    </trkpt>
    <trkpt lat="59.337541391" lon="18.061512061">
      <ele>9.429926868</ele>
    </trkpt>
    <trkpt lat="59.337489057" lon="18.061558985">
      <ele>9.401583265</ele>
    </trkpt>
    <trkpt lat="59.33741481" lon="18.061625556">
      <ele>9.468238093</ele>
    </trkpt>
    <trkpt lat="59.337367537" lon="18.061667943">
      <ele>9.369291493</ele>
    </trkpt>
    <trkpt lat="59.337236246" lon="18.061785661">
      <ele>9.629439804</ele>
    </trkpt>
    <trkpt lat="59.337207373" lon="18.061811548">
      <ele>9.598472419</ele>
    </trkpt>
    <trkpt lat="59.336859802" lon="18.062123181">
      <ele>9.874865071</ele>
    </trkpt>
    <trkpt lat="59.33669419" lon="18.062271667">
      <ele>9.907052175</ele>
    </trkpt>
    <trkpt lat="59.336590109" lon="18.062364983">
      <ele>9.914169765</ele>
    </trkpt>
    <trkpt lat="59.336483063" lon="18.062460958">
      <ele>10.19429071</ele>
    </trkpt>
    <trkpt lat="59.336392081" lon="18.062542529">
      <ele>10.405393506</ele>
    </trkpt>
    <trkpt lat="59.33634502" lon="18.062584722">
      <ele>10.78044668</ele>
    </trkpt>
    <trkpt lat="59.336122204" lon="18.062784489">
      <ele>11.861698443</ele>
    </trkpt>
    <trkpt lat="59.336074322" lon="18.062827417">
      <ele>11.923752547</ele>
    </trkpt>
    <trkpt lat="59.335978968" lon="18.062912906">
      <ele>12.291860294</ele>
    </trkpt>
    <trkpt lat="59.335923339" lon="18.06296278">
      <ele>12.413895467</ele>
    </trkpt>
    <trkpt lat="59.335758397" lon="18.063110655">
      <ele>12.668109541</ele>
    </trkpt>
    <trkpt lat="59.33565649" lon="18.063202017">
      <ele>12.769224702</ele>
    </trkpt>
    <trkpt lat="59.335584038" lon="18.063266972">
      <ele>12.978306579</ele>
    </trkpt>
    <trkpt lat="59.33557893" lon="18.063270362">
      <ele>12.973311946</ele>
    </trkpt>
    <trkpt lat="59.335573634" lon="18.063272399">
      <ele>12.991317007</ele>
    </trkpt>
    <trkpt lat="59.335568239" lon="18.063273048">
      <ele>12.953321675</ele>
    </trkpt>
    <trkpt lat="59.335562862" lon="18.063272291">
      <ele>12.90932585</ele>
    </trkpt>
    <trkpt lat="59.335557575" lon="18.063270147">
      <ele>12.921329478</ele>
    </trkpt>
    <trkpt lat="59.335552476" lon="18.063266649">
      <ele>12.925332488</ele>
    </trkpt>
    <trkpt lat="59.335547665" lon="18.063261852">
      <ele>12.952334819</ele>
    </trkpt>
    <trkpt lat="59.335543222" lon="18.063255859">
      <ele>12.970336439</ele>
    </trkpt>
    <trkpt lat="59.335539218" lon="18.06324876">
      <ele>12.948337318</ele>
    </trkpt>
    <trkpt lat="59.335535736" lon="18.063240695">
      <ele>12.935337439</ele>
    </trkpt>
    <trkpt lat="59.335533713" lon="18.063234478">
      <ele>12.934639156</ele>
    </trkpt>
    <trkpt lat="59.335482432" lon="18.063035112">
      <ele>12.787311283</ele>
    </trkpt>
    <trkpt lat="59.335353537" lon="18.062536199">
      <ele>12.345247408</ele>
    </trkpt>
    <trkpt lat="59.335299614" lon="18.062327371">
      <ele>11.802220643</ele>
    </trkpt>
    <trkpt lat="59.335247773" lon="18.062126613">
      <ele>11.52419491</ele>
    </trkpt>
    <trkpt lat="59.335213943" lon="18.061995601">
      <ele>11.243178115</ele>
    </trkpt>
    <trkpt lat="59.33516224" lon="18.061795378">
      <ele>10.943152445</ele>
    </trkpt>
    <trkpt lat="59.335112429" lon="18.061602484">
      <ele>10.697127713</ele>
    </trkpt>
    <trkpt lat="59.335060948" lon="18.061403122">
      <ele>10.561646003</ele>
    </trkpt>
    <trkpt lat="59.334901396" lon="18.060785267">
      <ele>9.359752237</ele>
    </trkpt>
    <trkpt lat="59.334818668" lon="18.060464917">
      <ele>9.007020912</ele>
    </trkpt>
    <trkpt lat="59.334722364" lon="18.060091998">
      <ele>8.471939401</ele>
    </trkpt>
    <trkpt lat="59.334600796" lon="18.059621259">
      <ele>8.085554338</ele>
    </trkpt>
    <trkpt lat="59.334510813" lon="18.059272833">
      <ele>7.464568987</ele>
    </trkpt>
    <trkpt lat="59.334406908" lon="18.058870503">
      <ele>6.852385916</ele>
    </trkpt>
    <trkpt lat="59.334269783" lon="18.058339556">
      <ele>6.133682885</ele>
    </trkpt>
    <trkpt lat="59.334212624" lon="18.05811824">
      <ele>5.832672936</ele>
    </trkpt>
    <trkpt lat="59.334176692" lon="18.057979115">
      <ele>5.645772722</ele>
    </trkpt>
    <trkpt lat="59.334100054" lon="18.057682608">
      <ele>5.361569936</ele>
    </trkpt>
    <trkpt lat="59.333995352" lon="18.057277527">
      <ele>5.057827138</ele>
    </trkpt>
    <trkpt lat="59.333909482" lon="18.056945311">
      <ele>4.673914884</ele>
    </trkpt>
    <trkpt lat="59.333855679" lon="18.056737162">
      <ele>4.482267468</ele>
    </trkpt>
    <trkpt lat="59.333850577" lon="18.056715879">
      <ele>4.535594528</ele>
    </trkpt>
    <trkpt lat="59.333847261" lon="18.056692821">
      <ele>4.563888909</ele>
    </trkpt>
    <trkpt lat="59.333846041" lon="18.056668986">
      <ele>4.59240858</ele>
    </trkpt>
    <trkpt lat="59.333846956" lon="18.056645099">
      <ele>4.620286984</ele>
    </trkpt>
    <trkpt lat="59.333849976" lon="18.056621885">
      <ele>4.64667705</ele>
    </trkpt>
    <trkpt lat="59.33385501" lon="18.056600049">
      <ele>4.670776927</ele>
    </trkpt>
    <trkpt lat="59.333861906" lon="18.056580256">
      <ele>4.691854352</ele>
    </trkpt>
    <trkpt lat="59.333869402" lon="18.056564912">
      <ele>4.70748565</ele>
    </trkpt>
    <trkpt lat="59.333890448" lon="18.056531996">
      <ele>4.70745835</ele>
    </trkpt>
    <trkpt lat="59.333941955" lon="18.056465504">
      <ele>4.687219057</ele>
    </trkpt>
    <trkpt lat="59.334027464" lon="18.056355116">
      <ele>4.611364578</ele>
    </trkpt>
    <trkpt lat="59.334108539" lon="18.056250453">
      <ele>4.457245372</ele>
    </trkpt>
    <trkpt lat="59.334194033" lon="18.056140084">
      <ele>4.408020606</ele>
    </trkpt>
    <trkpt lat="59.33427908" lon="18.056030292">
      <ele>4.355776231</ele>
    </trkpt>
    <trkpt lat="59.334374313" lon="18.055907348">
      <ele>4.30028917</ele>
    </trkpt>
    <trkpt lat="59.334472524" lon="18.05578056">
      <ele>4.240428245</ele>
    </trkpt>
    <trkpt lat="59.334637114" lon="18.055568074">
      <ele>4.053685121</ele>
    </trkpt>
    <trkpt lat="59.334645707" lon="18.055556982">
      <ele>4.065674501</ele>
    </trkpt>
    <trkpt lat="59.334652394" lon="18.055548425">
      <ele>4.017666257</ele>
    </trkpt>
    <trkpt lat="59.33465866" lon="18.055538726">
      <ele>4.049658043</ele>
    </trkpt>
    <trkpt lat="59.334664467" lon="18.055527973">
      <ele>4.058649916</ele>
    </trkpt>
    <trkpt lat="59.334669745" lon="18.055516236">
      <ele>4.053641958</ele>
    </trkpt>
    <trkpt lat="59.334674476" lon="18.055503621">
      <ele>4.077634214</ele>
    </trkpt>
    <trkpt lat="59.334678596" lon="18.055490233">
      <ele>4.075626771</ele>
    </trkpt>
    <trkpt lat="59.334682097" lon="18.05547616">
      <ele>4.042619661</ele>
    </trkpt>
    <trkpt lat="59.334685032" lon="18.0554578">
      <ele>4.02461179</ele>
    </trkpt>
    <trkpt lat="59.334686666" lon="18.055442321">
      <ele>4.008605879</ele>
    </trkpt>
    <trkpt lat="59.33468759" lon="18.055426614">
      <ele>4.018600512</ele>
    </trkpt>
    <trkpt lat="59.334687806" lon="18.055410819">
      <ele>3.99059573</ele>
    </trkpt>
    <trkpt lat="59.334687303" lon="18.055395042">
      <ele>3.971591573</ele>
    </trkpt>
    <trkpt lat="59.334686082" lon="18.055379406">
      <ele>3.991588076</ele>
    </trkpt>
    <trkpt lat="59.334684162" lon="18.055364051">
      <ele>3.976585265</ele>
    </trkpt>
    <trkpt lat="59.33468155" lon="18.055349099">
      <ele>3.943583169</ele>
    </trkpt>
    <trkpt lat="59.334678273" lon="18.055334658">
      <ele>3.904581794</ele>
    </trkpt>
    <trkpt lat="59.334584014" lon="18.054970089">
      <ele>3.866557352</ele>
    </trkpt>
    <trkpt lat="59.334423265" lon="18.054346985">
      <ele>3.575516592</ele>
    </trkpt>
    <trkpt lat="59.33437363" lon="18.054154961">
      <ele>3.456575358</ele>
    </trkpt>
    <trkpt lat="59.334367837" lon="18.054140993">
      <ele>3.456305897</ele>
    </trkpt>
    <trkpt lat="59.334360734" lon="18.054128885">
      <ele>3.453041159</ele>
    </trkpt>
    <trkpt lat="59.334352665" lon="18.054119375">
      <ele>3.44685021</ele>
    </trkpt>
    <trkpt lat="59.334343875" lon="18.054112752">
      <ele>3.437921157</ele>
    </trkpt>
    <trkpt lat="59.334334632" lon="18.054109217">
      <ele>3.426525305</ele>
    </trkpt>
    <trkpt lat="59.33432597" lon="18.054108726">
      <ele>3.435532725</ele>
    </trkpt>
    <trkpt lat="59.334319112" lon="18.054109922">
      <ele>3.430539056</ele>
    </trkpt>
    <trkpt lat="59.334312353" lon="18.054112505">
      <ele>3.421545699</ele>
    </trkpt>
    <trkpt lat="59.334305764" lon="18.054116441">
      <ele>3.425552584</ele>
    </trkpt>
    <trkpt lat="59.334299427" lon="18.054121713">
      <ele>3.426559632</ele>
    </trkpt>
    <trkpt lat="59.334197332" lon="18.054220622">
      <ele>3.40267712</ele>
    </trkpt>
    <trkpt lat="59.334169066" lon="18.054249">
      <ele>3.426709902</ele>
    </trkpt>
    <trkpt lat="59.33393037" lon="18.054481203">
      <ele>3.25098409</ele>
    </trkpt>
    <trkpt lat="59.333745657" lon="18.054659583">
      <ele>3.122195265</ele>
    </trkpt>
    <trkpt lat="59.333492419" lon="18.054907858">
      <ele>3.728484934</ele>
    </trkpt>
    <trkpt lat="59.333270417" lon="18.055123972">
      <ele>2.623741155</ele>
    </trkpt>
    <trkpt lat="59.333194712" lon="18.055197381">
      <ele>2.539827049</ele>
    </trkpt>
    <trkpt lat="59.333071075" lon="18.055317432">
      <ele>2.823952879</ele>
    </trkpt>
    <trkpt lat="59.333006865" lon="18.055379847">
      <ele>3.143039863</ele>
    </trkpt>
    <trkpt lat="59.332930558" lon="18.055454277">
      <ele>3.401122661</ele>
    </trkpt>
    <trkpt lat="59.332873638" lon="18.055508273">
      <ele>3.643656082</ele>
    </trkpt>
    <trkpt lat="59.33286513" lon="18.055520324">
      <ele>3.692627707</ele>
    </trkpt>
    <trkpt lat="59.332795008" lon="18.055632768">
      <ele>3.910908256</ele>
    </trkpt>
    <trkpt lat="59.332722675" lon="18.055748758">
      <ele>4.218382668</ele>
    </trkpt>
    <trkpt lat="59.332684973" lon="18.055809214">
      <ele>3.195431647</ele>
    </trkpt>
    <trkpt lat="59.332654068" lon="18.055858772">
      <ele>4.176471768</ele>
    </trkpt>
    <trkpt lat="59.332631188" lon="18.055895459">
      <ele>4.126501453</ele>
    </trkpt>
    <trkpt lat="59.33262311" lon="18.055906791">
      <ele>4.120511488</ele>
    </trkpt>
    <trkpt lat="59.332611007" lon="18.055921774">
      <ele>4.111525972</ele>
    </trkpt>
    <trkpt lat="59.332359284" lon="18.056233408">
      <ele>3.992084364</ele>
    </trkpt>
    <trkpt lat="59.332304632" lon="18.056301065">
      <ele>4.006106849</ele>
    </trkpt>
    <trkpt lat="59.332295874" lon="18.056314904">
      <ele>4.018639028</ele>
    </trkpt>
    <trkpt lat="59.332288477" lon="18.056331509">
      <ele>4.027096071</ele>
    </trkpt>
    <trkpt lat="59.332282664" lon="18.056350375">
      <ele>4.031221017</ele>
    </trkpt>
    <trkpt lat="59.332278669" lon="18.056370561">
      <ele>4.030932646</ele>
    </trkpt>
    <trkpt lat="59.332277107" lon="18.056381576">
      <ele>4.038936964</ele>
    </trkpt>
    <trkpt lat="59.332276254" lon="18.056392873">
      <ele>4.025940752</ele>
    </trkpt>
    <trkpt lat="59.33227602" lon="18.05640828">
      <ele>3.975945125</ele>
    </trkpt>
    <trkpt lat="59.332276146" lon="18.056419716">
      <ele>3.981948116</ele>
    </trkpt>
    <trkpt lat="59.332276989" lon="18.05643103">
      <ele>3.98795046</ele>
    </trkpt>
    <trkpt lat="59.332278542" lon="18.056442063">
      <ele>3.990952124</ele>
    </trkpt>
    <trkpt lat="59.332358022" lon="18.056998613">
      <ele>3.813035427</ele>
    </trkpt>
    <trkpt lat="59.3323827" lon="18.057171423">
      <ele>3.787240532</ele>
    </trkpt>
    <trkpt lat="59.332409421" lon="18.057358543">
      <ele>3.864089695</ele>
    </trkpt>
    <trkpt lat="59.332410588" lon="18.057367679">
      <ele>3.863091193</ele>
    </trkpt>
    <trkpt lat="59.332411306" lon="18.05737699">
      <ele>3.869093118</ele>
    </trkpt>
    <trkpt lat="59.332411665" lon="18.057386125">
      <ele>3.882095299</ele>
    </trkpt>
    <trkpt lat="59.332411216" lon="18.057394734">
      <ele>3.899098021</ele>
    </trkpt>
    <trkpt lat="59.332410138" lon="18.057404747">
      <ele>3.905101655</ele>
    </trkpt>
    <trkpt lat="59.332408612" lon="18.057413707">
      <ele>3.915105383</ele>
    </trkpt>
    <trkpt lat="59.332393172" lon="18.057477304">
      <ele>3.904135726</ele>
    </trkpt>
    <trkpt lat="59.332367614" lon="18.057501636">
      <ele>4.009163929</ele>
    </trkpt>
    <trkpt lat="59.332322476" lon="18.05754461">
      <ele>4.038213714</ele>
    </trkpt>
    <trkpt lat="59.332250472" lon="18.05761316">
      <ele>4.095293064</ele>
    </trkpt>
    <trkpt lat="59.332197591" lon="18.057663505">
      <ele>4.140351287</ele>
    </trkpt>
    <trkpt lat="59.332145531" lon="18.057713067">
      <ele>4.170408563</ele>
    </trkpt>
    <trkpt lat="59.332094724" lon="18.057761437">
      <ele>4.16246442</ele>
    </trkpt>
    <trkpt lat="59.332031862" lon="18.057821283">
      <ele>4.213533471</ele>
    </trkpt>
    <trkpt lat="59.331943482" lon="18.057905423">
      <ele>4.231630449</ele>
    </trkpt>
    <trkpt lat="59.331795557" lon="18.058046249">
      <ele>4.237792485</ele>
    </trkpt>
    <trkpt lat="59.331640334" lon="18.058194023">
      <ele>4.414962144</ele>
    </trkpt>
    <trkpt lat="59.331421024" lon="18.058402804">
      <ele>4.352201197</ele>
    </trkpt>
    <trkpt lat="59.331281747" lon="18.058535392">
      <ele>4.458352615</ele>
    </trkpt>
    <trkpt lat="59.331202665" lon="18.058610676">
      <ele>4.588438454</ele>
    </trkpt>
    <trkpt lat="59.330653468" lon="18.059133486">
      <ele>4.84610003</ele>
    </trkpt>
    <trkpt lat="59.330554021" lon="18.059228153">
      <ele>4.553952944</ele>
    </trkpt>
    <trkpt lat="59.330431592" lon="18.059346712">
      <ele>4.236128364</ele>
    </trkpt>
    <trkpt lat="59.330224129" lon="18.059547614">
      <ele>3.604053498</ele>
    </trkpt>
    <trkpt lat="59.330054587" lon="18.059711793">
      <ele>3.106687022</ele>
    </trkpt>
    <trkpt lat="59.329880685" lon="18.059880191">
      <ele>2.610303294</ele>
    </trkpt>
    <trkpt lat="59.329789385" lon="18.059968601">
      <ele>2.369994491</ele>
    </trkpt>
    <trkpt lat="59.329639736" lon="18.060113512">
      <ele>2.104511384</ele>
    </trkpt>
    <trkpt lat="59.329442719" lon="18.060304289">
      <ele>2.130003349</ele>
    </trkpt>
    <trkpt lat="59.329234963" lon="18.060505462">
      <ele>1.974351404</ele>
    </trkpt>
    <trkpt lat="59.329110771" lon="18.060625717">
      <ele>1.974554291</ele>
    </trkpt>
    <trkpt lat="59.32885075" lon="18.060877492">
      <ele>1.939843683</ele>
    </trkpt>
    <trkpt lat="59.328709049" lon="18.061022876">
      <ele>2.067824921</ele>
    </trkpt>
    <trkpt lat="59.328676623" lon="18.061053061">
      <ele>2.048877456</ele>
    </trkpt>
    <trkpt lat="59.328668438" lon="18.061060679">
      <ele>2.058890715</ele>
    </trkpt>
    <trkpt lat="59.32866385" lon="18.061070581">
      <ele>2.068900067</ele>
    </trkpt>
    <trkpt lat="59.328594667" lon="18.061420367">
      <ele>2.239109373</ele>
    </trkpt>
    <trkpt lat="59.328611753" lon="18.061590223">
      <ele>2.234144989</ele>
    </trkpt>
    <trkpt lat="59.328617693" lon="18.061649281">
      <ele>2.299157374</ele>
    </trkpt>
    <trkpt lat="59.328623751" lon="18.06170951">
      <ele>2.285498105</ele>
    </trkpt>
    <trkpt lat="59.328628699" lon="18.061758699">
      <ele>2.330708233</ele>
    </trkpt>
    <trkpt lat="59.328634445" lon="18.06181583">
      <ele>2.36298901</ele>
    </trkpt>
    <trkpt lat="59.32864402" lon="18.06191103">
      <ele>2.441926805</ele>
    </trkpt>
    <trkpt lat="59.328656058" lon="18.06203071">
      <ele>2.543607397</ele>
    </trkpt>
    <trkpt lat="59.328667803" lon="18.06214748">
      <ele>2.660721314</ele>
    </trkpt>
    <trkpt lat="59.328674638" lon="18.062215437">
      <ele>2.712718416</ele>
    </trkpt>
    <trkpt lat="59.328678172" lon="18.062250572">
      <ele>2.750843997</ele>
    </trkpt>
    <trkpt lat="59.328680374" lon="18.062285768">
      <ele>2.774950744</ele>
    </trkpt>
    <trkpt lat="59.328679395" lon="18.062320728">
      <ele>2.797798956</ele>
    </trkpt>
    <trkpt lat="59.328675798" lon="18.06235545">
      <ele>2.827144439</ele>
    </trkpt>
    <trkpt lat="59.328669091" lon="18.062387669">
      <ele>2.843787111</ele>
    </trkpt>
    <trkpt lat="59.328665235" lon="18.062402268">
      <ele>2.857443078</ele>
    </trkpt>
    <trkpt lat="59.328656703" lon="18.062425413">
      <ele>2.831575592</ele>
    </trkpt>
    <trkpt lat="59.328644469" lon="18.062451762">
      <ele>2.891386948</ele>
    </trkpt>
    <trkpt lat="59.32863029" lon="18.062476397">
      <ele>2.922205169</ele>
    </trkpt>
    <trkpt lat="59.328572636" lon="18.062561838">
      <ele>3.140371671</ele>
    </trkpt>
    <trkpt lat="59.328501514" lon="18.062660011">
      <ele>3.457058941</ele>
    </trkpt>
    <trkpt lat="59.328390199" lon="18.062813664">
      <ele>3.764003658</ele>
    </trkpt>
    <trkpt lat="59.328200067" lon="18.063076109">
      <ele>4.431642291</ele>
    </trkpt>
    <trkpt lat="59.328127886" lon="18.063175741">
      <ele>4.576756664</ele>
    </trkpt>
    <trkpt lat="59.328089491" lon="18.063236276">
      <ele>4.848385313</ele>
    </trkpt>
    <trkpt lat="59.328021703" lon="18.063335833">
      <ele>4.98850738</ele>
    </trkpt>
    <trkpt lat="59.327712653" lon="18.063789715">
      <ele>5.324218742</ele>
    </trkpt>
    <trkpt lat="59.327554802" lon="18.064021536">
      <ele>5.411347837</ele>
    </trkpt>
    <trkpt lat="59.327321369" lon="18.064364352">
      <ele>5.496767831</ele>
    </trkpt>
    <trkpt lat="59.327152221" lon="18.064612757">
      <ele>5.332072079</ele>
    </trkpt>
    <trkpt lat="59.327038622" lon="18.064779582">
      <ele>5.272276369</ele>
    </trkpt>
    <trkpt lat="59.326897899" lon="18.064986238">
      <ele>5.101529395</ele>
    </trkpt>
    <trkpt lat="59.3267934" lon="18.065139698">
      <ele>4.770717257</ele>
    </trkpt>
    <trkpt lat="59.326686916" lon="18.06529607">
      <ele>4.407908658</ele>
    </trkpt>
    <trkpt lat="59.326670466" lon="18.065320227">
      <ele>4.345938224</ele>
    </trkpt>
    <trkpt lat="59.326557194" lon="18.065486567">
      <ele>3.751141793</ele>
    </trkpt>
    <trkpt lat="59.326510918" lon="18.065554522">
      <ele>3.757224949</ele>
    </trkpt>
    <trkpt lat="59.326468242" lon="18.065617191">
      <ele>3.798301631</ele>
    </trkpt>
    <trkpt lat="59.326336996" lon="18.065809922">
      <ele>4.112537432</ele>
    </trkpt>
    <trkpt lat="59.326274165" lon="18.065902186">
      <ele>4.229650301</ele>
    </trkpt>
    <trkpt lat="59.326132016" lon="18.066110925">
      <ele>4.601905621</ele>
    </trkpt>
    <trkpt lat="59.325986008" lon="18.066325329">
      <ele>4.815167821</ele>
    </trkpt>
    <trkpt lat="59.325923079" lon="18.066417734">
      <ele>5.12928081</ele>
    </trkpt>
    <trkpt lat="59.325915988" lon="18.066427236">
      <ele>5.127293234</ele>
    </trkpt>
    <trkpt lat="59.325908519" lon="18.066435543">
      <ele>5.123305744</ele>
    </trkpt>
    <trkpt lat="59.325900709" lon="18.066442603">
      <ele>5.118318273</ele>
    </trkpt>
    <trkpt lat="59.325892639" lon="18.066448363">
      <ele>5.131330701</ele>
    </trkpt>
    <trkpt lat="59.325884345" lon="18.066452788">
      <ele>5.106342968</ele>
    </trkpt>
    <trkpt lat="59.325875889" lon="18.066455825">
      <ele>5.095354975</ele>
    </trkpt>
    <trkpt lat="59.325867344" lon="18.066457492">
      <ele>5.084366634</ele>
    </trkpt>
    <trkpt lat="59.325858744" lon="18.066457755">
      <ele>5.077377888</ele>
    </trkpt>
    <trkpt lat="59.325850172" lon="18.066456594">
      <ele>5.084388626</ele>
    </trkpt>
    <trkpt lat="59.325841672" lon="18.066454063">
      <ele>5.093398806</ele>
    </trkpt>
    <trkpt lat="59.325833316" lon="18.066450145">
      <ele>5.10040833</ele>
    </trkpt>
    <trkpt lat="59.325825157" lon="18.066444874">
      <ele>5.10241714</ele>
    </trkpt>
    <trkpt lat="59.325817249" lon="18.066438286">
      <ele>5.083425178</ele>
    </trkpt>
    <trkpt lat="59.325809647" lon="18.066430433">
      <ele>5.066432391</ele>
    </trkpt>
    <trkpt lat="59.325783932" lon="18.066402041">
      <ele>4.932456174</ele>
    </trkpt>
    <trkpt lat="59.325732404" lon="18.066345147">
      <ele>4.909503833</ele>
    </trkpt>
    <trkpt lat="59.325578442" lon="18.066175157">
      <ele>4.889646263</ele>
    </trkpt>
    <trkpt lat="59.325554203" lon="18.066148395">
      <ele>4.939668691</ele>
    </trkpt>
    <trkpt lat="59.325531508" lon="18.066123338">
      <ele>4.92968969</ele>
    </trkpt>
    <trkpt lat="59.325523538" lon="18.066115415">
      <ele>4.905697362</ele>
    </trkpt>
    <trkpt lat="59.325515271" lon="18.066108774">
      <ele>4.897705852</ele>
    </trkpt>
    <trkpt lat="59.325506753" lon="18.066103468">
      <ele>4.922715121</ele>
    </trkpt>
    <trkpt lat="59.325436902" lon="18.066085664">
      <ele>4.887799817</ele>
    </trkpt>
    <trkpt lat="59.325417837" lon="18.066088472">
      <ele>4.869825526</ele>
    </trkpt>
    <trkpt lat="59.325401158" lon="18.066098745">
      <ele>4.821850659</ele>
    </trkpt>
    <trkpt lat="59.325369704" lon="18.066122031">
      <ele>4.71389938</ele>
    </trkpt>
    <trkpt lat="59.325295865" lon="18.066178757">
      <ele>4.211014444</ele>
    </trkpt>
    <trkpt lat="59.325267309" lon="18.066200695">
      <ele>3.862058941</ele>
    </trkpt>
    <trkpt lat="59.325240602" lon="18.066221212">
      <ele>3.811100555</ele>
    </trkpt>
    <trkpt lat="59.325210928" lon="18.066244008">
      <ele>3.750146793</ele>
    </trkpt>
    <trkpt lat="59.325184843" lon="18.066264048">
      <ele>3.729187437</ele>
    </trkpt>
    <trkpt lat="59.32515495" lon="18.066287012">
      <ele>3.628234011</ele>
    </trkpt>
    <trkpt lat="59.32511597" lon="18.066316958">
      <ele>3.513294745</ele>
    </trkpt>
    <trkpt lat="59.325068709" lon="18.066353264">
      <ele>3.433368376</ele>
    </trkpt>
    <trkpt lat="59.325024442" lon="18.066387271">
      <ele>3.324437342</ele>
    </trkpt>
    <trkpt lat="59.324980165" lon="18.066421286">
      <ele>3.25750632</ele>
    </trkpt>
    <trkpt lat="59.324934854" lon="18.066456095">
      <ele>3.152576906</ele>
    </trkpt>
    <trkpt lat="59.324889403" lon="18.066491011">
      <ele>3.090647707</ele>
    </trkpt>
    <trkpt lat="59.324843649" lon="18.06652616">
      <ele>3.060718978</ele>
    </trkpt>
    <trkpt lat="59.324788318" lon="18.066561339">
      <ele>3.047802691</ele>
    </trkpt>
    <trkpt lat="59.324770536" lon="18.066570502">
      <ele>3.02782887</ele>
    </trkpt>
    <trkpt lat="59.324746291" lon="18.066581454">
      <ele>2.982864044</ele>
    </trkpt>
    <trkpt lat="59.32472578" lon="18.066590071">
      <ele>2.966893581</ele>
    </trkpt>
    <trkpt lat="59.324699982" lon="18.066598001">
      <ele>2.87792975</ele>
    </trkpt>
    <trkpt lat="59.324684112" lon="18.066602334">
      <ele>2.738951816</ele>
    </trkpt>
    <trkpt lat="59.324640776" lon="18.066615404">
      <ele>2.622012488</ele>
    </trkpt>
    <trkpt lat="59.324581258" lon="18.066633354">
      <ele>2.570095814</ele>
    </trkpt>
    <trkpt lat="59.324487218" lon="18.066661715">
      <ele>2.489227467</ele>
    </trkpt>
    <trkpt lat="59.324418062" lon="18.066682572">
      <ele>2.86332428</ele>
    </trkpt>
    <trkpt lat="59.324368361" lon="18.066697561">
      <ele>2.859393858</ele>
    </trkpt>
    <trkpt lat="59.32430105" lon="18.066717861">
      <ele>2.789488084</ele>
    </trkpt>
    <trkpt lat="59.324236248" lon="18.066737405">
      <ele>2.736578796</ele>
    </trkpt>
    <trkpt lat="59.324192534" lon="18.066750588">
      <ele>2.749639987</ele>
    </trkpt>
    <trkpt lat="59.324192534" lon="18.066750588">
      <ele>2.749639987</ele>
    </trkpt>
    <trkpt lat="59.324138027" lon="18.066771387">
      <ele>2.748717755</ele>
    </trkpt>
    <trkpt lat="59.324135944" lon="18.066772879">
      <ele>2.751720961</ele>
    </trkpt>
    <trkpt lat="59.324048871" lon="18.06686342">
      <ele>2.784864499</ele>
    </trkpt>
    <trkpt lat="59.324015852" lon="18.066897505">
      <ele>2.786918841</ele>
    </trkpt>
    <trkpt lat="59.323995709" lon="18.066918298">
      <ele>2.809951992</ele>
    </trkpt>
    <trkpt lat="59.323956402" lon="18.066958873">
      <ele>2.82801668</ele>
    </trkpt>
    <trkpt lat="59.323922293" lon="18.066994083">
      <ele>2.863072813</ele>
    </trkpt>
    <trkpt lat="59.323884496" lon="18.0670331">
      <ele>2.838135011</ele>
    </trkpt>
    <trkpt lat="59.32385479" lon="18.067063529">
      <ele>2.840183813</ele>
    </trkpt>
    <trkpt lat="59.323828002" lon="18.067093572">
      <ele>2.840228698</ele>
    </trkpt>
    <trkpt lat="59.323798575" lon="18.067124546">
      <ele>2.817277319</ele>
    </trkpt>
    <trkpt lat="59.323769507" lon="18.067154431">
      <ele>2.736325106</ele>
    </trkpt>
    <trkpt lat="59.323712287" lon="18.06721759">
      <ele>2.698420629</ele>
    </trkpt>
    <trkpt lat="59.323666818" lon="18.067270354">
      <ele>2.690497398</ele>
    </trkpt>
    <trkpt lat="59.323625459" lon="18.067323647">
      <ele>2.611569005</ele>
    </trkpt>
    <trkpt lat="59.323593114" lon="18.067364261">
      <ele>2.590624647</ele>
    </trkpt>
    <trkpt lat="59.323543919" lon="18.067429354">
      <ele>2.519710388</ele>
    </trkpt>
    <trkpt lat="59.323503934" lon="18.067483718">
      <ele>2.521780563</ele>
    </trkpt>
    <trkpt lat="59.323432241" lon="18.067586529">
      <ele>2.472908173</ele>
    </trkpt>
    <trkpt lat="59.323393163" lon="18.067641964">
      <ele>2.452977523</ele>
    </trkpt>
    <trkpt lat="59.323336237" lon="18.067728322">
      <ele>2.398080422</ele>
    </trkpt>
    <trkpt lat="59.323254928" lon="18.067858387">
      <ele>2.255229641</ele>
    </trkpt>
    <trkpt lat="59.32320987" lon="18.067934421">
      <ele>2.073313655</ele>
    </trkpt>
    <trkpt lat="59.323172505" lon="18.068005505">
      <ele>2.066386022</ele>
    </trkpt>
    <trkpt lat="59.322823609" lon="18.068769729">
      <ele>1.746095275</ele>
    </trkpt>
    <trkpt lat="59.322724922" lon="18.06900934">
      <ele>1.828303684</ele>
    </trkpt>
    <trkpt lat="59.322686136" lon="18.069113017">
      <ele>1.883388773</ele>
    </trkpt>
    <trkpt lat="59.322650178" lon="18.069217098">
      <ele>1.920470327</ele>
    </trkpt>
    <trkpt lat="59.32262142" lon="18.069299141">
      <ele>1.972535144</ele>
    </trkpt>
    <trkpt lat="59.322587238" lon="18.069418942">
      <ele>2.038619661</ele>
    </trkpt>
    <trkpt lat="59.322580154" lon="18.069447847">
      <ele>2.065638546</ele>
    </trkpt>
    <trkpt lat="59.322573715" lon="18.069477332">
      <ele>2.073656787</ele>
    </trkpt>
    <trkpt lat="59.32256795" lon="18.069507345">
      <ele>2.073674332</ele>
    </trkpt>
    <trkpt lat="59.322562867" lon="18.069537814">
      <ele>2.060691147</ele>
    </trkpt>
    <trkpt lat="59.322558467" lon="18.069568705">
      <ele>2.049707218</ele>
    </trkpt>
    <trkpt lat="59.322554757" lon="18.06959993">
      <ele>2.050722506</ele>
    </trkpt>
    <trkpt lat="59.322551757" lon="18.069631454">
      <ele>2.049736976</ele>
    </trkpt>
    <trkpt lat="59.322549466" lon="18.069663189">
      <ele>2.049750597</ele>
    </trkpt>
    <trkpt lat="59.322547884" lon="18.069695099">
      <ele>2.031763358</ele>
    </trkpt>
    <trkpt lat="59.32254702" lon="18.069727133">
      <ele>2.03777523</ele>
    </trkpt>
    <trkpt lat="59.322546865" lon="18.069759185">
      <ele>2.043786189</ele>
    </trkpt>
    <trkpt lat="59.322547566" lon="18.069823217">
      <ele>2.030806774</ele>
    </trkpt>
    <trkpt lat="59.322548244" lon="18.069885203">
      <ele>2.086826701</ele>
    </trkpt>
    <trkpt lat="59.322549213" lon="18.069973701">
      <ele>2.053855152</ele>
    </trkpt>
    <trkpt lat="59.322550516" lon="18.070092769">
      <ele>2.04089343</ele>
    </trkpt>
    <trkpt lat="59.322553542" lon="18.070369329">
      <ele>1.999982342</ele>
    </trkpt>
    <trkpt lat="59.322554775" lon="18.070482019">
      <ele>2.006018571</ele>
    </trkpt>
    <trkpt lat="59.322556057" lon="18.07059912">
      <ele>2.023056219</ele>
    </trkpt>
    <trkpt lat="59.32255773" lon="18.070752072">
      <ele>2.039105394</ele>
    </trkpt>
    <trkpt lat="59.32255732" lon="18.070875046">
      <ele>2.156147203</ele>
    </trkpt>
    <trkpt lat="59.322554387" lon="18.070934265">
      <ele>2.223170879</ele>
    </trkpt>
    <trkpt lat="59.322550216" lon="18.071018447">
      <ele>2.244204535</ele>
    </trkpt>
    <trkpt lat="59.322544034" lon="18.071096541">
      <ele>2.308238751</ele>
    </trkpt>
    <trkpt lat="59.322536929" lon="18.071186296">
      <ele>2.368278075</ele>
    </trkpt>
    <trkpt lat="59.322528655" lon="18.071275075">
      <ele>2.438318585</ele>
    </trkpt>
    <trkpt lat="59.322519814" lon="18.071332896">
      <ele>2.470349435</ele>
    </trkpt>
    <trkpt lat="59.322509908" lon="18.071397676">
      <ele>2.503383998</ele>
    </trkpt>
    <trkpt lat="59.322492422" lon="18.071470469">
      <ele>2.570431061</ele>
    </trkpt>
    <trkpt lat="59.322466624" lon="18.071577859">
      <ele>2.630500489</ele>
    </trkpt>
    <trkpt lat="59.322436411" lon="18.071676812">
      <ele>2.732572795</ele>
    </trkpt>
    <trkpt lat="59.322410048" lon="18.071763153">
      <ele>3.243443895</ele>
    </trkpt>
    <trkpt lat="59.322392802" lon="18.071819633">
      <ele>3.675677148</ele>
    </trkpt>
    <trkpt lat="59.322356924" lon="18.071931474">
      <ele>3.870761095</ele>
    </trkpt>
    <trkpt lat="59.322317575" lon="18.072061067">
      <ele>3.790855482</ele>
    </trkpt>
    <trkpt lat="59.322292678" lon="18.072139151">
      <ele>3.739913884</ele>
    </trkpt>
    <trkpt lat="59.322268766" lon="18.07221415">
      <ele>3.675969976</ele>
    </trkpt>
    <trkpt lat="59.322156418" lon="18.07256651">
      <ele>3.920233469</ele>
    </trkpt>
    <trkpt lat="59.322133988" lon="18.072636856">
      <ele>4.095286066</ele>
    </trkpt>
    <trkpt lat="59.322122284" lon="18.072678115">
      <ele>4.228315037</ele>
    </trkpt>
    <trkpt lat="59.322096046" lon="18.072802049">
      <ele>4.270390522</ele>
    </trkpt>
    <trkpt lat="59.322066346" lon="18.072942339">
      <ele>4.292475962</ele>
    </trkpt>
    <trkpt lat="59.322049626" lon="18.073021317">
      <ele>4.255524058</ele>
    </trkpt>
    <trkpt lat="59.322024442" lon="18.073140271">
      <ele>4.259596496</ele>
    </trkpt>
    <trkpt lat="59.322000242" lon="18.073254575">
      <ele>4.121666097</ele>
    </trkpt>
    <trkpt lat="59.321970664" lon="18.073394284">
      <ele>4.107751162</ele>
    </trkpt>
    <trkpt lat="59.321907237" lon="18.073693874">
      <ele>3.992933551</ele>
    </trkpt>
    <trkpt lat="59.32187218" lon="18.07387541">
      <ele>3.748039691</ele>
    </trkpt>
    <trkpt lat="59.321871553" lon="18.07394644">
      <ele>3.625064303</ele>
    </trkpt>
    <trkpt lat="59.321901268" lon="18.074009426">
      <ele>3.502047014</ele>
    </trkpt>
    <trkpt lat="59.322075528" lon="18.074155951">
      <ele>2.736679528</ele>
    </trkpt>
    <trkpt lat="59.322290157" lon="18.074336708">
      <ele>2.565228651</ele>
    </trkpt>
    <trkpt lat="59.322406409" lon="18.074433996">
      <ele>2.481345327</ele>
    </trkpt>
    <trkpt lat="59.322439734" lon="18.074459131">
      <ele>2.497310714</ele>
    </trkpt>
    <trkpt lat="59.322822044" lon="18.074737044">
      <ele>2.248101664</ele>
    </trkpt>
    <trkpt lat="59.32295147" lon="18.074831129">
      <ele>2.327966121</ele>
    </trkpt>
    <trkpt lat="59.323057066" lon="18.074880018">
      <ele>2.270846181</ele>
    </trkpt>
    <trkpt lat="59.323261525" lon="18.074956515">
      <ele>2.299607867</ele>
    </trkpt>
    <trkpt lat="59.323465984" lon="18.075033013">
      <ele>2.328369578</ele>
    </trkpt>
    <trkpt lat="59.323807519" lon="18.075159106">
      <ele>2.270471024</ele>
    </trkpt>
    <trkpt lat="59.324149053" lon="18.075285203">
      <ele>2.212572542</ele>
    </trkpt>
    <trkpt lat="59.324377989" lon="18.075369658">
      <ele>2.377305451</ele>
    </trkpt>
    <trkpt lat="59.324606924" lon="18.075454115">
      <ele>2.542038392</ele>
    </trkpt>
    <trkpt lat="59.324745274" lon="18.075499586">
      <ele>2.58587514</ele>
    </trkpt>
    <trkpt lat="59.324836154" lon="18.075523125">
      <ele>2.734765772</ele>
    </trkpt>
    <trkpt lat="59.324887084" lon="18.075524421">
      <ele>2.783700466</ele>
    </trkpt>
    <trkpt lat="59.324960692" lon="18.075519821">
      <ele>2.797103894</ele>
    </trkpt>
    <trkpt lat="59.325034301" lon="18.07551522">
      <ele>2.810507322</ele>
    </trkpt>
    <trkpt lat="59.325080609" lon="18.075510752">
      <ele>2.836446035</ele>
    </trkpt>
    <trkpt lat="59.325177365" lon="18.075492771">
      <ele>2.792315061</ele>
    </trkpt>
    <trkpt lat="59.325274121" lon="18.07547479">
      <ele>2.748184084</ele>
    </trkpt>
    <trkpt lat="59.32537941" lon="18.075455654">
      <ele>2.680541699</ele>
    </trkpt>
    <trkpt lat="59.325484698" lon="18.075436518">
      <ele>2.612899311</ele>
    </trkpt>
    <trkpt lat="59.325557568" lon="18.075422937">
      <ele>2.525800648</ele>
    </trkpt>
    <trkpt lat="59.325585082" lon="18.075410477">
      <ele>2.645760916</ele>
    </trkpt>
    <trkpt lat="59.325618253" lon="18.075381053">
      <ele>2.699708142</ele>
    </trkpt>
    <trkpt lat="59.325908909" lon="18.075104088">
      <ele>3.101739172</ele>
    </trkpt>
    <trkpt lat="59.326199564" lon="18.074827118">
      <ele>3.503770067</ele>
    </trkpt>
    <trkpt lat="59.326285622" lon="18.074733953">
      <ele>3.751627366</ele>
    </trkpt>
    <trkpt lat="59.326373818" lon="18.074622569">
      <ele>3.978475718</ele>
    </trkpt>
    <trkpt lat="59.326479946" lon="18.074488538">
      <ele>4.370293215</ele>
    </trkpt>
    <trkpt lat="59.326572011" lon="18.074372267">
      <ele>4.515134876</ele>
    </trkpt>
    <trkpt lat="59.32662264" lon="18.074308325">
      <ele>4.623047793</ele>
    </trkpt>
    <trkpt lat="59.326715733" lon="18.074190754">
      <ele>4.390887657</ele>
    </trkpt>
    <trkpt lat="59.326845543" lon="18.074026811">
      <ele>4.092664332</ele>
    </trkpt>
    <trkpt lat="59.327340127" lon="18.073402164">
      <ele>4.115813119</ele>
    </trkpt>
    <trkpt lat="59.327791261" lon="18.072832465">
      <ele>3.688036263</ele>
    </trkpt>
    <trkpt lat="59.327877072" lon="18.072693126">
      <ele>3.801877912</ele>
    </trkpt>
    <trkpt lat="59.327882872" lon="18.072678671">
      <ele>3.782865495</ele>
    </trkpt>
    <trkpt lat="59.327887102" lon="18.072665621">
      <ele>3.799855587</ele>
    </trkpt>
    <trkpt lat="59.327890712" lon="18.072651903">
      <ele>3.794846253</ele>
    </trkpt>
    <trkpt lat="59.327893667" lon="18.07263757">
      <ele>3.819837556</ele>
    </trkpt>
    <trkpt lat="59.327895939" lon="18.072622798">
      <ele>3.790829593</ele>
    </trkpt>
    <trkpt lat="59.327897521" lon="18.072607674">
      <ele>3.792822404</ele>
    </trkpt>
    <trkpt lat="59.327898394" lon="18.072592322">
      <ele>3.824816054</ele>
    </trkpt>
    <trkpt lat="59.327897554" lon="18.072560369">
      <ele>3.892806272</ele>
    </trkpt>
    <trkpt lat="59.327895978" lon="18.072527502">
      <ele>3.980797132</ele>
    </trkpt>
    <trkpt lat="59.327893684" lon="18.072494811">
      <ele>4.03978898</ele>
    </trkpt>
    <trkpt lat="59.32789069" lon="18.072462331">
      <ele>4.069781806</ele>
    </trkpt>
    <trkpt lat="59.327886987" lon="18.072430131">
      <ele>4.107775644</ele>
    </trkpt>
    <trkpt lat="59.327882583" lon="18.072398265">
      <ele>4.173770502</ele>
    </trkpt>
    <trkpt lat="59.327877498" lon="18.072366785">
      <ele>4.242766374</ele>
    </trkpt>
    <trkpt lat="59.32787173" lon="18.072335779">
      <ele>4.29876329</ele>
    </trkpt>
    <trkpt lat="59.32783633" lon="18.072152702">
      <ele>4.695746823</ele>
    </trkpt>
    <trkpt lat="59.327797483" lon="18.071951799">
      <ele>5.118728765</ele>
    </trkpt>
    <trkpt lat="59.327748158" lon="18.071696712">
      <ele>5.772705856</ele>
    </trkpt>
    <trkpt lat="59.327609433" lon="18.070979305">
      <ele>7.398641545</ele>
    </trkpt>
    <trkpt lat="59.327607478" lon="18.070967518">
      <ele>7.407640071</ele>
    </trkpt>
    <trkpt lat="59.327606223" lon="18.07095538">
      <ele>7.44263757</ele>
    </trkpt>
    <trkpt lat="59.327605676" lon="18.070943048">
      <ele>7.496634087</ele>
    </trkpt>
    <trkpt lat="59.327605848" lon="18.070930664">
      <ele>7.532629655</ele>
    </trkpt>
    <trkpt lat="59.327606729" lon="18.070918386">
      <ele>7.537624341</ele>
    </trkpt>
    <trkpt lat="59.327608319" lon="18.070906407">
      <ele>7.529618211</ele>
    </trkpt>
    <trkpt lat="59.327610583" lon="18.070894831">
      <ele>7.539611347</ele>
    </trkpt>
    <trkpt lat="59.32761351" lon="18.070883854">
      <ele>7.556603826</ele>
    </trkpt>
    <trkpt lat="59.327617057" lon="18.070873579">
      <ele>7.591595741</ele>
    </trkpt>
    <trkpt lat="59.327621169" lon="18.070864164">
      <ele>7.593587218</ele>
    </trkpt>
    <trkpt lat="59.327625801" lon="18.070855717">
      <ele>7.623578348</ele>
    </trkpt>
    <trkpt lat="59.327862362" lon="18.070573482">
      <ele>7.822176081</ele>
    </trkpt>
    <trkpt lat="59.328222359" lon="18.070148991">
      <ele>7.947565405</ele>
    </trkpt>
    <trkpt lat="59.328398214" lon="18.069941686">
      <ele>8.060267022</ele>
    </trkpt>
    <trkpt lat="59.328588638" lon="18.069720101">
      <ele>7.879944836</ele>
    </trkpt>
    <trkpt lat="59.328847915" lon="18.069411494">
      <ele>7.860503689</ele>
    </trkpt>
    <trkpt lat="59.329021909" lon="18.069204394">
      <ele>7.736207574</ele>
    </trkpt>
    <trkpt lat="59.329030626" lon="18.069194155">
      <ele>7.736192783</ele>
    </trkpt>
    <trkpt lat="59.329039684" lon="18.069185128">
      <ele>7.736177964</ele>
    </trkpt>
    <trkpt lat="59.329049047" lon="18.069177367">
      <ele>7.736163181</ele>
    </trkpt>
    <trkpt lat="59.32905867" lon="18.069170922">
      <ele>7.73614851</ele>
    </trkpt>
    <trkpt lat="59.3290685" lon="18.069165831">
      <ele>7.736134033</ele>
    </trkpt>
    <trkpt lat="59.329079056" lon="18.069162004">
      <ele>7.536119045</ele>
    </trkpt>
    <trkpt lat="59.329087314" lon="18.069161268">
      <ele>7.48310809</ele>
    </trkpt>
    <trkpt lat="59.329095581" lon="18.069161938">
      <ele>7.420097603</ele>
    </trkpt>
    <trkpt lat="59.329103785" lon="18.069163996">
      <ele>7.395087671</ele>
    </trkpt>
    <trkpt lat="59.329111864" lon="18.069167441">
      <ele>7.386078376</ele>
    </trkpt>
    <trkpt lat="59.329119762" lon="18.069172256">
      <ele>7.356069781</ele>
    </trkpt>
    <trkpt lat="59.329127418" lon="18.069178389">
      <ele>7.31906195</ele>
    </trkpt>
    <trkpt lat="59.329134769" lon="18.069185786">
      <ele>7.322054946</ele>
    </trkpt>
    <trkpt lat="59.32914177" lon="18.069194413">
      <ele>7.296048815</ele>
    </trkpt>
    <trkpt lat="59.329145216" lon="18.069199332">
      <ele>7.283046026</ele>
    </trkpt>
    <trkpt lat="59.329151184" lon="18.069209189">
      <ele>7.269041654</ele>
    </trkpt>
    <trkpt lat="59.329156658" lon="18.069220081">
      <ele>7.203038274</ele>
    </trkpt>
    <trkpt lat="59.329161594" lon="18.069231905">
      <ele>7.113035911</ele>
    </trkpt>
    <trkpt lat="59.329165955" lon="18.069244554">
      <ele>7.141034574</ele>
    </trkpt>
    <trkpt lat="59.329169706" lon="18.06925794">
      <ele>7.15903428</ele>
    </trkpt>
    <trkpt lat="59.32917281" lon="18.069271959">
      <ele>7.168035039</ele>
    </trkpt>
    <trkpt lat="59.32917525" lon="18.06928647">
      <ele>7.127036828</ele>
    </trkpt>
    <trkpt lat="59.329183106" lon="18.069353033">
      <ele>6.982049356</ele>
    </trkpt>
    <trkpt lat="59.329194035" lon="18.069445633">
      <ele>6.569066787</ele>
    </trkpt>
    <trkpt lat="59.329217441" lon="18.069644079">
      <ele>6.392104166</ele>
    </trkpt>
    <trkpt lat="59.329242907" lon="18.069859991">
      <ele>6.189644845</ele>
    </trkpt>
    <trkpt lat="59.329267256" lon="18.070066438">
      <ele>5.929183749</ele>
    </trkpt>
    <trkpt lat="59.329294427" lon="18.070296815">
      <ele>5.507227173</ele>
    </trkpt>
    <trkpt lat="59.329321562" lon="18.070526888">
      <ele>5.085270551</ele>
    </trkpt>
    <trkpt lat="59.329337098" lon="18.070658621">
      <ele>4.817295393</ele>
    </trkpt>
    <trkpt lat="59.329352136" lon="18.070786122">
      <ele>4.51731944</ele>
    </trkpt>
    <trkpt lat="59.329381856" lon="18.071038125">
      <ele>4.103866979</ele>
    </trkpt>
    <trkpt lat="59.329409933" lon="18.071276199">
      <ele>3.690411902</ele>
    </trkpt>
    <trkpt lat="59.32942829" lon="18.071431862">
      <ele>4.197441281</ele>
    </trkpt>
    <trkpt lat="59.329440947" lon="18.071539187">
      <ele>3.94796154</ele>
    </trkpt>
    <trkpt lat="59.329458849" lon="18.071690991">
      <ele>3.206490199</ele>
    </trkpt>
    <trkpt lat="59.329480692" lon="18.071868002">
      <ele>3.158022371</ele>
    </trkpt>
    <trkpt lat="59.329505329" lon="18.07206767">
      <ele>3.046558669</ele>
    </trkpt>
    <trkpt lat="59.329542797" lon="18.072371321">
      <ele>2.916613886</ele>
    </trkpt>
    <trkpt lat="59.329590586" lon="18.072758627">
      <ele>2.741684345</ele>
    </trkpt>
    <trkpt lat="59.329605385" lon="18.072878563">
      <ele>2.73270617</ele>
    </trkpt>
    <trkpt lat="59.329619183" lon="18.072952529">
      <ele>2.719713591</ele>
    </trkpt>
    <trkpt lat="59.32963353" lon="18.073019784">
      <ele>2.682718012</ele>
    </trkpt>
    <trkpt lat="59.329644154" lon="18.073063901">
      <ele>2.739719344</ele>
    </trkpt>
    <trkpt lat="59.329694474" lon="18.07317509">
      <ele>2.763692268</ele>
    </trkpt>
    <trkpt lat="59.329766203" lon="18.073223629">
      <ele>2.787616121</ele>
    </trkpt>
    <trkpt lat="59.329803762" lon="18.07322449">
      <ele>2.74956786</ele>
    </trkpt>
    <trkpt lat="59.329831967" lon="18.073221095">
      <ele>2.797530237</ele>
    </trkpt>
    <trkpt lat="59.329855675" lon="18.073215555">
      <ele>2.824497694</ele>
    </trkpt>
    <trkpt lat="59.329890947" lon="18.073202009">
      <ele>2.877447467</ele>
    </trkpt>
    <trkpt lat="59.330148771" lon="18.073073187">
      <ele>3.228639564</ele>
    </trkpt>
    <trkpt lat="59.330374538" lon="18.072960463">
      <ele>3.543914557</ele>
    </trkpt>
    <trkpt lat="59.33065703" lon="18.072819312">
      <ele>3.734632992</ele>
    </trkpt>
    <trkpt lat="59.331094236" lon="18.072601191">
      <ele>3.270197361</ele>
    </trkpt>
    <trkpt lat="59.331434771" lon="18.072422734">
      <ele>3.091855147</ele>
    </trkpt>
    <trkpt lat="59.331717842" lon="18.072289692">
      <ele>2.733575922</ele>
    </trkpt>
    <trkpt lat="59.332016002" lon="18.072140832">
      <ele>2.518278847</ele>
    </trkpt>
    <trkpt lat="59.332207181" lon="18.072045398">
      <ele>2.430088375</ele>
    </trkpt>
    <trkpt lat="59.332462966" lon="18.07191771">
      <ele>2.595833544</ele>
    </trkpt>
    <trkpt lat="59.33265661" lon="18.071820945">
      <ele>2.628640597</ele>
    </trkpt>
    <trkpt lat="59.332684188" lon="18.071807904">
      <ele>2.630613371</ele>
    </trkpt>
    <trkpt lat="59.332739533" lon="18.071811931">
      <ele>2.751569044</ele>
    </trkpt>
    <trkpt lat="59.332782971" lon="18.071879174">
      <ele>2.860556132</ele>
    </trkpt>
    <trkpt lat="59.332789352" lon="18.071894269">
      <ele>2.871556016</ele>
    </trkpt>
    <trkpt lat="59.332805531" lon="18.07195329">
      <ele>2.851562806</ele>
    </trkpt>
    <trkpt lat="59.332843213" lon="18.072154296">
      <ele>2.638600313</ele>
    </trkpt>
    <trkpt lat="59.332886251" lon="18.072387508">
      <ele>2.620644389</ele>
    </trkpt>
    <trkpt lat="59.332897975" lon="18.072468173">
      <ele>2.679662245</ele>
    </trkpt>
    <trkpt lat="59.332904719" lon="18.072540297">
      <ele>2.588681299</ele>
    </trkpt>
    <trkpt lat="59.33291854" lon="18.072902329">
      <ele>2.41179348</ele>
    </trkpt>
    <trkpt lat="59.332932361" lon="18.073264361">
      <ele>2.23490566</ele>
    </trkpt>
    <trkpt lat="59.332938272" lon="18.073511369">
      <ele>2.171985103</ele>
    </trkpt>
    <trkpt lat="59.332944717" lon="18.073780583">
      <ele>2.095071686</ele>
    </trkpt>
    <trkpt lat="59.332954543" lon="18.074196865">
      <ele>2.051205683</ele>
    </trkpt>
    <trkpt lat="59.332965867" lon="18.074668766">
      <ele>2.212357428</ele>
    </trkpt>
    <trkpt lat="59.332975457" lon="18.075065634">
      <ele>2.40248499</ele>
    </trkpt>
    <trkpt lat="59.332984321" lon="18.075437788">
      <ele>2.752604712</ele>
    </trkpt>
    <trkpt lat="59.332985527" lon="18.075481518">
      <ele>2.813618644</ele>
    </trkpt>
    <trkpt lat="59.332984956" lon="18.075521311">
      <ele>2.852632701</ele>
    </trkpt>
    <trkpt lat="59.332983658" lon="18.075561034">
      <ele>2.911647334</ele>
    </trkpt>
    <trkpt lat="59.332981219" lon="18.075607713">
      <ele>2.917665285</ele>
    </trkpt>
    <trkpt lat="59.332976993" lon="18.075661594">
      <ele>2.982687172</ele>
    </trkpt>
    <trkpt lat="59.332971548" lon="18.075703686">
      <ele>2.999706042</ele>
    </trkpt>
    <trkpt lat="59.3329287" lon="18.076050332">
      <ele>3.156859792</ele>
    </trkpt>
    <trkpt lat="59.332881626" lon="18.076253207">
      <ele>2.930967958</ele>
    </trkpt>
    <trkpt lat="59.332813333" lon="18.076540216">
      <ele>2.77312239</ele>
    </trkpt>
    <trkpt lat="59.332747635" lon="18.076815754">
      <ele>2.673270765</ele>
    </trkpt>
    <trkpt lat="59.332687246" lon="18.077067834">
      <ele>2.537406749</ele>
    </trkpt>
    <trkpt lat="59.332621625" lon="18.077342153">
      <ele>2.533554656</ele>
    </trkpt>
    <trkpt lat="59.332553594" lon="18.077628566">
      <ele>2.377708691</ele>
    </trkpt>
    <trkpt lat="59.332461954" lon="18.078012649">
      <ele>2.523915601</ele>
    </trkpt>
    <trkpt lat="59.332359304" lon="18.078442806">
      <ele>2.54914736</ele>
    </trkpt>
    <trkpt lat="59.332272425" lon="18.078805148">
      <ele>2.626342933</ele>
    </trkpt>
    <trkpt lat="59.332169397" lon="18.079239217">
      <ele>2.602576366</ele>
    </trkpt>
    <trkpt lat="59.332064779" lon="18.079676822">
      <ele>2.559812337</ele>
    </trkpt>
    <trkpt lat="59.331957437" lon="18.080127759">
      <ele>2.424060233</ele>
    </trkpt>
    <trkpt lat="59.331880305" lon="18.080442488">
      <ele>2.375244104</ele>
    </trkpt>
    <trkpt lat="59.331825313" lon="18.080679976">
      <ele>2.487380199</ele>
    </trkpt>
    <trkpt lat="59.331782907" lon="18.080863113">
      <ele>2.51048515</ele>
    </trkpt>
    <trkpt lat="59.331757699" lon="18.080969364">
      <ele>2.431546542</ele>
    </trkpt>
    <trkpt lat="59.331695956" lon="18.081265905">
      <ele>2.580710762</ele>
    </trkpt>
    <trkpt lat="59.331693173" lon="18.081357029">
      <ele>2.634747833</ele>
    </trkpt>
    <trkpt lat="59.331709299" lon="18.082012794">
      <ele>2.692984697</ele>
    </trkpt>
    <trkpt lat="59.331723346" lon="18.082581453">
      <ele>2.751190042</ele>
    </trkpt>
    <trkpt lat="59.331738056" lon="18.083183663">
      <ele>2.715407639</ele>
    </trkpt>
    <trkpt lat="59.331753158" lon="18.083793261">
      <ele>2.679627726</ele>
    </trkpt>
    <trkpt lat="59.331761924" lon="18.084149323">
      <ele>2.596756322</ele>
    </trkpt>
    <trkpt lat="59.331774178" lon="18.084646655">
      <ele>2.522935928</ele>
    </trkpt>
    <trkpt lat="59.331784578" lon="18.085068651">
      <ele>2.522088325</ele>
    </trkpt>
    <trkpt lat="59.331789849" lon="18.085284158">
      <ele>2.440166184</ele>
    </trkpt>
    <trkpt lat="59.331798047" lon="18.085617097">
      <ele>2.401786423</ele>
    </trkpt>
    <trkpt lat="59.331806156" lon="18.08594723">
      <ele>2.363405665</ele>
    </trkpt>
    <trkpt lat="59.331816044" lon="18.086347966">
      <ele>2.37655037</ele>
    </trkpt>
    <trkpt lat="59.331823741" lon="18.086660563">
      <ele>2.426663261</ele>
    </trkpt>
    <trkpt lat="59.331830659" lon="18.086942431">
      <ele>2.492765072</ele>
    </trkpt>
    <trkpt lat="59.331838303" lon="18.087251973">
      <ele>2.47687684</ele>
    </trkpt>
    <trkpt lat="59.331846081" lon="18.087568604">
      <ele>2.4459912</ele>
    </trkpt>
    <trkpt lat="59.33185467" lon="18.087919173">
      <ele>2.493117836</ele>
    </trkpt>
    <trkpt lat="59.331861133" lon="18.088181692">
      <ele>2.550212639</ele>
    </trkpt>
    <trkpt lat="59.331865029" lon="18.088341217">
      <ele>2.596270274</ele>
    </trkpt>
    <trkpt lat="59.331875135" lon="18.088751798">
      <ele>2.499418547</ele>
    </trkpt>
    <trkpt lat="59.331887129" lon="18.089241712">
      <ele>2.652595522</ele>
    </trkpt>
    <trkpt lat="59.331899548" lon="18.089744068">
      <ele>2.733776889</ele>
    </trkpt>
    <trkpt lat="59.331911919" lon="18.090247966">
      <ele>2.805958881</ele>
    </trkpt>
    <trkpt lat="59.331920974" lon="18.090655895">
      <ele>2.922107007</ele>
    </trkpt>
    <trkpt lat="59.331930196" lon="18.091007429">
      <ele>2.966233479</ele>
    </trkpt>
    <trkpt lat="59.33194981" lon="18.091606755">
      <ele>3.070445868</ele>
    </trkpt>
    <trkpt lat="59.33196677" lon="18.092124953">
      <ele>3.103629505</ele>
    </trkpt>
    <trkpt lat="59.331981264" lon="18.092570523">
      <ele>2.971787476</ele>
    </trkpt>
    <trkpt lat="59.331988534" lon="18.092824745">
      <ele>2.956878435</ele>
    </trkpt>
    <trkpt lat="59.331990271" lon="18.092870354">
      <ele>3.003064794</ele>
    </trkpt>
    <trkpt lat="59.331992573" lon="18.092886941">
      <ele>3.025700814</ele>
    </trkpt>
    <trkpt lat="59.331996519" lon="18.092899595">
      <ele>3.032366369</ele>
    </trkpt>
    <trkpt lat="59.331999999" lon="18.092907979">
      <ele>3.042602282</ele>
    </trkpt>
    <trkpt lat="59.332007499" lon="18.092922393">
      <ele>3.037501962</ele>
    </trkpt>
    <trkpt lat="59.332019463" lon="18.09293126">
      <ele>3.093001225</ele>
    </trkpt>
    <trkpt lat="59.332030684" lon="18.092931553">
      <ele>3.146465633</ele>
    </trkpt>
    <trkpt lat="59.332117937" lon="18.092883757">
      <ele>3.345443155</ele>
    </trkpt>
    <trkpt lat="59.332236641" lon="18.092816863">
      <ele>3.646133714</ele>
    </trkpt>
    <trkpt lat="59.332361909" lon="18.092747076">
      <ele>3.971151531</ele>
    </trkpt>
    <trkpt lat="59.332493658" lon="18.092675644">
      <ele>4.32474075</ele>
    </trkpt>
    <trkpt lat="59.332649003" lon="18.092588875">
      <ele>4.590235746</ele>
    </trkpt>
    <trkpt lat="59.332810072" lon="18.092498908">
      <ele>5.167174973</ele>
    </trkpt>
    <trkpt lat="59.333022406" lon="18.092380305">
      <ele>5.586477038</ele>
    </trkpt>
    <trkpt lat="59.333183344" lon="18.092290409">
      <ele>5.936147582</ele>
    </trkpt>
    <trkpt lat="59.333327622" lon="18.092209818">
      <ele>6.47706719</ele>
    </trkpt>
    <trkpt lat="59.333473632" lon="18.092128259">
      <ele>6.896148847</ele>
    </trkpt>
    <trkpt lat="59.333631755" lon="18.092039933">
      <ele>7.141231987</ele>
    </trkpt>
    <trkpt lat="59.333729845" lon="18.091985141">
      <ele>7.260436181</ele>
    </trkpt>
    <trkpt lat="59.333871342" lon="18.091906101">
      <ele>7.535296101</ele>
    </trkpt>
    <trkpt lat="59.33398376" lon="18.091843304">
      <ele>7.762399421</ele>
    </trkpt>
    <trkpt lat="59.334144788" lon="18.091753352">
      <ele>8.059280075</ele>
    </trkpt>
    <trkpt lat="59.334299305" lon="18.091667037">
      <ele>8.313019761</ele>
    </trkpt>
    <trkpt lat="59.334458378" lon="18.091578176">
      <ele>8.545756832</ele>
    </trkpt>
    <trkpt lat="59.334603347" lon="18.091497193">
      <ele>8.863295564</ele>
    </trkpt>
    <trkpt lat="59.334754391" lon="18.091412815">
      <ele>9.152752645</ele>
    </trkpt>
    <trkpt lat="59.334897406" lon="18.091332922">
      <ele>9.448396157</ele>
    </trkpt>
    <trkpt lat="59.335055013" lon="18.091244877">
      <ele>9.604444771</ele>
    </trkpt>
    <trkpt lat="59.335203674" lon="18.091161829">
      <ele>9.930714709</ele>
    </trkpt>
    <trkpt lat="59.335356225" lon="18.091076606">
      <ele>10.223714998</ele>
    </trkpt>
    <trkpt lat="59.335494145" lon="18.090999557">
      <ele>10.670385532</ele>
    </trkpt>
    <trkpt lat="59.335607758" lon="18.090936086">
      <ele>10.793755787</ele>
    </trkpt>
    <trkpt lat="59.33572012" lon="18.090873313">
      <ele>11.089252647</ele>
    </trkpt>
    <trkpt lat="59.335840122" lon="18.090806272">
      <ele>11.399366252</ele>
    </trkpt>
    <trkpt lat="59.33594318" lon="18.090748697">
      <ele>11.727398609</ele>
    </trkpt>
    <trkpt lat="59.336041098" lon="18.090693992">
      <ele>11.786653304</ele>
    </trkpt>
    <trkpt lat="59.336123044" lon="18.090648211">
      <ele>12.031532269</ele>
    </trkpt>
    <trkpt lat="59.33622638" lon="18.09059048">
      <ele>12.25519744</ele>
    </trkpt>
    <trkpt lat="59.336329437" lon="18.090532903">
      <ele>12.497561975</ele>
    </trkpt>
    <trkpt lat="59.336432494" lon="18.090475327">
      <ele>12.724159229</ele>
    </trkpt>
    <trkpt lat="59.336526525" lon="18.090422793">
      <ele>12.930571836</ele>
    </trkpt>
    <trkpt lat="59.336619719" lon="18.090370726">
      <ele>13.167147277</ele>
    </trkpt>
    <trkpt lat="59.336714443" lon="18.090317804">
      <ele>13.376793225</ele>
    </trkpt>
    <trkpt lat="59.336800932" lon="18.090269482">
      <ele>13.572034052</ele>
    </trkpt>
    <trkpt lat="59.336861351" lon="18.090235726">
      <ele>13.733502929</ele>
    </trkpt>
    <trkpt lat="59.336935333" lon="18.090194392">
      <ele>13.879796868</ele>
    </trkpt>
    <trkpt lat="59.336997907" lon="18.090159431">
      <ele>13.981723488</ele>
    </trkpt>
    <trkpt lat="59.337030817" lon="18.090141255">
      <ele>14.168271725</ele>
    </trkpt>
    <trkpt lat="59.337031589" lon="18.090141303">
      <ele>14.168271104</ele>
    </trkpt>
    <trkpt lat="59.337032345" lon="18.090141612">
      <ele>14.168270595</ele>
    </trkpt>
    <trkpt lat="59.337033062" lon="18.090142173">
      <ele>14.168270214</ele>
    </trkpt>
    <trkpt lat="59.337033718" lon="18.09014297">
      <ele>14.168269974</ele>
    </trkpt>
    <trkpt lat="59.337034294" lon="18.090143977">
      <ele>14.16826988</ele>
    </trkpt>
    <trkpt lat="59.337034771" lon="18.090145165">
      <ele>14.168269937</ele>
    </trkpt>
    <trkpt lat="59.337130804" lon="18.090391806">
      <ele>14.451960514</ele>
    </trkpt>
    <trkpt lat="59.337188808" lon="18.090540779">
      <ele>14.482827675</ele>
    </trkpt>
    <trkpt lat="59.337236121" lon="18.090662293">
      <ele>14.507272965</ele>
    </trkpt>
    <trkpt lat="59.337252367" lon="18.090705042">
      <ele>14.515633071</ele>
    </trkpt>
    <trkpt lat="59.337266461" lon="18.090739197">
      <ele>14.522472419</ele>
    </trkpt>
    <trkpt lat="59.337277836" lon="18.090766884">
      <ele>14.528009358</ele>
    </trkpt>
    <trkpt lat="59.337295206" lon="18.090802536">
      <ele>14.53553027</ele>
    </trkpt>
    <trkpt lat="59.337311778" lon="18.090833337">
      <ele>14.542252751</ele>
    </trkpt>
    <trkpt lat="59.337324995" lon="18.0908573">
      <ele>14.547529243</ele>
    </trkpt>
    <trkpt lat="59.337341308" lon="18.090884517">
      <ele>14.553709119</ele>
    </trkpt>
    <trkpt lat="59.337356725" lon="18.090906374">
      <ele>14.559004582</ele>
    </trkpt>
    <trkpt lat="59.337373056" lon="18.090929866">
      <ele>14.564662018</ele>
    </trkpt>
    <trkpt lat="59.337391777" lon="18.090951708">
      <ele>14.570429934</ele>
    </trkpt>
    <trkpt lat="59.337433186" lon="18.090991216">
      <ele>14.598795802</ele>
    </trkpt>
    <trkpt lat="59.337471394" lon="18.091017261">
      <ele>14.530212447</ele>
    </trkpt>
    <trkpt lat="59.33753347" lon="18.09105324">
      <ele>14.50761089</ele>
    </trkpt>
    <trkpt lat="59.337607995" lon="18.091095014">
      <ele>14.327743871</ele>
    </trkpt>
    <trkpt lat="59.337683166" lon="18.091137843">
      <ele>14.118911514</ele>
    </trkpt>
    <trkpt lat="59.337765428" lon="18.091177428">
      <ele>13.874612407</ele>
    </trkpt>
    <trkpt lat="59.337782223" lon="18.091182305">
      <ele>13.901521711</ele>
    </trkpt>
    <trkpt lat="59.337800112" lon="18.091184893">
      <ele>13.913853824</ele>
    </trkpt>
    <trkpt lat="59.33782903" lon="18.091184321">
      <ele>13.942925772</ele>
    </trkpt>
    <trkpt lat="59.337852281" lon="18.091178217">
      <ele>13.756777621</ele>
    </trkpt>
    <trkpt lat="59.337874288" lon="18.091168317">
      <ele>13.786050523</ele>
    </trkpt>
    <trkpt lat="59.337893835" lon="18.091156584">
      <ele>13.746758361</ele>
    </trkpt>
    <trkpt lat="59.337911839" lon="18.09114397">
      <ele>13.733655913</ele>
    </trkpt>
    <trkpt lat="59.33793141" lon="18.091124126">
      <ele>13.692297897</ele>
    </trkpt>
    <trkpt lat="59.337951156" lon="18.091100042">
      <ele>13.734745617</ele>
    </trkpt>
    <trkpt lat="59.337970477" lon="18.091069699">
      <ele>13.742154403</ele>
    </trkpt>
    <trkpt lat="59.338071365" lon="18.09088771">
      <ele>13.823097868</ele>
    </trkpt>
    <trkpt lat="59.338096714" lon="18.09082633">
      <ele>13.873733518</ele>
    </trkpt>
    <trkpt lat="59.338121425" lon="18.090760242">
      <ele>13.937879351</ele>
    </trkpt>
    <trkpt lat="59.338156615" lon="18.090650517">
      <ele>14.035897453</ele>
    </trkpt>
    <trkpt lat="59.338186786" lon="18.090535203">
      <ele>14.129006783</ele>
    </trkpt>
    <trkpt lat="59.338211707" lon="18.09041518">
      <ele>14.216498722</ele>
    </trkpt>
    <trkpt lat="59.33823119" lon="18.090291361">
      <ele>14.297707402</ele>
    </trkpt>
    <trkpt lat="59.338245086" lon="18.090164687">
      <ele>14.372014776</ele>
    </trkpt>
    <trkpt lat="59.338249877" lon="18.090092805">
      <ele>14.388647451</ele>
    </trkpt>
    <trkpt lat="59.33825196" lon="18.09000172">
      <ele>14.496611067</ele>
    </trkpt>
    <trkpt lat="59.338250006" lon="18.089916794">
      <ele>14.506580372</ele>
    </trkpt>
    <trkpt lat="59.338246596" lon="18.089762336">
      <ele>14.630524426</ele>
    </trkpt>
    <trkpt lat="59.338244239" lon="18.089713828">
      <ele>14.667197395</ele>
    </trkpt>
    <trkpt lat="59.338239304" lon="18.089666067">
      <ele>14.700922272</ele>
    </trkpt>
    <trkpt lat="59.338231846" lon="18.089619576">
      <ele>14.731329557</ele>
    </trkpt>
    <trkpt lat="59.3382267" lon="18.089594202">
      <ele>14.744751501</ele>
    </trkpt>
    <trkpt lat="59.338215179" lon="18.089548068">
      <ele>14.772239201</ele>
    </trkpt>
    <trkpt lat="59.338202576" lon="18.089503767">
      <ele>14.806001267</ele>
    </trkpt>
    <trkpt lat="59.338166946" lon="18.08937853">
      <ele>14.94090684</ele>
    </trkpt>
    <trkpt lat="59.338099282" lon="18.089140695">
      <ele>15.239725948</ele>
    </trkpt>
    <trkpt lat="59.338075436" lon="18.089056879">
      <ele>15.241865011</ele>
    </trkpt>
    <trkpt lat="59.338072693" lon="18.089040886">
      <ele>15.218256398</ele>
    </trkpt>
    <trkpt lat="59.338071074" lon="18.089026455">
      <ele>15.214524208</ele>
    </trkpt>
    <trkpt lat="59.338070631" lon="18.089009809">
      <ele>15.22206901</ele>
    </trkpt>
    <trkpt lat="59.338071667" lon="18.088993267">
      <ele>15.241849752</ele>
    </trkpt>
    <trkpt lat="59.338074151" lon="18.088977331">
      <ele>15.273265405</ele>
    </trkpt>
    <trkpt lat="59.338134891" lon="18.088673268">
      <ele>15.358168579</ele>
    </trkpt>
    <trkpt lat="59.338205185" lon="18.088321363">
      <ele>15.40374029</ele>
    </trkpt>
    <trkpt lat="59.33827556" lon="18.087969054">
      <ele>15.449311789</ele>
    </trkpt>
    <trkpt lat="59.338335409" lon="18.087669431">
      <ele>15.41090261</ele>
    </trkpt>
    <trkpt lat="59.338431266" lon="18.087189536">
      <ele>15.344581875</ele>
    </trkpt>
    <trkpt lat="59.33852699" lon="18.086710291">
      <ele>15.278261512</ele>
    </trkpt>
    <trkpt lat="59.338579717" lon="18.086446308">
      <ele>15.356035472</ele>
    </trkpt>
    <trkpt lat="59.338642291" lon="18.086141109">
      <ele>15.291190715</ele>
    </trkpt>
    <trkpt lat="59.338703008" lon="18.085845621">
      <ele>15.231626397</ele>
    </trkpt>
    <trkpt lat="59.338862914" lon="18.085032106">
      <ele>15.16205123</ele>
    </trkpt>
    <trkpt lat="59.338876366" lon="18.084962954">
      <ele>15.137710788</ele>
    </trkpt>
    <trkpt lat="59.338959013" lon="18.084582041">
      <ele>14.95708296</ele>
    </trkpt>
    <trkpt lat="59.338996089" lon="18.08440209">
      <ele>14.94900013</ele>
    </trkpt>
    <trkpt lat="59.339103616" lon="18.083880183">
      <ele>14.740748206</ele>
    </trkpt>
    <trkpt lat="59.339163553" lon="18.083589258">
      <ele>14.611456552</ele>
    </trkpt>
    <trkpt lat="59.33931754" lon="18.082841817">
      <ele>14.49332662</ele>
    </trkpt>
    <trkpt lat="59.339393137" lon="18.082474861">
      <ele>14.512802801</ele>
    </trkpt>
    <trkpt lat="59.339486728" lon="18.082020553">
      <ele>14.369052582</ele>
    </trkpt>
    <trkpt lat="59.33961149" lon="18.081414921">
      <ele>14.220219043</ele>
    </trkpt>
    <trkpt lat="59.339681818" lon="18.081071406">
      <ele>14.214030231</ele>
    </trkpt>
    <trkpt lat="59.339733063" lon="18.080822715">
      <ele>14.21239327</ele>
    </trkpt>
    <trkpt lat="59.339888648" lon="18.08008031">
      <ele>14.418982278</ele>
    </trkpt>
    <trkpt lat="59.340021014" lon="18.079449298">
      <ele>14.579156281</ele>
    </trkpt>
    <trkpt lat="59.340098174" lon="18.079081451">
      <ele>14.670972226</ele>
    </trkpt>
    <trkpt lat="59.340191902" lon="18.078634611">
      <ele>14.949748205</ele>
    </trkpt>
    <trkpt lat="59.340273288" lon="18.078246602">
      <ele>15.160553283</ele>
    </trkpt>
    <trkpt lat="59.340350145" lon="18.07788018">
      <ele>15.340368869</ele>
    </trkpt>
    <trkpt lat="59.3403697" lon="18.077786948">
      <ele>15.352321894</ele>
    </trkpt>
    <trkpt lat="59.340484226" lon="18.077240922">
      <ele>15.611546357</ele>
    </trkpt>
    <trkpt lat="59.34059899" lon="18.076693747">
      <ele>15.770769511</ele>
    </trkpt>
    <trkpt lat="59.340602008" lon="18.076682327">
      <ele>15.790763242</ele>
    </trkpt>
    <trkpt lat="59.340604873" lon="18.076672013">
      <ele>15.829757471</ele>
    </trkpt>
    <trkpt lat="59.340608159" lon="18.076661876">
      <ele>15.878751433</ele>
    </trkpt>
    <trkpt lat="59.34061203" lon="18.076652564">
      <ele>15.921745225</ele>
    </trkpt>
    <trkpt lat="59.34061642" lon="18.076644185">
      <ele>15.938738933</ele>
    </trkpt>
    <trkpt lat="59.340621286" lon="18.076636877">
      <ele>15.94873264</ele>
    </trkpt>
    <trkpt lat="59.340626557" lon="18.07663073">
      <ele>15.960726432</ele>
    </trkpt>
    <trkpt lat="59.340632159" lon="18.07662583">
      <ele>15.974720394</ele>
    </trkpt>
    <trkpt lat="59.340638003" lon="18.076622231">
      <ele>15.962714616</ele>
    </trkpt>
    <trkpt lat="59.340644035" lon="18.076620003">
      <ele>15.959709162</ele>
    </trkpt>
    <trkpt lat="59.340650149" lon="18.076619181">
      <ele>15.93970413</ele>
    </trkpt>
    <trkpt lat="59.34065628" lon="18.076619747">
      <ele>15.950699561</ele>
    </trkpt>
    <trkpt lat="59.34066233" lon="18.076621719">
      <ele>15.963695539</ele>
    </trkpt>
    <trkpt lat="59.340821648" lon="18.076731806">
      <ele>16.18860974</ele>
    </trkpt>
    <trkpt lat="59.340974063" lon="18.076837145">
      <ele>16.428527857</ele>
    </trkpt>
    <trkpt lat="59.341111289" lon="18.076932042">
      <ele>16.624454314</ele>
    </trkpt>
    <trkpt lat="59.341281092" lon="18.077068197">
      <ele>16.915370036</ele>
    </trkpt>
    <trkpt lat="59.341445263" lon="18.077199838">
      <ele>17.206288809</ele>
    </trkpt>
    <trkpt lat="59.341617672" lon="18.07733824">
      <ele>17.480703833</ele>
    </trkpt>
    <trkpt lat="59.341790322" lon="18.077476836">
      <ele>17.755119017</ele>
    </trkpt>
    <trkpt lat="59.34198607" lon="18.077637237">
      <ele>18.227024338</ele>
    </trkpt>
    <trkpt lat="59.342190791" lon="18.077800723">
      <ele>18.721924205</ele>
    </trkpt>
    <trkpt lat="59.342386274" lon="18.077956834">
      <ele>19.216828955</ele>
    </trkpt>
    <trkpt lat="59.342647774" lon="18.078166636">
      <ele>19.80020244</ele>
    </trkpt>
    <trkpt lat="59.342905026" lon="18.078373034">
      <ele>20.383578605</ele>
    </trkpt>
    <trkpt lat="59.343052677" lon="18.078507451">
      <ele>20.702433522</ele>
    </trkpt>
    <trkpt lat="59.343158106" lon="18.078603432">
      <ele>20.973077191</ele>
    </trkpt>
    <trkpt lat="59.343219095" lon="18.078658955">
      <ele>21.122820444</ele>
    </trkpt>
    <trkpt lat="59.343287287" lon="18.078721037">
      <ele>21.306860584</ele>
    </trkpt>
    <trkpt lat="59.343369629" lon="18.078796">
      <ele>21.457424595</ele>
    </trkpt>
    <trkpt lat="59.343374304" lon="18.078804543">
      <ele>21.560564708</ele>
    </trkpt>
    <trkpt lat="59.343378459" lon="18.078814088">
      <ele>21.561021768</ele>
    </trkpt>
    <trkpt lat="59.343382039" lon="18.078824459">
      <ele>21.56145591</ele>
    </trkpt>
    <trkpt lat="59.343385009" lon="18.078835567">
      <ele>21.561863085</ele>
    </trkpt>
    <trkpt lat="59.343387314" lon="18.078847237">
      <ele>21.562236394</ele>
    </trkpt>
    <trkpt lat="59.343388946" lon="18.078859364">
      <ele>21.562573255</ele>
    </trkpt>
    <trkpt lat="59.343389877" lon="18.078871755">
      <ele>21.562868237</ele>
    </trkpt>
    <trkpt lat="59.343390091" lon="18.078884285">
      <ele>21.563117833</ele>
    </trkpt>
    <trkpt lat="59.343389586" lon="18.078896762">
      <ele>21.563318419</ele>
    </trkpt>
    <trkpt lat="59.343388373" lon="18.078909063">
      <ele>21.563468272</ele>
    </trkpt>
    <trkpt lat="59.343386459" lon="18.07892103">
      <ele>21.563565037</ele>
    </trkpt>
    <trkpt lat="59.343384566" lon="18.078929705">
      <ele>21.564571853</ele>
    </trkpt>
    <trkpt lat="59.343290369" lon="18.079317987">
      <ele>21.562741578</ele>
    </trkpt>
    <trkpt lat="59.343187115" lon="18.079743594">
      <ele>21.525014665</ele>
    </trkpt>
    <trkpt lat="59.343088835" lon="18.08014869">
      <ele>21.454473855</ele>
    </trkpt>
    <trkpt lat="59.34296798" lon="18.080646831">
      <ele>21.269208975</ele>
    </trkpt>
    <trkpt lat="59.342877959" lon="18.08101787">
      <ele>21.097928293</ele>
    </trkpt>
    <trkpt lat="59.342800154" lon="18.081338554">
      <ele>21.102494165</ele>
    </trkpt>
    <trkpt lat="59.342700554" lon="18.081741861">
      <ele>20.825005551</ele>
    </trkpt>
    <trkpt lat="59.342639379" lon="18.081984139">
      <ele>20.587102287</ele>
    </trkpt>
    <trkpt lat="59.342529895" lon="18.082438136">
      <ele>20.098332868</ele>
    </trkpt>
    <trkpt lat="59.34240754" lon="18.082945488">
      <ele>19.745612743</ele>
    </trkpt>
    <trkpt lat="59.342341614" lon="18.083218852">
      <ele>19.538763859</ele>
    </trkpt>
    <trkpt lat="59.342256266" lon="18.083572745">
      <ele>19.164959823</ele>
    </trkpt>
    <trkpt lat="59.342178746" lon="18.083894171">
      <ele>18.792138132</ele>
    </trkpt>
    <trkpt lat="59.342097647" lon="18.084230433">
      <ele>18.487325001</ele>
    </trkpt>
    <trkpt lat="59.341989814" lon="18.084677533">
      <ele>18.146015171</ele>
    </trkpt>
    <trkpt lat="59.341883112" lon="18.085119938">
      <ele>17.699820943</ele>
    </trkpt>
    <trkpt lat="59.341778733" lon="18.085552703">
      <ele>17.304063083</ele>
    </trkpt>
    <trkpt lat="59.341714988" lon="18.085816989">
      <ele>17.225211231</ele>
    </trkpt>
    <trkpt lat="59.341641853" lon="18.086120206">
      <ele>17.072381459</ele>
    </trkpt>
    <trkpt lat="59.341563944" lon="18.086443206">
      <ele>16.907563092</ele>
    </trkpt>
    <trkpt lat="59.341482197" lon="18.086782119">
      <ele>16.699897439</ele>
    </trkpt>
    <trkpt lat="59.341425638" lon="18.087016599">
      <ele>16.600886297</ele>
    </trkpt>
    <trkpt lat="59.341405831" lon="18.087098711">
      <ele>16.523932662</ele>
    </trkpt>
    <trkpt lat="59.34136111" lon="18.087284113">
      <ele>16.425037422</ele>
    </trkpt>
    <trkpt lat="59.341302226" lon="18.087528229">
      <ele>16.331175516</ele>
    </trkpt>
    <trkpt lat="59.341256081" lon="18.087719527">
      <ele>16.257283854</ele>
    </trkpt>
    <trkpt lat="59.341237192" lon="18.087797834">
      <ele>16.159679636</ele>
    </trkpt>
    <trkpt lat="59.341174062" lon="18.088059544">
      <ele>15.986721274</ele>
    </trkpt>
    <trkpt lat="59.341149017" lon="18.088163372">
      <ele>16.02811203</ele>
    </trkpt>
    <trkpt lat="59.341089983" lon="18.088408099">
      <ele>15.810800768</ele>
    </trkpt>
    <trkpt lat="59.341010863" lon="18.088736084">
      <ele>15.535672576</ele>
    </trkpt>
    <trkpt lat="59.340940576" lon="18.089027452">
      <ele>15.362936578</ele>
    </trkpt>
    <trkpt lat="59.340856483" lon="18.089376048">
      <ele>15.120886214</ele>
    </trkpt>
    <trkpt lat="59.340802251" lon="18.089600857">
      <ele>14.920788633</ele>
    </trkpt>
    <trkpt lat="59.340740705" lon="18.089855977">
      <ele>14.620820766</ele>
    </trkpt>
    <trkpt lat="59.340683692" lon="18.090092308">
      <ele>14.403109134</ele>
    </trkpt>
    <trkpt lat="59.340601722" lon="18.090432084">
      <ele>14.325831808</ele>
    </trkpt>
    <trkpt lat="59.340590041" lon="18.090480505">
      <ele>14.284870704</ele>
    </trkpt>
    <trkpt lat="59.340507911" lon="18.09082094">
      <ele>13.891055511</ele>
    </trkpt>
    <trkpt lat="59.340440256" lon="18.091101367">
      <ele>13.628217116</ele>
    </trkpt>
    <trkpt lat="59.340368627" lon="18.091398266">
      <ele>13.347388468</ele>
    </trkpt>
    <trkpt lat="59.340302961" lon="18.091670446">
      <ele>13.089545786</ele>
    </trkpt>
    <trkpt lat="59.340235204" lon="18.09195129">
      <ele>12.843708342</ele>
    </trkpt>
    <trkpt lat="59.340184996" lon="18.092159391">
      <ele>12.570828946</ele>
    </trkpt>
    <trkpt lat="59.340101345" lon="18.092506102">
      <ele>12.217030167</ele>
    </trkpt>
    <trkpt lat="59.340002902" lon="18.092914117">
      <ele>12.059267425</ele>
    </trkpt>
    <trkpt lat="59.339944186" lon="18.09315747">
      <ele>11.918408661</ele>
    </trkpt>
    <trkpt lat="59.339893371" lon="18.093368077">
      <ele>11.752530877</ele>
    </trkpt>
    <trkpt lat="59.339842376" lon="18.093579426">
      <ele>11.617653527</ele>
    </trkpt>
    <trkpt lat="59.339792262" lon="18.093789249">
      <ele>11.382774871</ele>
    </trkpt>
    <trkpt lat="59.339702728" lon="18.094174358">
      <ele>11.033995565</ele>
    </trkpt>
    <trkpt lat="59.339624273" lon="18.094511972">
      <ele>10.927101359</ele>
    </trkpt>
    <trkpt lat="59.339575329" lon="18.094722593">
      <ele>10.86130971</ele>
    </trkpt>
    <trkpt lat="59.339519333" lon="18.094963183">
      <ele>10.784447651</ele>
    </trkpt>
    <trkpt lat="59.339453226" lon="18.095247436">
      <ele>10.696610588</ele>
    </trkpt>
    <trkpt lat="59.339394853" lon="18.095497698">
      <ele>10.563754189</ele>
    </trkpt>
    <trkpt lat="59.339340693" lon="18.095731603">
      <ele>10.351888078</ele>
    </trkpt>
    <trkpt lat="59.339299235" lon="18.095910207">
      <ele>10.365490401</ele>
    </trkpt>
    <trkpt lat="59.339217097" lon="18.096263523">
      <ele>10.232192926</ele>
    </trkpt>
    <trkpt lat="59.339121545" lon="18.096674716">
      <ele>9.908892906</ele>
    </trkpt>
    <trkpt lat="59.339041186" lon="18.097020704">
      <ele>9.829897205</ele>
    </trkpt>
    <trkpt lat="59.338969888" lon="18.097327399">
      <ele>9.766891524</ele>
    </trkpt>
    <trkpt lat="59.338912614" lon="18.097573737">
      <ele>9.671717148</ele>
    </trkpt>
    <trkpt lat="59.338864878" lon="18.097778994">
      <ele>9.659381344</ele>
    </trkpt>
    <trkpt lat="59.338794027" lon="18.098083381">
      <ele>9.706692438</ele>
    </trkpt>
    <trkpt lat="59.338739189" lon="18.098319664">
      <ele>9.712772039</ele>
    </trkpt>
    <trkpt lat="59.338687397" lon="18.098541823">
      <ele>9.685984343</ele>
    </trkpt>
    <trkpt lat="59.338622458" lon="18.098820765">
      <ele>9.673750966</ele>
    </trkpt>
    <trkpt lat="59.338571583" lon="18.099039295">
      <ele>9.562125137</ele>
    </trkpt>
    <trkpt lat="59.338503396" lon="18.099334446">
      <ele>9.624140933</ele>
    </trkpt>
    <trkpt lat="59.338474325" lon="18.099458253">
      <ele>9.498846472</ele>
    </trkpt>
    <trkpt lat="59.338447469" lon="18.09957403">
      <ele>9.474091217</ele>
    </trkpt>
    <trkpt lat="59.338408955" lon="18.099739758">
      <ele>9.409824047</ele>
    </trkpt>
    <trkpt lat="59.338351569" lon="18.099986824">
      <ele>9.393327695</ele>
    </trkpt>
    <trkpt lat="59.33827086" lon="18.10033365">
      <ele>9.304518534</ele>
    </trkpt>
    <trkpt lat="59.338189751" lon="18.100681974">
      <ele>9.215710424</ele>
    </trkpt>
    <trkpt lat="59.338122929" lon="18.100969544">
      <ele>9.13515921</ele>
    </trkpt>
    <trkpt lat="59.338093941" lon="18.101094411">
      <ele>9.102660898</ele>
    </trkpt>
    <trkpt lat="59.338003787" lon="18.101482135">
      <ele>9.141152888</ele>
    </trkpt>
    <trkpt lat="59.337971037" lon="18.101623269">
      <ele>9.16123117</ele>
    </trkpt>
    <trkpt lat="59.337952327" lon="18.101703655">
      <ele>9.173275843</ele>
    </trkpt>
    <trkpt lat="59.337928509" lon="18.101806053">
      <ele>9.187332776</ele>
    </trkpt>
    <trkpt lat="59.337899125" lon="18.101932004">
      <ele>9.20540294</ele>
    </trkpt>
    <trkpt lat="59.337871616" lon="18.102050603">
      <ele>9.222468935</ele>
    </trkpt>
    <trkpt lat="59.337841565" lon="18.102179856">
      <ele>9.241540986</ele>
    </trkpt>
    <trkpt lat="59.337814321" lon="18.102296964">
      <ele>9.240606343</ele>
    </trkpt>
    <trkpt lat="59.337796646" lon="18.102372143">
      <ele>9.227648489</ele>
    </trkpt>
    <trkpt lat="59.337786981" lon="18.102414018">
      <ele>9.219671821</ele>
    </trkpt>
    <trkpt lat="59.337782881" lon="18.102432445">
      <ele>9.21668196</ele>
    </trkpt>
    <trkpt lat="59.337778126" lon="18.102450273">
      <ele>9.212692443</ele>
    </trkpt>
    <trkpt lat="59.337776131" lon="18.102456947">
      <ele>9.211696551</ele>
    </trkpt>
    <trkpt lat="59.337773651" lon="18.102465132">
      <ele>9.210701618</ele>
    </trkpt>
    <trkpt lat="59.337770533" lon="18.102472965">
      <ele>9.208681462</ele>
    </trkpt>
    <trkpt lat="59.337765251" lon="18.102485293">
      <ele>9.205690415</ele>
    </trkpt>
    <trkpt lat="59.337757517" lon="18.102500903">
      <ele>9.202728285</ele>
    </trkpt>
    <trkpt lat="59.337755577" lon="18.102503255">
      <ele>9.202730789</ele>
    </trkpt>
    <trkpt lat="59.337753359" lon="18.102504324">
      <ele>9.201733067</ele>
    </trkpt>
    <trkpt lat="59.337710121" lon="18.102519129">
      <ele>9.201775307</ele>
    </trkpt>
    <trkpt lat="59.337696853" lon="18.102520992">
      <ele>9.201787302</ele>
    </trkpt>
    <trkpt lat="59.337685713" lon="18.102519969">
      <ele>9.192796439</ele>
    </trkpt>
    <trkpt lat="59.337668695" lon="18.102516757">
      <ele>9.192809801</ele>
    </trkpt>
    <trkpt lat="59.337652182" lon="18.102512209">
      <ele>9.191199272</ele>
    </trkpt>
    <trkpt lat="59.337634819" lon="18.102504992">
      <ele>9.19083445</ele>
    </trkpt>
    <trkpt lat="59.337622973" lon="18.102496665">
      <ele>9.190839164</ele>
    </trkpt>
    <trkpt lat="59.337593196" lon="18.102470884">
      <ele>9.1905705</ele>
    </trkpt>
    <trkpt lat="59.337539197" lon="18.102425795">
      <ele>9.190181549</ele>
    </trkpt>
    <trkpt lat="59.337419542" lon="18.102327099">
      <ele>9.217471195</ele>
    </trkpt>
    <trkpt lat="59.337331174" lon="18.102255672">
      <ele>9.415166199</ele>
    </trkpt>
    <trkpt lat="59.337173575" lon="18.102128371">
      <ele>9.687448395</ele>
    </trkpt>
    <trkpt lat="59.337006323" lon="18.101993154">
      <ele>10.003871505</ele>
    </trkpt>
    <trkpt lat="59.336872574" lon="18.101885051">
      <ele>10.128068015</ele>
    </trkpt>
    <trkpt lat="59.336739907" lon="18.101777911">
      <ele>10.267141701</ele>
    </trkpt>
    <trkpt lat="59.336579449" lon="18.101648167">
      <ele>10.680238927</ele>
    </trkpt>
    <trkpt lat="59.336478558" lon="18.10156673">
      <ele>10.94251738</ele>
    </trkpt>
    <trkpt lat="59.336323558" lon="18.101441671">
      <ele>11.666084434</ele>
    </trkpt>
    <trkpt lat="59.336190492" lon="18.101334383">
      <ele>12.173279523</ele>
    </trkpt>
    <trkpt lat="59.336086148" lon="18.101250535">
      <ele>12.653877896</ele>
    </trkpt>
    <trkpt lat="59.3359693" lon="18.101155931">
      <ele>13.077458367</ele>
    </trkpt>
    <trkpt lat="59.335809592" lon="18.101027505">
      <ele>13.816267232</ele>
    </trkpt>
    <trkpt lat="59.335734482" lon="18.100967103">
      <ele>14.089297388</ele>
    </trkpt>
    <trkpt lat="59.335648396" lon="18.100897515">
      <ele>14.443120174</ele>
    </trkpt>
    <trkpt lat="59.335486965" lon="18.100767411">
      <ele>14.560133017</ele>
    </trkpt>
    <trkpt lat="59.335445333" lon="18.100733065">
      <ele>14.534170123</ele>
    </trkpt>
    <trkpt lat="59.33531986" lon="18.100632211">
      <ele>14.719743703</ele>
    </trkpt>
    <trkpt lat="59.335295603" lon="18.100612599">
      <ele>14.722337364</ele>
    </trkpt>
    <trkpt lat="59.335247201" lon="18.100579857">
      <ele>14.880225356</ele>
    </trkpt>
    <trkpt lat="59.335189131" lon="18.100547824">
      <ele>14.939014368</ele>
    </trkpt>
    <trkpt lat="59.335158866" lon="18.100532289">
      <ele>14.945436073</ele>
    </trkpt>
    <trkpt lat="59.3350815" lon="18.100489463">
      <ele>15.042335584</ele>
    </trkpt>
    <trkpt lat="59.335030376" lon="18.100460655">
      <ele>15.126365146</ele>
    </trkpt>
    <trkpt lat="59.334953283" lon="18.100417273">
      <ele>15.205648993</ele>
    </trkpt>
    <trkpt lat="59.33484924" lon="18.100359504">
      <ele>15.380783213</ele>
    </trkpt>
    <trkpt lat="59.334775686" lon="18.100318243">
      <ele>15.370154311</ele>
    </trkpt>
    <trkpt lat="59.334658495" lon="18.100253006">
      <ele>15.310071237</ele>
    </trkpt>
    <trkpt lat="59.334538035" lon="18.100188782">
      <ele>15.198259178</ele>
    </trkpt>
    <trkpt lat="59.334475425" lon="18.100153694">
      <ele>15.097707857</ele>
    </trkpt>
    <trkpt lat="59.334377044" lon="18.100097459">
      <ele>14.932290828</ele>
    </trkpt>
    <trkpt lat="59.33427879" lon="18.100041784">
      <ele>14.763507707</ele>
    </trkpt>
    <trkpt lat="59.334166159" lon="18.099978826">
      <ele>14.580704037</ele>
    </trkpt>
    <trkpt lat="59.334046364" lon="18.099912431">
      <ele>14.39256317</ele>
    </trkpt>
    <trkpt lat="59.333896153" lon="18.099827903">
      <ele>14.148462847</ele>
    </trkpt>
    <trkpt lat="59.33369848" lon="18.099717135">
      <ele>12.634109837</ele>
    </trkpt>
    <trkpt lat="59.333503784" lon="18.099603791">
      <ele>10.963737777</ele>
    </trkpt>
    <trkpt lat="59.333456179" lon="18.099577913">
      <ele>10.618683261</ele>
    </trkpt>
    <trkpt lat="59.333380924" lon="18.099534502">
      <ele>10.075375549</ele>
    </trkpt>
    <trkpt lat="59.333317706" lon="18.09949945">
      <ele>9.78855924</ele>
    </trkpt>
    <trkpt lat="59.333189035" lon="18.099430315">
      <ele>9.232699765</ele>
    </trkpt>
    <trkpt lat="59.333060364" lon="18.099361181">
      <ele>8.676840287</ele>
    </trkpt>
    <trkpt lat="59.333053957" lon="18.099360217">
      <ele>8.645601495</ele>
    </trkpt>
    <trkpt lat="59.333047535" lon="18.099360657">
      <ele>8.618937025</ele>
    </trkpt>
    <trkpt lat="59.333041178" lon="18.099362496">
      <ele>8.585857737</ele>
    </trkpt>
    <trkpt lat="59.333034966" lon="18.09936571">
      <ele>8.521802571</ele>
    </trkpt>
    <trkpt lat="59.333028975" lon="18.09937026">
      <ele>8.414164722</ele>
    </trkpt>
    <trkpt lat="59.333023281" lon="18.099376089">
      <ele>8.389136148</ele>
    </trkpt>
    <trkpt lat="59.333017954" lon="18.099383124">
      <ele>8.376333474</ele>
    </trkpt>
    <trkpt lat="59.333013579" lon="18.099390325">
      <ele>8.35879064</ele>
    </trkpt>
    <trkpt lat="59.333007202" lon="18.099404438">
      <ele>8.338680965</ele>
    </trkpt>
    <trkpt lat="59.333001275" lon="18.099419281">
      <ele>8.373597042</ele>
    </trkpt>
    <trkpt lat="59.332995929" lon="18.099434948">
      <ele>8.317258204</ele>
    </trkpt>
    <trkpt lat="59.332969451" lon="18.099496464">
      <ele>8.266689444</ele>
    </trkpt>
    <trkpt lat="59.332891045" lon="18.099687595">
      <ele>8.110402732</ele>
    </trkpt>
    <trkpt lat="59.332778085" lon="18.099962955">
      <ele>7.798181331</ele>
    </trkpt>
    <trkpt lat="59.332769407" lon="18.099983342">
      <ele>7.731033058</ele>
    </trkpt>
    <trkpt lat="59.332752013" lon="18.099998192">
      <ele>7.685366516</ele>
    </trkpt>
    <trkpt lat="59.33263638" lon="18.100096915">
      <ele>7.407423552</ele>
    </trkpt>
    <trkpt lat="59.332578193" lon="18.100146592">
      <ele>7.366411673</ele>
    </trkpt>
    <trkpt lat="59.332525152" lon="18.100191877">
      <ele>7.252505493</ele>
    </trkpt>
    <trkpt lat="59.332456703" lon="18.100250315">
      <ele>7.023528869</ele>
    </trkpt>
    <trkpt lat="59.33241934" lon="18.100282214">
      <ele>7.014240947</ele>
    </trkpt>
    <trkpt lat="59.332385139" lon="18.100311413">
      <ele>6.983848533</ele>
    </trkpt>
    <trkpt lat="59.332350789" lon="18.100340739">
      <ele>6.933472255</ele>
    </trkpt>
    <trkpt lat="59.332309332" lon="18.100376133">
      <ele>6.893071843</ele>
    </trkpt>
    <trkpt lat="59.332271899" lon="18.10040809">
      <ele>6.798446488</ele>
    </trkpt>
    <trkpt lat="59.33222163" lon="18.100451007">
      <ele>6.651744675</ele>
    </trkpt>
    <trkpt lat="59.332137276" lon="18.100549751">
      <ele>6.376901574</ele>
    </trkpt>
    <trkpt lat="59.332083621" lon="18.100626199">
      <ele>6.05057215</ele>
    </trkpt>
    <trkpt lat="59.332027121" lon="18.100723395">
      <ele>5.640333958</ele>
    </trkpt>
    <trkpt lat="59.332001488" lon="18.100770419">
      <ele>5.462923657</ele>
    </trkpt>
    <trkpt lat="59.331990162" lon="18.10079451">
      <ele>5.307943106</ele>
    </trkpt>
    <trkpt lat="59.331946811" lon="18.100901863">
      <ele>5.061023864</ele>
    </trkpt>
    <trkpt lat="59.331936726" lon="18.100927729">
      <ele>4.955043034</ele>
    </trkpt>
    <trkpt lat="59.331907094" lon="18.101007679">
      <ele>4.679101021</ele>
    </trkpt>
    <trkpt lat="59.331874558" lon="18.101118613">
      <ele>4.26517434</ele>
    </trkpt>
    <trkpt lat="59.331850752" lon="18.101200756">
      <ele>4.119228434</ele>
    </trkpt>
    <trkpt lat="59.331827138" lon="18.101311896">
      <ele>3.748294439</ele>
    </trkpt>
    <trkpt lat="59.331804322" lon="18.101443382">
      <ele>3.39036827</ele>
    </trkpt>
    <trkpt lat="59.33179728" lon="18.101527867">
      <ele>3.230409307</ele>
    </trkpt>
    <trkpt lat="59.331788268" lon="18.101635983">
      <ele>3.086461838</ele>
    </trkpt>
    <trkpt lat="59.331783416" lon="18.101720668">
      <ele>3.03650113</ele>
    </trkpt>
    <trkpt lat="59.331780812" lon="18.101777554">
      <ele>3.021526973</ele>
    </trkpt>
    <trkpt lat="59.331776522" lon="18.101909466">
      <ele>2.931585429</ele>
    </trkpt>
    <trkpt lat="59.331774023" lon="18.101993154">
      <ele>2.897622331</ele>
    </trkpt>
    <trkpt lat="59.331774775" lon="18.102090303">
      <ele>2.826662071</ele>
    </trkpt>
    <trkpt lat="59.331776081" lon="18.102161448">
      <ele>2.95569053</ele>
    </trkpt>
    <trkpt lat="59.331777425" lon="18.102219722">
      <ele>2.946713606</ele>
    </trkpt>
    <trkpt lat="59.331780185" lon="18.102315059">
      <ele>2.950750879</ele>
    </trkpt>
    <trkpt lat="59.331788068" lon="18.102424311">
      <ele>3.020789561</ele>
    </trkpt>
    <trkpt lat="59.33179838" lon="18.102514349">
      <ele>3.026818173</ele>
    </trkpt>
    <trkpt lat="59.331810648" lon="18.102615266">
      <ele>3.146849614</ele>
    </trkpt>
    <trkpt lat="59.331821783" lon="18.102697174">
      <ele>3.15887411</ele>
    </trkpt>
    <trkpt lat="59.331875034" lon="18.103088884">
      <ele>3.566991027</ele>
    </trkpt>
    <trkpt lat="59.331877523" lon="18.103105998">
      <ele>3.543995986</ele>
    </trkpt>
    <trkpt lat="59.331881745" lon="18.103125628">
      <ele>3.5550005</ele>
    </trkpt>
    <trkpt lat="59.331883941" lon="18.103135258">
      <ele>3.534002607</ele>
    </trkpt>
    <trkpt lat="59.332001257" lon="18.103536947">
      <ele>3.18643475</ele>
    </trkpt>
    <trkpt lat="59.332023477" lon="18.103613029">
      <ele>3.16347423</ele>
    </trkpt>
    <trkpt lat="59.332071845" lon="18.10377864">
      <ele>3.112854651</ele>
    </trkpt>
    <trkpt lat="59.332112868" lon="18.103919107">
      <ele>3.096340917</ele>
    </trkpt>
    <trkpt lat="59.33213518" lon="18.103995502">
      <ele>3.027441376</ele>
    </trkpt>
    <trkpt lat="59.332165991" lon="18.104101004">
      <ele>2.984415851</ele>
    </trkpt>
    <trkpt lat="59.332212216" lon="18.104259282">
      <ele>2.861887485</ele>
    </trkpt>
    <trkpt lat="59.332264386" lon="18.10443792">
      <ele>2.603548231</ele>
    </trkpt>
    <trkpt lat="59.332310341" lon="18.104595276">
      <ele>2.559632183</ele>
    </trkpt>
    <trkpt lat="59.332345351" lon="18.104715157">
      <ele>2.54798224</ele>
    </trkpt>
    <trkpt lat="59.332383904" lon="18.104847171">
      <ele>2.559286896</ele>
    </trkpt>
    <trkpt lat="59.332423169" lon="18.104981621">
      <ele>2.703529102</ele>
    </trkpt>
    <trkpt lat="59.332456938" lon="18.105097253">
      <ele>2.709861992</ele>
    </trkpt>
    <trkpt lat="59.332483292" lon="18.105187496">
      <ele>2.729490945</ele>
    </trkpt>
    <trkpt lat="59.332501813" lon="18.105257058">
      <ele>2.701269691</ele>
    </trkpt>
    <trkpt lat="59.332519563" lon="18.105323174">
      <ele>2.703420527</ele>
    </trkpt>
    <trkpt lat="59.332544359" lon="18.105419835">
      <ele>2.554370417</ele>
    </trkpt>
    <trkpt lat="59.33256225" lon="18.105493261">
      <ele>2.625798569</ele>
    </trkpt>
    <trkpt lat="59.332584947" lon="18.105586447">
      <ele>2.684976919</ele>
    </trkpt>
    <trkpt lat="59.332623796" lon="18.105745942">
      <ele>2.69895567</ele>
    </trkpt>
    <trkpt lat="59.332675705" lon="18.105959059">
      <ele>2.989922176</ele>
    </trkpt>
    <trkpt lat="59.332738087" lon="18.106215175">
      <ele>3.590079776</ele>
    </trkpt>
    <trkpt lat="59.332775123" lon="18.106367229">
      <ele>3.676391685</ele>
    </trkpt>
    <trkpt lat="59.332809107" lon="18.106506761">
      <ele>4.056493474</ele>
    </trkpt>
    <trkpt lat="59.332836948" lon="18.106621066">
      <ele>4.194886816</ele>
    </trkpt>
    <trkpt lat="59.332843812" lon="18.10664666">
      <ele>4.252811129</ele>
    </trkpt>
    <trkpt lat="59.332851304" lon="18.10667157">
      <ele>4.325559063</ele>
    </trkpt>
    <trkpt lat="59.332859405" lon="18.106695739">
      <ele>4.346559359</ele>
    </trkpt>
    <trkpt lat="59.332868097" lon="18.106719108">
      <ele>4.374060056</ele>
    </trkpt>
    <trkpt lat="59.332877359" lon="18.106741623">
      <ele>4.365536517</ele>
    </trkpt>
    <trkpt lat="59.332887169" lon="18.10676323">
      <ele>4.366833885</ele>
    </trkpt>
    <trkpt lat="59.332906744" lon="18.106806061">
      <ele>4.438608577</ele>
    </trkpt>
    <trkpt lat="59.332949619" lon="18.106899873">
      <ele>4.452042235</ele>
    </trkpt>
    <trkpt lat="59.333000373" lon="18.107010926">
      <ele>4.610331963</ele>
    </trkpt>
    <trkpt lat="59.333028822" lon="18.107073174">
      <ele>4.610331672</ele>
    </trkpt>
    <trkpt lat="59.33306528" lon="18.107152948">
      <ele>4.768585023</ele>
    </trkpt>
    <trkpt lat="59.333105909" lon="18.107241848">
      <ele>4.876853547</ele>
    </trkpt>
    <trkpt lat="59.333127206" lon="18.107288448">
      <ele>4.795631342</ele>
    </trkpt>
    <trkpt lat="59.333146387" lon="18.107342798">
      <ele>4.938210447</ele>
    </trkpt>
    <trkpt lat="59.333155288" lon="18.107377281">
      <ele>4.898892548</ele>
    </trkpt>
    <trkpt lat="59.333173266" lon="18.107457315">
      <ele>4.984752846</ele>
    </trkpt>
    <trkpt lat="59.333182243" lon="18.107503569">
      <ele>4.968608252</ele>
    </trkpt>
    <trkpt lat="59.333187846" lon="18.107547869">
      <ele>4.872574307</ele>
    </trkpt>
    <trkpt lat="59.333193727" lon="18.107593573">
      <ele>4.83086782</ele>
    </trkpt>
    <trkpt lat="59.333287953" lon="18.108586861">
      <ele>4.871986795</ele>
    </trkpt>
    <trkpt lat="59.33336588" lon="18.109457305">
      <ele>4.772265052</ele>
    </trkpt>
    <trkpt lat="59.333459246" lon="18.110464854">
      <ele>4.672582654</ele>
    </trkpt>
    <trkpt lat="59.333470785" lon="18.110672626">
      <ele>4.642655093</ele>
    </trkpt>
    <trkpt lat="59.333482318" lon="18.110880281">
      <ele>4.613727449</ele>
    </trkpt>
    <trkpt lat="59.333494859" lon="18.111106103">
      <ele>4.585806084</ele>
    </trkpt>
    <trkpt lat="59.333507306" lon="18.111330238">
      <ele>4.596884081</ele>
    </trkpt>
    <trkpt lat="59.333519048" lon="18.111541694">
      <ele>4.43395762</ele>
    </trkpt>
    <trkpt lat="59.333537423" lon="18.111872608">
      <ele>4.483072612</ele>
    </trkpt>
    <trkpt lat="59.33355268" lon="18.112147372">
      <ele>4.540168008</ele>
    </trkpt>
    <trkpt lat="59.333557791" lon="18.112239416">
      <ele>4.612199948</ele>
    </trkpt>
    <trkpt lat="59.333565844" lon="18.112392485">
      <ele>4.664253466</ele>
    </trkpt>
    <trkpt lat="59.333570768" lon="18.112514277">
      <ele>4.801297435</ele>
    </trkpt>
    <trkpt lat="59.333572603" lon="18.112593373">
      <ele>4.974327272</ele>
    </trkpt>
    <trkpt lat="59.333573355" lon="18.112663366">
      <ele>4.999354498</ele>
    </trkpt>
    <trkpt lat="59.333574219" lon="18.112769586">
      <ele>5.211396077</ele>
    </trkpt>
    <trkpt lat="59.3335739" lon="18.112869374">
      <ele>5.305436209</ele>
    </trkpt>
    <trkpt lat="59.333572572" lon="18.112933637">
      <ele>5.386463119</ele>
    </trkpt>
    <trkpt lat="59.33356967" lon="18.113007507">
      <ele>5.41549536</ele>
    </trkpt>
    <trkpt lat="59.333557004" lon="18.11324661">
      <ele>5.355602858</ele>
    </trkpt>
    <trkpt lat="59.333528757" lon="18.113805569">
      <ele>4.995853075</ele>
    </trkpt>
    <trkpt lat="59.333495789" lon="18.114444976">
      <ele>4.403140289</ele>
    </trkpt>
    <trkpt lat="59.333455673" lon="18.115229957">
      <ele>4.188493075</ele>
    </trkpt>
    <trkpt lat="59.333420206" lon="18.115914907">
      <ele>4.409801828</ele>
    </trkpt>
    <trkpt lat="59.333388524" lon="18.116548675">
      <ele>4.226086792</ele>
    </trkpt>
    <trkpt lat="59.333343513" lon="18.117436667">
      <ele>5.178487298</ele>
    </trkpt>
    <trkpt lat="59.333294952" lon="18.118381576">
      <ele>6.733914943</ele>
    </trkpt>
    <trkpt lat="59.333266523" lon="18.118934859">
      <ele>7.008165731</ele>
    </trkpt>
    <trkpt lat="59.333233403" lon="18.119582717">
      <ele>8.089459585</ele>
    </trkpt>
    <trkpt lat="59.333212047" lon="18.120002391">
      <ele>8.230650068</ele>
    </trkpt>
    <trkpt lat="59.33319714" lon="18.120295377">
      <ele>7.827785467</ele>
    </trkpt>
    <trkpt lat="59.333179067" lon="18.120645301">
      <ele>7.470947383</ele>
    </trkpt>
    <trkpt lat="59.333162024" lon="18.120977649">
      <ele>7.302100974</ele>
    </trkpt>
    <trkpt lat="59.333148014" lon="18.121334749">
      <ele>7.346261605</ele>
    </trkpt>
    <trkpt lat="59.333145278" lon="18.121578256">
      <ele>7.331364259</ele>
    </trkpt>
    <trkpt lat="59.333144242" lon="18.121756255">
      <ele>7.368438325</ele>
    </trkpt>
    <trkpt lat="59.333147875" lon="18.12189368">
      <ele>7.405491062</ele>
    </trkpt>
    <trkpt lat="59.333153164" lon="18.122040911">
      <ele>7.424546171</ele>
    </trkpt>
    <trkpt lat="59.333168431" lon="18.12226952">
      <ele>7.420624699</ele>
    </trkpt>
    <trkpt lat="59.333170896" lon="18.122296509">
      <ele>7.45163331</ele>
    </trkpt>
    <trkpt lat="59.333182016" lon="18.122412305">
      <ele>7.70666972</ele>
    </trkpt>
    <trkpt lat="59.333197112" lon="18.122566002">
      <ele>7.973717734</ele>
    </trkpt>
    <trkpt lat="59.333212272" lon="18.122699708">
      <ele>8.317757502</ele>
    </trkpt>
    <trkpt lat="59.33323463" lon="18.122892052">
      <ele>8.781814206</ele>
    </trkpt>
    <trkpt lat="59.333257309" lon="18.123067971">
      <ele>8.63586389</ele>
    </trkpt>
    <trkpt lat="59.333284315" lon="18.123262152">
      <ele>8.545916824</ele>
    </trkpt>
    <trkpt lat="59.333299926" lon="18.123370526">
      <ele>8.426945858</ele>
    </trkpt>
    <trkpt lat="59.333325862" lon="18.123546181">
      <ele>8.24999233</ele>
    </trkpt>
    <trkpt lat="59.333357571" lon="18.123759963">
      <ele>8.185048819</ele>
    </trkpt>
    <trkpt lat="59.333385675" lon="18.12394983">
      <ele>8.061099113</ele>
    </trkpt>
    <trkpt lat="59.333414059" lon="18.124141592">
      <ele>8.165149971</ele>
    </trkpt>
    <trkpt lat="59.333440631" lon="18.124321116">
      <ele>8.238197642</ele>
    </trkpt>
    <trkpt lat="59.333472984" lon="18.124539692">
      <ele>8.296255758</ele>
    </trkpt>
    <trkpt lat="59.333501461" lon="18.124732094">
      <ele>8.461306983</ele>
    </trkpt>
    <trkpt lat="59.333524506" lon="18.124887789">
      <ele>8.624348483</ele>
    </trkpt>
    <trkpt lat="59.333551057" lon="18.125067179">
      <ele>8.97439635</ele>
    </trkpt>
    <trkpt lat="59.33356601" lon="18.125168205">
      <ele>9.057423332</ele>
    </trkpt>
    <trkpt lat="59.33358129" lon="18.125271444">
      <ele>9.213450923</ele>
    </trkpt>
    <trkpt lat="59.333590019" lon="18.125335324">
      <ele>9.280468717</ele>
    </trkpt>
    <trkpt lat="59.333595909" lon="18.125402536">
      <ele>9.460490681</ele>
    </trkpt>
    <trkpt lat="59.333597947" lon="18.12547255">
      <ele>9.581517589</ele>
    </trkpt>
    <trkpt lat="59.333597565" lon="18.125535726">
      <ele>9.661544049</ele>
    </trkpt>
    <trkpt lat="59.333591807" lon="18.125615581">
      <ele>9.919582669</ele>
    </trkpt>
    <trkpt lat="59.333586259" lon="18.125670277">
      <ele>9.987610691</ele>
    </trkpt>
    <trkpt lat="59.333575542" lon="18.125738983">
      <ele>10.110649559</ele>
    </trkpt>
    <trkpt lat="59.333557825" lon="18.125822186">
      <ele>10.389701258</ele>
    </trkpt>
    <trkpt lat="59.333540537" lon="18.125891318">
      <ele>10.522746714</ele>
    </trkpt>
    <trkpt lat="59.33352059" lon="18.125962886">
      <ele>10.686795764</ele>
    </trkpt>
    <trkpt lat="59.333485877" lon="18.126071844">
      <ele>10.670874659</ele>
    </trkpt>
    <trkpt lat="59.333443117" lon="18.126203343">
      <ele>10.687970661</ele>
    </trkpt>
    <trkpt lat="59.33338852" lon="18.126370448">
      <ele>10.891092817</ele>
    </trkpt>
    <trkpt lat="59.333324586" lon="18.126566129">
      <ele>10.687235727</ele>
    </trkpt>
    <trkpt lat="59.333254195" lon="18.126781567">
      <ele>10.438392899</ele>
    </trkpt>
    <trkpt lat="59.333226377" lon="18.126866708">
      <ele>10.597454965</ele>
    </trkpt>
    <trkpt lat="59.333178532" lon="18.127013142">
      <ele>10.486561647</ele>
    </trkpt>
    <trkpt lat="59.333123746" lon="18.12718082">
      <ele>10.407683705</ele>
    </trkpt>
    <trkpt lat="59.333048821" lon="18.12741013">
      <ele>10.457850456</ele>
    </trkpt>
    <trkpt lat="59.333008614" lon="18.127533186">
      <ele>10.389939858</ele>
    </trkpt>
    <trkpt lat="59.332942604" lon="18.127735208">
      <ele>10.294086506</ele>
    </trkpt>
    <trkpt lat="59.332914513" lon="18.127821181">
      <ele>10.431148867</ele>
    </trkpt>
    <trkpt lat="59.33287833" lon="18.127931919">
      <ele>10.436229149</ele>
    </trkpt>
    <trkpt lat="59.33284887" lon="18.128022079">
      <ele>10.477294479</ele>
    </trkpt>
    <trkpt lat="59.332808181" lon="18.128146606">
      <ele>10.475384661</ele>
    </trkpt>
    <trkpt lat="59.332767917" lon="18.128269832">
      <ele>10.587473841</ele>
    </trkpt>
    <trkpt lat="59.332725091" lon="18.128400894">
      <ele>10.618568631</ele>
    </trkpt>
    <trkpt lat="59.332681489" lon="18.128534334">
      <ele>10.619665072</ele>
    </trkpt>
    <trkpt lat="59.332634588" lon="18.12867787">
      <ele>10.642768735</ele>
    </trkpt>
    <trkpt lat="59.332579055" lon="18.128847821">
      <ele>10.839891374</ele>
    </trkpt>
    <trkpt lat="59.332539126" lon="18.128970017">
      <ele>10.940979485</ele>
    </trkpt>
    <trkpt lat="59.332492688" lon="18.129112133">
      <ele>11.087081888</ele>
    </trkpt>
    <trkpt lat="59.332445072" lon="18.12925785">
      <ele>10.986186806</ele>
    </trkpt>
    <trkpt lat="59.332388377" lon="18.129431352">
      <ele>10.754311624</ele>
    </trkpt>
    <trkpt lat="59.332342094" lon="18.129572992">
      <ele>10.720413436</ele>
    </trkpt>
    <trkpt lat="59.3323035" lon="18.129691098">
      <ele>10.620498273</ele>
    </trkpt>
    <trkpt lat="59.332266953" lon="18.129802939">
      <ele>10.506578562</ele>
    </trkpt>
    <trkpt lat="59.332218618" lon="18.129945125">
      <ele>10.364682355</ele>
    </trkpt>
    <trkpt lat="59.332184116" lon="18.130037445">
      <ele>10.310752682</ele>
    </trkpt>
    <trkpt lat="59.332152059" lon="18.130121355">
      <ele>10.165817236</ele>
    </trkpt>
    <trkpt lat="59.332127277" lon="18.130183548">
      <ele>10.159866038</ele>
    </trkpt>
    <trkpt lat="59.332079136" lon="18.130297378">
      <ele>9.976957966</ele>
    </trkpt>
    <trkpt lat="59.332033848" lon="18.130398353">
      <ele>9.879041921</ele>
    </trkpt>
    <trkpt lat="59.331990324" lon="18.130488844">
      <ele>9.714119911</ele>
    </trkpt>
    <trkpt lat="59.331974374" lon="18.130519942">
      <ele>9.739147648</ele>
    </trkpt>
    <trkpt lat="59.331909603" lon="18.130629685">
      <ele>9.506253556</ele>
    </trkpt>
    <trkpt lat="59.331861034" lon="18.130711979">
      <ele>9.41033292</ele>
    </trkpt>
    <trkpt lat="59.331820422" lon="18.130780788">
      <ele>9.394399243</ele>
    </trkpt>
    <trkpt lat="59.331782373" lon="18.130845257">
      <ele>9.246461353</ele>
    </trkpt>
    <trkpt lat="59.331738919" lon="18.130918881">
      <ele>9.24753225</ele>
    </trkpt>
    <trkpt lat="59.331674581" lon="18.13102789">
      <ele>9.204637152</ele>
    </trkpt>
    <trkpt lat="59.331646139" lon="18.131076079">
      <ele>9.152683499</ele>
    </trkpt>
    <trkpt lat="59.331586562" lon="18.131164214">
      <ele>9.145775393</ele>
    </trkpt>
    <trkpt lat="59.331474344" lon="18.131330223">
      <ele>8.987948317</ele>
    </trkpt>
    <trkpt lat="59.33135545" lon="18.131506106">
      <ele>8.919131291</ele>
    </trkpt>
    <trkpt lat="59.331278374" lon="18.131620126">
      <ele>8.797249778</ele>
    </trkpt>
    <trkpt lat="59.331209391" lon="18.131722173">
      <ele>8.640355737</ele>
    </trkpt>
    <trkpt lat="59.33116984" lon="18.131780681">
      <ele>8.60341645</ele>
    </trkpt>
    <trkpt lat="59.331135631" lon="18.131831286">
      <ele>8.504468941</ele>
    </trkpt>
    <trkpt lat="59.331099387" lon="18.131884902">
      <ele>8.436524533</ele>
    </trkpt>
    <trkpt lat="59.331064293" lon="18.131936816">
      <ele>8.43957834</ele>
    </trkpt>
    <trkpt lat="59.331011024" lon="18.132015617">
      <ele>8.361659972</ele>
    </trkpt>
    <trkpt lat="59.330973561" lon="18.132071034">
      <ele>8.307717352</ele>
    </trkpt>
    <trkpt lat="59.330935973" lon="18.132126637">
      <ele>8.303774899</ele>
    </trkpt>
    <trkpt lat="59.330853437" lon="18.132229071">
      <ele>8.210893375</ele>
    </trkpt>
    <trkpt lat="59.330769852" lon="18.132320426">
      <ele>8.241008347</ele>
    </trkpt>
    <trkpt lat="59.330686715" lon="18.132396167">
      <ele>8.248116626</ele>
    </trkpt>
    <trkpt lat="59.330614953" lon="18.132443694">
      <ele>8.224202971</ele>
    </trkpt>
    <trkpt lat="59.330535951" lon="18.132457998">
      <ele>8.174282963</ele>
    </trkpt>
    <trkpt lat="59.330462697" lon="18.132455052">
      <ele>8.249350726</ele>
    </trkpt>
    <trkpt lat="59.330367218" lon="18.132451213">
      <ele>7.970439053</ele>
    </trkpt>
    <trkpt lat="59.33027709" lon="18.132447589">
      <ele>7.404522432</ele>
    </trkpt>
    <trkpt lat="59.330177979" lon="18.132443604">
      <ele>6.276614127</ele>
    </trkpt>
    <trkpt lat="59.330156536" lon="18.132439658">
      <ele>6.050632754</ele>
    </trkpt>
    <trkpt lat="59.330135004" lon="18.132432246">
      <ele>5.819650106</ele>
    </trkpt>
    <trkpt lat="59.330085472" lon="18.132414857">
      <ele>5.254689895</ele>
    </trkpt>
    <trkpt lat="59.330041432" lon="18.132399276">
      <ele>5.010725233</ele>
    </trkpt>
    <trkpt lat="59.329962335" lon="18.132371818">
      <ele>4.391793141</ele>
    </trkpt>
    <trkpt lat="59.329895061" lon="18.132348126">
      <ele>4.206854718</ele>
    </trkpt>
    <trkpt lat="59.329875793" lon="18.132341397">
      <ele>4.142872375</ele>
    </trkpt>
    <trkpt lat="59.329860464" lon="18.132335514">
      <ele>4.086886217</ele>
    </trkpt>
    <trkpt lat="59.329846222" lon="18.132327842">
      <ele>4.016898211</ele>
    </trkpt>
    <trkpt lat="59.329808142" lon="18.132298441">
      <ele>3.388926804</ele>
    </trkpt>
    <trkpt lat="59.32972996" lon="18.132237879">
      <ele>3.424985435</ele>
    </trkpt>
    <trkpt lat="59.329648858" lon="18.132174873">
      <ele>3.455046192</ele>
    </trkpt>
    <trkpt lat="59.329574142" lon="18.132117067">
      <ele>3.485102266</ele>
    </trkpt>
    <trkpt lat="59.329526478" lon="18.132080039">
      <ele>3.513137983</ele>
    </trkpt>
    <trkpt lat="59.329495362" lon="18.132068993">
      <ele>3.60416644</ele>
    </trkpt>
    <trkpt lat="59.329449634" lon="18.132054736">
      <ele>3.425209035</ele>
    </trkpt>
    <trkpt lat="59.329411299" lon="18.132047785">
      <ele>3.244246703</ele>
    </trkpt>
    <trkpt lat="59.329384379" lon="18.13204583">
      <ele>3.110274299</ele>
    </trkpt>
    <trkpt lat="59.329362117" lon="18.132046186">
      <ele>3.012297893</ele>
    </trkpt>
    <trkpt lat="59.329330991" lon="18.132052444">
      <ele>2.816333135</ele>
    </trkpt>
    <trkpt lat="59.329291117" lon="18.132067641">
      <ele>2.674381091</ele>
    </trkpt>
    <trkpt lat="59.329265204" lon="18.132080146">
      <ele>2.583413286</ele>
    </trkpt>
    <trkpt lat="59.329193344" lon="18.132121317">
      <ele>2.3555051</ele>
    </trkpt>
    <trkpt lat="59.32906203" lon="18.132196916">
      <ele>2.402673009</ele>
    </trkpt>
    <trkpt lat="59.328955822" lon="18.132257985">
      <ele>2.368808773</ele>
    </trkpt>
    <trkpt lat="59.328847687" lon="18.132320283">
      <ele>2.437947036</ele>
    </trkpt>
    <trkpt lat="59.328708441" lon="18.132399577">
      <ele>2.302124699</ele>
    </trkpt>
    <trkpt lat="59.328561838" lon="18.132483799">
      <ele>2.431312017</ele>
    </trkpt>
    <trkpt lat="59.328265966" lon="18.132653983">
      <ele>2.96569008</ele>
    </trkpt>
    <trkpt lat="59.328239089" lon="18.132669464">
      <ele>3.030724427</ele>
    </trkpt>
    <trkpt lat="59.32807654" lon="18.132762897">
      <ele>3.364932065</ele>
    </trkpt>
    <trkpt lat="59.327912167" lon="18.13285749">
      <ele>4.146142049</ele>
    </trkpt>
    <trkpt lat="59.32778181" lon="18.132932081">
      <ele>5.029308395</ele>
    </trkpt>
    <trkpt lat="59.327683375" lon="18.13298959">
      <ele>5.644434456</ele>
    </trkpt>
    <trkpt lat="59.327538718" lon="18.133066583">
      <ele>6.511616762</ele>
    </trkpt>
    <trkpt lat="59.327443206" lon="18.133114787">
      <ele>6.841736097</ele>
    </trkpt>
    <trkpt lat="59.327322764" lon="18.133166432">
      <ele>7.448883006</ele>
    </trkpt>
    <trkpt lat="59.327251959" lon="18.133193242">
      <ele>7.649967982</ele>
    </trkpt>
    <trkpt lat="59.327190535" lon="18.133218368">
      <ele>7.769042424</ele>
    </trkpt>
    <trkpt lat="59.327071054" lon="18.133253977">
      <ele>7.990182056</ele>
    </trkpt>
    <trkpt lat="59.326941586" lon="18.13329745">
      <ele>8.319335253</ele>
    </trkpt>
    <trkpt lat="59.326705324" lon="18.133378277">
      <ele>9.356615374</ele>
    </trkpt>
    <trkpt lat="59.326449516" lon="18.133460092">
      <ele>10.348916418</ele>
    </trkpt>
    <trkpt lat="59.32622304" lon="18.133535112">
      <ele>10.846183918</ele>
    </trkpt>
    <trkpt lat="59.326060366" lon="18.133589506">
      <ele>10.920376239</ele>
    </trkpt>
    <trkpt lat="59.325954903" lon="18.133624476">
      <ele>11.161500801</ele>
    </trkpt>
    <trkpt lat="59.325707111" lon="18.133706389">
      <ele>12.611793344</ele>
    </trkpt>
    <trkpt lat="59.325610632" lon="18.13373839">
      <ele>13.27990728</ele>
    </trkpt>
    <trkpt lat="59.325381448" lon="18.133814299">
      <ele>14.189177868</ele>
    </trkpt>
    <trkpt lat="59.325252007" lon="18.133857112">
      <ele>14.459330658</ele>
    </trkpt>
    <trkpt lat="59.325018674" lon="18.133934491">
      <ele>15.256606135</ele>
    </trkpt>
    <trkpt lat="59.324972607" lon="18.133948757">
      <ele>15.341660127</ele>
    </trkpt>
    <trkpt lat="59.324889692" lon="18.133991275">
      <ele>15.535763831</ele>
    </trkpt>
    <trkpt lat="59.324719667" lon="18.134091217">
      <ele>14.762981411</ele>
    </trkpt>
    <trkpt lat="59.324579316" lon="18.134172862">
      <ele>14.376160664</ele>
    </trkpt>
    <trkpt lat="59.324472237" lon="18.134236193">
      <ele>14.210297813</ele>
    </trkpt>
    <trkpt lat="59.324381629" lon="18.134289923">
      <ele>14.150413912</ele>
    </trkpt>
    <trkpt lat="59.324231874" lon="18.134377551">
      <ele>14.029605324</ele>
    </trkpt>
    <trkpt lat="59.324122529" lon="18.134442195">
      <ele>13.778745325</ele>
    </trkpt>
    <trkpt lat="59.323978512" lon="18.134525553">
      <ele>12.876929014</ele>
    </trkpt>
    <trkpt lat="59.323946261" lon="18.134545866">
      <ele>12.651970784</ele>
    </trkpt>
    <trkpt lat="59.323800649" lon="18.134630732">
      <ele>11.943156706</ele>
    </trkpt>
    <trkpt lat="59.323696373" lon="18.134691646">
      <ele>11.236289892</ele>
    </trkpt>
    <trkpt lat="59.323621052" lon="18.134735606">
      <ele>10.326386073</ele>
    </trkpt>
    <trkpt lat="59.323549322" lon="18.134777564">
      <ele>9.564477699</ele>
    </trkpt>
    <trkpt lat="59.323498869" lon="18.13480711">
      <ele>9.097542156</ele>
    </trkpt>
    <trkpt lat="59.323459662" lon="18.134830513">
      <ele>8.721592416</ele>
    </trkpt>
    <trkpt lat="59.32343641" lon="18.134843865">
      <ele>8.626622018</ele>
    </trkpt>
    <trkpt lat="59.323416978" lon="18.134855283">
      <ele>8.559646857</ele>
    </trkpt>
    <trkpt lat="59.323396408" lon="18.134863053">
      <ele>8.530671482</ele>
    </trkpt>
    <trkpt lat="59.323370218" lon="18.13485532">
      <ele>8.449696025</ele>
    </trkpt>
    <trkpt lat="59.323351637" lon="18.134839541">
      <ele>8.382709462</ele>
    </trkpt>
    <trkpt lat="59.323334064" lon="18.134817512">
      <ele>8.323719424</ele>
    </trkpt>
    <trkpt lat="59.323315924" lon="18.134768855">
      <ele>8.273719697</ele>
    </trkpt>
    <trkpt lat="59.323306488" lon="18.13472438">
      <ele>8.174712436</ele>
    </trkpt>
    <trkpt lat="59.323301142" lon="18.134564183">
      <ele>7.883656173</ele>
    </trkpt>
    <trkpt lat="59.32329751" lon="18.134451477">
      <ele>7.634616455</ele>
    </trkpt>
    <trkpt lat="59.323287434" lon="18.134148064">
      <ele>6.927509848</ele>
    </trkpt>
    <trkpt lat="59.323283013" lon="18.134015379">
      <ele>6.326463245</ele>
    </trkpt>
    <trkpt lat="59.3232719" lon="18.133679225">
      <ele>5.915345089</ele>
    </trkpt>
    <trkpt lat="59.323262025" lon="18.133396075">
      <ele>5.79824611</ele>
    </trkpt>
    <trkpt lat="59.323257886" lon="18.133128711">
      <ele>5.362147195</ele>
    </trkpt>
    <trkpt lat="59.323256344" lon="18.133029876">
      <ele>5.234110643</ele>
    </trkpt>
    <trkpt lat="59.323257181" lon="18.132947715">
      <ele>5.170078027</ele>
    </trkpt>
    <trkpt lat="59.3232619" lon="18.132888957">
      <ele>5.159050363</ele>
    </trkpt>
    <trkpt lat="59.323276292" lon="18.132757365">
      <ele>5.14098438</ele>
    </trkpt>
    <trkpt lat="59.323299702" lon="18.132615009">
      <ele>5.148904739</ele>
    </trkpt>
    <trkpt lat="59.323329167" lon="18.132448298">
      <ele>5.074669307</ele>
    </trkpt>
    <trkpt lat="59.323357881" lon="18.132286556">
      <ele>5.010356578</ele>
    </trkpt>
    <trkpt lat="59.323380229" lon="18.132159326">
      <ele>4.972933881</ele>
    </trkpt>
    <trkpt lat="59.323402557" lon="18.1320336">
      <ele>4.994211781</ele>
    </trkpt>
    <trkpt lat="59.323434966" lon="18.131850362">
      <ele>4.947236832</ele>
    </trkpt>
    <trkpt lat="59.323466288" lon="18.131673263">
      <ele>4.856365391</ele>
    </trkpt>
    <trkpt lat="59.323482874" lon="18.131579262">
      <ele>4.643311584</ele>
    </trkpt>
    <trkpt lat="59.323525413" lon="18.13133926">
      <ele>4.496173995</ele>
    </trkpt>
    <trkpt lat="59.323539731" lon="18.131258067">
      <ele>4.509127521</ele>
    </trkpt>
    <trkpt lat="59.323544953" lon="18.131196762">
      <ele>4.414098321</ele>
    </trkpt>
    <trkpt lat="59.323549593" lon="18.131134122">
      <ele>4.141069219</ele>
    </trkpt>
    <trkpt lat="59.32355293" lon="18.131040531">
      <ele>4.051029527</ele>
    </trkpt>
    <trkpt lat="59.323550184" lon="18.130956956">
      <ele>3.870000121</ele>
    </trkpt>
    <trkpt lat="59.323546407" lon="18.130877127">
      <ele>3.66497325</ele>
    </trkpt>
    <trkpt lat="59.323542227" lon="18.130775328">
      <ele>3.589938312</ele>
    </trkpt>
    <trkpt lat="59.323536277" lon="18.130626103">
      <ele>3.484886914</ele>
    </trkpt>
    <trkpt lat="59.323531814" lon="18.130513289">
      <ele>3.59984802</ele>
    </trkpt>
    <trkpt lat="59.323524883" lon="18.130339091">
      <ele>3.444788008</ele>
    </trkpt>
    <trkpt lat="59.323518033" lon="18.13017375">
      <ele>3.157731334</ele>
    </trkpt>
    <trkpt lat="59.323510598" lon="18.129982146">
      <ele>3.06666513</ele>
    </trkpt>
    <trkpt lat="59.32350192" lon="18.129765285">
      <ele>3.20759048</ele>
    </trkpt>
    <trkpt lat="59.323491968" lon="18.129426475">
      <ele>3.13947005</ele>
    </trkpt>
    <trkpt lat="59.323489607" lon="18.129293793">
      <ele>2.947421268</ele>
    </trkpt>
    <trkpt lat="59.323490132" lon="18.129094911">
      <ele>3.208343855</ele>
    </trkpt>
    <trkpt lat="59.323490945" lon="18.128875774">
      <ele>3.744258311</ele>
    </trkpt>
    <trkpt lat="59.323491973" lon="18.128611686">
      <ele>4.261155167</ele>
    </trkpt>
    <trkpt lat="59.323492817" lon="18.128373563">
      <ele>5.421062252</ele>
    </trkpt>
    <trkpt lat="59.323493564" lon="18.12823451">
      <ele>6.064007725</ele>
    </trkpt>
    <trkpt lat="59.323493685" lon="18.128141172">
      <ele>6.548971526</ele>
    </trkpt>
    <trkpt lat="59.323493737" lon="18.128060414">
      <ele>6.960940262</ele>
    </trkpt>
    <trkpt lat="59.323490821" lon="18.127971869">
      <ele>7.327909125</ele>
    </trkpt>
    <trkpt lat="59.323481399" lon="18.12789708">
      <ele>7.504890182</ele>
    </trkpt>
    <trkpt lat="59.323469102" lon="18.127827063">
      <ele>7.601876124</ele>
    </trkpt>
    <trkpt lat="59.323451261" lon="18.127750818">
      <ele>7.695865522</ele>
    </trkpt>
    <trkpt lat="59.323433504" lon="18.127684794">
      <ele>7.708858783</ele>
    </trkpt>
    <trkpt lat="59.323419228" lon="18.127638942">
      <ele>7.641856158</ele>
    </trkpt>
    <trkpt lat="59.323399111" lon="18.12758765">
      <ele>7.496857609</ele>
    </trkpt>
    <trkpt lat="59.323379879" lon="18.127545831">
      <ele>7.358861786</ele>
    </trkpt>
    <trkpt lat="59.323356362" lon="18.127494611">
      <ele>7.170866863</ele>
    </trkpt>
    <trkpt lat="59.323299157" lon="18.127370135">
      <ele>6.763879268</ele>
    </trkpt>
    <trkpt lat="59.323223286" lon="18.127204652">
      <ele>6.467895587</ele>
    </trkpt>
    <trkpt lat="59.323159735" lon="18.127066852">
      <ele>6.268909586</ele>
    </trkpt>
    <trkpt lat="59.323108596" lon="18.126955069">
      <ele>6.545950515</ele>
    </trkpt>
    <trkpt lat="59.323093228" lon="18.126920332">
      <ele>6.52069336</ele>
    </trkpt>
    <trkpt lat="59.323078563" lon="18.126886963">
      <ele>6.503565989</ele>
    </trkpt>
    <trkpt lat="59.323061549" lon="18.126843841">
      <ele>6.47745734</ele>
    </trkpt>
    <trkpt lat="59.323045574" lon="18.126798023">
      <ele>6.454976552</ele>
    </trkpt>
    <trkpt lat="59.323025488" lon="18.126739445">
      <ele>6.377645187</ele>
    </trkpt>
    <trkpt lat="59.323013158" lon="18.126697166">
      <ele>6.318631911</ele>
    </trkpt>
    <trkpt lat="59.322998045" lon="18.126641024">
      <ele>6.353646228</ele>
    </trkpt>
    <trkpt lat="59.322982025" lon="18.126580703">
      <ele>6.438849894</ele>
    </trkpt>
    <trkpt lat="59.322969079" lon="18.12652895">
      <ele>6.306893616</ele>
    </trkpt>
    <trkpt lat="59.322940563" lon="18.126409479">
      <ele>6.137357676</ele>
    </trkpt>
    <trkpt lat="59.32291549" lon="18.126288609">
      <ele>6.051867559</ele>
    </trkpt>
    <trkpt lat="59.322896904" lon="18.126190124">
      <ele>6.07218922</ele>
    </trkpt>
    <trkpt lat="59.322887768" lon="18.126123876">
      <ele>5.815763323</ele>
    </trkpt>
    <trkpt lat="59.322876594" lon="18.126034314">
      <ele>5.789440586</ele>
    </trkpt>
    <trkpt lat="59.322869909" lon="18.125953358">
      <ele>5.52578642</ele>
    </trkpt>
    <trkpt lat="59.322863245" lon="18.125874351">
      <ele>5.540492984</ele>
    </trkpt>
    <trkpt lat="59.322855199" lon="18.125790255">
      <ele>5.330639048</ele>
    </trkpt>
    <trkpt lat="59.322848072" lon="18.125707905">
      <ele>5.259014815</ele>
    </trkpt>
    <trkpt lat="59.32284031" lon="18.125629157">
      <ele>5.217952645</ele>
    </trkpt>
    <trkpt lat="59.322834504" lon="18.125555617">
      <ele>5.169980414</ele>
    </trkpt>
    <trkpt lat="59.322830541" lon="18.125492859">
      <ele>5.030100392</ele>
    </trkpt>
    <trkpt lat="59.322823553" lon="18.125390966">
      <ele>4.840618474</ele>
    </trkpt>
    <trkpt lat="59.322818669" lon="18.125316349">
      <ele>4.806594854</ele>
    </trkpt>
    <trkpt lat="59.322816441" lon="18.125253677">
      <ele>4.834573029</ele>
    </trkpt>
    <trkpt lat="59.32281535" lon="18.125199215">
      <ele>4.772553169</ele>
    </trkpt>
    <trkpt lat="59.322814665" lon="18.1251179">
      <ele>4.611522516</ele>
    </trkpt>
    <trkpt lat="59.322816635" lon="18.125051513">
      <ele>4.522494812</ele>
    </trkpt>
    <trkpt lat="59.322819366" lon="18.124987368">
      <ele>4.328467166</ele>
    </trkpt>
    <trkpt lat="59.322825097" lon="18.124919322">
      <ele>4.324434835</ele>
    </trkpt>
    <trkpt lat="59.322829917" lon="18.12486339">
      <ele>4.447408144</ele>
    </trkpt>
    <trkpt lat="59.322842547" lon="18.124738715">
      <ele>4.275346649</ele>
    </trkpt>
    <trkpt lat="59.322852768" lon="18.124640841">
      <ele>4.229298046</ele>
    </trkpt>
    <trkpt lat="59.322863591" lon="18.124537141">
      <ele>4.151246556</ele>
    </trkpt>
    <trkpt lat="59.322881622" lon="18.124382401">
      <ele>4.314167725</ele>
    </trkpt>
    <trkpt lat="59.322913305" lon="18.124157122">
      <ele>4.460047191</ele>
    </trkpt>
    <trkpt lat="59.322989315" lon="18.123641266">
      <ele>4.45576747</ele>
    </trkpt>
    <trkpt lat="59.323045283" lon="18.123277717">
      <ele>4.420567749</ele>
    </trkpt>
    <trkpt lat="59.323131021" lon="18.122722638">
      <ele>4.851262444</ele>
    </trkpt>
    <trkpt lat="59.323203756" lon="18.122267206">
      <ele>5.162009351</ele>
    </trkpt>
    <trkpt lat="59.323255819" lon="18.121943177">
      <ele>5.522828914</ele>
    </trkpt>
    <trkpt lat="59.323309985" lon="18.121609534">
      <ele>5.776642499</ele>
    </trkpt>
    <trkpt lat="59.323380545" lon="18.121172588">
      <ele>6.270398722</ele>
    </trkpt>
    <trkpt lat="59.323418186" lon="18.120998266">
      <ele>7.220291364</ele>
    </trkpt>
    <trkpt lat="59.323447953" lon="18.120827599">
      <ele>7.802193779</ele>
    </trkpt>
    <trkpt lat="59.323490766" lon="18.120591987">
      <ele>7.894057216</ele>
    </trkpt>
    <trkpt lat="59.323555156" lon="18.120227706">
      <ele>7.89784796</ele>
    </trkpt>
    <trkpt lat="59.323627907" lon="18.119813398">
      <ele>7.871608916</ele>
    </trkpt>
    <trkpt lat="59.323692885" lon="18.119433383">
      <ele>7.821389599</ele>
    </trkpt>
    <trkpt lat="59.323724906" lon="18.119252837">
      <ele>7.919284072</ele>
    </trkpt>
    <trkpt lat="59.323773634" lon="18.1189707">
      <ele>8.077120433</ele>
    </trkpt>
    <trkpt lat="59.323825583" lon="18.118671093">
      <ele>8.131946267</ele>
    </trkpt>
    <trkpt lat="59.323878513" lon="18.118364057">
      <ele>8.415767923</ele>
    </trkpt>
    <trkpt lat="59.323925143" lon="18.118052126">
      <ele>8.630594223</ele>
    </trkpt>
    <trkpt lat="59.323944771" lon="18.117758219">
      <ele>8.560456577</ele>
    </trkpt>
    <trkpt lat="59.32394315" lon="18.117528416">
      <ele>8.800367201</ele>
    </trkpt>
    <trkpt lat="59.32393913" lon="18.117382422">
      <ele>8.675313648</ele>
    </trkpt>
    <trkpt lat="59.32393288" lon="18.117306608">
      <ele>8.659290334</ele>
    </trkpt>
    <trkpt lat="59.323924624" lon="18.117199439">
      <ele>8.791256763</ele>
    </trkpt>
    <trkpt lat="59.323901748" lon="18.116962662">
      <ele>8.668187639</ele>
    </trkpt>
    <trkpt lat="59.323870942" lon="18.116753217">
      <ele>8.608137992</ele>
    </trkpt>
    <trkpt lat="59.32383498" lon="18.116529977">
      <ele>8.401088547</ele>
    </trkpt>
    <trkpt lat="59.323783368" lon="18.116234533">
      <ele>8.207027618</ele>
    </trkpt>
    <trkpt lat="59.323756832" lon="18.116069911">
      <ele>8.10099133</ele>
    </trkpt>
    <trkpt lat="59.323708268" lon="18.115743343">
      <ele>7.875915057</ele>
    </trkpt>
    <trkpt lat="59.323660059" lon="18.115417321">
      <ele>6.703838798</ele>
    </trkpt>
    <trkpt lat="59.323617913" lon="18.1151325">
      <ele>5.649772359</ele>
    </trkpt>
    <trkpt lat="59.32356225" lon="18.114759334">
      <ele>4.832686011</ele>
    </trkpt>
    <trkpt lat="59.323537508" lon="18.114591667">
      <ele>4.621646999</ele>
    </trkpt>
    <trkpt lat="59.323500081" lon="18.114339887">
      <ele>4.054588806</ele>
    </trkpt>
    <trkpt lat="59.323467573" lon="18.114122541">
      <ele>3.899538879</ele>
    </trkpt>
    <trkpt lat="59.323434295" lon="18.113896029">
      <ele>4.049486275</ele>
    </trkpt>
    <trkpt lat="59.323404409" lon="18.113694257">
      <ele>4.069439757</ele>
    </trkpt>
    <trkpt lat="59.323387632" lon="18.113582248">
      <ele>4.138414169</ele>
    </trkpt>
    <trkpt lat="59.323379582" lon="18.113512983">
      <ele>4.194395796</ele>
    </trkpt>
    <trkpt lat="59.323366913" lon="18.113447452">
      <ele>4.220883988</ele>
    </trkpt>
    <trkpt lat="59.323354243" lon="18.11338192">
      <ele>4.24737219</ele>
    </trkpt>
    <trkpt lat="59.323340456" lon="18.113326398">
      <ele>4.250865567</ele>
    </trkpt>
    <trkpt lat="59.323326669" lon="18.113270876">
      <ele>4.254358954</ele>
    </trkpt>
    <trkpt lat="59.323305982" lon="18.113219804">
      <ele>4.18286171</ele>
    </trkpt>
    <trkpt lat="59.323285295" lon="18.113168732">
      <ele>4.111364479</ele>
    </trkpt>
    <trkpt lat="59.32324184" lon="18.11310171">
      <ele>3.765386133</ele>
    </trkpt>
    <trkpt lat="59.323182218" lon="18.113026782">
      <ele>3.384422576</ele>
    </trkpt>
    <trkpt lat="59.323124694" lon="18.11295402">
      <ele>3.075457603</ele>
    </trkpt>
    <trkpt lat="59.323042912" lon="18.112851347">
      <ele>2.612507786</ele>
    </trkpt>
    <trkpt lat="59.322963453" lon="18.112752017">
      <ele>2.283556804</ele>
    </trkpt>
    <trkpt lat="59.322944074" lon="18.112727117">
      <ele>2.190568509</ele>
    </trkpt>
    <trkpt lat="59.322897991" lon="18.112616694">
      <ele>2.128576373</ele>
    </trkpt>
    <trkpt lat="59.322839632" lon="18.112476858">
      <ele>1.982586417</ele>
    </trkpt>
    <trkpt lat="59.32279094" lon="18.112360185">
      <ele>1.92259487</ele>
    </trkpt>
    <trkpt lat="59.322741437" lon="18.11222079">
      <ele>1.99059544</ele>
    </trkpt>
    <trkpt lat="59.322704956" lon="18.112101758">
      <ele>2.057589563</ele>
    </trkpt>
    <trkpt lat="59.322669683" lon="18.111950404">
      <ele>2.102569819</ele>
    </trkpt>
    <trkpt lat="59.322644452" lon="18.11178523">
      <ele>2.0345336</ele>
    </trkpt>
    <trkpt lat="59.322624256" lon="18.111616946">
      <ele>2.077490619</ele>
    </trkpt>
    <trkpt lat="59.322604881" lon="18.111455516">
      <ele>2.210449426</ele>
    </trkpt>
    <trkpt lat="59.322605694" lon="18.111399106">
      <ele>2.182426593</ele>
    </trkpt>
    <trkpt lat="59.322608044" lon="18.111337534">
      <ele>2.114400041</ele>
    </trkpt>
    <trkpt lat="59.322611818" lon="18.111284869">
      <ele>2.273375362</ele>
    </trkpt>
    <trkpt lat="59.322614021" lon="18.111254033">
      <ele>2.256360919</ele>
    </trkpt>
    <trkpt lat="59.322616726" lon="18.111223495">
      <ele>2.277346031</ele>
    </trkpt>
    <trkpt lat="59.322622136" lon="18.111164475">
      <ele>2.305317051</ele>
    </trkpt>
    <trkpt lat="59.322627643" lon="18.111111093">
      <ele>2.318290153</ele>
    </trkpt>
    <trkpt lat="59.322635129" lon="18.111044542">
      <ele>2.29925592</ele>
    </trkpt>
    <trkpt lat="59.322643397" lon="18.111000209">
      <ele>2.400229451</ele>
    </trkpt>
    <trkpt lat="59.322648839" lon="18.110971028">
      <ele>2.380212025</ele>
    </trkpt>
    <trkpt lat="59.322656763" lon="18.110934">
      <ele>2.324188775</ele>
    </trkpt>
    <trkpt lat="59.322666924" lon="18.110891251">
      <ele>2.354160797</ele>
    </trkpt>
    <trkpt lat="59.322713792" lon="18.11078279">
      <ele>2.437066222</ele>
    </trkpt>
    <trkpt lat="59.322745102" lon="18.110710332">
      <ele>2.660003008</ele>
    </trkpt>
    <trkpt lat="59.322780153" lon="18.110646134">
      <ele>2.970938804</ele>
    </trkpt>
    <trkpt lat="59.322820803" lon="18.110590278">
      <ele>3.268871561</ele>
    </trkpt>
    <trkpt lat="59.322864535" lon="18.110549185">
      <ele>3.708806606</ele>
    </trkpt>
    <trkpt lat="59.322902487" lon="18.110518633">
      <ele>4.020752213</ele>
    </trkpt>
    <trkpt lat="59.322946058" lon="18.110483558">
      <ele>4.373689751</ele>
    </trkpt>
    <trkpt lat="59.323015986" lon="18.110427265">
      <ele>4.864589466</ele>
    </trkpt>
    <trkpt lat="59.323120974" lon="18.110342748">
      <ele>5.443438816</ele>
    </trkpt>
    <trkpt lat="59.323144158" lon="18.110326819">
      <ele>5.508406606</ele>
    </trkpt>
    <trkpt lat="59.323157764" lon="18.110310998">
      <ele>5.616385165</ele>
    </trkpt>
    <trkpt lat="59.323174309" lon="18.110286822">
      <ele>5.669357152</ele>
    </trkpt>
    <trkpt lat="59.323190968" lon="18.110245153">
      <ele>5.744322148</ele>
    </trkpt>
    <trkpt lat="59.323204619" lon="18.110205253">
      <ele>5.8452912</ele>
    </trkpt>
    <trkpt lat="59.323216809" lon="18.110161944">
      <ele>5.893260547</ele>
    </trkpt>
    <trkpt lat="59.323222322" lon="18.110135397">
      <ele>5.893243952</ele>
    </trkpt>
    <trkpt lat="59.323223611" lon="18.110122543">
      <ele>5.918237463</ele>
    </trkpt>
    <trkpt lat="59.323225582" lon="18.110087578">
      <ele>5.926221535</ele>
    </trkpt>
    <trkpt lat="59.323227769" lon="18.110028165">
      <ele>6.025195772</ele>
    </trkpt>
    <trkpt lat="59.323228034" lon="18.109971419">
      <ele>6.012173211</ele>
    </trkpt>
    <trkpt lat="59.32322664" lon="18.109930899">
      <ele>6.024158877</ele>
    </trkpt>
    <trkpt lat="59.323212788" lon="18.109712688">
      <ele>6.06108883</ele>
    </trkpt>
    <trkpt lat="59.323188496" lon="18.109330023">
      <ele>6.249966079</ele>
    </trkpt>
    <trkpt lat="59.32317007" lon="18.109039784">
      <ele>6.29587305</ele>
    </trkpt>
    <trkpt lat="59.323151441" lon="18.108746366">
      <ele>6.142779066</ele>
    </trkpt>
    <trkpt lat="59.323129376" lon="18.108398831">
      <ele>5.608667832</ele>
    </trkpt>
    <trkpt lat="59.323113352" lon="18.10814645">
      <ele>5.37758711</ele>
    </trkpt>
    <trkpt lat="59.323091784" lon="18.107806763">
      <ele>5.32047854</ele>
    </trkpt>
    <trkpt lat="59.323077203" lon="18.107577139">
      <ele>5.380405197</ele>
    </trkpt>
    <trkpt lat="59.323066861" lon="18.107288263">
      <ele>5.559303879</ele>
    </trkpt>
    <trkpt lat="59.323066594" lon="18.107159275">
      <ele>5.645253696</ele>
    </trkpt>
    <trkpt lat="59.323065895" lon="18.106822138">
      <ele>5.742122536</ele>
    </trkpt>
    <trkpt lat="59.323065265" lon="18.106518557">
      <ele>5.777004434</ele>
    </trkpt>
    <trkpt lat="59.323067495" lon="18.10637729">
      <ele>5.764946593</ele>
    </trkpt>
    <trkpt lat="59.323076108" lon="18.106189346">
      <ele>5.686863174</ele>
    </trkpt>
    <trkpt lat="59.323092278" lon="18.105994332">
      <ele>5.473768311</ele>
    </trkpt>
    <trkpt lat="59.323111603" lon="18.105814185">
      <ele>5.304675617</ele>
    </trkpt>
    <trkpt lat="59.323156362" lon="18.105396938">
      <ele>4.898460768</ele>
    </trkpt>
    <trkpt lat="59.323179684" lon="18.105179528">
      <ele>4.953348733</ele>
    </trkpt>
    <trkpt lat="59.323206357" lon="18.104930865">
      <ele>5.030220522</ele>
    </trkpt>
    <trkpt lat="59.323219358" lon="18.104809666">
      <ele>4.977158003</ele>
    </trkpt>
    <trkpt lat="59.323250217" lon="18.104521969">
      <ele>5.246009526</ele>
    </trkpt>
    <trkpt lat="59.323292887" lon="18.104124162">
      <ele>5.756804053</ele>
    </trkpt>
    <trkpt lat="59.323314691" lon="18.103920879">
      <ele>6.028698979</ele>
    </trkpt>
    <trkpt lat="59.323340777" lon="18.103712228">
      <ele>6.348586781</ele>
    </trkpt>
    <trkpt lat="59.323354839" lon="18.103599744">
      <ele>6.534526269</ele>
    </trkpt>
    <trkpt lat="59.32337857" lon="18.103440123">
      <ele>6.712435987</ele>
    </trkpt>
    <trkpt lat="59.323397969" lon="18.103309641">
      <ele>6.845362153</ele>
    </trkpt>
    <trkpt lat="59.323419568" lon="18.103187927">
      <ele>6.907289183</ele>
    </trkpt>
    <trkpt lat="59.323444238" lon="18.103048911">
      <ele>6.999205802</ele>
    </trkpt>
    <trkpt lat="59.323463708" lon="18.10293919">
      <ele>7.078139965</ele>
    </trkpt>
    <trkpt lat="59.323566339" lon="18.102360838">
      <ele>7.148792516</ele>
    </trkpt>
    <trkpt lat="59.323593209" lon="18.102209413">
      <ele>7.139701433</ele>
    </trkpt>
    <trkpt lat="59.323659741" lon="18.101834473">
      <ele>7.1004757</ele>
    </trkpt>
    <trkpt lat="59.32382023" lon="18.1009309">
      <ele>7.096930326</ele>
    </trkpt>
    <trkpt lat="59.323844659" lon="18.100793361">
      <ele>7.140847164</ele>
    </trkpt>
    <trkpt lat="59.32389091" lon="18.100532949">
      <ele>7.279689599</ele>
    </trkpt>
    <trkpt lat="59.323922079" lon="18.100357458">
      <ele>7.392583338</ele>
    </trkpt>
    <trkpt lat="59.323954901" lon="18.100172656">
      <ele>7.40147137</ele>
    </trkpt>
    <trkpt lat="59.323986283" lon="18.099995959">
      <ele>7.433364437</ele>
    </trkpt>
    <trkpt lat="59.324017883" lon="18.099818035">
      <ele>7.412264876</ele>
    </trkpt>
    <trkpt lat="59.324053948" lon="18.099614967">
      <ele>7.305151171</ele>
    </trkpt>
    <trkpt lat="59.324130536" lon="18.099183722">
      <ele>7.126909446</ele>
    </trkpt>
    <trkpt lat="59.324158593" lon="18.099025734">
      <ele>6.933820802</ele>
    </trkpt>
    <trkpt lat="59.324230371" lon="18.098621562">
      <ele>6.313593813</ele>
    </trkpt>
    <trkpt lat="59.324267341" lon="18.098484868">
      <ele>6.214501886</ele>
    </trkpt>
    <trkpt lat="59.324308136" lon="18.098391519">
      <ele>5.967420591</ele>
    </trkpt>
    <trkpt lat="59.324358848" lon="18.098275475">
      <ele>5.770319475</ele>
    </trkpt>
    <trkpt lat="59.324399294" lon="18.098182923">
      <ele>5.694238784</ele>
    </trkpt>
    <trkpt lat="59.324493474" lon="18.097967411">
      <ele>5.482050737</ele>
    </trkpt>
    <trkpt lat="59.32459334" lon="18.097738883">
      <ele>5.380851098</ele>
    </trkpt>
    <trkpt lat="59.324713106" lon="18.097546609">
      <ele>5.236640281</ele>
    </trkpt>
    <trkpt lat="59.324827183" lon="18.097363468">
      <ele>5.103439251</ele>
    </trkpt>
    <trkpt lat="59.324862493" lon="18.097316065">
      <ele>5.029380271</ele>
    </trkpt>
    <trkpt lat="59.324919918" lon="18.09724775">
      <ele>4.950287427</ele>
    </trkpt>
    <trkpt lat="59.324955989" lon="18.097208411">
      <ele>4.880230355</ele>
    </trkpt>
    <trkpt lat="59.325037447" lon="18.097131604">
      <ele>4.726105691</ele>
    </trkpt>
    <trkpt lat="59.32522754" lon="18.096971812">
      <ele>4.452821439</ele>
    </trkpt>
    <trkpt lat="59.325417632" lon="18.096812018">
      <ele>4.179536864</ele>
    </trkpt>
    <trkpt lat="59.325477302" lon="18.096769807">
      <ele>4.109450312</ele>
    </trkpt>
    <trkpt lat="59.325709804" lon="18.096587853">
      <ele>3.866106535</ele>
    </trkpt>
    <trkpt lat="59.32596959" lon="18.096384142">
      <ele>3.566721735</ele>
    </trkpt>
    <trkpt lat="59.326167946" lon="18.096231678">
      <ele>3.579428659</ele>
    </trkpt>
    <trkpt lat="59.326188463" lon="18.096212765">
      <ele>3.622397191</ele>
    </trkpt>
    <trkpt lat="59.32625714" lon="18.096159021">
      <ele>3.620295285</ele>
    </trkpt>
    <trkpt lat="59.326332492" lon="18.096113242">
      <ele>3.631188207</ele>
    </trkpt>
    <trkpt lat="59.326385075" lon="18.096086039">
      <ele>3.718115182</ele>
    </trkpt>
    <trkpt lat="59.326434118" lon="18.096065665">
      <ele>3.793048873</ele>
    </trkpt>
    <trkpt lat="59.326484436" lon="18.096046329">
      <ele>3.773981398</ele>
    </trkpt>
    <trkpt lat="59.326568882" lon="18.096027085">
      <ele>3.869872936</ele>
    </trkpt>
    <trkpt lat="59.326613453" lon="18.096016368">
      <ele>3.816815479</ele>
    </trkpt>
    <trkpt lat="59.32666126" lon="18.096016598">
      <ele>3.836758112</ele>
    </trkpt>
    <trkpt lat="59.326719023" lon="18.096014257">
      <ele>3.977687845</ele>
    </trkpt>
    <trkpt lat="59.326801771" lon="18.096027052">
      <ele>4.103593071</ele>
    </trkpt>
    <trkpt lat="59.326862116" lon="18.096034586">
      <ele>4.189523308</ele>
    </trkpt>
    <trkpt lat="59.326940337" lon="18.096056001">
      <ele>4.229437144</ele>
    </trkpt>
    <trkpt lat="59.32698112" lon="18.096069609">
      <ele>4.258393119</ele>
    </trkpt>
    <trkpt lat="59.327045556" lon="18.09609199">
      <ele>4.341323896</ele>
    </trkpt>
    <trkpt lat="59.327116278" lon="18.096116386">
      <ele>4.366247877</ele>
    </trkpt>
    <trkpt lat="59.327227148" lon="18.096154843">
      <ele>4.435128817</ele>
    </trkpt>
    <trkpt lat="59.327417094" lon="18.09622154">
      <ele>4.558925245</ele>
    </trkpt>
    <trkpt lat="59.327666187" lon="18.096307685">
      <ele>4.498657997</ele>
    </trkpt>
    <trkpt lat="59.327738932" lon="18.096343934">
      <ele>4.596584096</ele>
    </trkpt>
    <trkpt lat="59.327852632" lon="18.096394159">
      <ele>4.754466261</ele>
    </trkpt>
    <trkpt lat="59.327880063" lon="18.096398651">
      <ele>4.764435016</ele>
    </trkpt>
    <trkpt lat="59.327927018" lon="18.096402427">
      <ele>4.791380086</ele>
    </trkpt>
    <trkpt lat="59.327967869" lon="18.096405336">
      <ele>4.845332157</ele>
    </trkpt>
    <trkpt lat="59.327992958" lon="18.096405311">
      <ele>4.86730205</ele>
    </trkpt>
    <trkpt lat="59.32803489" lon="18.096397892">
      <ele>4.926248993</ele>
    </trkpt>
    <trkpt lat="59.328091275" lon="18.096384253">
      <ele>4.98117628</ele>
    </trkpt>
    <trkpt lat="59.328129222" lon="18.096372262">
      <ele>4.949126294</ele>
    </trkpt>
    <trkpt lat="59.328160329" lon="18.096359192">
      <ele>5.027084109</ele>
    </trkpt>
    <trkpt lat="59.32819475" lon="18.096341208">
      <ele>4.985036114</ele>
    </trkpt>
    <trkpt lat="59.328235807" lon="18.096314851">
      <ele>4.937977031</ele>
    </trkpt>
    <trkpt lat="59.328246069" lon="18.096307994">
      <ele>4.935962161</ele>
    </trkpt>
    <trkpt lat="59.328274631" lon="18.09628129">
      <ele>4.896917932</ele>
    </trkpt>
    <trkpt lat="59.328293091" lon="18.09626341">
      <ele>4.86788911</ele>
    </trkpt>
    <trkpt lat="59.328326359" lon="18.09622719">
      <ele>4.772835668</ele>
    </trkpt>
    <trkpt lat="59.328416482" lon="18.096131402">
      <ele>4.796691704</ele>
    </trkpt>
    <trkpt lat="59.328508915" lon="18.096033003">
      <ele>4.719543893</ele>
    </trkpt>
    <trkpt lat="59.328624958" lon="18.09590935">
      <ele>4.719358147</ele>
    </trkpt>
    <trkpt lat="59.328705477" lon="18.095823681">
      <ele>4.676229222</ele>
    </trkpt>
    <trkpt lat="59.328795878" lon="18.095727233">
      <ele>4.557084286</ele>
    </trkpt>
    <trkpt lat="59.328984299" lon="18.095526808">
      <ele>4.352782127</ele>
    </trkpt>
    <trkpt lat="59.329214842" lon="18.095281075">
      <ele>4.328411682</ele>
    </trkpt>
    <trkpt lat="59.329471403" lon="18.095008712">
      <ele>4.247999136</ele>
    </trkpt>
    <trkpt lat="59.329747906" lon="18.094713738">
      <ele>4.019553143</ele>
    </trkpt>
    <trkpt lat="59.32997811" lon="18.094468963">
      <ele>3.989181472</ele>
    </trkpt>
    <trkpt lat="59.330082162" lon="18.094356079">
      <ele>3.885043742</ele>
    </trkpt>
    <trkpt lat="59.330089102" lon="18.09434862">
      <ele>3.876035138</ele>
    </trkpt>
    <trkpt lat="59.330121067" lon="18.094316436">
      <ele>3.900996339</ele>
    </trkpt>
    <trkpt lat="59.330184961" lon="18.094253928">
      <ele>3.933919483</ele>
    </trkpt>
    <trkpt lat="59.330219941" lon="18.094224856">
      <ele>4.018879372</ele>
    </trkpt>
    <trkpt lat="59.33026334" lon="18.094198269">
      <ele>4.215833229</ele>
    </trkpt>
    <trkpt lat="59.330299303" lon="18.09417912">
      <ele>4.180589212</ele>
    </trkpt>
    <trkpt lat="59.330349354" lon="18.094152105">
      <ele>4.278744269</ele>
    </trkpt>
    <trkpt lat="59.330456362" lon="18.094094683">
      <ele>4.345633602</ele>
    </trkpt>
    <trkpt lat="59.330537042" lon="18.094058443">
      <ele>4.393552857</ele>
    </trkpt>
    <trkpt lat="59.330664619" lon="18.094001343">
      <ele>4.518425258</ele>
    </trkpt>
    <trkpt lat="59.330703989" lon="18.093983701">
      <ele>4.617385874</ele>
    </trkpt>
    <trkpt lat="59.330751095" lon="18.093962584">
      <ele>4.674338747</ele>
    </trkpt>
    <trkpt lat="59.330796279" lon="18.093944413">
      <ele>4.68329434</ele>
    </trkpt>
    <trkpt lat="59.330882932" lon="18.093899627">
      <ele>5.222076785</ele>
    </trkpt>
    <trkpt lat="59.330947022" lon="18.093860228">
      <ele>5.300236317</ele>
    </trkpt>
    <trkpt lat="59.331068045" lon="18.093789877">
      <ele>5.332237116</ele>
    </trkpt>
    <trkpt lat="59.331213434" lon="18.093703187">
      <ele>5.332083463</ele>
    </trkpt>
    <trkpt lat="59.331318763" lon="18.093643455">
      <ele>5.170030043</ele>
    </trkpt>
    <trkpt lat="59.331378869" lon="18.093607141">
      <ele>5.065658447</ele>
    </trkpt>
    <trkpt lat="59.331455485" lon="18.093566534">
      <ele>4.610288093</ele>
    </trkpt>
    <trkpt lat="59.331503399" lon="18.09353953">
      <ele>4.253749708</ele>
    </trkpt>
    <trkpt lat="59.331529829" lon="18.093520748">
      <ele>4.052086254</ele>
    </trkpt>
    <trkpt lat="59.331561619" lon="18.093492215">
      <ele>3.801887898</ele>
    </trkpt>
    <trkpt lat="59.331587204" lon="18.093460477">
      <ele>3.716923709</ele>
    </trkpt>
    <trkpt lat="59.331616506" lon="18.093427097">
      <ele>3.741557211</ele>
    </trkpt>
    <trkpt lat="59.33162846" lon="18.093402726">
      <ele>3.709009893</ele>
    </trkpt>
    <trkpt lat="59.331634223" lon="18.093386491">
      <ele>3.687155633</ele>
    </trkpt>
    <trkpt lat="59.331641612" lon="18.093349995">
      <ele>3.681104874</ele>
    </trkpt>
    <trkpt lat="59.331646106" lon="18.093313515">
      <ele>3.689221727</ele>
    </trkpt>
    <trkpt lat="59.331646854" lon="18.093259234">
      <ele>3.654440123</ele>
    </trkpt>
    <trkpt lat="59.331643775" lon="18.093131256">
      <ele>3.390104604</ele>
    </trkpt>
    <trkpt lat="59.331642398" lon="18.093037292">
      <ele>3.259117463</ele>
    </trkpt>
    <trkpt lat="59.331638467" lon="18.092892306">
      <ele>3.097232708</ele>
    </trkpt>
    <trkpt lat="59.331632376" lon="18.092683334">
      <ele>2.856434138</ele>
    </trkpt>
    <trkpt lat="59.331626274" lon="18.092467072">
      <ele>2.733608538</ele>
    </trkpt>
    <trkpt lat="59.331618405" lon="18.09217386">
      <ele>2.740396382</ele>
    </trkpt>
    <trkpt lat="59.331609252" lon="18.091850682">
      <ele>2.507535418</ele>
    </trkpt>
    <trkpt lat="59.331601393" lon="18.091564761">
      <ele>2.399450147</ele>
    </trkpt>
    <trkpt lat="59.331594409" lon="18.09131205">
      <ele>2.277237532</ele>
    </trkpt>
    <trkpt lat="59.331582204" lon="18.090882767">
      <ele>2.141474341</ele>
    </trkpt>
    <trkpt lat="59.331574361" lon="18.090608998">
      <ele>2.014569358</ele>
    </trkpt>
    <trkpt lat="59.331568255" lon="18.090392736">
      <ele>1.992461263</ele>
    </trkpt>
    <trkpt lat="59.331563442" lon="18.090212112">
      <ele>1.997381525</ele>
    </trkpt>
    <trkpt lat="59.331555127" lon="18.089900271">
      <ele>2.056929274</ele>
    </trkpt>
    <trkpt lat="59.331545987" lon="18.089589246">
      <ele>1.930852858</ele>
    </trkpt>
    <trkpt lat="59.331538116" lon="18.089299276">
      <ele>1.89023648</ele>
    </trkpt>
    <trkpt lat="59.331530652" lon="18.089004443">
      <ele>1.951629219</ele>
    </trkpt>
    <trkpt lat="59.331524995" lon="18.088814102">
      <ele>2.02576552</ele>
    </trkpt>
    <trkpt lat="59.33151498" lon="18.088472299">
      <ele>2.095871419</ele>
    </trkpt>
    <trkpt lat="59.331504922" lon="18.088102952">
      <ele>2.223891992</ele>
    </trkpt>
    <trkpt lat="59.331498343" lon="18.08784943">
      <ele>2.190386386</ele>
    </trkpt>
    <trkpt lat="59.331493484" lon="18.087640453">
      <ele>2.17745436</ele>
    </trkpt>
    <trkpt lat="59.331485568" lon="18.087322941">
      <ele>2.26420596</ele>
    </trkpt>
    <trkpt lat="59.33147808" lon="18.087015147">
      <ele>2.182362329</ele>
    </trkpt>
    <trkpt lat="59.331472603" lon="18.086775176">
      <ele>2.203035079</ele>
    </trkpt>
    <trkpt lat="59.331468429" lon="18.086609568">
      <ele>2.141267796</ele>
    </trkpt>
    <trkpt lat="59.331463948" lon="18.086465083">
      <ele>2.164026538</ele>
    </trkpt>
    <trkpt lat="59.331460137" lon="18.086329409">
      <ele>2.149979661</ele>
    </trkpt>
    <trkpt lat="59.331455073" lon="18.086150747">
      <ele>2.059491447</ele>
    </trkpt>
    <trkpt lat="59.331450617" lon="18.085992039">
      <ele>2.026547263</ele>
    </trkpt>
    <trkpt lat="59.33144207" lon="18.085690456">
      <ele>2.076174176</ele>
    </trkpt>
    <trkpt lat="59.331433295" lon="18.085379209">
      <ele>2.151476537</ele>
    </trkpt>
    <trkpt lat="59.331426212" lon="18.085126712">
      <ele>2.153805358</ele>
    </trkpt>
    <trkpt lat="59.331420285" lon="18.084914956">
      <ele>2.198519088</ele>
    </trkpt>
    <trkpt lat="59.331410499" lon="18.084568206">
      <ele>2.42737201</ele>
    </trkpt>
    <trkpt lat="59.331406898" lon="18.084134643">
      <ele>2.380028573</ele>
    </trkpt>
    <trkpt lat="59.331403052" lon="18.083679077">
      <ele>2.527641483</ele>
    </trkpt>
    <trkpt lat="59.33139793" lon="18.083054382">
      <ele>2.656168654</ele>
    </trkpt>
    <trkpt lat="59.33139362" lon="18.082548233">
      <ele>2.476686149</ele>
    </trkpt>
    <trkpt lat="59.331388461" lon="18.081922229">
      <ele>2.368095435</ele>
    </trkpt>
    <trkpt lat="59.331387343" lon="18.081793939">
      <ele>2.361167569</ele>
    </trkpt>
    <trkpt lat="59.33139395" lon="18.081593979">
      <ele>2.291085799</ele>
    </trkpt>
    <trkpt lat="59.331419246" lon="18.081382124">
      <ele>2.250984027</ele>
    </trkpt>
    <trkpt lat="59.331453288" lon="18.081208344">
      <ele>2.280889553</ele>
    </trkpt>
    <trkpt lat="59.331503357" lon="18.081011471">
      <ele>2.546773009</ele>
    </trkpt>
    <trkpt lat="59.331564957" lon="18.080766171">
      <ele>2.415628452</ele>
    </trkpt>
    <trkpt lat="59.331619689" lon="18.080550802">
      <ele>2.368501002</ele>
    </trkpt>
    <trkpt lat="59.331677679" lon="18.080321515">
      <ele>2.345365549</ele>
    </trkpt>
    <trkpt lat="59.331745662" lon="18.080052982">
      <ele>2.429206862</ele>
    </trkpt>
    <trkpt lat="59.331890861" lon="18.079479247">
      <ele>2.372001239</ele>
    </trkpt>
    <trkpt lat="59.331933199" lon="18.079311756">
      <ele>2.336796468</ele>
    </trkpt>
    <trkpt lat="59.331977399" lon="18.079137621">
      <ele>2.371484928</ele>
    </trkpt>
    <trkpt lat="59.332064565" lon="18.07879284">
      <ele>2.419081377</ele>
    </trkpt>
    <trkpt lat="59.332123408" lon="18.078560306">
      <ele>2.342110747</ele>
    </trkpt>
    <trkpt lat="59.332194364" lon="18.078279915">
      <ele>2.297344011</ele>
    </trkpt>
    <trkpt lat="59.332274807" lon="18.077962325">
      <ele>2.206053141</ele>
    </trkpt>
    <trkpt lat="59.332323867" lon="18.077768148">
      <ele>2.243946272</ele>
    </trkpt>
    <trkpt lat="59.332332096" lon="18.077732999">
      <ele>2.265927466</ele>
    </trkpt>
    <trkpt lat="59.33233966" lon="18.077697288">
      <ele>2.231909018</ele>
    </trkpt>
    <trkpt lat="59.332346568" lon="18.077661066">
      <ele>2.235890937</ele>
    </trkpt>
    <trkpt lat="59.332352786" lon="18.077624387">
      <ele>2.280873272</ele>
    </trkpt>
    <trkpt lat="59.332358321" lon="18.077587269">
      <ele>2.320856021</ele>
    </trkpt>
    <trkpt lat="59.332363174" lon="18.077549799">
      <ele>2.306839213</ele>
    </trkpt>
    <trkpt lat="59.332367318" lon="18.077511995">
      <ele>2.357822878</ele>
    </trkpt>
    <trkpt lat="59.332370753" lon="18.077473927">
      <ele>2.307807038</ele>
    </trkpt>
    <trkpt lat="59.332373488" lon="18.077435647">
      <ele>2.325791706</ele>
    </trkpt>
    <trkpt lat="59.332375505" lon="18.077397192">
      <ele>2.319776907</ele>
    </trkpt>
    <trkpt lat="59.332376813" lon="18.077358613">
      <ele>2.297762652</ele>
    </trkpt>
    <trkpt lat="59.33237741" lon="18.0773188">
      <ele>2.145295946</ele>
    </trkpt>
    <trkpt lat="59.332376176" lon="18.077235908">
      <ele>2.207249871</ele>
    </trkpt>
    <trkpt lat="59.332373309" lon="18.077186841">
      <ele>2.270706892</ele>
    </trkpt>
    <trkpt lat="59.332370531" lon="18.077151456">
      <ele>2.240697104</ele>
    </trkpt>
    <trkpt lat="59.33236921" lon="18.077138342">
      <ele>2.233009316</ele>
    </trkpt>
    <trkpt lat="59.332355552" lon="18.077023124">
      <ele>2.262527405</ele>
    </trkpt>
    <trkpt lat="59.332343005" lon="18.076917277">
      <ele>2.136385219</ele>
    </trkpt>
    <trkpt lat="59.332334316" lon="18.076843981">
      <ele>2.177386308</ele>
    </trkpt>
    <trkpt lat="59.332316558" lon="18.076769321">
      <ele>2.215739452</ele>
    </trkpt>
    <trkpt lat="59.332270654" lon="18.076635098">
      <ele>2.193996722</ele>
    </trkpt>
    <trkpt lat="59.332212604" lon="18.076499494">
      <ele>2.179346506</ele>
    </trkpt>
    <trkpt lat="59.332147303" lon="18.07637901">
      <ele>2.191096905</ele>
    </trkpt>
    <trkpt lat="59.332075463" lon="18.076275264">
      <ele>2.181588409</ele>
    </trkpt>
    <trkpt lat="59.332036575" lon="18.0762304">
      <ele>2.19880285</ele>
    </trkpt>
    <trkpt lat="59.331971745" lon="18.07617236">
      <ele>2.245648715</ele>
    </trkpt>
    <trkpt lat="59.33190812" lon="18.076131029">
      <ele>2.24472781</ele>
    </trkpt>
    <trkpt lat="59.331846621" lon="18.076101796">
      <ele>2.202054259</ele>
    </trkpt>
    <trkpt lat="59.331765064" lon="18.076082886">
      <ele>2.187352627</ele>
    </trkpt>
    <trkpt lat="59.331675367" lon="18.076084435">
      <ele>2.190448275</ele>
    </trkpt>
    <trkpt lat="59.331587689" lon="18.076118787">
      <ele>2.186124055</ele>
    </trkpt>
    <trkpt lat="59.331505369" lon="18.076187757">
      <ele>2.235079006</ele>
    </trkpt>
    <trkpt lat="59.331363497" lon="18.076398246">
      <ele>2.014048501</ele>
    </trkpt>
    <trkpt lat="59.331306854" lon="18.076516835">
      <ele>2.007887137</ele>
    </trkpt>
    <trkpt lat="59.33121409" lon="18.076711047">
      <ele>1.968167793</ele>
    </trkpt>
    <trkpt lat="59.331142293" lon="18.076861361">
      <ele>2.093613278</ele>
    </trkpt>
    <trkpt lat="59.330909943" lon="18.077351465">
      <ele>2.009972809</ele>
    </trkpt>
    <trkpt lat="59.330737649" lon="18.077688236">
      <ele>1.922230326</ele>
    </trkpt>
    <trkpt lat="59.330562066" lon="18.078031429">
      <ele>1.822492776</ele>
    </trkpt>
    <trkpt lat="59.330348341" lon="18.078449168">
      <ele>1.751812262</ele>
    </trkpt>
    <trkpt lat="59.330226526" lon="18.07868726">
      <ele>1.554793631</ele>
    </trkpt>
    <trkpt lat="59.330220025" lon="18.078696761">
      <ele>1.551002991</ele>
    </trkpt>
    <trkpt lat="59.330217143" lon="18.078700307">
      <ele>1.560006587</ele>
    </trkpt>
    <trkpt lat="59.33021383" lon="18.078702853">
      <ele>1.592010196</ele>
    </trkpt>
    <trkpt lat="59.330210185" lon="18.078704308">
      <ele>1.603013707</ele>
    </trkpt>
    <trkpt lat="59.330206299" lon="18.07870464">
      <ele>1.563017035</ele>
    </trkpt>
    <trkpt lat="59.330202304" lon="18.078703829">
      <ele>1.538020061</ele>
    </trkpt>
    <trkpt lat="59.330198319" lon="18.078701912">
      <ele>1.526022701</ele>
    </trkpt>
    <trkpt lat="59.330193579" lon="18.078698114">
      <ele>1.529025321</ele>
    </trkpt>
    <trkpt lat="59.330190025" lon="18.078693966">
      <ele>1.574026842</ele>
    </trkpt>
    <trkpt lat="59.330188338" lon="18.078691523">
      <ele>1.674027402</ele>
    </trkpt>
    <trkpt lat="59.329937872" lon="18.078301222">
      <ele>2.13512976</ele>
    </trkpt>
    <trkpt lat="59.329780571" lon="18.078056443">
      <ele>2.555248813</ele>
    </trkpt>
    <trkpt lat="59.329635351" lon="18.077830419">
      <ele>2.772358766</ele>
    </trkpt>
    <trkpt lat="59.329566203" lon="18.077701941">
      <ele>2.735404018</ele>
    </trkpt>
    <trkpt lat="59.329448067" lon="18.07752089">
      <ele>2.84349449</ele>
    </trkpt>
    <trkpt lat="59.32929947" lon="18.077294324">
      <ele>2.888608738</ele>
    </trkpt>
    <trkpt lat="59.329201976" lon="18.077145454">
      <ele>2.811683651</ele>
    </trkpt>
    <trkpt lat="59.329059706" lon="18.076928222">
      <ele>2.779793017</ele>
    </trkpt>
    <trkpt lat="59.328969964" lon="18.076791227">
      <ele>2.657087741</ele>
    </trkpt>
    <trkpt lat="59.328956868" lon="18.07676435">
      <ele>2.584184387</ele>
    </trkpt>
    <trkpt lat="59.328947567" lon="18.076733873">
      <ele>2.565241275</ele>
    </trkpt>
    <trkpt lat="59.328942159" lon="18.076700317">
      <ele>2.506314886</ele>
    </trkpt>
    <trkpt lat="59.328943908" lon="18.07666498">
      <ele>2.442272938</ele>
    </trkpt>
    <trkpt lat="59.328953298" lon="18.07663507">
      <ele>2.4108157</ele>
    </trkpt>
    <trkpt lat="59.329056346" lon="18.076335673">
      <ele>2.025324871</ele>
    </trkpt>
    <trkpt lat="59.329111675" lon="18.076174916">
      <ele>2.121123885</ele>
    </trkpt>
    <trkpt lat="59.329186375" lon="18.075957877">
      <ele>2.233131398</ele>
    </trkpt>
    <trkpt lat="59.329284983" lon="18.075671374">
      <ele>2.333684193</ele>
    </trkpt>
    <trkpt lat="59.32938197" lon="18.075389574">
      <ele>2.404138969</ele>
    </trkpt>
    <trkpt lat="59.329477995" lon="18.075110567">
      <ele>2.293728672</ele>
    </trkpt>
    <trkpt lat="59.329569834" lon="18.07484245">
      <ele>2.314705641</ele>
    </trkpt>
    <trkpt lat="59.329593257" lon="18.074758313">
      <ele>2.332397323</ele>
    </trkpt>
    <trkpt lat="59.329605352" lon="18.074707755">
      <ele>2.336856837</ele>
    </trkpt>
    <trkpt lat="59.329611416" lon="18.074674135">
      <ele>2.327238279</ele>
    </trkpt>
    <trkpt lat="59.329619613" lon="18.074619327">
      <ele>2.395061567</ele>
    </trkpt>
    <trkpt lat="59.329625655" lon="18.074562338">
      <ele>2.404744584</ele>
    </trkpt>
    <trkpt lat="59.32962772" lon="18.074524065">
      <ele>2.398263208</ele>
    </trkpt>
    <trkpt lat="59.329653481" lon="18.073802526">
      <ele>2.652401812</ele>
    </trkpt>
    <trkpt lat="59.329643288" lon="18.073716825">
      <ele>2.67298122</ele>
    </trkpt>
    <trkpt lat="59.329630698" lon="18.073638262">
      <ele>2.640568051</ele>
    </trkpt>
    <trkpt lat="59.32961397" lon="18.073558967">
      <ele>2.571198557</ele>
    </trkpt>
    <trkpt lat="59.329581756" lon="18.073442356">
      <ele>2.513822905</ele>
    </trkpt>
    <trkpt lat="59.329572964" lon="18.073413902">
      <ele>2.512023297</ele>
    </trkpt>
    <trkpt lat="59.329561329" lon="18.073389419">
      <ele>2.492864802</ele>
    </trkpt>
    <trkpt lat="59.329548995" lon="18.073371346">
      <ele>2.479131442</ele>
    </trkpt>
    <trkpt lat="59.329534677" lon="18.073360624">
      <ele>2.505732052</ele>
    </trkpt>
    <trkpt lat="59.329505417" lon="18.073352484">
      <ele>2.560338888</ele>
    </trkpt>
    <trkpt lat="59.329386941" lon="18.073323396">
      <ele>2.697140475</ele>
    </trkpt>
    <trkpt lat="59.329255718" lon="18.073291179">
      <ele>2.992299111</ele>
    </trkpt>
    <trkpt lat="59.329026925" lon="18.073235008">
      <ele>3.367575718</ele>
    </trkpt>
    <trkpt lat="59.328806286" lon="18.073180839">
      <ele>3.700842487</ele>
    </trkpt>
    <trkpt lat="59.328594638" lon="18.073128879">
      <ele>3.960098405</ele>
    </trkpt>
    <trkpt lat="59.328405639" lon="18.073082479">
      <ele>3.938326951</ele>
    </trkpt>
    <trkpt lat="59.328253227" lon="18.073045062">
      <ele>3.849511266</ele>
    </trkpt>
    <trkpt lat="59.328106535" lon="18.073075234">
      <ele>3.696711193</ele>
    </trkpt>
    <trkpt lat="59.32809018" lon="18.073080287">
      <ele>3.714734059</ele>
    </trkpt>
    <trkpt lat="59.328073959" lon="18.073086728">
      <ele>3.677757222</ele>
    </trkpt>
    <trkpt lat="59.328057891" lon="18.073094522">
      <ele>3.735780648</ele>
    </trkpt>
    <trkpt lat="59.328042011" lon="18.073103685">
      <ele>3.746804296</ele>
    </trkpt>
    <trkpt lat="59.328026346" lon="18.073114185">
      <ele>3.704828121</ele>
    </trkpt>
    <trkpt lat="59.328010933" lon="18.073126019">
      <ele>3.753852074</ele>
    </trkpt>
    <trkpt lat="59.327995797" lon="18.073139135">
      <ele>3.760876104</ele>
    </trkpt>
    <trkpt lat="59.327980967" lon="18.073153516">
      <ele>3.76990017</ele>
    </trkpt>
    <trkpt lat="59.327927588" lon="18.073208251">
      <ele>3.789987797</ele>
    </trkpt>
    <trkpt lat="59.327810523" lon="18.073333735">
      <ele>3.873181806</ele>
    </trkpt>
    <trkpt lat="59.327726398" lon="18.073428965">
      <ele>3.910322928</ele>
    </trkpt>
    <trkpt lat="59.32677939" lon="18.074500938">
      <ele>3.810910624</ele>
    </trkpt>
    <trkpt lat="59.32669019" lon="18.074601905">
      <ele>3.933060083</ele>
    </trkpt>
    <trkpt lat="59.326606444" lon="18.074696698">
      <ele>3.92820039</ele>
    </trkpt>
    <trkpt lat="59.32649885" lon="18.074818484">
      <ele>3.664380631</ele>
    </trkpt>
    <trkpt lat="59.326461557" lon="18.074860695">
      <ele>3.721443098</ele>
    </trkpt>
    <trkpt lat="59.326416611" lon="18.07491157">
      <ele>3.723518384</ele>
    </trkpt>
    <trkpt lat="59.326371931" lon="18.074962142">
      <ele>3.616593217</ele>
    </trkpt>
    <trkpt lat="59.32618943" lon="18.075168713">
      <ele>3.335898849</ele>
    </trkpt>
    <trkpt lat="59.326114091" lon="18.075253987">
      <ele>3.275024999</ele>
    </trkpt>
    <trkpt lat="59.326079468" lon="18.075293176">
      <ele>3.18208297</ele>
    </trkpt>
    <trkpt lat="59.326052365" lon="18.075323852">
      <ele>3.129128347</ele>
    </trkpt>
    <trkpt lat="59.326025127" lon="18.07535407">
      <ele>3.019173742</ele>
    </trkpt>
    <trkpt lat="59.325997539" lon="18.075383075">
      <ele>3.058219177</ele>
    </trkpt>
    <trkpt lat="59.32596962" lon="18.075410816">
      <ele>3.010264611</ele>
    </trkpt>
    <trkpt lat="59.325941386" lon="18.07543731">
      <ele>2.962310027</ele>
    </trkpt>
    <trkpt lat="59.325912847" lon="18.075462539">
      <ele>2.965355408</ele>
    </trkpt>
    <trkpt lat="59.325884021" lon="18.075486468">
      <ele>2.850400718</ele>
    </trkpt>
    <trkpt lat="59.325854917" lon="18.075509097">
      <ele>2.845445946</ele>
    </trkpt>
    <trkpt lat="59.325825562" lon="18.075530425">
      <ele>2.869491057</ele>
    </trkpt>
    <trkpt lat="59.325795956" lon="18.075550419">
      <ele>2.763536039</ele>
    </trkpt>
    <trkpt lat="59.325766135" lon="18.075569078">
      <ele>2.728580847</ele>
    </trkpt>
    <trkpt lat="59.325692255" lon="18.07561006">
      <ele>2.722690075</ele>
    </trkpt>
    <trkpt lat="59.325569763" lon="18.07562849">
      <ele>2.928854418</ele>
    </trkpt>
    <trkpt lat="59.325492116" lon="18.075640173">
      <ele>2.950958593</ele>
    </trkpt>
    <trkpt lat="59.325411644" lon="18.075652281">
      <ele>2.973066556</ele>
    </trkpt>
    <trkpt lat="59.325331091" lon="18.075664401">
      <ele>2.996174626</ele>
    </trkpt>
    <trkpt lat="59.325249206" lon="18.075676721">
      <ele>3.019284481</ele>
    </trkpt>
    <trkpt lat="59.325168355" lon="18.075688886">
      <ele>3.034392948</ele>
    </trkpt>
    <trkpt lat="59.325087795" lon="18.075701007">
      <ele>3.049501022</ele>
    </trkpt>
    <trkpt lat="59.325006581" lon="18.075713226">
      <ele>3.064609972</ele>
    </trkpt>
    <trkpt lat="59.324926424" lon="18.075716812">
      <ele>3.079714642</ele>
    </trkpt>
    <trkpt lat="59.324842705" lon="18.075711965">
      <ele>3.018821061</ele>
    </trkpt>
    <trkpt lat="59.324761537" lon="18.075696775">
      <ele>2.958920698</ele>
    </trkpt>
    <trkpt lat="59.324681511" lon="18.075668833">
      <ele>2.900014561</ele>
    </trkpt>
    <trkpt lat="59.324599386" lon="18.075631037">
      <ele>2.846107811</ele>
    </trkpt>
    <trkpt lat="59.324518731" lon="18.075605044">
      <ele>2.680203151</ele>
    </trkpt>
    <trkpt lat="59.324443282" lon="18.075578827">
      <ele>2.673291698</ele>
    </trkpt>
    <trkpt lat="59.324390451" lon="18.075559632">
      <ele>2.75535342</ele>
    </trkpt>
    <trkpt lat="59.324350698" lon="18.075546681">
      <ele>2.722400367</ele>
    </trkpt>
    <trkpt lat="59.324308271" lon="18.075533042">
      <ele>2.690450537</ele>
    </trkpt>
    <trkpt lat="59.324260924" lon="18.075517223">
      <ele>2.665506321</ele>
    </trkpt>
    <trkpt lat="59.324234285" lon="18.075507933">
      <ele>2.674537578</ele>
    </trkpt>
    <trkpt lat="59.324151216" lon="18.075477285">
      <ele>2.620634481</ele>
    </trkpt>
    <trkpt lat="59.324066109" lon="18.075445478">
      <ele>2.580733628</ele>
    </trkpt>
    <trkpt lat="59.323981793" lon="18.075414197">
      <ele>2.540831937</ele>
    </trkpt>
    <trkpt lat="59.323896274" lon="18.075382548">
      <ele>2.500931679</ele>
    </trkpt>
    <trkpt lat="59.323810979" lon="18.075351689">
      <ele>2.536031402</ele>
    </trkpt>
    <trkpt lat="59.323727811" lon="18.075321393">
      <ele>2.570128573</ele>
    </trkpt>
    <trkpt lat="59.323640667" lon="18.075289392">
      <ele>2.606230307</ele>
    </trkpt>
    <trkpt lat="59.323555354" lon="18.075258006">
      <ele>2.642329889</ele>
    </trkpt>
    <trkpt lat="59.32347101" lon="18.075226867">
      <ele>2.676428307</ele>
    </trkpt>
    <trkpt lat="59.323386837" lon="18.075196133">
      <ele>2.711526645</ele>
    </trkpt>
    <trkpt lat="59.323302584" lon="18.075164572">
      <ele>2.696624814</ele>
    </trkpt>
    <trkpt lat="59.323216095" lon="18.075132484">
      <ele>2.681725696</ele>
    </trkpt>
    <trkpt lat="59.32313168" lon="18.075100345">
      <ele>2.656823888</ele>
    </trkpt>
    <trkpt lat="59.323046816" lon="18.075065817">
      <ele>2.631921861</ele>
    </trkpt>
    <trkpt lat="59.322987186" lon="18.075037131">
      <ele>2.631989218</ele>
    </trkpt>
    <trkpt lat="59.322886859" lon="18.074979947">
      <ele>2.632099555</ele>
    </trkpt>
    <trkpt lat="59.322785956" lon="18.074919101">
      <ele>2.630209417</ele>
    </trkpt>
    <trkpt lat="59.322693396" lon="18.074863116">
      <ele>2.536310147</ele>
    </trkpt>
    <trkpt lat="59.322547569" lon="18.074774363">
      <ele>2.585468678</ele>
    </trkpt>
    <trkpt lat="59.322420921" lon="18.074705303">
      <ele>2.612609067</ele>
    </trkpt>
    <trkpt lat="59.322334951" lon="18.074645839">
      <ele>2.550086511</ele>
    </trkpt>
    <trkpt lat="59.322026921" lon="18.074454114">
      <ele>2.876244406</ele>
    </trkpt>
    <trkpt lat="59.321611018" lon="18.074195251">
      <ele>5.638396911</ele>
    </trkpt>
    <trkpt lat="59.321513036" lon="18.074134268">
      <ele>5.94708667</ele>
    </trkpt>
    <trkpt lat="59.321224144" lon="18.073954464">
      <ele>7.364288841</ele>
    </trkpt>
    <trkpt lat="59.320980881" lon="18.07372755">
      <ele>8.808609345</ele>
    </trkpt>
    <trkpt lat="59.320696087" lon="18.0734619">
      <ele>10.491735188</ele>
    </trkpt>
    <trkpt lat="59.320423803" lon="18.073207924">
      <ele>11.84794458</ele>
    </trkpt>
    <trkpt lat="59.320410543" lon="18.073195556">
      <ele>11.952878603</ele>
    </trkpt>
    <trkpt lat="59.320396514" lon="18.073180945">
      <ele>12.069972165</ele>
    </trkpt>
    <trkpt lat="59.320385144" lon="18.073166654">
      <ele>12.203895449</ele>
    </trkpt>
    <trkpt lat="59.320373664" lon="18.073149619">
      <ele>12.345928773</ele>
    </trkpt>
    <trkpt lat="59.320360448" lon="18.073126067">
      <ele>12.432498699</ele>
    </trkpt>
    <trkpt lat="59.320351162" lon="18.073106329">
      <ele>12.463304502</ele>
    </trkpt>
    <trkpt lat="59.320341521" lon="18.073082129">
      <ele>12.573752833</ele>
    </trkpt>
    <trkpt lat="59.320307035" lon="18.072971587">
      <ele>12.77942738</ele>
    </trkpt>
    <trkpt lat="59.320218193" lon="18.07268681">
      <ele>12.873780355</ele>
    </trkpt>
    <trkpt lat="59.320154806" lon="18.072510817">
      <ele>12.973803604</ele>
    </trkpt>
    <trkpt lat="59.320153135" lon="18.072506634">
      <ele>12.98380437</ele>
    </trkpt>
    <trkpt lat="59.320150894" lon="18.072503635">
      <ele>12.993806267</ele>
    </trkpt>
    <trkpt lat="59.320145882" lon="18.072499237">
      <ele>13.013811283</ele>
    </trkpt>
    <trkpt lat="59.320140621" lon="18.072496141">
      <ele>13.033817054</ele>
    </trkpt>
    <trkpt lat="59.320133518" lon="18.072494139">
      <ele>13.053825572</ele>
    </trkpt>
    <trkpt lat="59.320126343" lon="18.072494195">
      <ele>13.073834872</ele>
    </trkpt>
    <trkpt lat="59.320098754" lon="18.072495498">
      <ele>13.12387099</ele>
    </trkpt>
    <trkpt lat="59.320047727" lon="18.072497907">
      <ele>13.17393779</ele>
    </trkpt>
    <trkpt lat="59.320008313" lon="18.072504028">
      <ele>13.223990809</ele>
    </trkpt>
    <trkpt lat="59.319969481" lon="18.072518591">
      <ele>13.274047528</ele>
    </trkpt>
    <trkpt lat="59.319679295" lon="18.072660216">
      <ele>13.274485423</ele>
    </trkpt>
    <trkpt lat="59.319568461" lon="18.072714308">
      <ele>13.274652557</ele>
    </trkpt>
    <trkpt lat="59.319522158" lon="18.072736905">
      <ele>13.274722361</ele>
    </trkpt>
    <trkpt lat="59.319383951" lon="18.072804355">
      <ele>13.288646881</ele>
    </trkpt>
    <trkpt lat="59.319372602" lon="18.072811215">
      <ele>13.404948185</ele>
    </trkpt>
    <trkpt lat="59.319361707" lon="18.072820478">
      <ele>13.524965901</ele>
    </trkpt>
    <trkpt lat="59.3193514" lon="18.072832031">
      <ele>13.644983582</ele>
    </trkpt>
    <trkpt lat="59.319341806" lon="18.072845734">
      <ele>13.794405394</ele>
    </trkpt>
    <trkpt lat="59.319312734" lon="18.072918367">
      <ele>14.354455004</ele>
    </trkpt>
    <trkpt lat="59.319268727" lon="18.073099515">
      <ele>14.632441777</ele>
    </trkpt>
    <trkpt lat="59.319237327" lon="18.073228797">
      <ele>14.890914024</ele>
    </trkpt>
    <trkpt lat="59.319217592" lon="18.073310054">
      <ele>15.063808371</ele>
    </trkpt>
    <trkpt lat="59.319174249" lon="18.073488505">
      <ele>15.426604997</ele>
    </trkpt>
    <trkpt lat="59.319133949" lon="18.073680167">
      <ele>15.704589992</ele>
    </trkpt>
    <trkpt lat="59.319111833" lon="18.073858476">
      <ele>15.982546149</ele>
    </trkpt>
    <trkpt lat="59.319092963" lon="18.074010619">
      <ele>15.852718688</ele>
    </trkpt>
    <trkpt lat="59.319068138" lon="18.074210771">
      <ele>16.151817696</ele>
    </trkpt>
    <trkpt lat="59.319048124" lon="18.074413786">
      <ele>16.460911159</ele>
    </trkpt>
    <trkpt lat="59.319021518" lon="18.074683654">
      <ele>16.895035333</ele>
    </trkpt>
    <trkpt lat="59.318998874" lon="18.074913339">
      <ele>17.227140958</ele>
    </trkpt>
    <trkpt lat="59.318972398" lon="18.075181886">
      <ele>17.533264384</ele>
    </trkpt>
    <trkpt lat="59.318935105" lon="18.075560142">
      <ele>18.138438107</ele>
    </trkpt>
    <trkpt lat="59.318903397" lon="18.07588174">
      <ele>18.606585691</ele>
    </trkpt>
    <trkpt lat="59.31887663" lon="18.076153215">
      <ele>19.048710189</ele>
    </trkpt>
    <trkpt lat="59.318860933" lon="18.07630142">
      <ele>19.405779562</ele>
    </trkpt>
    <trkpt lat="59.318842747" lon="18.076473131">
      <ele>19.598859906</ele>
    </trkpt>
    <trkpt lat="59.318818243" lon="18.076704487">
      <ele>19.916968107</ele>
    </trkpt>
    <trkpt lat="59.318803446" lon="18.076844187">
      <ele>20.148033412</ele>
    </trkpt>
    <trkpt lat="59.318786047" lon="18.077008456">
      <ele>20.389110175</ele>
    </trkpt>
    <trkpt lat="59.318763832" lon="18.077218197">
      <ele>20.661208144</ele>
    </trkpt>
    <trkpt lat="59.31874043" lon="18.077439133">
      <ele>20.888311288</ele>
    </trkpt>
    <trkpt lat="59.318721075" lon="18.077621864">
      <ele>21.088396555</ele>
    </trkpt>
    <trkpt lat="59.318703825" lon="18.077784709">
      <ele>21.418472512</ele>
    </trkpt>
    <trkpt lat="59.318683003" lon="18.07798128">
      <ele>21.466564159</ele>
    </trkpt>
    <trkpt lat="59.318667651" lon="18.0780846">
      <ele>21.55861812</ele>
    </trkpt>
    <trkpt lat="59.318636357" lon="18.078247356">
      <ele>21.658712447</ele>
    </trkpt>
    <trkpt lat="59.318598186" lon="18.07839997">
      <ele>21.867812463</ele>
    </trkpt>
    <trkpt lat="59.318557772" lon="18.078571537">
      <ele>22.05492154</ele>
    </trkpt>
    <trkpt lat="59.318535909" lon="18.07866435">
      <ele>22.125980518</ele>
    </trkpt>
    <trkpt lat="59.318514527" lon="18.078755125">
      <ele>22.220038178</ele>
    </trkpt>
    <trkpt lat="59.318493478" lon="18.078844481">
      <ele>22.156094918</ele>
    </trkpt>
    <trkpt lat="59.31847255" lon="18.078933325">
      <ele>22.320151313</ele>
    </trkpt>
    <trkpt lat="59.318450811" lon="18.079025612">
      <ele>22.370209872</ele>
    </trkpt>
    <trkpt lat="59.318432289" lon="18.079104238">
      <ele>22.535794827</ele>
    </trkpt>
    <trkpt lat="59.318392495" lon="18.079273172">
      <ele>22.654399786</ele>
    </trkpt>
    <trkpt lat="59.318350103" lon="18.079453129">
      <ele>22.891509506</ele>
    </trkpt>
    <trkpt lat="59.318314578" lon="18.079603935">
      <ele>23.010102844</ele>
    </trkpt>
    <trkpt lat="59.31827854" lon="18.079756921">
      <ele>23.128697503</ele>
    </trkpt>
    <trkpt lat="59.318228052" lon="18.079971241">
      <ele>23.286830159</ele>
    </trkpt>
    <trkpt lat="59.31819035" lon="18.080131285">
      <ele>23.444928706</ele>
    </trkpt>
    <trkpt lat="59.318152103" lon="18.080293643">
      <ele>23.642528047</ele>
    </trkpt>
    <trkpt lat="59.318121894" lon="18.080421877">
      <ele>23.761107177</ele>
    </trkpt>
    <trkpt lat="59.318086617" lon="18.080571622">
      <ele>23.840200643</ele>
    </trkpt>
    <trkpt lat="59.31805044" lon="18.08072519">
      <ele>23.998295086</ele>
    </trkpt>
    <trkpt lat="59.318022051" lon="18.080845698">
      <ele>24.116869287</ele>
    </trkpt>
    <trkpt lat="59.317974485" lon="18.081047603">
      <ele>24.353992889</ele>
    </trkpt>
    <trkpt lat="59.317918791" lon="18.081284013">
      <ele>24.630637601</ele>
    </trkpt>
    <trkpt lat="59.317865287" lon="18.081511123">
      <ele>24.70977997</ele>
    </trkpt>
    <trkpt lat="59.31780737" lon="18.081756961">
      <ele>24.986430582</ele>
    </trkpt>
    <trkpt lat="59.317759811" lon="18.081958829">
      <ele>25.223554048</ele>
    </trkpt>
    <trkpt lat="59.31770451" lon="18.08219356">
      <ele>25.342200429</ele>
    </trkpt>
    <trkpt lat="59.31763971" lon="18.082468604">
      <ele>25.460872275</ele>
    </trkpt>
    <trkpt lat="59.317634763" lon="18.082487299">
      <ele>25.460884807</ele>
    </trkpt>
    <trkpt lat="59.317629462" lon="18.082505303">
      <ele>25.460897576</ele>
    </trkpt>
    <trkpt lat="59.317617797" lon="18.082541313">
      <ele>25.500423784</ele>
    </trkpt>
    <trkpt lat="59.317595581" lon="18.082593024">
      <ele>25.408488181</ele>
    </trkpt>
    <trkpt lat="59.317579419" lon="18.082619564">
      <ele>25.467517884</ele>
    </trkpt>
    <trkpt lat="59.317553837" lon="18.082660533">
      <ele>25.537564558</ele>
    </trkpt>
    <trkpt lat="59.317533941" lon="18.082683665">
      <ele>25.537598017</ele>
    </trkpt>
    <trkpt lat="59.317504179" lon="18.082713041">
      <ele>25.577646366</ele>
    </trkpt>
    <trkpt lat="59.31747844" lon="18.082732954">
      <ele>25.555686391</ele>
    </trkpt>
    <trkpt lat="59.317310053" lon="18.082817185">
      <ele>25.53093325</ele>
    </trkpt>
    <trkpt lat="59.317186276" lon="18.0828791">
      <ele>25.659114685</ele>
    </trkpt>
    <trkpt lat="59.31708694" lon="18.08292879">
      <ele>25.714260281</ele>
    </trkpt>
    <trkpt lat="59.317005377" lon="18.082969588">
      <ele>25.769379815</ele>
    </trkpt>
    <trkpt lat="59.316869788" lon="18.083037411">
      <ele>25.753578508</ele>
    </trkpt>
    <trkpt lat="59.316779057" lon="18.083082795">
      <ele>25.850711451</ele>
    </trkpt>
    <trkpt lat="59.316704386" lon="18.083120146">
      <ele>25.859820856</ele>
    </trkpt>
    <trkpt lat="59.316619815" lon="18.083162448">
      <ele>25.906944756</ele>
    </trkpt>
    <trkpt lat="59.316550543" lon="18.083197098">
      <ele>25.948046234</ele>
    </trkpt>
    <trkpt lat="59.316438607" lon="18.083253088">
      <ele>26.011210199</ele>
    </trkpt>
    <trkpt lat="59.316139194" lon="18.083402851">
      <ele>25.966648699</ele>
    </trkpt>
    <trkpt lat="59.316038649" lon="18.083453141">
      <ele>25.889795923</ele>
    </trkpt>
    <trkpt lat="59.315995609" lon="18.083474669">
      <ele>25.834858942</ele>
    </trkpt>
    <trkpt lat="59.315951061" lon="18.083495905">
      <ele>25.834923826</ele>
    </trkpt>
    <trkpt lat="59.315918723" lon="18.083510406">
      <ele>25.82097063</ele>
    </trkpt>
    <trkpt lat="59.31586387" lon="18.083532496">
      <ele>25.849049209</ele>
    </trkpt>
    <trkpt lat="59.315753965" lon="18.083579327">
      <ele>25.75820747</ele>
    </trkpt>
    <trkpt lat="59.315619471" lon="18.083633305">
      <ele>25.746400047</ele>
    </trkpt>
    <trkpt lat="59.315614704" lon="18.083634532">
      <ele>25.73940665</ele>
    </trkpt>
    <trkpt lat="59.315609893" lon="18.08363437">
      <ele>25.729412864</ele>
    </trkpt>
    <trkpt lat="59.315605144" lon="18.083632804">
      <ele>25.726418543</ele>
    </trkpt>
    <trkpt lat="59.315600576" lon="18.083629887">
      <ele>25.731423552</ele>
    </trkpt>
    <trkpt lat="59.315596276" lon="18.083625652">
      <ele>25.738427784</ele>
    </trkpt>
    <trkpt lat="59.315592345" lon="18.083620224">
      <ele>25.735431153</ele>
    </trkpt>
    <trkpt lat="59.31558575" lon="18.083609087">
      <ele>25.72843615</ele>
    </trkpt>
    <trkpt lat="59.315582735" lon="18.083602623">
      <ele>25.702437991</ele>
    </trkpt>
    <trkpt lat="59.315580285" lon="18.083595281">
      <ele>25.676438813</ele>
    </trkpt>
    <trkpt lat="59.315578456" lon="18.083587273">
      <ele>25.669438613</ele>
    </trkpt>
    <trkpt lat="59.315550524" lon="18.083396084">
      <ele>25.712413324</ele>
    </trkpt>
    <trkpt lat="59.31549121" lon="18.082990093">
      <ele>25.856359672</ele>
    </trkpt>
    <trkpt lat="59.315415289" lon="18.082470444">
      <ele>26.004291098</ele>
    </trkpt>
    <trkpt lat="59.315360283" lon="18.08209396">
      <ele>26.153241483</ele>
    </trkpt>
    <trkpt lat="59.315304857" lon="18.081714608">
      <ele>26.340191549</ele>
    </trkpt>
    <trkpt lat="59.315272019" lon="18.08148986">
      <ele>26.399161992</ele>
    </trkpt>
    <trkpt lat="59.315231158" lon="18.08121021">
      <ele>26.469125244</ele>
    </trkpt>
    <trkpt lat="59.315148516" lon="18.08064462">
      <ele>26.542051017</ele>
    </trkpt>
    <trkpt lat="59.315103842" lon="18.080338883">
      <ele>26.512010946</ele>
    </trkpt>
    <trkpt lat="59.315062908" lon="18.080058754">
      <ele>26.622974265</ele>
    </trkpt>
    <trkpt lat="59.315028908" lon="18.079826077">
      <ele>26.690946397</ele>
    </trkpt>
    <trkpt lat="59.314991721" lon="18.079571596">
      <ele>26.622916957</ele>
    </trkpt>
    <trkpt lat="59.314980522" lon="18.079494958">
      <ele>26.566908111</ele>
    </trkpt>
    <trkpt lat="59.314936642" lon="18.079198767">
      <ele>26.260874795</ele>
    </trkpt>
    <trkpt lat="59.314893378" lon="18.078906747">
      <ele>26.113842085</ele>
    </trkpt>
    <trkpt lat="59.314855946" lon="18.078654097">
      <ele>25.934813894</ele>
    </trkpt>
    <trkpt lat="59.314819932" lon="18.078411018">
      <ele>25.879786867</ele>
    </trkpt>
    <trkpt lat="59.314788977" lon="18.078202082">
      <ele>25.833763711</ele>
    </trkpt>
    <trkpt lat="59.314702684" lon="18.07761967">
      <ele>25.614699531</ele>
    </trkpt>
    <trkpt lat="59.314621296" lon="18.077070375">
      <ele>25.432639496</ele>
    </trkpt>
    <trkpt lat="59.314563042" lon="18.076677221">
      <ele>25.274596821</ele>
    </trkpt>
    <trkpt lat="59.314561481" lon="18.076666562">
      <ele>25.286595642</ele>
    </trkpt>
    <trkpt lat="59.314559131" lon="18.076655411">
      <ele>25.310595361</ele>
    </trkpt>
    <trkpt lat="59.314556134" lon="18.076644891">
      <ele>25.317596128</ele>
    </trkpt>
    <trkpt lat="59.314552536" lon="18.076635109">
      <ele>25.300597917</ele>
    </trkpt>
    <trkpt lat="59.314548381" lon="18.076626205">
      <ele>25.279600712</ele>
    </trkpt>
    <trkpt lat="59.314543723" lon="18.076618319">
      <ele>25.255604483</ele>
    </trkpt>
    <trkpt lat="59.314538625" lon="18.076611539">
      <ele>25.231609175</ele>
    </trkpt>
    <trkpt lat="59.314533168" lon="18.07660597">
      <ele>25.227614712</ele>
    </trkpt>
    <trkpt lat="59.314527406" lon="18.076601683">
      <ele>25.225621044</ele>
    </trkpt>
    <trkpt lat="59.314521437" lon="18.07659873">
      <ele>25.223628056</ele>
    </trkpt>
    <trkpt lat="59.314515324" lon="18.076597147">
      <ele>25.223635676</ele>
    </trkpt>
    <trkpt lat="59.314509166" lon="18.076596969">
      <ele>25.227643783</ele>
    </trkpt>
    <trkpt lat="59.314503034" lon="18.076598195">
      <ele>25.212652282</ele>
    </trkpt>
    <trkpt lat="59.314485851" lon="18.076606643">
      <ele>25.218677624</ele>
    </trkpt>
    <trkpt lat="59.314422174" lon="18.07663795">
      <ele>25.130771524</ele>
    </trkpt>
    <trkpt lat="59.31431169" lon="18.07669227">
      <ele>25.117934395</ele>
    </trkpt>
    <trkpt lat="59.314140567" lon="18.076776403">
      <ele>24.994186532</ele>
    </trkpt>
    <trkpt lat="59.313978479" lon="18.076856093">
      <ele>24.939425215</ele>
    </trkpt>
    <trkpt lat="59.313862202" lon="18.076913259">
      <ele>24.849596352</ele>
    </trkpt>
    <trkpt lat="59.313668324" lon="18.077009828">
      <ele>24.629390483</ele>
    </trkpt>
    <trkpt lat="59.3135587" lon="18.07706443">
      <ele>24.583873784</ele>
    </trkpt>
    <trkpt lat="59.313463216" lon="18.077111989">
      <ele>24.544014297</ele>
    </trkpt>
    <trkpt lat="59.313410449" lon="18.07713827">
      <ele>24.529261446</ele>
    </trkpt>
    <trkpt lat="59.313250523" lon="18.077217926">
      <ele>24.560666637</ele>
    </trkpt>
    <trkpt lat="59.313097258" lon="18.077294263">
      <ele>24.421121904</ele>
    </trkpt>
    <trkpt lat="59.312898083" lon="18.077393466">
      <ele>24.326714463</ele>
    </trkpt>
    <trkpt lat="59.312782672" lon="18.077450948">
      <ele>24.295213888</ele>
    </trkpt>
    <trkpt lat="59.31275068" lon="18.077466882">
      <ele>24.237960841</ele>
    </trkpt>
    <trkpt lat="59.312627789" lon="18.077528088">
      <ele>24.175591148</ele>
    </trkpt>
    <trkpt lat="59.312469164" lon="18.077608048">
      <ele>24.066096915</ele>
    </trkpt>
    <trkpt lat="59.312321447" lon="18.077682508">
      <ele>23.981242197</ele>
    </trkpt>
    <trkpt lat="59.31212767" lon="18.077780186">
      <ele>23.868677846</ele>
    </trkpt>
    <trkpt lat="59.312025212" lon="18.077832985">
      <ele>23.975205484</ele>
    </trkpt>
    <trkpt lat="59.311937343" lon="18.077878266">
      <ele>23.859054515</ele>
    </trkpt>
    <trkpt lat="59.311850672" lon="18.077922929">
      <ele>23.792271744</ele>
    </trkpt>
    <trkpt lat="59.311845521" lon="18.077928123">
      <ele>23.772710041</ele>
    </trkpt>
    <trkpt lat="59.311840737" lon="18.077934522">
      <ele>23.770828203</ele>
    </trkpt>
    <trkpt lat="59.311836394" lon="18.077942028">
      <ele>23.787826105</ele>
    </trkpt>
    <trkpt lat="59.311832559" lon="18.077950527">
      <ele>23.751863624</ele>
    </trkpt>
    <trkpt lat="59.31182929" lon="18.077959886">
      <ele>23.717590648</ele>
    </trkpt>
    <trkpt lat="59.311826637" lon="18.077969965">
      <ele>23.731597066</ele>
    </trkpt>
    <trkpt lat="59.311824641" lon="18.077980607">
      <ele>23.737682783</ele>
    </trkpt>
    <trkpt lat="59.311406083" lon="18.081247651">
      <ele>21.940870908</ele>
    </trkpt>
    <trkpt lat="59.311370337" lon="18.081526635">
      <ele>21.896085998</ele>
    </trkpt>
    <trkpt lat="59.31136973" lon="18.081529936">
      <ele>21.889917836</ele>
    </trkpt>
    <trkpt lat="59.311368515" lon="18.081532517">
      <ele>21.88640024</ele>
    </trkpt>
    <trkpt lat="59.311366827" lon="18.081533997">
      <ele>21.899492913</ele>
    </trkpt>
    <trkpt lat="59.311274023" lon="18.081581515">
      <ele>21.653669086</ele>
    </trkpt>
    <trkpt lat="59.311244638" lon="18.08159684">
      <ele>21.590252289</ele>
    </trkpt>
    <trkpt lat="59.311159448" lon="18.081640851">
      <ele>21.534657401</ele>
    </trkpt>
    <trkpt lat="59.310647924" lon="18.081875517">
      <ele>20.358479072</ele>
    </trkpt>
    <trkpt lat="59.310590008" lon="18.081902086">
      <ele>20.283883025</ele>
    </trkpt>
    <trkpt lat="59.310538016" lon="18.081925937">
      <ele>20.191168388</ele>
    </trkpt>
    <trkpt lat="59.31047487" lon="18.081954905">
      <ele>20.029649914</ele>
    </trkpt>
    <trkpt lat="59.310296026" lon="18.082036949">
      <ele>19.96060911</ele>
    </trkpt>
    <trkpt lat="59.309080769" lon="18.082594417">
      <ele>17.966940633</ele>
    </trkpt>
    <trkpt lat="59.309075578" lon="18.082596193">
      <ele>17.993218931</ele>
    </trkpt>
    <trkpt lat="59.30907031" lon="18.082596573">
      <ele>18.0042869</ele>
    </trkpt>
    <trkpt lat="59.309065066" lon="18.082595552">
      <ele>17.992254392</ele>
    </trkpt>
    <trkpt lat="59.30905994" lon="18.082593147">
      <ele>17.980851268</ele>
    </trkpt>
    <trkpt lat="59.30905503" lon="18.082589404">
      <ele>17.976297402</ele>
    </trkpt>
    <trkpt lat="59.309050424" lon="18.082584391">
      <ele>17.970192679</ele>
    </trkpt>
    <trkpt lat="59.309046209" lon="18.082578201">
      <ele>17.967857002</ele>
    </trkpt>
    <trkpt lat="59.309042463" lon="18.08257095">
      <ele>17.97176029</ele>
    </trkpt>
    <trkpt lat="59.309039256" lon="18.082562771">
      <ele>17.963512483</ele>
    </trkpt>
    <trkpt lat="59.309036645" lon="18.082553816">
      <ele>17.953043541</ele>
    </trkpt>
    <trkpt lat="59.308827375" lon="18.081733961">
      <ele>18.591505883</ele>
    </trkpt>
    <trkpt lat="59.30865056" lon="18.081041281">
      <ele>19.058259802</ele>
    </trkpt>
    <trkpt lat="59.308463568" lon="18.080308751">
      <ele>19.613775944</ele>
    </trkpt>
    <trkpt lat="59.308459807" lon="18.080295711">
      <ele>19.554347405</ele>
    </trkpt>
    <trkpt lat="59.308455438" lon="18.080283419">
      <ele>19.532440007</ele>
    </trkpt>
    <trkpt lat="59.308445924" lon="18.080260246">
      <ele>19.639906814</ele>
    </trkpt>
    <trkpt lat="59.30839247" lon="18.080130062">
      <ele>19.605025049</ele>
    </trkpt>
    <trkpt lat="59.308333418" lon="18.079986242">
      <ele>19.728877774</ele>
    </trkpt>
    <trkpt lat="59.308331574" lon="18.079979885">
      <ele>19.726678733</ele>
    </trkpt>
    <trkpt lat="59.308313983" lon="18.079894458">
      <ele>19.808630928</ele>
    </trkpt>
    <trkpt lat="59.308298863" lon="18.079817901">
      <ele>19.812791939</ele>
    </trkpt>
    <trkpt lat="59.308200831" lon="18.079319653">
      <ele>20.277647956</ele>
    </trkpt>
    <trkpt lat="59.308195461" lon="18.079281728">
      <ele>20.280305303</ele>
    </trkpt>
    <trkpt lat="59.308009925" lon="18.077838907">
      <ele>21.167916427</ele>
    </trkpt>
    <trkpt lat="59.307981658" lon="18.07761871">
      <ele>21.251826678</ele>
    </trkpt>
    <trkpt lat="59.307931938" lon="18.077234538">
      <ele>21.604682818</ele>
    </trkpt>
    <trkpt lat="59.307891419" lon="18.076916071">
      <ele>21.862843707</ele>
    </trkpt>
    <trkpt lat="59.307890441" lon="18.076767506">
      <ele>21.943803482</ele>
    </trkpt>
    <trkpt lat="59.307900497" lon="18.076662239">
      <ele>22.148759001</ele>
    </trkpt>
    <trkpt lat="59.307946289" lon="18.076603525">
      <ele>22.35367446</ele>
    </trkpt>
    <trkpt lat="59.307955052" lon="18.076598462">
      <ele>22.474490015</ele>
    </trkpt>
    <trkpt lat="59.308038765" lon="18.07655009">
      <ele>22.755562007</ele>
    </trkpt>
    <trkpt lat="59.308260932" lon="18.076421716">
      <ele>22.704195755</ele>
    </trkpt>
    <trkpt lat="59.30832996" lon="18.076381829">
      <ele>22.573421961</ele>
    </trkpt>
    <trkpt lat="59.308533215" lon="18.076264381">
      <ele>22.113506895</ele>
    </trkpt>
    <trkpt lat="59.308656103" lon="18.076193371">
      <ele>22.068324318</ele>
    </trkpt>
    <trkpt lat="59.30893709" lon="18.076031002">
      <ele>22.00281113</ele>
    </trkpt>
    <trkpt lat="59.309318751" lon="18.075810455">
      <ele>22.331432011</ele>
    </trkpt>
    <trkpt lat="59.309352174" lon="18.075791141">
      <ele>22.280666919</ele>
    </trkpt>
    <trkpt lat="59.309457936" lon="18.075730023">
      <ele>22.316312587</ele>
    </trkpt>
    <trkpt lat="59.309520521" lon="18.075693857">
      <ele>22.459999428</ele>
    </trkpt>
    <trkpt lat="59.31030376" lon="18.075241231">
      <ele>22.88371516</ele>
    </trkpt>
    <trkpt lat="59.310430985" lon="18.075167707">
      <ele>22.932644856</ele>
    </trkpt>
    <trkpt lat="59.310649514" lon="18.075041416">
      <ele>22.856177747</ele>
    </trkpt>
    <trkpt lat="59.310719128" lon="18.075001185">
      <ele>22.866373481</ele>
    </trkpt>
    <trkpt lat="59.310758617" lon="18.074978363">
      <ele>22.821404323</ele>
    </trkpt>
    <trkpt lat="59.311531405" lon="18.074531743">
      <ele>23.192574674</ele>
    </trkpt>
    <trkpt lat="59.311567812" lon="18.074510701">
      <ele>23.560362891</ele>
    </trkpt>
    <trkpt lat="59.311600411" lon="18.074410147">
      <ele>23.34958967</ele>
    </trkpt>
    <trkpt lat="59.311603125" lon="18.074324384">
      <ele>23.592677376</ele>
    </trkpt>
    <trkpt lat="59.311573941" lon="18.073994921">
      <ele>23.673660023</ele>
    </trkpt>
    <trkpt lat="59.311524533" lon="18.073437172">
      <ele>23.714084719</ele>
    </trkpt>
    <trkpt lat="59.311466709" lon="18.072784462">
      <ele>24.09681209</ele>
    </trkpt>
    <trkpt lat="59.311445938" lon="18.072550008">
      <ele>24.420927335</ele>
    </trkpt>
    <trkpt lat="59.31141996" lon="18.072256791">
      <ele>24.581966642</ele>
    </trkpt>
    <trkpt lat="59.31141037" lon="18.072148543">
      <ele>24.581948428</ele>
    </trkpt>
    <trkpt lat="59.31141141" lon="18.072132364">
      <ele>23.897315394</ele>
    </trkpt>
    <trkpt lat="59.31141459" lon="18.072109134">
      <ele>23.897304419</ele>
    </trkpt>
    <trkpt lat="59.311423099" lon="18.072083786">
      <ele>23.615741567</ele>
    </trkpt>
    <trkpt lat="59.311430109" lon="18.072071108">
      <ele>23.550399366</ele>
    </trkpt>
    <trkpt lat="59.311437944" lon="18.072061347">
      <ele>23.566900102</ele>
    </trkpt>
    <trkpt lat="59.311446098" lon="18.072054711">
      <ele>23.655613186</ele>
    </trkpt>
    <trkpt lat="59.311512827" lon="18.072010509">
      <ele>23.494421691</ele>
    </trkpt>
    <trkpt lat="59.311563934" lon="18.071976655">
      <ele>23.454070764</ele>
    </trkpt>
    <trkpt lat="59.311656536" lon="18.071915315">
      <ele>23.413655851</ele>
    </trkpt>
    <trkpt lat="59.311693912" lon="18.071890556">
      <ele>23.373326046</ele>
    </trkpt>
    <trkpt lat="59.311845886" lon="18.071789885">
      <ele>23.047039137</ele>
    </trkpt>
    <trkpt lat="59.31228165" lon="18.071501221">
      <ele>22.924816044</ele>
    </trkpt>
    <trkpt lat="59.312342145" lon="18.071461146">
      <ele>22.789812496</ele>
    </trkpt>
    <trkpt lat="59.312415616" lon="18.071412476">
      <ele>22.724118846</ele>
    </trkpt>
    <trkpt lat="59.312428851" lon="18.071403708">
      <ele>22.686128369</ele>
    </trkpt>
    <trkpt lat="59.31243853" lon="18.071397181">
      <ele>22.74322336</ele>
    </trkpt>
    <trkpt lat="59.31244795" lon="18.071389343">
      <ele>22.715398316</ele>
    </trkpt>
    <trkpt lat="59.312466713" lon="18.071372706">
      <ele>22.550068047</ele>
    </trkpt>
    <trkpt lat="59.312532605" lon="18.071314281">
      <ele>22.577001723</ele>
    </trkpt>
    <trkpt lat="59.31260387" lon="18.071251092">
      <ele>22.538266684</ele>
    </trkpt>
    <trkpt lat="59.312653697" lon="18.071206911">
      <ele>22.446806222</ele>
    </trkpt>
    <trkpt lat="59.312797148" lon="18.071079714">
      <ele>22.398624442</ele>
    </trkpt>
    <trkpt lat="59.312951343" lon="18.070942989">
      <ele>22.046455085</ele>
    </trkpt>
    <trkpt lat="59.312992244" lon="18.070906722">
      <ele>22.030108905</ele>
    </trkpt>
    <trkpt lat="59.313034777" lon="18.070869007">
      <ele>21.873320065</ele>
    </trkpt>
    <trkpt lat="59.31305602" lon="18.070849748">
      <ele>21.839325552</ele>
    </trkpt>
    <trkpt lat="59.313061362" lon="18.070843095">
      <ele>21.803226336</ele>
    </trkpt>
    <trkpt lat="59.313066284" lon="18.070835303">
      <ele>21.789327351</ele>
    </trkpt>
    <trkpt lat="59.313070724" lon="18.070826471">
      <ele>21.785258711</ele>
    </trkpt>
    <trkpt lat="59.313074624" lon="18.070816714">
      <ele>21.793940527</ele>
    </trkpt>
    <trkpt lat="59.313077935" lon="18.070806155">
      <ele>21.773552905</ele>
    </trkpt>
    <trkpt lat="59.313080615" lon="18.070794932">
      <ele>21.697065943</ele>
    </trkpt>
    <trkpt lat="59.313082627" lon="18.070783188">
      <ele>21.678779729</ele>
    </trkpt>
    <trkpt lat="59.313083948" lon="18.070771074">
      <ele>21.687914344</ele>
    </trkpt>
    <trkpt lat="59.313084559" lon="18.070758745">
      <ele>21.639209857</ele>
    </trkpt>
    <trkpt lat="59.313084454" lon="18.07074636">
      <ele>21.610096326</ele>
    </trkpt>
    <trkpt lat="59.313083632" lon="18.070734078">
      <ele>21.607153797</ele>
    </trkpt>
    <trkpt lat="59.313074099" lon="18.070654371">
      <ele>21.707583088</ele>
    </trkpt>
    <trkpt lat="59.313041877" lon="18.070384965">
      <ele>21.675576952</ele>
    </trkpt>
    <trkpt lat="59.312984001" lon="18.069901073">
      <ele>22.062372282</ele>
    </trkpt>
    <trkpt lat="59.312920332" lon="18.069368776">
      <ele>22.379801491</ele>
    </trkpt>
    <trkpt lat="59.312905427" lon="18.06924416">
      <ele>22.481764971</ele>
    </trkpt>
    <trkpt lat="59.312896641" lon="18.06917071">
      <ele>22.514815243</ele>
    </trkpt>
    <trkpt lat="59.312828852" lon="18.068603991">
      <ele>22.762220419</ele>
    </trkpt>
    <trkpt lat="59.312765875" lon="18.068077529">
      <ele>22.644761281</ele>
    </trkpt>
    <trkpt lat="59.312746069" lon="18.067911957">
      <ele>22.293699611</ele>
    </trkpt>
    <trkpt lat="59.31270813" lon="18.067594818">
      <ele>21.526138203</ele>
    </trkpt>
    <trkpt lat="59.312668056" lon="18.067259831">
      <ele>20.714654604</ele>
    </trkpt>
    <trkpt lat="59.312523984" lon="18.066055582">
      <ele>20.740949066</ele>
    </trkpt>
    <trkpt lat="59.312498941" lon="18.065846265">
      <ele>20.847682221</ele>
    </trkpt>
    <trkpt lat="59.312474319" lon="18.065640468">
      <ele>20.900915883</ele>
    </trkpt>
    <trkpt lat="59.312450228" lon="18.065439115">
      <ele>20.917730167</ele>
    </trkpt>
    <trkpt lat="59.312419878" lon="18.065185461">
      <ele>20.691547845</ele>
    </trkpt>
    <trkpt lat="59.312376105" lon="18.06481962">
      <ele>20.593181373</ele>
    </trkpt>
    <trkpt lat="59.312347147" lon="18.064577599">
      <ele>20.581700725</ele>
    </trkpt>
    <trkpt lat="59.312324641" lon="18.064389512">
      <ele>20.520276959</ele>
    </trkpt>
    <trkpt lat="59.312311549" lon="18.064280093">
      <ele>20.546513154</ele>
    </trkpt>
    <trkpt lat="59.312288707" lon="18.064089197">
      <ele>20.606129106</ele>
    </trkpt>
    <trkpt lat="59.31227701" lon="18.063991448">
      <ele>20.78691681</ele>
    </trkpt>
    <trkpt lat="59.312204897" lon="18.063388804">
      <ele>21.484281277</ele>
    </trkpt>
    <trkpt lat="59.312190444" lon="18.063268023">
      <ele>21.595456196</ele>
    </trkpt>
    <trkpt lat="59.31216828" lon="18.063082807">
      <ele>21.858993104</ele>
    </trkpt>
    <trkpt lat="59.312155543" lon="18.062976376">
      <ele>21.959399855</ele>
    </trkpt>
    <trkpt lat="59.312132714" lon="18.062785602">
      <ele>22.118806143</ele>
    </trkpt>
    <trkpt lat="59.312108596" lon="18.062584066">
      <ele>22.415781144</ele>
    </trkpt>
    <trkpt lat="59.312055749" lon="18.06214247">
      <ele>22.829096551</ele>
    </trkpt>
    <trkpt lat="59.312043011" lon="18.062036036">
      <ele>23.118193431</ele>
    </trkpt>
    <trkpt lat="59.311997902" lon="18.061659108">
      <ele>23.538567083</ele>
    </trkpt>
    <trkpt lat="59.311986816" lon="18.06156648">
      <ele>23.573545721</ele>
    </trkpt>
    <trkpt lat="59.311870777" lon="18.06059693">
      <ele>24.79686746</ele>
    </trkpt>
    <trkpt lat="59.311859683" lon="18.060504242">
      <ele>24.937696218</ele>
    </trkpt>
    <trkpt lat="59.311834727" lon="18.060295735">
      <ele>25.046460969</ele>
    </trkpt>
    <trkpt lat="59.311822999" lon="18.060197752">
      <ele>25.090689123</ele>
    </trkpt>
    <trkpt lat="59.311799027" lon="18.05999747">
      <ele>25.206224737</ele>
    </trkpt>
    <trkpt lat="59.311787295" lon="18.059895878">
      <ele>25.233553461</ele>
    </trkpt>
    <trkpt lat="59.311669738" lon="18.058877978">
      <ele>25.594529734</ele>
    </trkpt>
    <trkpt lat="59.311620587" lon="18.058452409">
      <ele>25.705940086</ele>
    </trkpt>
    <trkpt lat="59.311619299" lon="18.058441077">
      <ele>25.700317667</ele>
    </trkpt>
    <trkpt lat="59.311618596" lon="18.058428656">
      <ele>25.664664019</ele>
    </trkpt>
    <trkpt lat="59.311618608" lon="18.058416158">
      <ele>25.656709334</ele>
    </trkpt>
    <trkpt lat="59.311619337" lon="18.058403742">
      <ele>25.663153672</ele>
    </trkpt>
    <trkpt lat="59.311620774" lon="18.058391565">
      <ele>25.616027104</ele>
    </trkpt>
    <trkpt lat="59.311622899" lon="18.05837978">
      <ele>25.627509713</ele>
    </trkpt>
    <trkpt lat="59.311625686" lon="18.058368535">
      <ele>25.615191593</ele>
    </trkpt>
    <trkpt lat="59.3116291" lon="18.058357973">
      <ele>25.563652845</ele>
    </trkpt>
    <trkpt lat="59.311633099" lon="18.058348226">
      <ele>25.59019358</ele>
    </trkpt>
    <trkpt lat="59.311637631" lon="18.058339417">
      <ele>25.537903915</ele>
    </trkpt>
    <trkpt lat="59.311642759" lon="18.058331596">
      <ele>25.572333781</ele>
    </trkpt>
    <trkpt lat="59.311648297" lon="18.058324927">
      <ele>25.518813501</ele>
    </trkpt>
    <trkpt lat="59.311654176" lon="18.058319493">
      <ele>25.4966632</ele>
    </trkpt>
    <trkpt lat="59.311660326" lon="18.058315358">
      <ele>25.498823005</ele>
    </trkpt>
    <trkpt lat="59.31219668" lon="18.058034858">
      <ele>24.740714391</ele>
    </trkpt>
    <trkpt lat="59.312486699" lon="18.057883182">
      <ele>24.67563064</ele>
    </trkpt>
    <trkpt lat="59.312653718" lon="18.057795832">
      <ele>24.534913736</ele>
    </trkpt>
    <trkpt lat="59.312884356" lon="18.057675207">
      <ele>24.279345365</ele>
    </trkpt>
    <trkpt lat="59.312921441" lon="18.057655812">
      <ele>24.261476156</ele>
    </trkpt>
    <trkpt lat="59.312990964" lon="18.057619451">
      <ele>24.156495171</ele>
    </trkpt>
    <trkpt lat="59.313438397" lon="18.057385436">
      <ele>24.441611406</ele>
    </trkpt>
    <trkpt lat="59.313506291" lon="18.057349926">
      <ele>24.483033174</ele>
    </trkpt>
    <trkpt lat="59.313616206" lon="18.057292437">
      <ele>24.471307998</ele>
    </trkpt>
    <trkpt lat="59.313689683" lon="18.057254007">
      <ele>24.479750924</ele>
    </trkpt>
    <trkpt lat="59.313880892" lon="18.057153998">
      <ele>24.356446373</ele>
    </trkpt>
    <trkpt lat="59.314220077" lon="18.05697659">
      <ele>24.200906522</ele>
    </trkpt>
    <trkpt lat="59.314399351" lon="18.05688282">
      <ele>24.171621389</ele>
    </trkpt>
    <trkpt lat="59.314543978" lon="18.056808977">
      <ele>24.153392116</ele>
    </trkpt>
    <trkpt lat="59.314811445" lon="18.056672413">
      <ele>24.351968341</ele>
    </trkpt>
    <trkpt lat="59.314837275" lon="18.056659224">
      <ele>24.314927431</ele>
    </trkpt>
    <trkpt lat="59.315310846" lon="18.056417422">
      <ele>24.058177902</ele>
    </trkpt>
    <trkpt lat="59.315490561" lon="18.056324574">
      <ele>23.506893325</ele>
    </trkpt>
    <trkpt lat="59.315855661" lon="18.056135946">
      <ele>22.47131562</ele>
    </trkpt>
    <trkpt lat="59.3160449" lon="18.056038175">
      <ele>21.981016409</ele>
    </trkpt>
    <trkpt lat="59.316516931" lon="18.055794292">
      <ele>20.411270736</ele>
    </trkpt>
    <trkpt lat="59.316643739" lon="18.055728773">
      <ele>19.91607058</ele>
    </trkpt>
    <trkpt lat="59.317118946" lon="18.055483241">
      <ele>18.532321115</ele>
    </trkpt>
    <trkpt lat="59.317335134" lon="18.055371537">
      <ele>18.402980479</ele>
    </trkpt>
    <trkpt lat="59.317412464" lon="18.055331581">
      <ele>18.452858682</ele>
    </trkpt>
    <trkpt lat="59.317639996" lon="18.055214014">
      <ele>19.323500465</ele>
    </trkpt>
    <trkpt lat="59.317666206" lon="18.055196349">
      <ele>19.423457779</ele>
    </trkpt>
    <trkpt lat="59.317797333" lon="18.055107971">
      <ele>19.827244285</ele>
    </trkpt>
    <trkpt lat="59.31781012" lon="18.055099353">
      <ele>19.847223471</ele>
    </trkpt>
    <trkpt lat="59.317816341" lon="18.055094138">
      <ele>19.85321299</ele>
    </trkpt>
    <trkpt lat="59.317822257" lon="18.055087657">
      <ele>19.898202495</ele>
    </trkpt>
    <trkpt lat="59.317827777" lon="18.05508">
      <ele>19.941192142</ele>
    </trkpt>
    <trkpt lat="59.317832867" lon="18.055071237">
      <ele>19.962182005</ele>
    </trkpt>
    <trkpt lat="59.317837445" lon="18.055061473">
      <ele>19.936172234</ele>
    </trkpt>
    <trkpt lat="59.317844894" lon="18.055039381">
      <ele>19.981154178</ele>
    </trkpt>
    <trkpt lat="59.317847686" lon="18.055027299">
      <ele>20.015146091</ele>
    </trkpt>
    <trkpt lat="59.317849804" lon="18.055014725">
      <ele>19.983138771</ele>
    </trkpt>
    <trkpt lat="59.317851231" lon="18.055001765">
      <ele>19.96013228</ele>
    </trkpt>
    <trkpt lat="59.317851949" lon="18.054988594">
      <ele>20.040126704</ele>
    </trkpt>
    <trkpt lat="59.317851984" lon="18.054976652">
      <ele>20.066122506</ele>
    </trkpt>
    <trkpt lat="59.317851095" lon="18.054963797">
      <ele>20.071119278</ele>
    </trkpt>
    <trkpt lat="59.31784666" lon="18.054912206">
      <ele>20.067107529</ele>
    </trkpt>
    <trkpt lat="59.317837569" lon="18.054806473">
      <ele>20.197083445</ele>
    </trkpt>
    <trkpt lat="59.317824791" lon="18.05465784">
      <ele>20.361017677</ele>
    </trkpt>
    <trkpt lat="59.317809924" lon="18.054484922">
      <ele>20.434010155</ele>
    </trkpt>
    <trkpt lat="59.317767841" lon="18.053995467">
      <ele>20.721898454</ele>
    </trkpt>
    <trkpt lat="59.317727509" lon="18.053526398">
      <ele>21.055791247</ele>
    </trkpt>
    <trkpt lat="59.31768646" lon="18.053049014">
      <ele>21.35168198</ele>
    </trkpt>
    <trkpt lat="59.317660987" lon="18.052752781">
      <ele>21.692114095</ele>
    </trkpt>
    <trkpt lat="59.317635676" lon="18.052458435">
      <ele>21.856546582</ele>
    </trkpt>
    <trkpt lat="59.317604498" lon="18.05209588">
      <ele>22.10546334</ele>
    </trkpt>
    <trkpt lat="59.3175791" lon="18.051800547">
      <ele>22.220395463</ele>
    </trkpt>
    <trkpt lat="59.317554929" lon="18.051519493">
      <ele>22.427830811</ele>
    </trkpt>
    <trkpt lat="59.317534728" lon="18.051284597">
      <ele>22.620776734</ele>
    </trkpt>
    <trkpt lat="59.317523273" lon="18.051151408">
      <ele>22.671246055</ele>
    </trkpt>
    <trkpt lat="59.317501959" lon="18.05090358">
      <ele>22.836188935</ele>
    </trkpt>
    <trkpt lat="59.31749068" lon="18.050772439">
      <ele>22.893158692</ele>
    </trkpt>
    <trkpt lat="59.317490561" lon="18.050734964">
      <ele>22.903145779</ele>
    </trkpt>
    <trkpt lat="59.317494446" lon="18.050703758">
      <ele>23.017129546</ele>
    </trkpt>
    <trkpt lat="59.31750379" lon="18.050678644">
      <ele>23.144107936</ele>
    </trkpt>
    <trkpt lat="59.317516133" lon="18.050662487">
      <ele>23.195085328</ele>
    </trkpt>
    <trkpt lat="59.317528745" lon="18.050652054">
      <ele>23.374064348</ele>
    </trkpt>
    <trkpt lat="59.317545763" lon="18.050638445">
      <ele>23.201036205</ele>
    </trkpt>
    <trkpt lat="59.317626808" lon="18.050573911">
      <ele>23.422902298</ele>
    </trkpt>
    <trkpt lat="59.317704763" lon="18.050511529">
      <ele>23.644773432</ele>
    </trkpt>
    <trkpt lat="59.31784791" lon="18.050398165">
      <ele>24.046537314</ele>
    </trkpt>
    <trkpt lat="59.317911861" lon="18.050346761">
      <ele>24.10743161</ele>
    </trkpt>
    <trkpt lat="59.31809949" lon="18.05019621">
      <ele>25.172121727</ele>
    </trkpt>
    <trkpt lat="59.318243736" lon="18.050082088">
      <ele>25.508884212</ele>
    </trkpt>
    <trkpt lat="59.318372303" lon="18.049979223">
      <ele>25.905672236</ele>
    </trkpt>
    <trkpt lat="59.3184968" lon="18.049879784">
      <ele>26.452467132</ele>
    </trkpt>
    <trkpt lat="59.318560772" lon="18.04982878">
      <ele>26.735361812</ele>
    </trkpt>
    <trkpt lat="59.318588032" lon="18.049807076">
      <ele>26.891316952</ele>
    </trkpt>
    <trkpt lat="59.318608462" lon="18.049774744">
      <ele>26.977277804</ele>
    </trkpt>
    <trkpt lat="59.318636509" lon="18.049693963">
      <ele>27.192211541</ele>
    </trkpt>
    <trkpt lat="59.31866707" lon="18.049597639">
      <ele>27.466136505</ele>
    </trkpt>
    <trkpt lat="59.318686222" lon="18.049533014">
      <ele>27.573088027</ele>
    </trkpt>
    <trkpt lat="59.318692064" lon="18.049499227">
      <ele>27.608068402</ele>
    </trkpt>
    <trkpt lat="59.318692789" lon="18.049466371">
      <ele>27.655056108</ele>
    </trkpt>
    <trkpt lat="59.318679854" lon="18.049349295">
      <ele>27.881033554</ele>
    </trkpt>
    <trkpt lat="59.318658454" lon="18.049156787">
      <ele>28.243996621</ele>
    </trkpt>
    <trkpt lat="59.318618377" lon="18.048792398">
      <ele>29.150426029</ele>
    </trkpt>
    <trkpt lat="59.3185783" lon="18.048427628">
      <ele>30.056855185</ele>
    </trkpt>
    <trkpt lat="59.318554757" lon="18.048217551">
      <ele>30.563814959</ele>
    </trkpt>
    <trkpt lat="59.31853141" lon="18.048005565">
      <ele>31.070773768</ele>
    </trkpt>
    <trkpt lat="59.318499018" lon="18.04771412">
      <ele>31.80671747</ele>
    </trkpt>
    <trkpt lat="59.318467097" lon="18.047422432">
      <ele>32.542660367</ele>
    </trkpt>
    <trkpt lat="59.318439737" lon="18.047171028">
      <ele>33.141610882</ele>
    </trkpt>
    <trkpt lat="59.318412374" lon="18.046927084">
      <ele>33.740563918</ele>
    </trkpt>
    <trkpt lat="59.318383872" lon="18.046667475">
      <ele>34.369013038</ele>
    </trkpt>
    <trkpt lat="59.318356508" lon="18.046420549">
      <ele>34.99746493</ele>
    </trkpt>
    <trkpt lat="59.318337507" lon="18.046246731">
      <ele>35.424930679</ele>
    </trkpt>
    <trkpt lat="59.318318884" lon="18.046078135">
      <ele>35.85239769</ele>
    </trkpt>
    <trkpt lat="59.318310143" lon="18.045997567">
      <ele>36.021381702</ele>
    </trkpt>
    <trkpt lat="59.318295701" lon="18.045867763">
      <ele>36.219356419</ele>
    </trkpt>
    <trkpt lat="59.318271377" lon="18.045647693">
      <ele>36.169313298</ele>
    </trkpt>
    <trkpt lat="59.31823869" lon="18.045353024">
      <ele>35.76975565</ele>
    </trkpt>
    <trkpt lat="59.318211706" lon="18.045105354">
      <ele>35.455206473</ele>
    </trkpt>
    <trkpt lat="59.318179399" lon="18.044812178">
      <ele>35.011648681</ele>
    </trkpt>
    <trkpt lat="59.318147091" lon="18.044520495">
      <ele>34.568091329</ele>
    </trkpt>
    <trkpt lat="59.318109732" lon="18.044181176">
      <ele>34.054024207</ele>
    </trkpt>
    <trkpt lat="59.318072025" lon="18.043841005">
      <ele>33.539957154</ele>
    </trkpt>
    <trkpt lat="59.318049522" lon="18.043636902">
      <ele>33.272916707</ele>
    </trkpt>
    <trkpt lat="59.318026611" lon="18.043428711">
      <ele>33.005875354</ele>
    </trkpt>
    <trkpt lat="59.318000761" lon="18.043196709">
      <ele>32.570829651</ele>
    </trkpt>
    <trkpt lat="59.317975379" lon="18.042963971">
      <ele>32.135783017</ele>
    </trkpt>
    <trkpt lat="59.31795105" lon="18.042742826">
      <ele>31.817738941</ele>
    </trkpt>
    <trkpt lat="59.317926246" lon="18.042518503">
      <ele>31.499694355</ele>
    </trkpt>
    <trkpt lat="59.3179025" lon="18.042304615">
      <ele>31.176651929</ele>
    </trkpt>
    <trkpt lat="59.317879174" lon="18.042092467">
      <ele>30.853609503</ele>
    </trkpt>
    <trkpt lat="59.317843088" lon="18.04175973">
      <ele>29.879542209</ele>
    </trkpt>
    <trkpt lat="59.317816568" lon="18.041515766">
      <ele>29.109492887</ele>
    </trkpt>
    <trkpt lat="59.317795752" lon="18.041320491">
      <ele>28.529952821</ele>
    </trkpt>
    <trkpt lat="59.317770253" lon="18.041087889">
      <ele>27.755405992</ele>
    </trkpt>
    <trkpt lat="59.317755868" lon="18.040954298">
      <ele>27.384378727</ele>
    </trkpt>
    <trkpt lat="59.317748277" lon="18.040883639">
      <ele>27.169364277</ele>
    </trkpt>
    <trkpt lat="59.317740491" lon="18.040811453">
      <ele>26.95434955</ele>
    </trkpt>
    <trkpt lat="59.317730369" lon="18.040719406">
      <ele>26.723331024</ele>
    </trkpt>
    <trkpt lat="59.317720637" lon="18.040628123">
      <ele>26.492312235</ele>
    </trkpt>
    <trkpt lat="59.317711352" lon="18.040543945">
      <ele>26.239795316</ele>
    </trkpt>
    <trkpt lat="59.317702183" lon="18.040459271">
      <ele>25.987278064</ele>
    </trkpt>
    <trkpt lat="59.317692815" lon="18.040372446">
      <ele>25.700760321</ele>
    </trkpt>
    <trkpt lat="59.317683397" lon="18.040286272">
      <ele>25.414242865</ele>
    </trkpt>
    <trkpt lat="59.317678349" lon="18.040228318">
      <ele>25.37922941</ele>
    </trkpt>
    <trkpt lat="59.317678065" lon="18.040214437">
      <ele>25.384224956</ele>
    </trkpt>
    <trkpt lat="59.317678773" lon="18.040204726">
      <ele>25.385220632</ele>
    </trkpt>
    <trkpt lat="59.317680181" lon="18.040195314">
      <ele>25.39221548</ele>
    </trkpt>
    <trkpt lat="59.317682262" lon="18.040186392">
      <ele>25.402209603</ele>
    </trkpt>
    <trkpt lat="59.317684972" lon="18.040178138">
      <ele>25.410203122</ele>
    </trkpt>
    <trkpt lat="59.317688257" lon="18.040170744">
      <ele>25.393196175</ele>
    </trkpt>
    <trkpt lat="59.317692053" lon="18.040164333">
      <ele>25.326188889</ele>
    </trkpt>
    <trkpt lat="59.317696271" lon="18.040159028">
      <ele>25.273181427</ele>
    </trkpt>
    <trkpt lat="59.31770084" lon="18.040154987">
      <ele>25.275173939</ele>
    </trkpt>
    <trkpt lat="59.317743866" lon="18.04012935">
      <ele>25.360107745</ele>
    </trkpt>
    <trkpt lat="59.318003743" lon="18.039974502">
      <ele>25.119709378</ele>
    </trkpt>
    <trkpt lat="59.318077501" lon="18.039930553">
      <ele>25.198598111</ele>
    </trkpt>
    <trkpt lat="59.318180048" lon="18.039869448">
      <ele>25.123443328</ele>
    </trkpt>
    <trkpt lat="59.318435682" lon="18.039717124">
      <ele>24.504057051</ele>
    </trkpt>
    <trkpt lat="59.318756374" lon="18.03952603">
      <ele>22.837652463</ele>
    </trkpt>
    <trkpt lat="59.318958959" lon="18.039405312">
      <ele>21.772021874</ele>
    </trkpt>
    <trkpt lat="59.319254898" lon="18.039228962">
      <ele>20.212815058</ele>
    </trkpt>
    <trkpt lat="59.319266023" lon="18.039222332">
      <ele>20.166798149</ele>
    </trkpt>
    <trkpt lat="59.319277079" lon="18.039215744">
      <ele>20.148781342</ele>
    </trkpt>
    <trkpt lat="59.319300888" lon="18.039201556">
      <ele>20.180014516</ele>
    </trkpt>
    <trkpt lat="59.319306907" lon="18.03919751">
      <ele>20.173381442</ele>
    </trkpt>
    <trkpt lat="59.319312476" lon="18.039191482">
      <ele>20.163741137</ele>
    </trkpt>
    <trkpt lat="59.319317424" lon="18.039183654">
      <ele>20.151386518</ele>
    </trkpt>
    <trkpt lat="59.319321602" lon="18.039174264">
      <ele>20.136692972</ele>
    </trkpt>
    <trkpt lat="59.319324883" lon="18.039163598">
      <ele>20.120106957</ele>
    </trkpt>
    <trkpt lat="59.319327167" lon="18.03915198">
      <ele>20.102132429</ele>
    </trkpt>
    <trkpt lat="59.319328385" lon="18.039139763">
      <ele>20.083315537</ele>
    </trkpt>
    <trkpt lat="59.319328259" lon="18.03912271">
      <ele>20.057182099</ele>
    </trkpt>
    <trkpt lat="59.319322847" lon="18.039060106">
      <ele>19.97532236</ele>
    </trkpt>
    <trkpt lat="59.319303938" lon="18.038837878">
      <ele>19.691629034</ele>
    </trkpt>
    <trkpt lat="59.319272278" lon="18.038465802">
      <ele>19.261556916</ele>
    </trkpt>
    <trkpt lat="59.319246981" lon="18.038168515">
      <ele>19.048499427</ele>
    </trkpt>
    <trkpt lat="59.31920529" lon="18.037678581">
      <ele>18.748404944</ele>
    </trkpt>
    <trkpt lat="59.319177202" lon="18.037348512">
      <ele>18.677341472</ele>
    </trkpt>
    <trkpt lat="59.319157781" lon="18.037120304">
      <ele>18.608297673</ele>
    </trkpt>
    <trkpt lat="59.319146604" lon="18.036988969">
      <ele>18.548272499</ele>
    </trkpt>
    <trkpt lat="59.319132645" lon="18.036824945">
      <ele>18.483241091</ele>
    </trkpt>
    <trkpt lat="59.319113015" lon="18.036594284">
      <ele>18.279196985</ele>
    </trkpt>
    <trkpt lat="59.31909794" lon="18.036417162">
      <ele>18.152163164</ele>
    </trkpt>
    <trkpt lat="59.31908087" lon="18.036216595">
      <ele>17.734124918</ele>
    </trkpt>
    <trkpt lat="59.319065595" lon="18.036037113">
      <ele>17.367090739</ele>
    </trkpt>
    <trkpt lat="59.319051074" lon="18.035866511">
      <ele>17.01905829</ele>
    </trkpt>
    <trkpt lat="59.319035651" lon="18.035685301">
      <ele>16.466023867</ele>
    </trkpt>
    <trkpt lat="59.319018545" lon="18.035484323">
      <ele>15.97298574</ele>
    </trkpt>
    <trkpt lat="59.319005653" lon="18.035332861">
      <ele>15.721957043</ele>
    </trkpt>
    <trkpt lat="59.318978253" lon="18.035010948">
      <ele>15.219896153</ele>
    </trkpt>
    <trkpt lat="59.31896735" lon="18.034882867">
      <ele>15.182871965</ele>
    </trkpt>
    <trkpt lat="59.318952566" lon="18.034709178">
      <ele>15.165839199</ele>
    </trkpt>
    <trkpt lat="59.318939269" lon="18.034552966">
      <ele>15.127809765</ele>
    </trkpt>
    <trkpt lat="59.318927831" lon="18.0344186">
      <ele>15.031784474</ele>
    </trkpt>
    <trkpt lat="59.318909427" lon="18.0342024">
      <ele>14.99474383</ele>
    </trkpt>
    <trkpt lat="59.318897886" lon="18.034066821">
      <ele>14.975718374</ele>
    </trkpt>
    <trkpt lat="59.318885282" lon="18.03391876">
      <ele>14.913690603</ele>
    </trkpt>
    <trkpt lat="59.318872205" lon="18.033765148">
      <ele>14.838661822</ele>
    </trkpt>
    <trkpt lat="59.318860678" lon="18.033629742">
      <ele>14.796636478</ele>
    </trkpt>
    <trkpt lat="59.31885138" lon="18.033520521">
      <ele>14.725616053</ele>
    </trkpt>
    <trkpt lat="59.318833945" lon="18.033315721">
      <ele>14.643577798</ele>
    </trkpt>
    <trkpt lat="59.318821953" lon="18.033174856">
      <ele>14.532551518</ele>
    </trkpt>
    <trkpt lat="59.318813761" lon="18.033078633">
      <ele>14.551533582</ele>
    </trkpt>
    <trkpt lat="59.318801731" lon="18.032937331">
      <ele>14.488507266</ele>
    </trkpt>
    <trkpt lat="59.318788188" lon="18.032778263">
      <ele>14.464477673</ele>
    </trkpt>
    <trkpt lat="59.318775863" lon="18.032633494">
      <ele>14.41445077</ele>
    </trkpt>
    <trkpt lat="59.318763663" lon="18.032490198">
      <ele>14.554424168</ele>
    </trkpt>
    <trkpt lat="59.318764369" lon="18.032476621">
      <ele>14.553419062</ele>
    </trkpt>
    <trkpt lat="59.318828236" lon="18.032328236">
      <ele>14.487285163</ele>
    </trkpt>
    <trkpt lat="59.318846799" lon="18.032305575">
      <ele>14.47525245</ele>
    </trkpt>
    <trkpt lat="59.318957994" lon="18.032242412">
      <ele>14.598078516</ele>
    </trkpt>
    <trkpt lat="59.319003042" lon="18.032216822">
      <ele>14.708008018</ele>
    </trkpt>
    <trkpt lat="59.319074071" lon="18.032176474">
      <ele>14.873568096</ele>
    </trkpt>
    <trkpt lat="59.319110167" lon="18.03215597">
      <ele>15.156840302</ele>
    </trkpt>
    <trkpt lat="59.319176126" lon="18.032118501">
      <ele>15.214736985</ele>
    </trkpt>
    <trkpt lat="59.319239568" lon="18.032082463">
      <ele>15.337637576</ele>
    </trkpt>
    <trkpt lat="59.319295214" lon="18.032050853">
      <ele>15.449550351</ele>
    </trkpt>
    <trkpt lat="59.319349797" lon="18.032019846">
      <ele>15.559464766</ele>
    </trkpt>
    <trkpt lat="59.319432049" lon="18.031973122">
      <ele>15.727335747</ele>
    </trkpt>
    <trkpt lat="59.319512755" lon="18.031927276">
      <ele>15.884512144</ele>
    </trkpt>
    <trkpt lat="59.319659911" lon="18.031843681">
      <ele>16.159434355</ele>
    </trkpt>
    <trkpt lat="59.319837935" lon="18.03174255">
      <ele>16.541026112</ele>
    </trkpt>
    <trkpt lat="59.32003432" lon="18.031630987">
      <ele>16.985399072</ele>
    </trkpt>
    <trkpt lat="59.320243501" lon="18.031512154">
      <ele>17.461927525</ele>
    </trkpt>
    <trkpt lat="59.320327279" lon="18.03146456">
      <ele>17.647022355</ele>
    </trkpt>
    <trkpt lat="59.320578934" lon="18.031321595">
      <ele>18.207698957</ele>
    </trkpt>
    <trkpt lat="59.320804612" lon="18.031193386">
      <ele>18.691409105</ele>
    </trkpt>
    <trkpt lat="59.321028991" lon="18.031065913">
      <ele>19.170121073</ele>
    </trkpt>
    <trkpt lat="59.321219766" lon="18.030957529">
      <ele>19.582876297</ele>
    </trkpt>
    <trkpt lat="59.321266298" lon="18.030931093">
      <ele>19.688816611</ele>
    </trkpt>
    <trkpt lat="59.321344322" lon="18.030880953">
      <ele>19.869714743</ele>
    </trkpt>
    <trkpt lat="59.321436905" lon="18.030821969">
      <ele>20.083594054</ele>
    </trkpt>
    <trkpt lat="59.321507721" lon="18.030772677">
      <ele>20.248500466</ele>
    </trkpt>
    <trkpt lat="59.321568188" lon="18.030731961">
      <ele>20.389420993</ele>
    </trkpt>
    <trkpt lat="59.321622685" lon="18.030685822">
      <ele>20.51934646</ele>
    </trkpt>
    <trkpt lat="59.321698562" lon="18.03062518">
      <ele>20.66724382</ele>
    </trkpt>
    <trkpt lat="59.321795216" lon="18.030543641">
      <ele>21.061111785</ele>
    </trkpt>
    <trkpt lat="59.321875239" lon="18.030474367">
      <ele>21.388001956</ele>
    </trkpt>
    <trkpt lat="59.32195713" lon="18.030394321">
      <ele>21.730886771</ele>
    </trkpt>
    <trkpt lat="59.322055347" lon="18.030296468">
      <ele>22.143748099</ele>
    </trkpt>
    <trkpt lat="59.32215509" lon="18.030193062">
      <ele>22.565606086</ele>
    </trkpt>
    <trkpt lat="59.322222242" lon="18.030121144">
      <ele>22.841509797</ele>
    </trkpt>
    <trkpt lat="59.322308681" lon="18.030022457">
      <ele>23.288384013</ele>
    </trkpt>
    <trkpt lat="59.322368724" lon="18.029951914">
      <ele>23.601296055</ele>
    </trkpt>
    <trkpt lat="59.32242323" lon="18.029887525">
      <ele>23.88621612</ele>
    </trkpt>
    <trkpt lat="59.322487437" lon="18.029811199">
      <ele>24.222121836</ele>
    </trkpt>
    <trkpt lat="59.322565151" lon="18.029719263">
      <ele>24.629007888</ele>
    </trkpt>
    <trkpt lat="59.322676773" lon="18.029583331">
      <ele>25.216843102</ele>
    </trkpt>
    <trkpt lat="59.322788314" lon="18.029450788">
      <ele>25.800679522</ele>
    </trkpt>
    <trkpt lat="59.322913244" lon="18.029295502">
      <ele>26.971494312</ele>
    </trkpt>
    <trkpt lat="59.323014634" lon="18.029174559">
      <ele>26.971345628</ele>
    </trkpt>
    <trkpt lat="59.323546625" lon="18.028526299">
      <ele>28.964062406</ele>
    </trkpt>
    <trkpt lat="59.32404786" lon="18.027915495">
      <ele>30.721826141</ele>
    </trkpt>
    <trkpt lat="59.324182253" lon="18.027751721">
      <ele>30.681629008</ele>
    </trkpt>
    <trkpt lat="59.324483162" lon="18.027386119">
      <ele>29.792688377</ele>
    </trkpt>
    <trkpt lat="59.324815013" lon="18.026982915">
      <ele>29.210703116</ele>
    </trkpt>
    <trkpt lat="59.32502457" lon="18.026727045">
      <ele>28.551396673</ele>
    </trkpt>
    <trkpt lat="59.325284789" lon="18.026409097">
      <ele>27.68801648</ele>
    </trkpt>
    <trkpt lat="59.32536819" lon="18.026308961">
      <ele>27.319895249</ele>
    </trkpt>
    <trkpt lat="59.325480695" lon="18.026171239">
      <ele>26.818730993</ele>
    </trkpt>
    <trkpt lat="59.325583526" lon="18.026048493">
      <ele>26.36458187</ele>
    </trkpt>
    <trkpt lat="59.325680793" lon="18.025929474">
      <ele>25.932440008</ele>
    </trkpt>
    <trkpt lat="59.325790372" lon="18.025797989">
      <ele>25.435281037</ele>
    </trkpt>
    <trkpt lat="59.325903066" lon="18.025663461">
      <ele>24.921117835</ele>
    </trkpt>
    <trkpt lat="59.326005349" lon="18.025539991">
      <ele>24.451969373</ele>
    </trkpt>
    <trkpt lat="59.326134825" lon="18.025384453">
      <ele>23.860781761</ele>
    </trkpt>
    <trkpt lat="59.326244314" lon="18.025251366">
      <ele>23.358622732</ele>
    </trkpt>
    <trkpt lat="59.326403067" lon="18.025060222">
      <ele>22.632392828</ele>
    </trkpt>
    <trkpt lat="59.326501049" lon="18.02494085">
      <ele>22.182250598</ele>
    </trkpt>
    <trkpt lat="59.326720828" lon="18.02467015">
      <ele>21.132930926</ele>
    </trkpt>
    <trkpt lat="59.326938248" lon="18.024407142">
      <ele>20.04361641</ele>
    </trkpt>
    <trkpt lat="59.327059373" lon="18.024263471">
      <ele>19.446442165</ele>
    </trkpt>
    <trkpt lat="59.327160128" lon="18.024141492">
      <ele>19.009296567</ele>
    </trkpt>
    <trkpt lat="59.327441307" lon="18.023763975">
      <ele>17.870473319</ele>
    </trkpt>
    <trkpt lat="59.327664143" lon="18.023464784">
      <ele>16.754025128</ele>
    </trkpt>
    <trkpt lat="59.327700801" lon="18.023415566">
      <ele>16.517900636</ele>
    </trkpt>
    <trkpt lat="59.327748936" lon="18.023350698">
      <ele>16.179282891</ele>
    </trkpt>
    <trkpt lat="59.327920434" lon="18.023119583">
      <ele>14.861329831</ele>
    </trkpt>
    <trkpt lat="59.328038394" lon="18.022960616">
      <ele>13.886620464</ele>
    </trkpt>
    <trkpt lat="59.328130447" lon="18.022836561">
      <ele>13.173114599</ele>
    </trkpt>
    <trkpt lat="59.328243842" lon="18.022683744">
      <ele>12.206790225</ele>
    </trkpt>
    <trkpt lat="59.328319085" lon="18.022582341">
      <ele>11.807764053</ele>
    </trkpt>
    <trkpt lat="59.328388224" lon="18.022489164">
      <ele>10.784424601</ele>
    </trkpt>
    <trkpt lat="59.328444949" lon="18.022412718">
      <ele>10.203783744</ele>
    </trkpt>
    <trkpt lat="59.328498969" lon="18.022339915">
      <ele>9.644126401</ele>
    </trkpt>
    <trkpt lat="59.328519495" lon="18.022312252">
      <ele>9.44161963</ele>
    </trkpt>
    <trkpt lat="59.328551489" lon="18.022269135">
      <ele>9.13234868</ele>
    </trkpt>
    <trkpt lat="59.328586223" lon="18.022222324">
      <ele>9.065812183</ele>
    </trkpt>
    <trkpt lat="59.328629897" lon="18.022163464">
      <ele>8.643313941</ele>
    </trkpt>
    <trkpt lat="59.328655902" lon="18.022123633">
      <ele>8.720671843</ele>
    </trkpt>
    <trkpt lat="59.328728051" lon="18.02201132">
      <ele>7.205605864</ele>
    </trkpt>
    <trkpt lat="59.328960469" lon="18.021649511">
      <ele>6.834887529</ele>
    </trkpt>
    <trkpt lat="59.329023213" lon="18.021551836">
      <ele>6.89324968</ele>
    </trkpt>
    <trkpt lat="59.329281179" lon="18.021150247">
      <ele>7.23948975</ele>
    </trkpt>
    <trkpt lat="59.329467279" lon="18.020860531">
      <ele>7.443991908</ele>
    </trkpt>
    <trkpt lat="59.329522833" lon="18.020774046">
      <ele>7.738422651</ele>
    </trkpt>
    <trkpt lat="59.329530585" lon="18.020762363">
      <ele>7.759967204</ele>
    </trkpt>
    <trkpt lat="59.329538539" lon="18.020751213">
      <ele>7.776891959</ele>
    </trkpt>
    <trkpt lat="59.329546686" lon="18.020740608">
      <ele>7.789176295</ele>
    </trkpt>
    <trkpt lat="59.329555017" lon="18.020730561">
      <ele>7.796805245</ele>
    </trkpt>
    <trkpt lat="59.32956352" lon="18.020721085">
      <ele>7.799769515</ele>
    </trkpt>
    <trkpt lat="59.329572186" lon="18.020712191">
      <ele>7.798065494</ele>
    </trkpt>
    <trkpt lat="59.329581005" lon="18.020703889">
      <ele>7.791695256</ele>
    </trkpt>
    <trkpt lat="59.329589964" lon="18.020696191">
      <ele>7.780666564</ele>
    </trkpt>
    <trkpt lat="59.329599054" lon="18.020689105">
      <ele>7.764992854</ele>
    </trkpt>
    <trkpt lat="59.329643663" lon="18.020654662">
      <ele>7.617814131</ele>
    </trkpt>
    <trkpt lat="59.329678625" lon="18.020627667">
      <ele>7.548584622</ele>
    </trkpt>
    <trkpt lat="59.329717766" lon="18.020597446">
      <ele>7.708493831</ele>
    </trkpt>
    <trkpt lat="59.329768714" lon="18.020558108">
      <ele>7.889854344</ele>
    </trkpt>
    <trkpt lat="59.32981422" lon="18.020531393">
      <ele>8.045584751</ele>
    </trkpt>
    <trkpt lat="59.329865242" lon="18.020569988">
      <ele>8.041166545</ele>
    </trkpt>
    <trkpt lat="59.329913806" lon="18.020626968">
      <ele>8.007901935</ele>
    </trkpt>
    <trkpt lat="59.330059659" lon="18.020831339">
      <ele>7.761192375</ele>
    </trkpt>
    <trkpt lat="59.330157205" lon="18.020968025">
      <ele>7.57753006</ele>
    </trkpt>
    <trkpt lat="59.330178469" lon="18.02099782">
      <ele>7.560143797</ele>
    </trkpt>
    <trkpt lat="59.33033467" lon="18.021216697">
      <ele>7.142422014</ele>
    </trkpt>
    <trkpt lat="59.330362752" lon="18.021256047">
      <ele>7.118309954</ele>
    </trkpt>
    <trkpt lat="59.330392752" lon="18.021298085">
      <ele>7.078134421</ele>
    </trkpt>
    <trkpt lat="59.33042863" lon="18.02134836">
      <ele>6.877332944</ele>
    </trkpt>
    <trkpt lat="59.330472875" lon="18.021410359">
      <ele>6.676525907</ele>
    </trkpt>
    <trkpt lat="59.330543741" lon="18.021509661">
      <ele>6.342954645</ele>
    </trkpt>
    <trkpt lat="59.330554652" lon="18.021530288">
      <ele>6.26092135</ele>
    </trkpt>
    <trkpt lat="59.330563566" lon="18.02155428">
      <ele>6.151791472</ele>
    </trkpt>
    <trkpt lat="59.330569619" lon="18.021577984">
      <ele>6.033982639</ele>
    </trkpt>
    <trkpt lat="59.330574258" lon="18.021607299">
      <ele>6.006365751</ele>
    </trkpt>
    <trkpt lat="59.330576224" lon="18.021637746">
      <ele>5.982229309</ele>
    </trkpt>
    <trkpt lat="59.33057546" lon="18.0216684">
      <ele>5.962306683</ele>
    </trkpt>
    <trkpt lat="59.330573958" lon="18.021684354">
      <ele>5.953697753</ele>
    </trkpt>
    <trkpt lat="59.330568859" lon="18.021711047">
      <ele>5.99386644</ele>
    </trkpt>
    <trkpt lat="59.330561966" lon="18.021738423">
      <ele>5.953726225</ele>
    </trkpt>
    <trkpt lat="59.330485567" lon="18.021990967">
      <ele>5.817352192</ele>
    </trkpt>
    <trkpt lat="59.330427453" lon="18.022182845">
      <ele>5.674187656</ele>
    </trkpt>
    <trkpt lat="59.330381215" lon="18.022338866">
      <ele>5.573282039</ele>
    </trkpt>
    <trkpt lat="59.330359128" lon="18.022419345">
      <ele>5.526328818</ele>
    </trkpt>
    <trkpt lat="59.330326449" lon="18.022542242">
      <ele>5.460399103</ele>
    </trkpt>
    <trkpt lat="59.330276767" lon="18.022730162">
      <ele>5.319506203</ele>
    </trkpt>
    <trkpt lat="59.330193166" lon="18.02304709">
      <ele>5.327686444</ele>
    </trkpt>
    <trkpt lat="59.330156398" lon="18.023178425">
      <ele>5.128249613</ele>
    </trkpt>
    <trkpt lat="59.330097293" lon="18.023380082">
      <ele>5.108368542</ele>
    </trkpt>
    <trkpt lat="59.330050661" lon="18.023539183">
      <ele>5.008464801</ele>
    </trkpt>
    <trkpt lat="59.329984607" lon="18.023764545">
      <ele>4.848598067</ele>
    </trkpt>
    <trkpt lat="59.329885598" lon="18.024102337">
      <ele>4.728803934</ele>
    </trkpt>
    <trkpt lat="59.329786555" lon="18.024440242">
      <ele>4.589008814</ele>
    </trkpt>
    <trkpt lat="59.329730987" lon="18.024629821">
      <ele>4.529123754</ele>
    </trkpt>
    <trkpt lat="59.329665032" lon="18.024854832">
      <ele>4.459260064</ele>
    </trkpt>
    <trkpt lat="59.32962612" lon="18.024987585">
      <ele>4.429340583</ele>
    </trkpt>
    <trkpt lat="59.329563755" lon="18.025200348">
      <ele>4.349469973</ele>
    </trkpt>
    <trkpt lat="59.329493687" lon="18.025439388">
      <ele>4.299615261</ele>
    </trkpt>
    <trkpt lat="59.329376018" lon="18.025840812">
      <ele>4.273375232</ele>
    </trkpt>
    <trkpt lat="59.329321769" lon="18.026025881">
      <ele>4.197487937</ele>
    </trkpt>
    <trkpt lat="59.32924946" lon="18.026272557">
      <ele>4.121638244</ele>
    </trkpt>
    <trkpt lat="59.329195568" lon="18.026456401">
      <ele>4.04375033</ele>
    </trkpt>
    <trkpt lat="59.328966062" lon="18.027239317">
      <ele>3.62598465</ele>
    </trkpt>
    <trkpt lat="59.328869789" lon="18.027567725">
      <ele>3.519429021</ele>
    </trkpt>
    <trkpt lat="59.328752852" lon="18.02796662">
      <ele>3.354384288</ele>
    </trkpt>
    <trkpt lat="59.328710867" lon="18.028115004">
      <ele>3.313151278</ele>
    </trkpt>
    <trkpt lat="59.328644009" lon="18.028405216">
      <ele>3.138310451</ele>
    </trkpt>
    <trkpt lat="59.32862235" lon="18.028531006">
      <ele>3.096910067</ele>
    </trkpt>
    <trkpt lat="59.32859523" lon="18.028688512">
      <ele>3.014064179</ele>
    </trkpt>
    <trkpt lat="59.328549205" lon="18.029027722">
      <ele>3.141205264</ele>
    </trkpt>
    <trkpt lat="59.328490724" lon="18.02946951">
      <ele>2.961398171</ele>
    </trkpt>
    <trkpt lat="59.328421498" lon="18.029998721">
      <ele>3.101128519</ele>
    </trkpt>
    <trkpt lat="59.328356449" lon="18.030485966">
      <ele>3.240842223</ele>
    </trkpt>
    <trkpt lat="59.328320044" lon="18.030763392">
      <ele>3.266963279</ele>
    </trkpt>
    <trkpt lat="59.328287257" lon="18.031012587">
      <ele>3.261072157</ele>
    </trkpt>
    <trkpt lat="59.328262788" lon="18.031195594">
      <ele>3.241152576</ele>
    </trkpt>
    <trkpt lat="59.328242238" lon="18.031350637">
      <ele>3.305220527</ele>
    </trkpt>
    <trkpt lat="59.328222201" lon="18.031516149">
      <ele>3.254290978</ele>
    </trkpt>
    <trkpt lat="59.328186884" lon="18.031794629">
      <ele>3.256411334</ele>
    </trkpt>
    <trkpt lat="59.328152694" lon="18.032069594">
      <ele>3.176529466</ele>
    </trkpt>
    <trkpt lat="59.32812531" lon="18.032289298">
      <ele>3.082623965</ele>
    </trkpt>
    <trkpt lat="59.328104166" lon="18.032458069">
      <ele>3.174696699</ele>
    </trkpt>
    <trkpt lat="59.328078736" lon="18.032662193">
      <ele>3.079784536</ele>
    </trkpt>
    <trkpt lat="59.327883826" lon="18.034055878">
      <ele>2.955908715</ele>
    </trkpt>
    <trkpt lat="59.327749487" lon="18.035017709">
      <ele>2.880840132</ele>
    </trkpt>
    <trkpt lat="59.327731562" lon="18.03514482">
      <ele>2.87789739</ele>
    </trkpt>
    <trkpt lat="59.327696052" lon="18.035399937">
      <ele>2.872011823</ele>
    </trkpt>
    <trkpt lat="59.327630677" lon="18.035866524">
      <ele>2.875721718</ele>
    </trkpt>
    <trkpt lat="59.327551715" lon="18.0364313">
      <ele>2.90247581</ele>
    </trkpt>
    <trkpt lat="59.327493406" lon="18.036841358">
      <ele>2.914661541</ele>
    </trkpt>
    <trkpt lat="59.327419475" lon="18.037362828">
      <ele>2.921397672</ele>
    </trkpt>
    <trkpt lat="59.327364547" lon="18.03775015">
      <ele>2.94607321</ele>
    </trkpt>
    <trkpt lat="59.327297214" lon="18.03822434">
      <ele>2.940288367</ele>
    </trkpt>
    <trkpt lat="59.327253733" lon="18.038532399">
      <ele>2.959427941</ele>
    </trkpt>
    <trkpt lat="59.32709106" lon="18.039676503">
      <ele>2.908448273</ele>
    </trkpt>
    <trkpt lat="59.326928452" lon="18.04082126">
      <ele>2.85745616</ele>
    </trkpt>
    <trkpt lat="59.3268967" lon="18.041045095">
      <ele>2.828054691</ele>
    </trkpt>
    <trkpt lat="59.326864806" lon="18.04126965">
      <ele>2.798653706</ele>
    </trkpt>
    <trkpt lat="59.326852823" lon="18.041361368">
      <ele>2.839692991</ele>
    </trkpt>
    <trkpt lat="59.326832577" lon="18.041517586">
      <ele>2.783083282</ele>
    </trkpt>
    <trkpt lat="59.32683076" lon="18.041788712">
      <ele>3.110477121</ele>
    </trkpt>
    <trkpt lat="59.326828622" lon="18.042135061">
      <ele>3.029345098</ele>
    </trkpt>
    <trkpt lat="59.326826809" lon="18.042428494">
      <ele>2.659020865</ele>
    </trkpt>
    <trkpt lat="59.326823306" lon="18.042995299">
      <ele>2.772183282</ele>
    </trkpt>
    <trkpt lat="59.32681665" lon="18.044071242">
      <ele>2.857491694</ele>
    </trkpt>
    <trkpt lat="59.326815001" lon="18.044337603">
      <ele>2.792568065</ele>
    </trkpt>
    <trkpt lat="59.326813095" lon="18.044645188">
      <ele>2.853656266</ele>
    </trkpt>
    <trkpt lat="59.326809786" lon="18.045179195">
      <ele>2.858809422</ele>
    </trkpt>
    <trkpt lat="59.326807583" lon="18.045534454">
      <ele>2.81291133</ele>
    </trkpt>
    <trkpt lat="59.326806359" lon="18.045731793">
      <ele>2.614967943</ele>
    </trkpt>
    <trkpt lat="59.326805991" lon="18.045800228">
      <ele>2.789987511</ele>
    </trkpt>
    <trkpt lat="59.326806055" lon="18.045812682">
      <ele>2.827990917</ele>
    </trkpt>
    <trkpt lat="59.326816213" lon="18.046235118">
      <ele>2.938096989</ele>
    </trkpt>
    <trkpt lat="59.32681747" lon="18.046287404">
      <ele>2.966110113</ele>
    </trkpt>
    <trkpt lat="59.326871248" lon="18.048472596">
      <ele>2.963656085</ele>
    </trkpt>
    <trkpt lat="59.326885417" lon="18.049027604">
      <ele>2.959793814</ele>
    </trkpt>
    <trkpt lat="59.326902639" lon="18.049702354">
      <ele>2.991961079</ele>
    </trkpt>
    <trkpt lat="59.32691696" lon="18.050068838">
      <ele>2.847908122</ele>
    </trkpt>
    <trkpt lat="59.326924857" lon="18.05018131">
      <ele>2.780067506</ele>
    </trkpt>
    <trkpt lat="59.326955095" lon="18.050502433">
      <ele>2.930120018</ele>
    </trkpt>
    <trkpt lat="59.327178139" lon="18.05287143">
      <ele>2.735502252</ele>
    </trkpt>
    <trkpt lat="59.327183122" lon="18.052909337">
      <ele>2.724506537</ele>
    </trkpt>
    <trkpt lat="59.327185537" lon="18.052920438">
      <ele>2.735506603</ele>
    </trkpt>
    <trkpt lat="59.32718876" lon="18.052931838">
      <ele>2.767505748</ele>
    </trkpt>
    <trkpt lat="59.327192603" lon="18.0529425">
      <ele>2.784503919</ele>
    </trkpt>
    <trkpt lat="59.327197002" lon="18.052952283">
      <ele>2.768501155</ele>
    </trkpt>
    <trkpt lat="59.327201912" lon="18.052961101">
      <ele>2.757497487</ele>
    </trkpt>
    <trkpt lat="59.327207281" lon="18.052968812">
      <ele>2.765492944</ele>
    </trkpt>
    <trkpt lat="59.32721273" lon="18.052974836">
      <ele>2.771487834</ele>
    </trkpt>
    <trkpt lat="59.327219444" lon="18.052980772">
      <ele>2.779481127</ele>
    </trkpt>
    <trkpt lat="59.327226428" lon="18.052985391">
      <ele>2.79347372</ele>
    </trkpt>
    <trkpt lat="59.327233601" lon="18.052988675">
      <ele>2.81446571</ele>
    </trkpt>
    <trkpt lat="59.327240908" lon="18.052990571">
      <ele>2.85345715</ele>
    </trkpt>
    <trkpt lat="59.327248269" lon="18.052991062">
      <ele>2.792448135</ele>
    </trkpt>
    <trkpt lat="59.32725563" lon="18.052990148">
      <ele>2.841438733</ele>
    </trkpt>
    <trkpt lat="59.327263016" lon="18.052988227">
      <ele>2.829429021</ele>
    </trkpt>
    <trkpt lat="59.327677763" lon="18.052880391">
      <ele>3.236884128</ele>
    </trkpt>
    <trkpt lat="59.327712281" lon="18.052871416">
      <ele>3.298838813</ele>
    </trkpt>
    <trkpt lat="59.327808916" lon="18.05284629">
      <ele>3.147711981</ele>
    </trkpt>
    <trkpt lat="59.327815036" lon="18.052844699">
      <ele>3.195703949</ele>
    </trkpt>
    <trkpt lat="59.327820943" lon="18.052843381">
      <ele>3.229696257</ele>
    </trkpt>
    <trkpt lat="59.327826724" lon="18.052840675">
      <ele>3.231688345</ele>
    </trkpt>
    <trkpt lat="59.327832298" lon="18.052836616">
      <ele>3.209680325</ele>
    </trkpt>
    <trkpt lat="59.327837576" lon="18.052831293">
      <ele>3.23467233</ele>
    </trkpt>
    <trkpt lat="59.327842522" lon="18.052825126">
      <ele>3.20466452</ele>
    </trkpt>
    <trkpt lat="59.327847585" lon="18.052817221">
      <ele>3.186656095</ele>
    </trkpt>
    <trkpt lat="59.327852154" lon="18.052808297">
      <ele>3.191648008</ele>
    </trkpt>
    <trkpt lat="59.327856193" lon="18.052798424">
      <ele>3.246640323</ele>
    </trkpt>
    <trkpt lat="59.327859658" lon="18.052787726">
      <ele>3.173633128</ele>
    </trkpt>
    <trkpt lat="59.327862485" lon="18.05277636">
      <ele>3.177626545</ele>
    </trkpt>
    <trkpt lat="59.327865446" lon="18.052751872">
      <ele>3.246616247</ele>
    </trkpt>
    <trkpt lat="59.327865734" lon="18.052748447">
      <ele>3.224614964</ele>
    </trkpt>
    <trkpt lat="59.327870333" lon="18.052694967">
      <ele>3.213594798</ele>
    </trkpt>
    <trkpt lat="59.327907772" lon="18.052259592">
      <ele>3.234778113</ele>
    </trkpt>
    <trkpt lat="59.327926453" lon="18.052042343">
      <ele>3.27405899</ele>
    </trkpt>
    <trkpt lat="59.327940793" lon="18.051875571">
      <ele>3.371608443</ele>
    </trkpt>
    <trkpt lat="59.327955548" lon="18.051703975">
      <ele>3.477766658</ele>
    </trkpt>
    <trkpt lat="59.327970893" lon="18.051525522">
      <ele>3.590341282</ele>
    </trkpt>
    <trkpt lat="59.327987071" lon="18.051337367">
      <ele>3.711343942</ele>
    </trkpt>
    <trkpt lat="59.327998986" lon="18.051198837">
      <ele>3.800015304</ele>
    </trkpt>
    <trkpt lat="59.328011906" lon="18.051057479">
      <ele>3.917360081</ele>
    </trkpt>
    <trkpt lat="59.328025033" lon="18.050937269">
      <ele>4.017780667</ele>
    </trkpt>
    <trkpt lat="59.328035585" lon="18.050840631">
      <ele>4.098776091</ele>
    </trkpt>
    <trkpt lat="59.328047303" lon="18.050733322">
      <ele>4.189135052</ele>
    </trkpt>
    <trkpt lat="59.328062056" lon="18.050613343">
      <ele>4.418474873</ele>
    </trkpt>
    <trkpt lat="59.328084808" lon="18.050428293">
      <ele>4.782612097</ele>
    </trkpt>
    <trkpt lat="59.328106654" lon="18.050255871">
      <ele>5.12243916</ele>
    </trkpt>
    <trkpt lat="59.328125937" lon="18.050103679">
      <ele>5.422500254</ele>
    </trkpt>
    <trkpt lat="59.328141231" lon="18.049987703">
      <ele>5.6516931</ele>
    </trkpt>
    <trkpt lat="59.328162508" lon="18.049828323">
      <ele>6.009516264</ele>
    </trkpt>
    <trkpt lat="59.328175998" lon="18.049727275">
      <ele>6.295071689</ele>
    </trkpt>
    <trkpt lat="59.328232954" lon="18.049300624">
      <ele>7.268600501</ele>
    </trkpt>
    <trkpt lat="59.328285798" lon="18.048904766">
      <ele>8.020408584</ele>
    </trkpt>
    <trkpt lat="59.328424453" lon="18.047866039">
      <ele>9.587174879</ele>
    </trkpt>
    <trkpt lat="59.328553657" lon="18.046898053">
      <ele>10.381214116</ele>
    </trkpt>
    <trkpt lat="59.328604324" lon="18.046518444">
      <ele>10.286852742</ele>
    </trkpt>
    <trkpt lat="59.328639481" lon="18.046255032">
      <ele>10.168868511</ele>
    </trkpt>
    <trkpt lat="59.328711021" lon="18.045719017">
      <ele>9.900108248</ele>
    </trkpt>
    <trkpt lat="59.328795421" lon="18.045086612">
      <ele>9.552451089</ele>
    </trkpt>
    <trkpt lat="59.328807929" lon="18.044992891">
      <ele>9.541411818</ele>
    </trkpt>
    <trkpt lat="59.328845087" lon="18.044714463">
      <ele>9.490295272</ele>
    </trkpt>
    <trkpt lat="59.328862533" lon="18.044583732">
      <ele>9.343240613</ele>
    </trkpt>
    <trkpt lat="59.328887191" lon="18.044398963">
      <ele>9.327163426</ele>
    </trkpt>
    <trkpt lat="59.328917635" lon="18.044170828">
      <ele>9.150068234</ele>
    </trkpt>
    <trkpt lat="59.3289478" lon="18.043944789">
      <ele>9.172974035</ele>
    </trkpt>
    <trkpt lat="59.328969534" lon="18.043781921">
      <ele>9.241906236</ele>
    </trkpt>
    <trkpt lat="59.328985821" lon="18.043659869">
      <ele>9.160387637</ele>
    </trkpt>
    <trkpt lat="59.329021337" lon="18.043401177">
      <ele>9.052682603</ele>
    </trkpt>
    <trkpt lat="59.329022512" lon="18.043396086">
      <ele>9.062413767</ele>
    </trkpt>
    <trkpt lat="59.329024781" lon="18.04338784">
      <ele>9.077017654</ele>
    </trkpt>
    <trkpt lat="59.329027409" lon="18.043380012">
      <ele>9.089384916</ele>
    </trkpt>
    <trkpt lat="59.329030375" lon="18.04337266">
      <ele>9.099421433</ele>
    </trkpt>
    <trkpt lat="59.329033657" lon="18.043365841">
      <ele>9.107050818</ele>
    </trkpt>
    <trkpt lat="59.32903723" lon="18.043359607">
      <ele>9.11221501</ele>
    </trkpt>
    <trkpt lat="59.329041067" lon="18.043354004">
      <ele>9.114874704</ele>
    </trkpt>
    <trkpt lat="59.329045139" lon="18.043349077">
      <ele>9.115009659</ele>
    </trkpt>
    <trkpt lat="59.329049414" lon="18.043344861">
      <ele>9.112618847</ele>
    </trkpt>
    <trkpt lat="59.329053861" lon="18.04334139">
      <ele>9.107720465</ele>
    </trkpt>
    <trkpt lat="59.329058445" lon="18.043338689">
      <ele>9.100351792</ele>
    </trkpt>
    <trkpt lat="59.329063131" lon="18.04333678">
      <ele>9.090568908</ele>
    </trkpt>
    <trkpt lat="59.329067884" lon="18.043335677">
      <ele>9.078446266</ele>
    </trkpt>
    <trkpt lat="59.329072667" lon="18.043335387">
      <ele>9.064076126</ele>
    </trkpt>
    <trkpt lat="59.329077445" lon="18.043335914">
      <ele>9.047567855</ele>
    </trkpt>
    <trkpt lat="59.32908218" lon="18.043337254">
      <ele>9.02904709</ele>
    </trkpt>
    <trkpt lat="59.329086837" lon="18.043339395">
      <ele>9.008654786</ele>
    </trkpt>
    <trkpt lat="59.329267478" lon="18.04342873">
      <ele>8.686468398</ele>
    </trkpt>
    <trkpt lat="59.329333689" lon="18.043461889">
      <ele>8.567400118</ele>
    </trkpt>
    <trkpt lat="59.329416514" lon="18.043503369">
      <ele>8.468314651</ele>
    </trkpt>
    <trkpt lat="59.329487578" lon="18.043538958">
      <ele>8.405241273</ele>
    </trkpt>
    <trkpt lat="59.329552157" lon="18.043571301">
      <ele>8.248174552</ele>
    </trkpt>
    <trkpt lat="59.329625946" lon="18.043608255">
      <ele>8.163098273</ele>
    </trkpt>
    <trkpt lat="59.329701172" lon="18.04364593">
      <ele>7.91802046</ele>
    </trkpt>
    <trkpt lat="59.329801268" lon="18.04369606">
      <ele>7.971921221</ele>
    </trkpt>
    <trkpt lat="59.329972344" lon="18.043781739">
      <ele>7.733290526</ele>
    </trkpt>
    <trkpt lat="59.330001518" lon="18.04379635">
      <ele>7.77457477</ele>
    </trkpt>
    <trkpt lat="59.330178118" lon="18.043884797">
      <ele>7.733113663</ele>
    </trkpt>
    <trkpt lat="59.330322088" lon="18.043956902">
      <ele>7.85573335</ele>
    </trkpt>
    <trkpt lat="59.330371452" lon="18.043981626">
      <ele>7.855692391</ele>
    </trkpt>
    <trkpt lat="59.330476676" lon="18.044034326">
      <ele>7.820322483</ele>
    </trkpt>
    <trkpt lat="59.330533804" lon="18.044062938">
      <ele>8.119783793</ele>
    </trkpt>
    <trkpt lat="59.330615123" lon="18.044103667">
      <ele>8.159068969</ele>
    </trkpt>
    <trkpt lat="59.330688752" lon="18.044140544">
      <ele>8.158615054</ele>
    </trkpt>
    <trkpt lat="59.330776018" lon="18.044184251">
      <ele>8.158149917</ele>
    </trkpt>
    <trkpt lat="59.330839464" lon="18.044216028">
      <ele>7.96269772</ele>
    </trkpt>
    <trkpt lat="59.331019478" lon="18.044306189">
      <ele>7.916866334</ele>
    </trkpt>
    <trkpt lat="59.331211671" lon="18.044402451">
      <ele>7.877708094</ele>
    </trkpt>
    <trkpt lat="59.331451587" lon="18.044522618">
      <ele>8.159510994</ele>
    </trkpt>
    <trkpt lat="59.331631519" lon="18.044612742">
      <ele>8.347363489</ele>
    </trkpt>
    <trkpt lat="59.331820544" lon="18.044707421">
      <ele>8.55020882</ele>
    </trkpt>
    <trkpt lat="59.332083387" lon="18.044839075">
      <ele>8.717994247</ele>
    </trkpt>
    <trkpt lat="59.332217428" lon="18.044906216">
      <ele>8.809885044</ele>
    </trkpt>
    <trkpt lat="59.332363076" lon="18.044979171">
      <ele>8.900766554</ele>
    </trkpt>
    <trkpt lat="59.332477308" lon="18.04503639">
      <ele>8.923673747</ele>
    </trkpt>
    <trkpt lat="59.332602918" lon="18.045099308">
      <ele>9.066571822</ele>
    </trkpt>
    <trkpt lat="59.332696626" lon="18.045146247">
      <ele>9.231495869</ele>
    </trkpt>
    <trkpt lat="59.332703197" lon="18.045148371">
      <ele>9.265490225</ele>
    </trkpt>
    <trkpt lat="59.33270984" lon="18.045149089">
      <ele>9.288484127</ele>
    </trkpt>
    <trkpt lat="59.332716492" lon="18.04514842">
      <ele>9.303477641</ele>
    </trkpt>
    <trkpt lat="59.332723063" lon="18.045146344">
      <ele>9.305470845</ele>
    </trkpt>
    <trkpt lat="59.332729481" lon="18.045142881">
      <ele>9.339463812</ele>
    </trkpt>
    <trkpt lat="59.332735665" lon="18.045138101">
      <ele>9.406456638</ele>
    </trkpt>
    <trkpt lat="59.332741562" lon="18.045132037">
      <ele>9.465449384</ele>
    </trkpt>
    <trkpt lat="59.332747082" lon="18.04512478">
      <ele>9.482442158</ele>
    </trkpt>
    <trkpt lat="59.33275218" lon="18.045116398">
      <ele>9.467435023</ele>
    </trkpt>
    <trkpt lat="59.332756784" lon="18.045106979">
      <ele>9.47942807</ele>
    </trkpt>
    <trkpt lat="59.332760841" lon="18.045096647">
      <ele>9.508421384</ele>
    </trkpt>
    <trkpt lat="59.332764305" lon="18.045085525">
      <ele>9.483415042</ele>
    </trkpt>
    <trkpt lat="59.33276714" lon="18.045073735">
      <ele>9.489409112</ele>
    </trkpt>
    <trkpt lat="59.332769365" lon="18.04506105">
      <ele>9.526403514</ele>
    </trkpt>
    <trkpt lat="59.332780739" lon="18.044982881">
      <ele>9.546371225</ele>
    </trkpt>
    <trkpt lat="59.332803151" lon="18.044827428">
      <ele>9.688307166</ele>
    </trkpt>
    <trkpt lat="59.332852586" lon="18.044484523">
      <ele>9.985165657</ele>
    </trkpt>
    <trkpt lat="59.332902292" lon="18.044139732">
      <ele>10.295023086</ele>
    </trkpt>
    <trkpt lat="59.332920303" lon="18.04401479">
      <ele>10.455971353</ele>
    </trkpt>
    <trkpt lat="59.33294709" lon="18.043828975">
      <ele>10.598894345</ele>
    </trkpt>
    <trkpt lat="59.332972995" lon="18.043649277">
      <ele>10.813819793</ele>
    </trkpt>
    <trkpt lat="59.332999242" lon="18.043467205">
      <ele>10.968744178</ele>
    </trkpt>
    <trkpt lat="59.333029815" lon="18.043255122">
      <ele>11.185656</ele>
    </trkpt>
    <trkpt lat="59.333068539" lon="18.042986486">
      <ele>11.427544154</ele>
    </trkpt>
    <trkpt lat="59.333110308" lon="18.042696726">
      <ele>11.648423319</ele>
    </trkpt>
    <trkpt lat="59.33316454" lon="18.042320495">
      <ele>12.022266124</ele>
    </trkpt>
    <trkpt lat="59.333219171" lon="18.041941493">
      <ele>12.50310743</ele>
    </trkpt>
    <trkpt lat="59.333267127" lon="18.041608784">
      <ele>12.808967836</ele>
    </trkpt>
    <trkpt lat="59.333318847" lon="18.041249958">
      <ele>13.452639127</ele>
    </trkpt>
    <trkpt lat="59.333371233" lon="18.040886507">
      <ele>13.741685362</ele>
    </trkpt>
    <trkpt lat="59.333439084" lon="18.040415741">
      <ele>13.888465096</ele>
    </trkpt>
    <trkpt lat="59.333482473" lon="18.040114695">
      <ele>14.313337699</ele>
    </trkpt>
    <trkpt lat="59.333595809" lon="18.039328309">
      <ele>15.070990077</ele>
    </trkpt>
    <trkpt lat="59.33372905" lon="18.038403756">
      <ele>16.17857756</ele>
    </trkpt>
    <trkpt lat="59.333789251" lon="18.037986005">
      <ele>16.191592127</ele>
    </trkpt>
    <trkpt lat="59.333875545" lon="18.037387169">
      <ele>16.382122754</ele>
    </trkpt>
    <trkpt lat="59.333950649" lon="18.036865971">
      <ele>16.525039571</ele>
    </trkpt>
    <trkpt lat="59.334065336" lon="18.036070052">
      <ele>16.679009284</ele>
    </trkpt>
    <trkpt lat="59.334103669" lon="18.035804011">
      <ele>16.718266584</ele>
    </trkpt>
    <trkpt lat="59.334154089" lon="18.03545408">
      <ele>16.900943873</ele>
    </trkpt>
    <trkpt lat="59.334212721" lon="18.035047144">
      <ele>16.998415731</ele>
    </trkpt>
    <trkpt lat="59.334270964" lon="18.034642901">
      <ele>17.095888599</ele>
    </trkpt>
    <trkpt lat="59.334311104" lon="18.034364293">
      <ele>17.119634855</ele>
    </trkpt>
    <trkpt lat="59.334357548" lon="18.034041932">
      <ele>17.194707737</ele>
    </trkpt>
    <trkpt lat="59.334445307" lon="18.033432779">
      <ele>17.374886737</ele>
    </trkpt>
    <trkpt lat="59.334533197" lon="18.032822705">
      <ele>17.555064859</ele>
    </trkpt>
    <trkpt lat="59.334534028" lon="18.032817575">
      <ele>17.570336965</ele>
    </trkpt>
    <trkpt lat="59.334535085" lon="18.032812606">
      <ele>17.58545187</ele>
    </trkpt>
    <trkpt lat="59.33453636" lon="18.032807837">
      <ele>17.600294541</ele>
    </trkpt>
    <trkpt lat="59.334537842" lon="18.032803302">
      <ele>17.614752015</ele>
    </trkpt>
    <trkpt lat="59.334539521" lon="18.032799039">
      <ele>17.628714262</ele>
    </trkpt>
    <trkpt lat="59.334541384" lon="18.032795077">
      <ele>17.642075021</ele>
    </trkpt>
    <trkpt lat="59.334543416" lon="18.032791448">
      <ele>17.65473261</ele>
    </trkpt>
    <trkpt lat="59.334545603" lon="18.03278818">
      <ele>17.666590695</ele>
    </trkpt>
    <trkpt lat="59.334547927" lon="18.032785296">
      <ele>17.677559031</ele>
    </trkpt>
    <trkpt lat="59.334550371" lon="18.03278282">
      <ele>17.68755414</ele>
    </trkpt>
    <trkpt lat="59.334552916" lon="18.03278077">
      <ele>17.696499955</ele>
    </trkpt>
    <trkpt lat="59.334555542" lon="18.032779161">
      <ele>17.704328392</ele>
    </trkpt>
    <trkpt lat="59.334558231" lon="18.032778007">
      <ele>17.710979872</ele>
    </trkpt>
    <trkpt lat="59.334560961" lon="18.032777314">
      <ele>17.716403774</ele>
    </trkpt>
    <trkpt lat="59.334563712" lon="18.03277709">
      <ele>17.720558818</ele>
    </trkpt>
    <trkpt lat="59.334566462" lon="18.032777335">
      <ele>17.723413382</ele>
    </trkpt>
    <trkpt lat="59.334569191" lon="18.032778048">
      <ele>17.724945741</ele>
    </trkpt>
    <trkpt lat="59.33465739" lon="18.032822391">
      <ele>17.580513832</ele>
    </trkpt>
    <trkpt lat="59.334680801" lon="18.032840486">
      <ele>17.520154356</ele>
    </trkpt>
    <trkpt lat="59.335010673" lon="18.033107074">
      <ele>16.695664824</ele>
    </trkpt>
    <trkpt lat="59.335310256" lon="18.033350974">
      <ele>16.019434722</ele>
    </trkpt>
    <trkpt lat="59.335493604" lon="18.033500257">
      <ele>15.845012886</ele>
    </trkpt>
    <trkpt lat="59.335716383" lon="18.033680046">
      <ele>16.581123311</ele>
    </trkpt>
    <trkpt lat="59.336075847" lon="18.033971355">
      <ele>16.580848664</ele>
    </trkpt>
    <trkpt lat="59.33627876" lon="18.034134218">
      <ele>16.580693534</ele>
    </trkpt>
    <trkpt lat="59.336451428" lon="18.034275681">
      <ele>16.710319377</ele>
    </trkpt>
    <trkpt lat="59.336606724" lon="18.03440206">
      <ele>16.877873107</ele>
    </trkpt>
    <trkpt lat="59.336819221" lon="18.034574011">
      <ele>17.172700498</ele>
    </trkpt>
    <trkpt lat="59.337146029" lon="18.034838292">
      <ele>17.416780398</ele>
    </trkpt>
    <trkpt lat="59.337472836" lon="18.035102579">
      <ele>17.66086105</ele>
    </trkpt>
    <trkpt lat="59.337652887" lon="18.035248368">
      <ele>17.513280095</ele>
    </trkpt>
    <trkpt lat="59.337951766" lon="18.035490351">
      <ele>17.277280754</ele>
    </trkpt>
    <trkpt lat="59.338086348" lon="18.03559941">
      <ele>17.177328904</ele>
    </trkpt>
    <trkpt lat="59.338376494" lon="18.03583124">
      <ele>17.177110917</ele>
    </trkpt>
    <trkpt lat="59.338692895" lon="18.036084023">
      <ele>17.176873862</ele>
    </trkpt>
    <trkpt lat="59.338975155" lon="18.036309401">
      <ele>17.17666293</ele>
    </trkpt>
    <trkpt lat="59.339117172" lon="18.036422864">
      <ele>16.702075258</ele>
    </trkpt>
    <trkpt lat="59.339259197" lon="18.036536306">
      <ele>16.22748771</ele>
    </trkpt>
    <trkpt lat="59.339304534" lon="18.036572585">
      <ele>16.260591498</ele>
    </trkpt>
    <trkpt lat="59.339355731" lon="18.036613482">
      <ele>16.267062698</ele>
    </trkpt>
    <trkpt lat="59.339365781" lon="18.036623757">
      <ele>16.298957243</ele>
    </trkpt>
    <trkpt lat="59.33937371" lon="18.036633862">
      <ele>16.319979285</ele>
    </trkpt>
    <trkpt lat="59.33938116" lon="18.03664528">
      <ele>16.335748056</ele>
    </trkpt>
    <trkpt lat="59.339388075" lon="18.036657925">
      <ele>16.346143548</ele>
    </trkpt>
    <trkpt lat="59.339394402" lon="18.0366717">
      <ele>16.351086643</ele>
    </trkpt>
    <trkpt lat="59.339400093" lon="18.036686501">
      <ele>16.350539722</ele>
    </trkpt>
    <trkpt lat="59.339405104" lon="18.036702214">
      <ele>16.344506948</ele>
    </trkpt>
    <trkpt lat="59.339409398" lon="18.036718721">
      <ele>16.333034232</ele>
    </trkpt>
    <trkpt lat="59.339412941" lon="18.036735895">
      <ele>16.316208891</ele>
    </trkpt>
    <trkpt lat="59.339415707" lon="18.036753606">
      <ele>16.294158973</ele>
    </trkpt>
    <trkpt lat="59.339417675" lon="18.03677172">
      <ele>16.267052293</ele>
    </trkpt>
    <trkpt lat="59.3394826" lon="18.037278782">
      <ele>16.135676486</ele>
    </trkpt>
    <trkpt lat="59.339485932" lon="18.037294849">
      <ele>16.135678416</ele>
    </trkpt>
    <trkpt lat="59.339531153" lon="18.037496632">
      <ele>15.935493005</ele>
    </trkpt>
    <trkpt lat="59.33955235" lon="18.037591216">
      <ele>15.803435609</ele>
    </trkpt>
    <trkpt lat="59.339697807" lon="18.038240286">
      <ele>15.868570748</ele>
    </trkpt>
    <trkpt lat="59.339787934" lon="18.038642467">
      <ele>16.046613244</ele>
    </trkpt>
    <trkpt lat="59.339820905" lon="18.0387896">
      <ele>16.128628869</ele>
    </trkpt>
    <trkpt lat="59.339821777" lon="18.03879459">
      <ele>16.116629645</ele>
    </trkpt>
    <trkpt lat="59.33982194" lon="18.038799862">
      <ele>16.12563122</ele>
    </trkpt>
    <trkpt lat="59.339821394" lon="18.038805012">
      <ele>16.13763346</ele>
    </trkpt>
    <trkpt lat="59.339820175" lon="18.038809722">
      <ele>16.144636226</ele>
    </trkpt>
    <trkpt lat="59.339818372" lon="18.038813625">
      <ele>16.103639307</ele>
    </trkpt>
    <trkpt lat="59.339816102" lon="18.038816455">
      <ele>16.070642499</ele>
    </trkpt>
    <trkpt lat="59.339791128" lon="18.038847691">
      <ele>16.05467765</ele>
    </trkpt>
    <trkpt lat="59.33971252" lon="18.038946009">
      <ele>15.776244348</ele>
    </trkpt>
    <trkpt lat="59.339650672" lon="18.039017405">
      <ele>15.591873255</ele>
    </trkpt>
    <trkpt lat="59.339292849" lon="18.039430465">
      <ele>15.054364327</ele>
    </trkpt>
    <trkpt lat="59.339193978" lon="18.039544597">
      <ele>14.965254807</ele>
    </trkpt>
    <trkpt lat="59.339145255" lon="18.03960084">
      <ele>14.633566509</ele>
    </trkpt>
    <trkpt lat="59.33875823" lon="18.040047594">
      <ele>13.952095634</ele>
    </trkpt>
    <trkpt lat="59.33839769" lon="18.040463764">
      <ele>13.349586534</ele>
    </trkpt>
    <trkpt lat="59.338332098" lon="18.040539475">
      <ele>13.217675572</ele>
    </trkpt>
    <trkpt lat="59.338272727" lon="18.040617504">
      <ele>13.067759142</ele>
    </trkpt>
    <trkpt lat="59.338219541" lon="18.040692876">
      <ele>13.124835693</ele>
    </trkpt>
    <trkpt lat="59.33818708" lon="18.040745676">
      <ele>13.119884559</ele>
    </trkpt>
    <trkpt lat="59.338145095" lon="18.040811255">
      <ele>12.937946851</ele>
    </trkpt>
    <trkpt lat="59.338082011" lon="18.040911073">
      <ele>12.725040771</ele>
    </trkpt>
    <trkpt lat="59.338030526" lon="18.040998357">
      <ele>12.59704422</ele>
    </trkpt>
    <trkpt lat="59.337971101" lon="18.041099405">
      <ele>12.430341151</ele>
    </trkpt>
    <trkpt lat="59.337919524" lon="18.041193131">
      <ele>12.347024759</ele>
    </trkpt>
    <trkpt lat="59.337854117" lon="18.041321273">
      <ele>12.180335957</ele>
    </trkpt>
    <trkpt lat="59.337807024" lon="18.041423055">
      <ele>12.097017543</ele>
    </trkpt>
    <trkpt lat="59.337751335" lon="18.041543875">
      <ele>11.972015079</ele>
    </trkpt>
    <trkpt lat="59.33771508" lon="18.041625886">
      <ele>11.930378052</ele>
    </trkpt>
    <trkpt lat="59.337654158" lon="18.041766477">
      <ele>11.763688351</ele>
    </trkpt>
    <trkpt lat="59.33759174" lon="18.041913657">
      <ele>11.638700441</ele>
    </trkpt>
    <trkpt lat="59.337549504" lon="18.0420191">
      <ele>11.513679595</ele>
    </trkpt>
    <trkpt lat="59.337500915" lon="18.042145778">
      <ele>11.388671533</ele>
    </trkpt>
    <trkpt lat="59.337440738" lon="18.042310533">
      <ele>11.180289779</ele>
    </trkpt>
    <trkpt lat="59.337388783" lon="18.042455517">
      <ele>11.096988885</ele>
    </trkpt>
    <trkpt lat="59.337358881" lon="18.042544119">
      <ele>10.971950444</ele>
    </trkpt>
    <trkpt lat="59.337312438" lon="18.042682163">
      <ele>10.805245046</ele>
    </trkpt>
    <trkpt lat="59.337255861" lon="18.042850329">
      <ele>10.721955548</ele>
    </trkpt>
    <trkpt lat="59.337185448" lon="18.043059616">
      <ele>10.430200071</ele>
    </trkpt>
    <trkpt lat="59.337145452" lon="18.04320094">
      <ele>10.263489082</ele>
    </trkpt>
    <trkpt lat="59.337116556" lon="18.043336851">
      <ele>10.138464029</ele>
    </trkpt>
    <trkpt lat="59.337038351" lon="18.043704689">
      <ele>9.66762995</ele>
    </trkpt>
    <trkpt lat="59.337022444" lon="18.043779506">
      <ele>9.667668438</ele>
    </trkpt>
    <trkpt lat="59.336999137" lon="18.043904114">
      <ele>9.625690493</ele>
    </trkpt>
    <trkpt lat="59.336945681" lon="18.044189909">
      <ele>9.437218878</ele>
    </trkpt>
    <trkpt lat="59.336874256" lon="18.044571765">
      <ele>9.131084773</ele>
    </trkpt>
    <trkpt lat="59.336813089" lon="18.044898767">
      <ele>8.621655406</ele>
    </trkpt>
    <trkpt lat="59.336792299" lon="18.045009911">
      <ele>8.621709436</ele>
    </trkpt>
    <trkpt lat="59.336763354" lon="18.045164656">
      <ele>8.483619985</ele>
    </trkpt>
    <trkpt lat="59.336741736" lon="18.045280226">
      <ele>8.261433556</ele>
    </trkpt>
    <trkpt lat="59.336685825" lon="18.045579122">
      <ele>8.241838031</ele>
    </trkpt>
    <trkpt lat="59.336589184" lon="18.046095748">
      <ele>7.957359749</ele>
    </trkpt>
    <trkpt lat="59.336484133" lon="18.046657314">
      <ele>6.973284855</ele>
    </trkpt>
    <trkpt lat="59.336453734" lon="18.046819815">
      <ele>6.973362951</ele>
    </trkpt>
    <trkpt lat="59.336321163" lon="18.047528469">
      <ele>6.436786883</ele>
    </trkpt>
    <trkpt lat="59.336202363" lon="18.048163484">
      <ele>6.383089877</ele>
    </trkpt>
    <trkpt lat="59.336135719" lon="18.048519704">
      <ele>6.169291579</ele>
    </trkpt>
    <trkpt lat="59.336101927" lon="18.048693401">
      <ele>6.088168228</ele>
    </trkpt>
    <trkpt lat="59.336060231" lon="18.048907722">
      <ele>6.042446043</ele>
    </trkpt>
    <trkpt lat="59.336008576" lon="18.049173229">
      <ele>6.055916016</ele>
    </trkpt>
    <trkpt lat="59.335939242" lon="18.049529605">
      <ele>5.779982968</ele>
    </trkpt>
    <trkpt lat="59.335864186" lon="18.049915383">
      <ele>5.778928739</ele>
    </trkpt>
    <trkpt lat="59.335821426" lon="18.050135161">
      <ele>5.727487666</ele>
    </trkpt>
    <trkpt lat="59.335788823" lon="18.050286037">
      <ele>5.520484615</ele>
    </trkpt>
    <trkpt lat="59.335759689" lon="18.050424374">
      <ele>5.436176252</ele>
    </trkpt>
    <trkpt lat="59.335717903" lon="18.050622785">
      <ele>5.164778346</ele>
    </trkpt>
    <trkpt lat="59.33557074" lon="18.051321538">
      <ele>5.012233819</ele>
    </trkpt>
    <trkpt lat="59.335440727" lon="18.051938842">
      <ele>4.852575308</ele>
    </trkpt>
    <trkpt lat="59.335369874" lon="18.052275242">
      <ele>4.707071919</ele>
    </trkpt>
    <trkpt lat="59.33527806" lon="18.052711159">
      <ele>4.607765108</ele>
    </trkpt>
    <trkpt lat="59.335239013" lon="18.052896544">
      <ele>4.64839865</ele>
    </trkpt>
    <trkpt lat="59.335222175" lon="18.052976484">
      <ele>4.618408053</ele>
    </trkpt>
    <trkpt lat="59.3352113" lon="18.05302284">
      <ele>4.618431339</ele>
    </trkpt>
    <trkpt lat="59.335206692" lon="18.05303939">
      <ele>4.620975713</ele>
    </trkpt>
    <trkpt lat="59.335200378" lon="18.053058294">
      <ele>4.622267396</ele>
    </trkpt>
    <trkpt lat="59.335193247" lon="18.053076049">
      <ele>4.621634528</ele>
    </trkpt>
    <trkpt lat="59.335185352" lon="18.05309252">
      <ele>4.619081927</ele>
    </trkpt>
    <trkpt lat="59.335176754" lon="18.053107582">
      <ele>4.614629019</ele>
    </trkpt>
    <trkpt lat="59.335167518" lon="18.05312112">
      <ele>4.608309694</ele>
    </trkpt>
    <trkpt lat="59.335157715" lon="18.053133031">
      <ele>4.600172045</ele>
    </trkpt>
    <trkpt lat="59.335137697" lon="18.053153471">
      <ele>4.578702548</ele>
    </trkpt>
    <trkpt lat="59.335063632" lon="18.053229097">
      <ele>4.433127125</ele>
    </trkpt>
    <trkpt lat="59.334915499" lon="18.053380352">
      <ele>4.287638912</ele>
    </trkpt>
    <trkpt lat="59.334768572" lon="18.053530375">
      <ele>3.983841027</ele>
    </trkpt>
    <trkpt lat="59.334661412" lon="18.053639791">
      <ele>3.79898226</ele>
    </trkpt>
    <trkpt lat="59.334559444" lon="18.053743906">
      <ele>3.534963272</ele>
    </trkpt>
    <trkpt lat="59.334456931" lon="18.053848576">
      <ele>3.350098684</ele>
    </trkpt>
    <trkpt lat="59.334328864" lon="18.053979337">
      <ele>3.331492937</ele>
    </trkpt>
    <trkpt lat="59.334269479" lon="18.054039971">
      <ele>3.391562272</ele>
    </trkpt>
    <trkpt lat="59.334220131" lon="18.054091883">
      <ele>3.494651846</ele>
    </trkpt>
    <trkpt lat="59.334149452" lon="18.054166234">
      <ele>3.546446324</ele>
    </trkpt>
    <trkpt lat="59.334077925" lon="18.054241477">
      <ele>3.499787206</ele>
    </trkpt>
    <trkpt lat="59.333962168" lon="18.054363247">
      <ele>3.387226395</ele>
    </trkpt>
    <trkpt lat="59.333795423" lon="18.054538651">
      <ele>3.202436693</ele>
    </trkpt>
    <trkpt lat="59.333632155" lon="18.054710397">
      <ele>2.938488514</ele>
    </trkpt>
    <trkpt lat="59.333482934" lon="18.054867364">
      <ele>2.753585758</ele>
    </trkpt>
    <trkpt lat="59.33326224" lon="18.055099512">
      <ele>2.623741398</ele>
    </trkpt>
    <trkpt lat="59.333190194" lon="18.055175296">
      <ele>2.539824801</ele>
    </trkpt>
    <trkpt lat="59.33306835" lon="18.055303462">
      <ele>2.823951354</ele>
    </trkpt>
    <trkpt lat="59.333004982" lon="18.055370117">
      <ele>3.138035219</ele>
    </trkpt>
    <trkpt lat="59.332929402" lon="18.055449617">
      <ele>3.40112237</ele>
    </trkpt>
    <trkpt lat="59.332873638" lon="18.055508273">
      <ele>3.643656082</ele>
    </trkpt>
    <trkpt lat="59.33286513" lon="18.055520324">
      <ele>3.692627707</ele>
    </trkpt>
    <trkpt lat="59.332795008" lon="18.055632768">
      <ele>3.910908256</ele>
    </trkpt>
    <trkpt lat="59.332722675" lon="18.055748758">
      <ele>4.218382668</ele>
    </trkpt>
    <trkpt lat="59.332684973" lon="18.055809214">
      <ele>3.195431647</ele>
    </trkpt>
    <trkpt lat="59.332654068" lon="18.055858772">
      <ele>4.176471768</ele>
    </trkpt>
    <trkpt lat="59.332631188" lon="18.055895459">
      <ele>4.126501453</ele>
    </trkpt>
    <trkpt lat="59.33262311" lon="18.055906791">
      <ele>4.120511488</ele>
    </trkpt>
    <trkpt lat="59.332611007" lon="18.055921774">
      <ele>4.111525972</ele>
    </trkpt>
    <trkpt lat="59.332359284" lon="18.056233408">
      <ele>3.992084364</ele>
    </trkpt>
    <trkpt lat="59.332304632" lon="18.056301065">
      <ele>4.006106849</ele>
    </trkpt>
    <trkpt lat="59.332295874" lon="18.056314904">
      <ele>4.018639028</ele>
    </trkpt>
    <trkpt lat="59.332288477" lon="18.056331509">
      <ele>4.027096071</ele>
    </trkpt>
    <trkpt lat="59.332282664" lon="18.056350375">
      <ele>4.031221017</ele>
    </trkpt>
    <trkpt lat="59.332278669" lon="18.056370561">
      <ele>4.030932646</ele>
    </trkpt>
    <trkpt lat="59.332277107" lon="18.056381576">
      <ele>4.038936964</ele>
    </trkpt>
    <trkpt lat="59.332276254" lon="18.056392873">
      <ele>4.025940752</ele>
    </trkpt>
    <trkpt lat="59.33227602" lon="18.05640828">
      <ele>3.975945125</ele>
    </trkpt>
    <trkpt lat="59.332276146" lon="18.056419716">
      <ele>3.981948116</ele>
    </trkpt>
    <trkpt lat="59.332276989" lon="18.05643103">
      <ele>3.98795046</ele>
    </trkpt>
    <trkpt lat="59.332278542" lon="18.056442063">
      <ele>3.990952124</ele>
    </trkpt>
    <trkpt lat="59.332358022" lon="18.056998613">
      <ele>3.813035427</ele>
    </trkpt>
    <trkpt lat="59.3323827" lon="18.057171423">
      <ele>3.787240532</ele>
    </trkpt>
    <trkpt lat="59.332409421" lon="18.057358543">
      <ele>3.864089695</ele>
    </trkpt>
    <trkpt lat="59.332410588" lon="18.057367679">
      <ele>3.863091193</ele>
    </trkpt>
    <trkpt lat="59.332411306" lon="18.05737699">
      <ele>3.869093118</ele>
    </trkpt>
    <trkpt lat="59.332411665" lon="18.057386125">
      <ele>3.882095299</ele>
    </trkpt>
    <trkpt lat="59.332411216" lon="18.057394734">
      <ele>3.899098021</ele>
    </trkpt>
    <trkpt lat="59.332410138" lon="18.057404747">
      <ele>3.905101655</ele>
    </trkpt>
    <trkpt lat="59.332408612" lon="18.057413707">
      <ele>3.915105383</ele>
    </trkpt>
    <trkpt lat="59.332393172" lon="18.057477304">
      <ele>3.904135726</ele>
    </trkpt>
    <trkpt lat="59.332367614" lon="18.057501636">
      <ele>4.009163929</ele>
    </trkpt>
    <trkpt lat="59.332322476" lon="18.05754461">
      <ele>4.038213714</ele>
    </trkpt>
    <trkpt lat="59.332250472" lon="18.05761316">
      <ele>4.095293064</ele>
    </trkpt>
    <trkpt lat="59.332197591" lon="18.057663505">
      <ele>4.140351287</ele>
    </trkpt>
    <trkpt lat="59.332145531" lon="18.057713067">
      <ele>4.170408563</ele>
    </trkpt>
    <trkpt lat="59.332094724" lon="18.057761437">
      <ele>4.16246442</ele>
    </trkpt>
    <trkpt lat="59.332031862" lon="18.057821283">
      <ele>4.213533471</ele>
    </trkpt>
    <trkpt lat="59.331943482" lon="18.057905423">
      <ele>4.231630449</ele>
    </trkpt>
    <trkpt lat="59.331795557" lon="18.058046249">
      <ele>4.237792485</ele>
    </trkpt>
    <trkpt lat="59.331640334" lon="18.058194023">
      <ele>4.414962144</ele>
    </trkpt>
    <trkpt lat="59.331421024" lon="18.058402804">
      <ele>4.352201197</ele>
    </trkpt>
    <trkpt lat="59.331281747" lon="18.058535392">
      <ele>4.458352615</ele>
    </trkpt>
    <trkpt lat="59.331202665" lon="18.058610676">
      <ele>4.588438454</ele>
    </trkpt>
    <trkpt lat="59.330653468" lon="18.059133486">
      <ele>4.84610003</ele>
    </trkpt>
    <trkpt lat="59.330554021" lon="18.059228153">
      <ele>4.553952944</ele>
    </trkpt>
    <trkpt lat="59.330431592" lon="18.059346712">
      <ele>4.236128364</ele>
    </trkpt>
    <trkpt lat="59.330224129" lon="18.059547614">
      <ele>3.604053498</ele>
    </trkpt>
    <trkpt lat="59.330054587" lon="18.059711793">
      <ele>3.106687022</ele>
    </trkpt>
    <trkpt lat="59.329880685" lon="18.059880191">
      <ele>2.610303294</ele>
    </trkpt>
    <trkpt lat="59.329789385" lon="18.059968601">
      <ele>2.369994491</ele>
    </trkpt>
    <trkpt lat="59.329639736" lon="18.060113512">
      <ele>2.104511384</ele>
    </trkpt>
    <trkpt lat="59.329442719" lon="18.060304289">
      <ele>2.130003349</ele>
    </trkpt>
    <trkpt lat="59.329234963" lon="18.060505462">
      <ele>1.974351404</ele>
    </trkpt>
    <trkpt lat="59.329110771" lon="18.060625717">
      <ele>1.974554291</ele>
    </trkpt>
    <trkpt lat="59.32885075" lon="18.060877492">
      <ele>1.939843683</ele>
    </trkpt>
    <trkpt lat="59.328709049" lon="18.061022876">
      <ele>2.067824921</ele>
    </trkpt>
    <trkpt lat="59.328676623" lon="18.061053061">
      <ele>2.048877456</ele>
    </trkpt>
    <trkpt lat="59.328668438" lon="18.061060679">
      <ele>2.058890715</ele>
    </trkpt>
    <trkpt lat="59.32866385" lon="18.061070581">
      <ele>2.068900067</ele>
    </trkpt>
    <trkpt lat="59.328594667" lon="18.061420367">
      <ele>2.239109373</ele>
    </trkpt>
    <trkpt lat="59.328611753" lon="18.061590223">
      <ele>2.234144989</ele>
    </trkpt>
    <trkpt lat="59.328617693" lon="18.061649281">
      <ele>2.299157374</ele>
    </trkpt>
    <trkpt lat="59.328623751" lon="18.06170951">
      <ele>2.285498105</ele>
    </trkpt>
    <trkpt lat="59.328628699" lon="18.061758699">
      <ele>2.330708233</ele>
    </trkpt>
    <trkpt lat="59.328634445" lon="18.06181583">
      <ele>2.36298901</ele>
    </trkpt>
    <trkpt lat="59.32864402" lon="18.06191103">
      <ele>2.441926805</ele>
    </trkpt>
    <trkpt lat="59.328656058" lon="18.06203071">
      <ele>2.543607397</ele>
    </trkpt>
    <trkpt lat="59.328667803" lon="18.06214748">
      <ele>2.660721314</ele>
    </trkpt>
    <trkpt lat="59.328674638" lon="18.062215437">
      <ele>2.712718416</ele>
    </trkpt>
    <trkpt lat="59.328678172" lon="18.062250572">
      <ele>2.750843997</ele>
    </trkpt>
    <trkpt lat="59.328680374" lon="18.062285768">
      <ele>2.774950744</ele>
    </trkpt>
    <trkpt lat="59.328679395" lon="18.062320728">
      <ele>2.797798956</ele>
    </trkpt>
    <trkpt lat="59.328675798" lon="18.06235545">
      <ele>2.827144439</ele>
    </trkpt>
    <trkpt lat="59.328669091" lon="18.062387669">
      <ele>2.843787111</ele>
    </trkpt>
    <trkpt lat="59.328665235" lon="18.062402268">
      <ele>2.857443078</ele>
    </trkpt>
    <trkpt lat="59.328656703" lon="18.062425413">
      <ele>2.831575592</ele>
    </trkpt>
    <trkpt lat="59.328644469" lon="18.062451762">
      <ele>2.891386948</ele>
    </trkpt>
    <trkpt lat="59.32863029" lon="18.062476397">
      <ele>2.922205169</ele>
    </trkpt>
    <trkpt lat="59.328572636" lon="18.062561838">
      <ele>3.140371671</ele>
    </trkpt>
    <trkpt lat="59.328501514" lon="18.062660011">
      <ele>3.457058941</ele>
    </trkpt>
    <trkpt lat="59.328390199" lon="18.062813664">
      <ele>3.764003658</ele>
    </trkpt>
    <trkpt lat="59.328200067" lon="18.063076109">
      <ele>4.431642291</ele>
    </trkpt>
    <trkpt lat="59.328127886" lon="18.063175741">
      <ele>4.576756664</ele>
    </trkpt>
    <trkpt lat="59.328089491" lon="18.063236276">
      <ele>4.848385313</ele>
    </trkpt>
    <trkpt lat="59.328021703" lon="18.063335833">
      <ele>4.98850738</ele>
    </trkpt>
    <trkpt lat="59.327712653" lon="18.063789715">
      <ele>5.324218742</ele>
    </trkpt>
    <trkpt lat="59.327554802" lon="18.064021536">
      <ele>5.411347837</ele>
    </trkpt>
    <trkpt lat="59.327321369" lon="18.064364352">
      <ele>5.496767831</ele>
    </trkpt>
    <trkpt lat="59.327152221" lon="18.064612757">
      <ele>5.332072079</ele>
    </trkpt>
    <trkpt lat="59.327038622" lon="18.064779582">
      <ele>5.272276369</ele>
    </trkpt>
    <trkpt lat="59.326897899" lon="18.064986238">
      <ele>5.101529395</ele>
    </trkpt>
    <trkpt lat="59.3267934" lon="18.065139698">
      <ele>4.770717257</ele>
    </trkpt>
    <trkpt lat="59.326686916" lon="18.06529607">
      <ele>4.407908658</ele>
    </trkpt>
    <trkpt lat="59.326670466" lon="18.065320227">
      <ele>4.345938224</ele>
    </trkpt>
    <trkpt lat="59.326557194" lon="18.065486567">
      <ele>3.751141793</ele>
    </trkpt>
    <trkpt lat="59.326510918" lon="18.065554522">
      <ele>3.757224949</ele>
    </trkpt>
    <trkpt lat="59.326468242" lon="18.065617191">
      <ele>3.798301631</ele>
    </trkpt>
    <trkpt lat="59.326336996" lon="18.065809922">
      <ele>4.112537432</ele>
    </trkpt>
    <trkpt lat="59.326274165" lon="18.065902186">
      <ele>4.229650301</ele>
    </trkpt>
    <trkpt lat="59.326132016" lon="18.066110925">
      <ele>4.601905621</ele>
    </trkpt>
    <trkpt lat="59.325986008" lon="18.066325329">
      <ele>4.815167821</ele>
    </trkpt>
    <trkpt lat="59.325923079" lon="18.066417734">
      <ele>5.12928081</ele>
    </trkpt>
    <trkpt lat="59.325915988" lon="18.066427236">
      <ele>5.127293234</ele>
    </trkpt>
    <trkpt lat="59.325908519" lon="18.066435543">
      <ele>5.123305744</ele>
    </trkpt>
    <trkpt lat="59.325900709" lon="18.066442603">
      <ele>5.118318273</ele>
    </trkpt>
    <trkpt lat="59.325892639" lon="18.066448363">
      <ele>5.131330701</ele>
    </trkpt>
    <trkpt lat="59.325884345" lon="18.066452788">
      <ele>5.106342968</ele>
    </trkpt>
    <trkpt lat="59.325875889" lon="18.066455825">
      <ele>5.095354975</ele>
    </trkpt>
    <trkpt lat="59.325867344" lon="18.066457492">
      <ele>5.084366634</ele>
    </trkpt>
    <trkpt lat="59.325858744" lon="18.066457755">
      <ele>5.077377888</ele>
    </trkpt>
    <trkpt lat="59.325850172" lon="18.066456594">
      <ele>5.084388626</ele>
    </trkpt>
    <trkpt lat="59.325841672" lon="18.066454063">
      <ele>5.093398806</ele>
    </trkpt>
    <trkpt lat="59.325833316" lon="18.066450145">
      <ele>5.10040833</ele>
    </trkpt>
    <trkpt lat="59.325825157" lon="18.066444874">
      <ele>5.10241714</ele>
    </trkpt>
    <trkpt lat="59.325817249" lon="18.066438286">
      <ele>5.083425178</ele>
    </trkpt>
    <trkpt lat="59.325809647" lon="18.066430433">
      <ele>5.066432391</ele>
    </trkpt>
    <trkpt lat="59.325783932" lon="18.066402041">
      <ele>4.932456174</ele>
    </trkpt>
    <trkpt lat="59.325732404" lon="18.066345147">
      <ele>4.909503833</ele>
    </trkpt>
    <trkpt lat="59.325578442" lon="18.066175157">
      <ele>4.889646263</ele>
    </trkpt>
    <trkpt lat="59.325554203" lon="18.066148395">
      <ele>4.939668691</ele>
    </trkpt>
    <trkpt lat="59.325531508" lon="18.066123338">
      <ele>4.92968969</ele>
    </trkpt>
    <trkpt lat="59.325523538" lon="18.066115415">
      <ele>4.905697362</ele>
    </trkpt>
    <trkpt lat="59.325515271" lon="18.066108774">
      <ele>4.897705852</ele>
    </trkpt>
    <trkpt lat="59.325506753" lon="18.066103468">
      <ele>4.922715121</ele>
    </trkpt>
    <trkpt lat="59.325436902" lon="18.066085664">
      <ele>4.887799817</ele>
    </trkpt>
    <trkpt lat="59.325417837" lon="18.066088472">
      <ele>4.869825526</ele>
    </trkpt>
    <trkpt lat="59.325401158" lon="18.066098745">
      <ele>4.821850659</ele>
    </trkpt>
    <trkpt lat="59.325369704" lon="18.066122031">
      <ele>4.71389938</ele>
    </trkpt>
    <trkpt lat="59.325295865" lon="18.066178757">
      <ele>4.211014444</ele>
    </trkpt>
    <trkpt lat="59.325267309" lon="18.066200695">
      <ele>3.862058941</ele>
    </trkpt>
    <trkpt lat="59.325240602" lon="18.066221212">
      <ele>3.811100555</ele>
    </trkpt>
    <trkpt lat="59.325210928" lon="18.066244008">
      <ele>3.750146793</ele>
    </trkpt>
    <trkpt lat="59.325184843" lon="18.066264048">
      <ele>3.729187437</ele>
    </trkpt>
    <trkpt lat="59.32515495" lon="18.066287012">
      <ele>3.628234011</ele>
    </trkpt>
    <trkpt lat="59.32511597" lon="18.066316958">
      <ele>3.513294745</ele>
    </trkpt>
    <trkpt lat="59.325068709" lon="18.066353264">
      <ele>3.433368376</ele>
    </trkpt>
    <trkpt lat="59.325024442" lon="18.066387271">
      <ele>3.324437342</ele>
    </trkpt>
    <trkpt lat="59.324980165" lon="18.066421286">
      <ele>3.25750632</ele>
    </trkpt>
    <trkpt lat="59.324934854" lon="18.066456095">
      <ele>3.152576906</ele>
    </trkpt>
    <trkpt lat="59.324889403" lon="18.066491011">
      <ele>3.090647707</ele>
    </trkpt>
    <trkpt lat="59.324843649" lon="18.06652616">
      <ele>3.060718978</ele>
    </trkpt>
    <trkpt lat="59.324788318" lon="18.066561339">
      <ele>3.047802691</ele>
    </trkpt>
    <trkpt lat="59.324770536" lon="18.066570502">
      <ele>3.02782887</ele>
    </trkpt>
    <trkpt lat="59.324746291" lon="18.066581454">
      <ele>2.982864044</ele>
    </trkpt>
    <trkpt lat="59.32472578" lon="18.066590071">
      <ele>2.966893581</ele>
    </trkpt>
    <trkpt lat="59.324699982" lon="18.066598001">
      <ele>2.87792975</ele>
    </trkpt>
    <trkpt lat="59.324684112" lon="18.066602334">
      <ele>2.738951816</ele>
    </trkpt>
    <trkpt lat="59.324640776" lon="18.066615404">
      <ele>2.622012488</ele>
    </trkpt>
    <trkpt lat="59.324581258" lon="18.066633354">
      <ele>2.570095814</ele>
    </trkpt>
    <trkpt lat="59.324487218" lon="18.066661715">
      <ele>2.489227467</ele>
    </trkpt>
    <trkpt lat="59.324418062" lon="18.066682572">
      <ele>2.86332428</ele>
    </trkpt>
    <trkpt lat="59.324368361" lon="18.066697561">
      <ele>2.859393858</ele>
    </trkpt>
    <trkpt lat="59.32430105" lon="18.066717861">
      <ele>2.789488084</ele>
    </trkpt>
    <trkpt lat="59.324236248" lon="18.066737405">
      <ele>2.736578796</ele>
    </trkpt>
    <trkpt lat="59.324192534" lon="18.066750588">
      <ele>2.749639987</ele>
    </trkpt>
    <trkpt lat="59.324192534" lon="18.066750588">
      <ele>2.749639987</ele>
    </trkpt>
    <trkpt lat="59.324138027" lon="18.066771387">
      <ele>2.748717755</ele>
    </trkpt>
    <trkpt lat="59.324135944" lon="18.066772879">
      <ele>2.751720961</ele>
    </trkpt>
    <trkpt lat="59.324048871" lon="18.06686342">
      <ele>2.784864499</ele>
    </trkpt>
    <trkpt lat="59.324015852" lon="18.066897505">
      <ele>2.786918841</ele>
    </trkpt>
    <trkpt lat="59.323995709" lon="18.066918298">
      <ele>2.809951992</ele>
    </trkpt>
    <trkpt lat="59.323956402" lon="18.066958873">
      <ele>2.82801668</ele>
    </trkpt>
    <trkpt lat="59.323922293" lon="18.066994083">
      <ele>2.863072813</ele>
    </trkpt>
    <trkpt lat="59.323884496" lon="18.0670331">
      <ele>2.838135011</ele>
    </trkpt>
    <trkpt lat="59.32385479" lon="18.067063529">
      <ele>2.840183813</ele>
    </trkpt>
    <trkpt lat="59.323828002" lon="18.067093572">
      <ele>2.840228698</ele>
    </trkpt>
    <trkpt lat="59.323798575" lon="18.067124546">
      <ele>2.817277319</ele>
    </trkpt>
    <trkpt lat="59.323769507" lon="18.067154431">
      <ele>2.736325106</ele>
    </trkpt>
    <trkpt lat="59.323712287" lon="18.06721759">
      <ele>2.698420629</ele>
    </trkpt>
    <trkpt lat="59.323666818" lon="18.067270354">
      <ele>2.690497398</ele>
    </trkpt>
    <trkpt lat="59.323625459" lon="18.067323647">
      <ele>2.611569005</ele>
    </trkpt>
    <trkpt lat="59.323593114" lon="18.067364261">
      <ele>2.590624647</ele>
    </trkpt>
    <trkpt lat="59.323543919" lon="18.067429354">
      <ele>2.519710388</ele>
    </trkpt>
    <trkpt lat="59.323503934" lon="18.067483718">
      <ele>2.521780563</ele>
    </trkpt>
    <trkpt lat="59.323432241" lon="18.067586529">
      <ele>2.472908173</ele>
    </trkpt>
    <trkpt lat="59.323393163" lon="18.067641964">
      <ele>2.452977523</ele>
    </trkpt>
    <trkpt lat="59.323336237" lon="18.067728322">
      <ele>2.398080422</ele>
    </trkpt>
    <trkpt lat="59.323254928" lon="18.067858387">
      <ele>2.255229641</ele>
    </trkpt>
    <trkpt lat="59.32320987" lon="18.067934421">
      <ele>2.073313655</ele>
    </trkpt>
    <trkpt lat="59.323172505" lon="18.068005505">
      <ele>2.066386022</ele>
    </trkpt>
    <trkpt lat="59.322823609" lon="18.068769729">
      <ele>1.746095275</ele>
    </trkpt>
    <trkpt lat="59.322724922" lon="18.06900934">
      <ele>1.828303684</ele>
    </trkpt>
    <trkpt lat="59.322686136" lon="18.069113017">
      <ele>1.883388773</ele>
    </trkpt>
    <trkpt lat="59.322650178" lon="18.069217098">
      <ele>1.920470327</ele>
    </trkpt>
    <trkpt lat="59.32262142" lon="18.069299141">
      <ele>1.972535144</ele>
    </trkpt>
    <trkpt lat="59.322587238" lon="18.069418942">
      <ele>2.038619661</ele>
    </trkpt>
    <trkpt lat="59.322580154" lon="18.069447847">
      <ele>2.065638546</ele>
    </trkpt>
    <trkpt lat="59.322573715" lon="18.069477332">
      <ele>2.073656787</ele>
    </trkpt>
    <trkpt lat="59.32256795" lon="18.069507345">
      <ele>2.073674332</ele>
    </trkpt>
    <trkpt lat="59.322562867" lon="18.069537814">
      <ele>2.060691147</ele>
    </trkpt>
    <trkpt lat="59.322558467" lon="18.069568705">
      <ele>2.049707218</ele>
    </trkpt>
    <trkpt lat="59.322554757" lon="18.06959993">
      <ele>2.050722506</ele>
    </trkpt>
    <trkpt lat="59.322551757" lon="18.069631454">
      <ele>2.049736976</ele>
    </trkpt>
    <trkpt lat="59.322549466" lon="18.069663189">
      <ele>2.049750597</ele>
    </trkpt>
    <trkpt lat="59.322547884" lon="18.069695099">
      <ele>2.031763358</ele>
    </trkpt>
    <trkpt lat="59.32254702" lon="18.069727133">
      <ele>2.03777523</ele>
    </trkpt>
    <trkpt lat="59.322546865" lon="18.069759185">
      <ele>2.043786189</ele>
    </trkpt>
    <trkpt lat="59.322547566" lon="18.069823217">
      <ele>2.030806774</ele>
    </trkpt>
    <trkpt lat="59.322548244" lon="18.069885203">
      <ele>2.086826701</ele>
    </trkpt>
    <trkpt lat="59.322549213" lon="18.069973701">
      <ele>2.053855152</ele>
    </trkpt>
    <trkpt lat="59.322550516" lon="18.070092769">
      <ele>2.04089343</ele>
    </trkpt>
    <trkpt lat="59.322553542" lon="18.070369329">
      <ele>1.999982342</ele>
    </trkpt>
    <trkpt lat="59.322554775" lon="18.070482019">
      <ele>2.006018571</ele>
    </trkpt>
    <trkpt lat="59.322556057" lon="18.07059912">
      <ele>2.023056219</ele>
    </trkpt>
    <trkpt lat="59.32255773" lon="18.070752072">
      <ele>2.039105394</ele>
    </trkpt>
    <trkpt lat="59.32255732" lon="18.070875046">
      <ele>2.156147203</ele>
    </trkpt>
    <trkpt lat="59.322554387" lon="18.070934265">
      <ele>2.223170879</ele>
    </trkpt>
    <trkpt lat="59.322550216" lon="18.071018447">
      <ele>2.244204535</ele>
    </trkpt>
    <trkpt lat="59.322544034" lon="18.071096541">
      <ele>2.308238751</ele>
    </trkpt>
    <trkpt lat="59.322536929" lon="18.071186296">
      <ele>2.368278075</ele>
    </trkpt>
    <trkpt lat="59.322528655" lon="18.071275075">
      <ele>2.438318585</ele>
    </trkpt>
    <trkpt lat="59.322519814" lon="18.071332896">
      <ele>2.470349435</ele>
    </trkpt>
    <trkpt lat="59.322509908" lon="18.071397676">
      <ele>2.503383998</ele>
    </trkpt>
    <trkpt lat="59.322492422" lon="18.071470469">
      <ele>2.570431061</ele>
    </trkpt>
    <trkpt lat="59.322466624" lon="18.071577859">
      <ele>2.630500489</ele>
    </trkpt>
    <trkpt lat="59.322436411" lon="18.071676812">
      <ele>2.732572795</ele>
    </trkpt>
    <trkpt lat="59.322410048" lon="18.071763153">
      <ele>3.243443895</ele>
    </trkpt>
    <trkpt lat="59.322392802" lon="18.071819633">
      <ele>3.675677148</ele>
    </trkpt>
    <trkpt lat="59.322356924" lon="18.071931474">
      <ele>3.870761095</ele>
    </trkpt>
    <trkpt lat="59.322317575" lon="18.072061067">
      <ele>3.790855482</ele>
    </trkpt>
    <trkpt lat="59.322292678" lon="18.072139151">
      <ele>3.739913884</ele>
    </trkpt>
    <trkpt lat="59.322268766" lon="18.07221415">
      <ele>3.675969976</ele>
    </trkpt>
    <trkpt lat="59.322156418" lon="18.07256651">
      <ele>3.920233469</ele>
    </trkpt>
    <trkpt lat="59.322133988" lon="18.072636856">
      <ele>4.095286066</ele>
    </trkpt>
    <trkpt lat="59.322122284" lon="18.072678115">
      <ele>4.228315037</ele>
    </trkpt>
    <trkpt lat="59.322096046" lon="18.072802049">
      <ele>4.270390522</ele>
    </trkpt>
    <trkpt lat="59.322066346" lon="18.072942339">
      <ele>4.292475962</ele>
    </trkpt>
    <trkpt lat="59.322049626" lon="18.073021317">
      <ele>4.255524058</ele>
    </trkpt>
    <trkpt lat="59.322024442" lon="18.073140271">
      <ele>4.259596496</ele>
    </trkpt>
    <trkpt lat="59.322000242" lon="18.073254575">
      <ele>4.121666097</ele>
    </trkpt>
    <trkpt lat="59.321970664" lon="18.073394284">
      <ele>4.107751162</ele>
    </trkpt>
    <trkpt lat="59.321907237" lon="18.073693874">
      <ele>3.992933551</ele>
    </trkpt>
    <trkpt lat="59.32187218" lon="18.07387541">
      <ele>3.748039691</ele>
    </trkpt>
    <trkpt lat="59.321871553" lon="18.07394644">
      <ele>3.625064303</ele>
    </trkpt>
    <trkpt lat="59.321901268" lon="18.074009426">
      <ele>3.502047014</ele>
    </trkpt>
    <trkpt lat="59.322075528" lon="18.074155951">
      <ele>2.736679528</ele>
    </trkpt>
    <trkpt lat="59.322290157" lon="18.074336708">
      <ele>2.565228651</ele>
    </trkpt>
    <trkpt lat="59.322406409" lon="18.074433996">
      <ele>2.481345327</ele>
    </trkpt>
    <trkpt lat="59.322439734" lon="18.074459131">
      <ele>2.497310714</ele>
    </trkpt>
    <trkpt lat="59.322822044" lon="18.074737044">
      <ele>2.248101664</ele>
    </trkpt>
    <trkpt lat="59.32295147" lon="18.074831129">
      <ele>2.327966121</ele>
    </trkpt>
    <trkpt lat="59.323057066" lon="18.074880018">
      <ele>2.270846181</ele>
    </trkpt>
    <trkpt lat="59.323261525" lon="18.074956515">
      <ele>2.299607867</ele>
    </trkpt>
    <trkpt lat="59.323465984" lon="18.075033013">
      <ele>2.328369578</ele>
    </trkpt>
    <trkpt lat="59.323807519" lon="18.075159106">
      <ele>2.270471024</ele>
    </trkpt>
    <trkpt lat="59.324149053" lon="18.075285203">
      <ele>2.212572542</ele>
    </trkpt>
    <trkpt lat="59.324377989" lon="18.075369658">
      <ele>2.377305451</ele>
    </trkpt>
    <trkpt lat="59.324606924" lon="18.075454115">
      <ele>2.542038392</ele>
    </trkpt>
    <trkpt lat="59.324745274" lon="18.075499586">
      <ele>2.58587514</ele>
    </trkpt>
    <trkpt lat="59.324836154" lon="18.075523125">
      <ele>2.734765772</ele>
    </trkpt>
    <trkpt lat="59.324887084" lon="18.075524421">
      <ele>2.783700466</ele>
    </trkpt>
    <trkpt lat="59.324960692" lon="18.075519821">
      <ele>2.797103894</ele>
    </trkpt>
    <trkpt lat="59.325034301" lon="18.07551522">
      <ele>2.810507322</ele>
    </trkpt>
    <trkpt lat="59.325080609" lon="18.075510752">
      <ele>2.836446035</ele>
    </trkpt>
    <trkpt lat="59.325177365" lon="18.075492771">
      <ele>2.792315061</ele>
    </trkpt>
    <trkpt lat="59.325274121" lon="18.07547479">
      <ele>2.748184084</ele>
    </trkpt>
    <trkpt lat="59.32537941" lon="18.075455654">
      <ele>2.680541699</ele>
    </trkpt>
    <trkpt lat="59.325484698" lon="18.075436518">
      <ele>2.612899311</ele>
    </trkpt>
    <trkpt lat="59.325557568" lon="18.075422937">
      <ele>2.525800648</ele>
    </trkpt>
    <trkpt lat="59.325585082" lon="18.075410477">
      <ele>2.645760916</ele>
    </trkpt>
    <trkpt lat="59.325618253" lon="18.075381053">
      <ele>2.699708142</ele>
    </trkpt>
    <trkpt lat="59.325908909" lon="18.075104088">
      <ele>3.101739172</ele>
    </trkpt>
    <trkpt lat="59.326199564" lon="18.074827118">
      <ele>3.503770067</ele>
    </trkpt>
    <trkpt lat="59.326285622" lon="18.074733953">
      <ele>3.751627366</ele>
    </trkpt>
    <trkpt lat="59.326373818" lon="18.074622569">
      <ele>3.978475718</ele>
    </trkpt>
    <trkpt lat="59.326479946" lon="18.074488538">
      <ele>4.370293215</ele>
    </trkpt>
    <trkpt lat="59.326572011" lon="18.074372267">
      <ele>4.515134876</ele>
    </trkpt>
    <trkpt lat="59.32662264" lon="18.074308325">
      <ele>4.623047793</ele>
    </trkpt>
    <trkpt lat="59.326715733" lon="18.074190754">
      <ele>4.390887657</ele>
    </trkpt>
    <trkpt lat="59.326845543" lon="18.074026811">
      <ele>4.092664332</ele>
    </trkpt>
    <trkpt lat="59.327340127" lon="18.073402164">
      <ele>4.115813119</ele>
    </trkpt>
    <trkpt lat="59.327791261" lon="18.072832465">
      <ele>3.688036263</ele>
    </trkpt>
    <trkpt lat="59.327877072" lon="18.072693126">
      <ele>3.801877912</ele>
    </trkpt>
    <trkpt lat="59.327882872" lon="18.072678671">
      <ele>3.782865495</ele>
    </trkpt>
    <trkpt lat="59.327887102" lon="18.072665621">
      <ele>3.799855587</ele>
    </trkpt>
    <trkpt lat="59.327890712" lon="18.072651903">
      <ele>3.794846253</ele>
    </trkpt>
    <trkpt lat="59.327893667" lon="18.07263757">
      <ele>3.819837556</ele>
    </trkpt>
    <trkpt lat="59.327895939" lon="18.072622798">
      <ele>3.790829593</ele>
    </trkpt>
    <trkpt lat="59.327897521" lon="18.072607674">
      <ele>3.792822404</ele>
    </trkpt>
    <trkpt lat="59.327898394" lon="18.072592322">
      <ele>3.824816054</ele>
    </trkpt>
    <trkpt lat="59.327897554" lon="18.072560369">
      <ele>3.892806272</ele>
    </trkpt>
    <trkpt lat="59.327895978" lon="18.072527502">
      <ele>3.980797132</ele>
    </trkpt>
    <trkpt lat="59.327893684" lon="18.072494811">
      <ele>4.03978898</ele>
    </trkpt>
    <trkpt lat="59.32789069" lon="18.072462331">
      <ele>4.069781806</ele>
    </trkpt>
    <trkpt lat="59.327886987" lon="18.072430131">
      <ele>4.107775644</ele>
    </trkpt>
    <trkpt lat="59.327882583" lon="18.072398265">
      <ele>4.173770502</ele>
    </trkpt>
    <trkpt lat="59.327877498" lon="18.072366785">
      <ele>4.242766374</ele>
    </trkpt>
    <trkpt lat="59.32787173" lon="18.072335779">
      <ele>4.29876329</ele>
    </trkpt>
    <trkpt lat="59.32783633" lon="18.072152702">
      <ele>4.695746823</ele>
    </trkpt>
    <trkpt lat="59.327797483" lon="18.071951799">
      <ele>5.118728765</ele>
    </trkpt>
    <trkpt lat="59.327748158" lon="18.071696712">
      <ele>5.772705856</ele>
    </trkpt>
    <trkpt lat="59.327609433" lon="18.070979305">
      <ele>7.398641545</ele>
    </trkpt>
    <trkpt lat="59.327607478" lon="18.070967518">
      <ele>7.407640071</ele>
    </trkpt>
    <trkpt lat="59.327606223" lon="18.07095538">
      <ele>7.44263757</ele>
    </trkpt>
    <trkpt lat="59.327605676" lon="18.070943048">
      <ele>7.496634087</ele>
    </trkpt>
    <trkpt lat="59.327605848" lon="18.070930664">
      <ele>7.532629655</ele>
    </trkpt>
    <trkpt lat="59.327606729" lon="18.070918386">
      <ele>7.537624341</ele>
    </trkpt>
    <trkpt lat="59.327608319" lon="18.070906407">
      <ele>7.529618211</ele>
    </trkpt>
    <trkpt lat="59.327610583" lon="18.070894831">
      <ele>7.539611347</ele>
    </trkpt>
    <trkpt lat="59.32761351" lon="18.070883854">
      <ele>7.556603826</ele>
    </trkpt>
    <trkpt lat="59.327617057" lon="18.070873579">
      <ele>7.591595741</ele>
    </trkpt>
    <trkpt lat="59.327621169" lon="18.070864164">
      <ele>7.593587218</ele>
    </trkpt>
    <trkpt lat="59.327625801" lon="18.070855717">
      <ele>7.623578348</ele>
    </trkpt>
    <trkpt lat="59.327862362" lon="18.070573482">
      <ele>7.822176081</ele>
    </trkpt>
    <trkpt lat="59.328222359" lon="18.070148991">
      <ele>7.947565405</ele>
    </trkpt>
    <trkpt lat="59.328398214" lon="18.069941686">
      <ele>8.060267022</ele>
    </trkpt>
    <trkpt lat="59.328588638" lon="18.069720101">
      <ele>7.879944836</ele>
    </trkpt>
    <trkpt lat="59.328847915" lon="18.069411494">
      <ele>7.860503689</ele>
    </trkpt>
    <trkpt lat="59.329021909" lon="18.069204394">
      <ele>7.736207574</ele>
    </trkpt>
    <trkpt lat="59.329030626" lon="18.069194155">
      <ele>7.736192783</ele>
    </trkpt>
    <trkpt lat="59.329039684" lon="18.069185128">
      <ele>7.736177964</ele>
    </trkpt>
    <trkpt lat="59.329049047" lon="18.069177367">
      <ele>7.736163181</ele>
    </trkpt>
    <trkpt lat="59.32905867" lon="18.069170922">
      <ele>7.73614851</ele>
    </trkpt>
    <trkpt lat="59.3290685" lon="18.069165831">
      <ele>7.736134033</ele>
    </trkpt>
    <trkpt lat="59.329079056" lon="18.069162004">
      <ele>7.536119045</ele>
    </trkpt>
    <trkpt lat="59.329087314" lon="18.069161268">
      <ele>7.48310809</ele>
    </trkpt>
    <trkpt lat="59.329095581" lon="18.069161938">
      <ele>7.420097603</ele>
    </trkpt>
    <trkpt lat="59.329103785" lon="18.069163996">
      <ele>7.395087671</ele>
    </trkpt>
    <trkpt lat="59.329111864" lon="18.069167441">
      <ele>7.386078376</ele>
    </trkpt>
    <trkpt lat="59.329119762" lon="18.069172256">
      <ele>7.356069781</ele>
    </trkpt>
    <trkpt lat="59.329127418" lon="18.069178389">
      <ele>7.31906195</ele>
    </trkpt>
    <trkpt lat="59.329134769" lon="18.069185786">
      <ele>7.322054946</ele>
    </trkpt>
    <trkpt lat="59.32914177" lon="18.069194413">
      <ele>7.296048815</ele>
    </trkpt>
    <trkpt lat="59.329145216" lon="18.069199332">
      <ele>7.283046026</ele>
    </trkpt>
    <trkpt lat="59.329151184" lon="18.069209189">
      <ele>7.269041654</ele>
    </trkpt>
    <trkpt lat="59.329156658" lon="18.069220081">
      <ele>7.203038274</ele>
    </trkpt>
    <trkpt lat="59.329161594" lon="18.069231905">
      <ele>7.113035911</ele>
    </trkpt>
    <trkpt lat="59.329165955" lon="18.069244554">
      <ele>7.141034574</ele>
    </trkpt>
    <trkpt lat="59.329169706" lon="18.06925794">
      <ele>7.15903428</ele>
    </trkpt>
    <trkpt lat="59.32917281" lon="18.069271959">
      <ele>7.168035039</ele>
    </trkpt>
    <trkpt lat="59.32917525" lon="18.06928647">
      <ele>7.127036828</ele>
    </trkpt>
    <trkpt lat="59.329183106" lon="18.069353033">
      <ele>6.982049356</ele>
    </trkpt>
    <trkpt lat="59.329194035" lon="18.069445633">
      <ele>6.569066787</ele>
    </trkpt>
    <trkpt lat="59.329217441" lon="18.069644079">
      <ele>6.392104166</ele>
    </trkpt>
    <trkpt lat="59.329242907" lon="18.069859991">
      <ele>6.189644845</ele>
    </trkpt>
    <trkpt lat="59.329267256" lon="18.070066438">
      <ele>5.929183749</ele>
    </trkpt>
    <trkpt lat="59.329294427" lon="18.070296815">
      <ele>5.507227173</ele>
    </trkpt>
    <trkpt lat="59.329321562" lon="18.070526888">
      <ele>5.085270551</ele>
    </trkpt>
    <trkpt lat="59.329337098" lon="18.070658621">
      <ele>4.817295393</ele>
    </trkpt>
    <trkpt lat="59.329352136" lon="18.070786122">
      <ele>4.51731944</ele>
    </trkpt>
    <trkpt lat="59.329381856" lon="18.071038125">
      <ele>4.103866979</ele>
    </trkpt>
    <trkpt lat="59.329409933" lon="18.071276199">
      <ele>3.690411902</ele>
    </trkpt>
    <trkpt lat="59.32942829" lon="18.071431862">
      <ele>4.197441281</ele>
    </trkpt>
    <trkpt lat="59.329440947" lon="18.071539187">
      <ele>3.94796154</ele>
    </trkpt>
    <trkpt lat="59.329458849" lon="18.071690991">
      <ele>3.206490199</ele>
    </trkpt>
    <trkpt lat="59.329480692" lon="18.071868002">
      <ele>3.158022371</ele>
    </trkpt>
    <trkpt lat="59.329505329" lon="18.07206767">
      <ele>3.046558669</ele>
    </trkpt>
    <trkpt lat="59.329542797" lon="18.072371321">
      <ele>2.916613886</ele>
    </trkpt>
    <trkpt lat="59.329590586" lon="18.072758627">
      <ele>2.741684345</ele>
    </trkpt>
    <trkpt lat="59.329605385" lon="18.072878563">
      <ele>2.73270617</ele>
    </trkpt>
    <trkpt lat="59.329619183" lon="18.072952529">
      <ele>2.719713591</ele>
    </trkpt>
    <trkpt lat="59.32963353" lon="18.073019784">
      <ele>2.682718012</ele>
    </trkpt>
    <trkpt lat="59.329644154" lon="18.073063901">
      <ele>2.739719344</ele>
    </trkpt>
    <trkpt lat="59.329694474" lon="18.07317509">
      <ele>2.763692268</ele>
    </trkpt>
    <trkpt lat="59.329766203" lon="18.073223629">
      <ele>2.787616121</ele>
    </trkpt>
    <trkpt lat="59.329803762" lon="18.07322449">
      <ele>2.74956786</ele>
    </trkpt>
    <trkpt lat="59.329831967" lon="18.073221095">
      <ele>2.797530237</ele>
    </trkpt>
    <trkpt lat="59.329855675" lon="18.073215555">
      <ele>2.824497694</ele>
    </trkpt>
    <trkpt lat="59.329890947" lon="18.073202009">
      <ele>2.877447467</ele>
    </trkpt>
    <trkpt lat="59.330148771" lon="18.073073187">
      <ele>3.228639564</ele>
    </trkpt>
    <trkpt lat="59.330374538" lon="18.072960463">
      <ele>3.543914557</ele>
    </trkpt>
    <trkpt lat="59.33065703" lon="18.072819312">
      <ele>3.734632992</ele>
    </trkpt>
    <trkpt lat="59.331094236" lon="18.072601191">
      <ele>3.270197361</ele>
    </trkpt>
    <trkpt lat="59.331434771" lon="18.072422734">
      <ele>3.091855147</ele>
    </trkpt>
    <trkpt lat="59.331717842" lon="18.072289692">
      <ele>2.733575922</ele>
    </trkpt>
    <trkpt lat="59.332016002" lon="18.072140832">
      <ele>2.518278847</ele>
    </trkpt>
    <trkpt lat="59.332207181" lon="18.072045398">
      <ele>2.430088375</ele>
    </trkpt>
    <trkpt lat="59.332462966" lon="18.07191771">
      <ele>2.595833544</ele>
    </trkpt>
    <trkpt lat="59.33265661" lon="18.071820945">
      <ele>2.628640597</ele>
    </trkpt>
    <trkpt lat="59.332684188" lon="18.071807904">
      <ele>2.630613371</ele>
    </trkpt>
    <trkpt lat="59.332739533" lon="18.071811931">
      <ele>2.751569044</ele>
    </trkpt>
    <trkpt lat="59.332782971" lon="18.071879174">
      <ele>2.860556132</ele>
    </trkpt>
    <trkpt lat="59.332789352" lon="18.071894269">
      <ele>2.871556016</ele>
    </trkpt>
    <trkpt lat="59.332805531" lon="18.07195329">
      <ele>2.851562806</ele>
    </trkpt>
    <trkpt lat="59.332843213" lon="18.072154296">
      <ele>2.638600313</ele>
    </trkpt>
    <trkpt lat="59.332886251" lon="18.072387508">
      <ele>2.620644389</ele>
    </trkpt>
    <trkpt lat="59.332897975" lon="18.072468173">
      <ele>2.679662245</ele>
    </trkpt>
    <trkpt lat="59.332904719" lon="18.072540297">
      <ele>2.588681299</ele>
    </trkpt>
    <trkpt lat="59.33291854" lon="18.072902329">
      <ele>2.41179348</ele>
    </trkpt>
    <trkpt lat="59.332932361" lon="18.073264361">
      <ele>2.23490566</ele>
    </trkpt>
    <trkpt lat="59.332938272" lon="18.073511369">
      <ele>2.171985103</ele>
    </trkpt>
    <trkpt lat="59.332944717" lon="18.073780583">
      <ele>2.095071686</ele>
    </trkpt>
    <trkpt lat="59.332954543" lon="18.074196865">
      <ele>2.051205683</ele>
    </trkpt>
    <trkpt lat="59.332965867" lon="18.074668766">
      <ele>2.212357428</ele>
    </trkpt>
    <trkpt lat="59.332975457" lon="18.075065634">
      <ele>2.40248499</ele>
    </trkpt>
    <trkpt lat="59.332984321" lon="18.075437788">
      <ele>2.752604712</ele>
    </trkpt>
    <trkpt lat="59.332985527" lon="18.075481518">
      <ele>2.813618644</ele>
    </trkpt>
    <trkpt lat="59.332984956" lon="18.075521311">
      <ele>2.852632701</ele>
    </trkpt>
    <trkpt lat="59.332983658" lon="18.075561034">
      <ele>2.911647334</ele>
    </trkpt>
    <trkpt lat="59.332981219" lon="18.075607713">
      <ele>2.917665285</ele>
    </trkpt>
    <trkpt lat="59.332976993" lon="18.075661594">
      <ele>2.982687172</ele>
    </trkpt>
    <trkpt lat="59.332971548" lon="18.075703686">
      <ele>2.999706042</ele>
    </trkpt>
    <trkpt lat="59.3329287" lon="18.076050332">
      <ele>3.156859792</ele>
    </trkpt>
    <trkpt lat="59.332881626" lon="18.076253207">
      <ele>2.930967958</ele>
    </trkpt>
    <trkpt lat="59.332813333" lon="18.076540216">
      <ele>2.77312239</ele>
    </trkpt>
    <trkpt lat="59.332747635" lon="18.076815754">
      <ele>2.673270765</ele>
    </trkpt>
    <trkpt lat="59.332687246" lon="18.077067834">
      <ele>2.537406749</ele>
    </trkpt>
    <trkpt lat="59.332621625" lon="18.077342153">
      <ele>2.533554656</ele>
    </trkpt>
    <trkpt lat="59.332553594" lon="18.077628566">
      <ele>2.377708691</ele>
    </trkpt>
    <trkpt lat="59.332461954" lon="18.078012649">
      <ele>2.523915601</ele>
    </trkpt>
    <trkpt lat="59.332359304" lon="18.078442806">
      <ele>2.54914736</ele>
    </trkpt>
    <trkpt lat="59.332272425" lon="18.078805148">
      <ele>2.626342933</ele>
    </trkpt>
    <trkpt lat="59.332169397" lon="18.079239217">
      <ele>2.602576366</ele>
    </trkpt>
    <trkpt lat="59.332064779" lon="18.079676822">
      <ele>2.559812337</ele>
    </trkpt>
    <trkpt lat="59.331957437" lon="18.080127759">
      <ele>2.424060233</ele>
    </trkpt>
    <trkpt lat="59.331880305" lon="18.080442488">
      <ele>2.375244104</ele>
    </trkpt>
    <trkpt lat="59.331825313" lon="18.080679976">
      <ele>2.487380199</ele>
    </trkpt>
    <trkpt lat="59.331782907" lon="18.080863113">
      <ele>2.51048515</ele>
    </trkpt>
    <trkpt lat="59.331757699" lon="18.080969364">
      <ele>2.431546542</ele>
    </trkpt>
    <trkpt lat="59.331695956" lon="18.081265905">
      <ele>2.580710762</ele>
    </trkpt>
    <trkpt lat="59.331693173" lon="18.081357029">
      <ele>2.634747833</ele>
    </trkpt>
    <trkpt lat="59.331709299" lon="18.082012794">
      <ele>2.692984697</ele>
    </trkpt>
    <trkpt lat="59.331723346" lon="18.082581453">
      <ele>2.751190042</ele>
    </trkpt>
    <trkpt lat="59.331738056" lon="18.083183663">
      <ele>2.715407639</ele>
    </trkpt>
    <trkpt lat="59.331753158" lon="18.083793261">
      <ele>2.679627726</ele>
    </trkpt>
    <trkpt lat="59.331761924" lon="18.084149323">
      <ele>2.596756322</ele>
    </trkpt>
    <trkpt lat="59.331774178" lon="18.084646655">
      <ele>2.522935928</ele>
    </trkpt>
    <trkpt lat="59.331784578" lon="18.085068651">
      <ele>2.522088325</ele>
    </trkpt>
    <trkpt lat="59.331789849" lon="18.085284158">
      <ele>2.440166184</ele>
    </trkpt>
    <trkpt lat="59.331798047" lon="18.085617097">
      <ele>2.401786423</ele>
    </trkpt>
    <trkpt lat="59.331806156" lon="18.08594723">
      <ele>2.363405665</ele>
    </trkpt>
    <trkpt lat="59.331816044" lon="18.086347966">
      <ele>2.37655037</ele>
    </trkpt>
    <trkpt lat="59.331823741" lon="18.086660563">
      <ele>2.426663261</ele>
    </trkpt>
    <trkpt lat="59.331830659" lon="18.086942431">
      <ele>2.492765072</ele>
    </trkpt>
    <trkpt lat="59.331838303" lon="18.087251973">
      <ele>2.47687684</ele>
    </trkpt>
    <trkpt lat="59.331846081" lon="18.087568604">
      <ele>2.4459912</ele>
    </trkpt>
    <trkpt lat="59.33185467" lon="18.087919173">
      <ele>2.493117836</ele>
    </trkpt>
    <trkpt lat="59.331861133" lon="18.088181692">
      <ele>2.550212639</ele>
    </trkpt>
    <trkpt lat="59.331865029" lon="18.088341217">
      <ele>2.596270274</ele>
    </trkpt>
    <trkpt lat="59.331875135" lon="18.088751798">
      <ele>2.499418547</ele>
    </trkpt>
    <trkpt lat="59.331887129" lon="18.089241712">
      <ele>2.652595522</ele>
    </trkpt>
    <trkpt lat="59.331899548" lon="18.089744068">
      <ele>2.733776889</ele>
    </trkpt>
    <trkpt lat="59.331911919" lon="18.090247966">
      <ele>2.805958881</ele>
    </trkpt>
    <trkpt lat="59.331920974" lon="18.090655895">
      <ele>2.922107007</ele>
    </trkpt>
    <trkpt lat="59.331930196" lon="18.091007429">
      <ele>2.966233479</ele>
    </trkpt>
    <trkpt lat="59.33194981" lon="18.091606755">
      <ele>3.070445868</ele>
    </trkpt>
    <trkpt lat="59.33196677" lon="18.092124953">
      <ele>3.103629505</ele>
    </trkpt>
    <trkpt lat="59.331981264" lon="18.092570523">
      <ele>2.971787476</ele>
    </trkpt>
    <trkpt lat="59.331988534" lon="18.092824745">
      <ele>2.956878435</ele>
    </trkpt>
    <trkpt lat="59.331990271" lon="18.092870354">
      <ele>3.003064794</ele>
    </trkpt>
    <trkpt lat="59.331992573" lon="18.092886941">
      <ele>3.025700814</ele>
    </trkpt>
    <trkpt lat="59.331996519" lon="18.092899595">
      <ele>3.032366369</ele>
    </trkpt>
    <trkpt lat="59.331999999" lon="18.092907979">
      <ele>3.042602282</ele>
    </trkpt>
    <trkpt lat="59.332007499" lon="18.092922393">
      <ele>3.037501962</ele>
    </trkpt>
    <trkpt lat="59.332019463" lon="18.09293126">
      <ele>3.093001225</ele>
    </trkpt>
    <trkpt lat="59.332030684" lon="18.092931553">
      <ele>3.146465633</ele>
    </trkpt>
    <trkpt lat="59.332117937" lon="18.092883757">
      <ele>3.345443155</ele>
    </trkpt>
    <trkpt lat="59.332236641" lon="18.092816863">
      <ele>3.646133714</ele>
    </trkpt>
    <trkpt lat="59.332361909" lon="18.092747076">
      <ele>3.971151531</ele>
    </trkpt>
    <trkpt lat="59.332493658" lon="18.092675644">
      <ele>4.32474075</ele>
    </trkpt>
    <trkpt lat="59.332649003" lon="18.092588875">
      <ele>4.590235746</ele>
    </trkpt>
    <trkpt lat="59.332810072" lon="18.092498908">
      <ele>5.167174973</ele>
    </trkpt>
    <trkpt lat="59.333022406" lon="18.092380305">
      <ele>5.586477038</ele>
    </trkpt>
    <trkpt lat="59.333183344" lon="18.092290409">
      <ele>5.936147582</ele>
    </trkpt>
    <trkpt lat="59.333327622" lon="18.092209818">
      <ele>6.47706719</ele>
    </trkpt>
    <trkpt lat="59.333473632" lon="18.092128259">
      <ele>6.896148847</ele>
    </trkpt>
    <trkpt lat="59.333631755" lon="18.092039933">
      <ele>7.141231987</ele>
    </trkpt>
    <trkpt lat="59.333729845" lon="18.091985141">
      <ele>7.260436181</ele>
    </trkpt>
    <trkpt lat="59.333871342" lon="18.091906101">
      <ele>7.535296101</ele>
    </trkpt>
    <trkpt lat="59.33398376" lon="18.091843304">
      <ele>7.762399421</ele>
    </trkpt>
    <trkpt lat="59.334144788" lon="18.091753352">
      <ele>8.059280075</ele>
    </trkpt>
    <trkpt lat="59.334299305" lon="18.091667037">
      <ele>8.313019761</ele>
    </trkpt>
    <trkpt lat="59.334458378" lon="18.091578176">
      <ele>8.545756832</ele>
    </trkpt>
    <trkpt lat="59.334603347" lon="18.091497193">
      <ele>8.863295564</ele>
    </trkpt>
    <trkpt lat="59.334754391" lon="18.091412815">
      <ele>9.152752645</ele>
    </trkpt>
    <trkpt lat="59.334897406" lon="18.091332922">
      <ele>9.448396157</ele>
    </trkpt>
    <trkpt lat="59.335055013" lon="18.091244877">
      <ele>9.604444771</ele>
    </trkpt>
    <trkpt lat="59.335203674" lon="18.091161829">
      <ele>9.930714709</ele>
    </trkpt>
    <trkpt lat="59.335356225" lon="18.091076606">
      <ele>10.223714998</ele>
    </trkpt>
    <trkpt lat="59.335494145" lon="18.090999557">
      <ele>10.670385532</ele>
    </trkpt>
    <trkpt lat="59.335607758" lon="18.090936086">
      <ele>10.793755787</ele>
    </trkpt>
    <trkpt lat="59.33572012" lon="18.090873313">
      <ele>11.089252647</ele>
    </trkpt>
    <trkpt lat="59.335840122" lon="18.090806272">
      <ele>11.399366252</ele>
    </trkpt>
    <trkpt lat="59.33594318" lon="18.090748697">
      <ele>11.727398609</ele>
    </trkpt>
    <trkpt lat="59.336041098" lon="18.090693992">
      <ele>11.786653304</ele>
    </trkpt>
    <trkpt lat="59.336123044" lon="18.090648211">
      <ele>12.031532269</ele>
    </trkpt>
    <trkpt lat="59.33622638" lon="18.09059048">
      <ele>12.25519744</ele>
    </trkpt>
    <trkpt lat="59.336329437" lon="18.090532903">
      <ele>12.497561975</ele>
    </trkpt>
    <trkpt lat="59.336432494" lon="18.090475327">
      <ele>12.724159229</ele>
    </trkpt>
    <trkpt lat="59.336526525" lon="18.090422793">
      <ele>12.930571836</ele>
    </trkpt>
    <trkpt lat="59.336619719" lon="18.090370726">
      <ele>13.167147277</ele>
    </trkpt>
    <trkpt lat="59.336714443" lon="18.090317804">
      <ele>13.376793225</ele>
    </trkpt>
    <trkpt lat="59.336800932" lon="18.090269482">
      <ele>13.572034052</ele>
    </trkpt>
    <trkpt lat="59.336861351" lon="18.090235726">
      <ele>13.733502929</ele>
    </trkpt>
    <trkpt lat="59.336935333" lon="18.090194392">
      <ele>13.879796868</ele>
    </trkpt>
    <trkpt lat="59.336997907" lon="18.090159431">
      <ele>13.981723488</ele>
    </trkpt>
    <trkpt lat="59.337030817" lon="18.090141255">
      <ele>14.168271725</ele>
    </trkpt>
    <trkpt lat="59.337031589" lon="18.090141303">
      <ele>14.168271104</ele>
    </trkpt>
    <trkpt lat="59.337032345" lon="18.090141612">
      <ele>14.168270595</ele>
    </trkpt>
    <trkpt lat="59.337033062" lon="18.090142173">
      <ele>14.168270214</ele>
    </trkpt>
    <trkpt lat="59.337033718" lon="18.09014297">
      <ele>14.168269974</ele>
    </trkpt>
    <trkpt lat="59.337034294" lon="18.090143977">
      <ele>14.16826988</ele>
    </trkpt>
    <trkpt lat="59.337034771" lon="18.090145165">
      <ele>14.168269937</ele>
    </trkpt>
    <trkpt lat="59.337130804" lon="18.090391806">
      <ele>14.451960514</ele>
    </trkpt>
    <trkpt lat="59.337188808" lon="18.090540779">
      <ele>14.482827675</ele>
    </trkpt>
    <trkpt lat="59.337236121" lon="18.090662293">
      <ele>14.507272965</ele>
    </trkpt>
    <trkpt lat="59.337252367" lon="18.090705042">
      <ele>14.515633071</ele>
    </trkpt>
    <trkpt lat="59.337266461" lon="18.090739197">
      <ele>14.522472419</ele>
    </trkpt>
    <trkpt lat="59.337277836" lon="18.090766884">
      <ele>14.528009358</ele>
    </trkpt>
    <trkpt lat="59.337295206" lon="18.090802536">
      <ele>14.53553027</ele>
    </trkpt>
    <trkpt lat="59.337311778" lon="18.090833337">
      <ele>14.542252751</ele>
    </trkpt>
    <trkpt lat="59.337324995" lon="18.0908573">
      <ele>14.547529243</ele>
    </trkpt>
    <trkpt lat="59.337341308" lon="18.090884517">
      <ele>14.553709119</ele>
    </trkpt>
    <trkpt lat="59.337356725" lon="18.090906374">
      <ele>14.559004582</ele>
    </trkpt>
    <trkpt lat="59.337373056" lon="18.090929866">
      <ele>14.564662018</ele>
    </trkpt>
    <trkpt lat="59.337391777" lon="18.090951708">
      <ele>14.570429934</ele>
    </trkpt>
    <trkpt lat="59.337433186" lon="18.090991216">
      <ele>14.598795802</ele>
    </trkpt>
    <trkpt lat="59.337471394" lon="18.091017261">
      <ele>14.530212447</ele>
    </trkpt>
    <trkpt lat="59.33753347" lon="18.09105324">
      <ele>14.50761089</ele>
    </trkpt>
    <trkpt lat="59.337607995" lon="18.091095014">
      <ele>14.327743871</ele>
    </trkpt>
    <trkpt lat="59.337683166" lon="18.091137843">
      <ele>14.118911514</ele>
    </trkpt>
    <trkpt lat="59.337765428" lon="18.091177428">
      <ele>13.874612407</ele>
    </trkpt>
    <trkpt lat="59.337782223" lon="18.091182305">
      <ele>13.901521711</ele>
    </trkpt>
    <trkpt lat="59.337800112" lon="18.091184893">
      <ele>13.913853824</ele>
    </trkpt>
    <trkpt lat="59.33782903" lon="18.091184321">
      <ele>13.942925772</ele>
    </trkpt>
    <trkpt lat="59.337852281" lon="18.091178217">
      <ele>13.756777621</ele>
    </trkpt>
    <trkpt lat="59.337874288" lon="18.091168317">
      <ele>13.786050523</ele>
    </trkpt>
    <trkpt lat="59.337893835" lon="18.091156584">
      <ele>13.746758361</ele>
    </trkpt>
    <trkpt lat="59.337911839" lon="18.09114397">
      <ele>13.733655913</ele>
    </trkpt>
    <trkpt lat="59.33793141" lon="18.091124126">
      <ele>13.692297897</ele>
    </trkpt>
    <trkpt lat="59.337951156" lon="18.091100042">
      <ele>13.734745617</ele>
    </trkpt>
    <trkpt lat="59.337970477" lon="18.091069699">
      <ele>13.742154403</ele>
    </trkpt>
    <trkpt lat="59.338071365" lon="18.09088771">
      <ele>13.823097868</ele>
    </trkpt>
    <trkpt lat="59.338096714" lon="18.09082633">
      <ele>13.873733518</ele>
    </trkpt>
    <trkpt lat="59.338121425" lon="18.090760242">
      <ele>13.937879351</ele>
    </trkpt>
    <trkpt lat="59.338156615" lon="18.090650517">
      <ele>14.035897453</ele>
    </trkpt>
    <trkpt lat="59.338186786" lon="18.090535203">
      <ele>14.129006783</ele>
    </trkpt>
    <trkpt lat="59.338211707" lon="18.09041518">
      <ele>14.216498722</ele>
    </trkpt>
    <trkpt lat="59.33823119" lon="18.090291361">
      <ele>14.297707402</ele>
    </trkpt>
    <trkpt lat="59.338245086" lon="18.090164687">
      <ele>14.372014776</ele>
    </trkpt>
    <trkpt lat="59.338249877" lon="18.090092805">
      <ele>14.388647451</ele>
    </trkpt>
    <trkpt lat="59.33825196" lon="18.09000172">
      <ele>14.496611067</ele>
    </trkpt>
    <trkpt lat="59.338250006" lon="18.089916794">
      <ele>14.506580372</ele>
    </trkpt>
    <trkpt lat="59.338246596" lon="18.089762336">
      <ele>14.630524426</ele>
    </trkpt>
    <trkpt lat="59.338244239" lon="18.089713828">
      <ele>14.667197395</ele>
    </trkpt>
    <trkpt lat="59.338239304" lon="18.089666067">
      <ele>14.700922272</ele>
    </trkpt>
    <trkpt lat="59.338231846" lon="18.089619576">
      <ele>14.731329557</ele>
    </trkpt>
    <trkpt lat="59.3382267" lon="18.089594202">
      <ele>14.744751501</ele>
    </trkpt>
    <trkpt lat="59.338215179" lon="18.089548068">
      <ele>14.772239201</ele>
    </trkpt>
    <trkpt lat="59.338202576" lon="18.089503767">
      <ele>14.806001267</ele>
    </trkpt>
    <trkpt lat="59.338166946" lon="18.08937853">
      <ele>14.94090684</ele>
    </trkpt>
    <trkpt lat="59.338099282" lon="18.089140695">
      <ele>15.239725948</ele>
    </trkpt>
    <trkpt lat="59.338075436" lon="18.089056879">
      <ele>15.241865011</ele>
    </trkpt>
    <trkpt lat="59.338072693" lon="18.089040886">
      <ele>15.218256398</ele>
    </trkpt>
    <trkpt lat="59.338071074" lon="18.089026455">
      <ele>15.214524208</ele>
    </trkpt>
    <trkpt lat="59.338070631" lon="18.089009809">
      <ele>15.22206901</ele>
    </trkpt>
    <trkpt lat="59.338071667" lon="18.088993267">
      <ele>15.241849752</ele>
    </trkpt>
    <trkpt lat="59.338074151" lon="18.088977331">
      <ele>15.273265405</ele>
    </trkpt>
    <trkpt lat="59.338134891" lon="18.088673268">
      <ele>15.358168579</ele>
    </trkpt>
    <trkpt lat="59.338205185" lon="18.088321363">
      <ele>15.40374029</ele>
    </trkpt>
    <trkpt lat="59.33827556" lon="18.087969054">
      <ele>15.449311789</ele>
    </trkpt>
    <trkpt lat="59.338335409" lon="18.087669431">
      <ele>15.41090261</ele>
    </trkpt>
    <trkpt lat="59.338431266" lon="18.087189536">
      <ele>15.344581875</ele>
    </trkpt>
    <trkpt lat="59.33852699" lon="18.086710291">
      <ele>15.278261512</ele>
    </trkpt>
    <trkpt lat="59.338579717" lon="18.086446308">
      <ele>15.356035472</ele>
    </trkpt>
    <trkpt lat="59.338642291" lon="18.086141109">
      <ele>15.291190715</ele>
    </trkpt>
    <trkpt lat="59.338703008" lon="18.085845621">
      <ele>15.231626397</ele>
    </trkpt>
    <trkpt lat="59.338862914" lon="18.085032106">
      <ele>15.16205123</ele>
    </trkpt>
    <trkpt lat="59.338876366" lon="18.084962954">
      <ele>15.137710788</ele>
    </trkpt>
    <trkpt lat="59.338959013" lon="18.084582041">
      <ele>14.95708296</ele>
    </trkpt>
    <trkpt lat="59.338996089" lon="18.08440209">
      <ele>14.94900013</ele>
    </trkpt>
    <trkpt lat="59.339103616" lon="18.083880183">
      <ele>14.740748206</ele>
    </trkpt>
    <trkpt lat="59.339163553" lon="18.083589258">
      <ele>14.611456552</ele>
    </trkpt>
    <trkpt lat="59.33931754" lon="18.082841817">
      <ele>14.49332662</ele>
    </trkpt>
    <trkpt lat="59.339393137" lon="18.082474861">
      <ele>14.512802801</ele>
    </trkpt>
    <trkpt lat="59.339486728" lon="18.082020553">
      <ele>14.369052582</ele>
    </trkpt>
    <trkpt lat="59.33961149" lon="18.081414921">
      <ele>14.220219043</ele>
    </trkpt>
    <trkpt lat="59.339681818" lon="18.081071406">
      <ele>14.214030231</ele>
    </trkpt>
    <trkpt lat="59.339733063" lon="18.080822715">
      <ele>14.21239327</ele>
    </trkpt>
    <trkpt lat="59.339888648" lon="18.08008031">
      <ele>14.418982278</ele>
    </trkpt>
    <trkpt lat="59.340021014" lon="18.079449298">
      <ele>14.579156281</ele>
    </trkpt>
    <trkpt lat="59.340098174" lon="18.079081451">
      <ele>14.670972226</ele>
    </trkpt>
    <trkpt lat="59.340191902" lon="18.078634611">
      <ele>14.949748205</ele>
    </trkpt>
    <trkpt lat="59.340273288" lon="18.078246602">
      <ele>15.160553283</ele>
    </trkpt>
    <trkpt lat="59.340350145" lon="18.07788018">
      <ele>15.340368869</ele>
    </trkpt>
    <trkpt lat="59.3403697" lon="18.077786948">
      <ele>15.352321894</ele>
    </trkpt>
    <trkpt lat="59.340484226" lon="18.077240922">
      <ele>15.611546357</ele>
    </trkpt>
    <trkpt lat="59.34059899" lon="18.076693747">
      <ele>15.770769511</ele>
    </trkpt>
    <trkpt lat="59.340602008" lon="18.076682327">
      <ele>15.790763242</ele>
    </trkpt>
    <trkpt lat="59.340604873" lon="18.076672013">
      <ele>15.829757471</ele>
    </trkpt>
    <trkpt lat="59.340608159" lon="18.076661876">
      <ele>15.878751433</ele>
    </trkpt>
    <trkpt lat="59.34061203" lon="18.076652564">
      <ele>15.921745225</ele>
    </trkpt>
    <trkpt lat="59.34061642" lon="18.076644185">
      <ele>15.938738933</ele>
    </trkpt>
    <trkpt lat="59.340621286" lon="18.076636877">
      <ele>15.94873264</ele>
    </trkpt>
    <trkpt lat="59.340626557" lon="18.07663073">
      <ele>15.960726432</ele>
    </trkpt>
    <trkpt lat="59.340632159" lon="18.07662583">
      <ele>15.974720394</ele>
    </trkpt>
    <trkpt lat="59.340638003" lon="18.076622231">
      <ele>15.962714616</ele>
    </trkpt>
    <trkpt lat="59.340644035" lon="18.076620003">
      <ele>15.959709162</ele>
    </trkpt>
    <trkpt lat="59.340650149" lon="18.076619181">
      <ele>15.93970413</ele>
    </trkpt>
    <trkpt lat="59.34065628" lon="18.076619747">
      <ele>15.950699561</ele>
    </trkpt>
    <trkpt lat="59.34066233" lon="18.076621719">
      <ele>15.963695539</ele>
    </trkpt>
    <trkpt lat="59.340821648" lon="18.076731806">
      <ele>16.18860974</ele>
    </trkpt>
    <trkpt lat="59.340974063" lon="18.076837145">
      <ele>16.428527857</ele>
    </trkpt>
    <trkpt lat="59.341111289" lon="18.076932042">
      <ele>16.624454314</ele>
    </trkpt>
    <trkpt lat="59.341281291" lon="18.07705568">
      <ele>16.915365529</ele>
    </trkpt>
    <trkpt lat="59.341450376" lon="18.077178653">
      <ele>17.206277467</ele>
    </trkpt>
    <trkpt lat="59.34162414" lon="18.07730503">
      <ele>17.48068722</ele>
    </trkpt>
    <trkpt lat="59.341798465" lon="18.077431817">
      <ele>17.75509694</ele>
    </trkpt>
    <trkpt lat="59.341997044" lon="18.077576245">
      <ele>18.226994413</ele>
    </trkpt>
    <trkpt lat="59.342199448" lon="18.077723457">
      <ele>18.721890257</ele>
    </trkpt>
    <trkpt lat="59.342390798" lon="18.077862631">
      <ele>18.998172108</ele>
    </trkpt>
    <trkpt lat="59.342662495" lon="18.078060246">
      <ele>19.800153283</ele>
    </trkpt>
    <trkpt lat="59.342890125" lon="18.078225813">
      <ele>20.383537456</ele>
    </trkpt>
    <trkpt lat="59.34297745" lon="18.078289329">
      <ele>20.502513139</ele>
    </trkpt>
    <trkpt lat="59.343170941" lon="18.078430067">
      <ele>20.879415173</ele>
    </trkpt>
    <trkpt lat="59.343393868" lon="18.078592218">
      <ele>21.349212699</ele>
    </trkpt>
    <trkpt lat="59.343454276" lon="18.078636157">
      <ele>21.501252293</ele>
    </trkpt>
    <trkpt lat="59.343484223" lon="18.078640448">
      <ele>21.556230924</ele>
    </trkpt>
    <trkpt lat="59.343506364" lon="18.078600738">
      <ele>21.611199659</ele>
    </trkpt>
    <trkpt lat="59.343526532" lon="18.078524111">
      <ele>21.605156573</ele>
    </trkpt>
    <trkpt lat="59.343575676" lon="18.078337395">
      <ele>21.537051511</ele>
    </trkpt>
    <trkpt lat="59.34367167" lon="18.077972671">
      <ele>21.47884598</ele>
    </trkpt>
    <trkpt lat="59.343750218" lon="18.077674228">
      <ele>21.428677497</ele>
    </trkpt>
    <trkpt lat="59.343932895" lon="18.076980128">
      <ele>21.320284596</ele>
    </trkpt>
    <trkpt lat="59.343993088" lon="18.076751417">
      <ele>21.283154809</ele>
    </trkpt>
    <trkpt lat="59.344023016" lon="18.076637698">
      <ele>21.262090217</ele>
    </trkpt>
    <trkpt lat="59.344100026" lon="18.076345082">
      <ele>21.218923831</ele>
    </trkpt>
    <trkpt lat="59.344182416" lon="18.076032016">
      <ele>21.289745527</ele>
    </trkpt>
    <trkpt lat="59.34423702" lon="18.075824533">
      <ele>21.362866554</ele>
    </trkpt>
    <trkpt lat="59.344299846" lon="18.075585803">
      <ele>21.453568026</ele>
    </trkpt>
    <trkpt lat="59.344393441" lon="18.075230149">
      <ele>21.589056003</ele>
    </trkpt>
    <trkpt lat="59.344495326" lon="18.074842987">
      <ele>21.656265594</ele>
    </trkpt>
    <trkpt lat="59.344566498" lon="18.074572534">
      <ele>21.707630335</ele>
    </trkpt>
    <trkpt lat="59.344627649" lon="18.074340153">
      <ele>21.694236753</ele>
    </trkpt>
    <trkpt lat="59.344750465" lon="18.073873435">
      <ele>21.775407965</ele>
    </trkpt>
    <trkpt lat="59.344806554" lon="18.073660288">
      <ele>21.906404991</ele>
    </trkpt>
    <trkpt lat="59.344852314" lon="18.073486387">
      <ele>22.068804556</ele>
    </trkpt>
    <trkpt lat="59.344854897" lon="18.073478166">
      <ele>22.065779472</ele>
    </trkpt>
    <trkpt lat="59.344858062" lon="18.073470765">
      <ele>22.100004228</ele>
    </trkpt>
    <trkpt lat="59.344861741" lon="18.073464341">
      <ele>22.125788933</ele>
    </trkpt>
    <trkpt lat="59.344865858" lon="18.073459031">
      <ele>22.132433701</ele>
    </trkpt>
    <trkpt lat="59.344870325" lon="18.073454946">
      <ele>22.114528643</ele>
    </trkpt>
    <trkpt lat="59.344875047" lon="18.073452173">
      <ele>22.096973864</ele>
    </trkpt>
    <trkpt lat="59.344879924" lon="18.07345077">
      <ele>22.113689467</ele>
    </trkpt>
    <trkpt lat="59.344884854" lon="18.073450768">
      <ele>22.108195545</ele>
    </trkpt>
    <trkpt lat="59.344903955" lon="18.073460426">
      <ele>22.036473914</ele>
    </trkpt>
    <trkpt lat="59.344941583" lon="18.073492074">
      <ele>22.060445665</ele>
    </trkpt>
    <trkpt lat="59.345002044" lon="18.073539112">
      <ele>22.121044962</ele>
    </trkpt>
    <trkpt lat="59.345075458" lon="18.073596875">
      <ele>22.092387966</ele>
    </trkpt>
    <trkpt lat="59.345083242" lon="18.073604187">
      <ele>22.168414486</ele>
    </trkpt>
    <trkpt lat="59.345090689" lon="18.07361274">
      <ele>22.203161733</ele>
    </trkpt>
    <trkpt lat="59.345097747" lon="18.073622474">
      <ele>22.219259727</ele>
    </trkpt>
    <trkpt lat="59.345104368" lon="18.073633323">
      <ele>22.226798481</ele>
    </trkpt>
    <trkpt lat="59.345110505" lon="18.07364521">
      <ele>22.233408005</ele>
    </trkpt>
    <trkpt lat="59.345116117" lon="18.073658055">
      <ele>22.220988301</ele>
    </trkpt>
    <trkpt lat="59.345125233" lon="18.073680208">
      <ele>22.16950926</ele>
    </trkpt>
    <trkpt lat="59.345129786" lon="18.073692569">
      <ele>22.182740221</ele>
    </trkpt>
    <trkpt lat="59.345133738" lon="18.073705699">
      <ele>22.160781943</ele>
    </trkpt>
    <trkpt lat="59.345137055" lon="18.073719485">
      <ele>22.132724413</ele>
    </trkpt>
    <trkpt lat="59.345139709" lon="18.073733811">
      <ele>22.155147609</ele>
    </trkpt>
    <trkpt lat="59.345141679" lon="18.073748555">
      <ele>22.149681505</ele>
    </trkpt>
    <trkpt lat="59.345142946" lon="18.073763591">
      <ele>22.190736066</ele>
    </trkpt>
    <trkpt lat="59.345143507" lon="18.073779308">
      <ele>22.17902144</ele>
    </trkpt>
    <trkpt lat="59.34514368" lon="18.07379481">
      <ele>22.207787042</ele>
    </trkpt>
    <trkpt lat="59.345143136" lon="18.073810278">
      <ele>22.208383201</ele>
    </trkpt>
    <trkpt lat="59.345141878" lon="18.073825587">
      <ele>22.187969866</ele>
    </trkpt>
    <trkpt lat="59.345139918" lon="18.07384061">
      <ele>22.157936983</ele>
    </trkpt>
    <trkpt lat="59.345137271" lon="18.073855224">
      <ele>22.072854493</ele>
    </trkpt>
    <trkpt lat="59.345117581" lon="18.073949695">
      <ele>22.079245072</ele>
    </trkpt>
    <trkpt lat="59.345084973" lon="18.074106138">
      <ele>22.060548784</ele>
    </trkpt>
    <trkpt lat="59.345042888" lon="18.074308051">
      <ele>22.197236738</ele>
    </trkpt>
    <trkpt lat="59.345009773" lon="18.074466927">
      <ele>22.101001613</ele>
    </trkpt>
    <trkpt lat="59.344969975" lon="18.074657861">
      <ele>22.020283533</ele>
    </trkpt>
    <trkpt lat="59.344953423" lon="18.07473727">
      <ele>21.969565895</ele>
    </trkpt>
    <trkpt lat="59.344909385" lon="18.074948549">
      <ele>21.922948532</ele>
    </trkpt>
    <trkpt lat="59.344875651" lon="18.075110387">
      <ele>21.736334738</ele>
    </trkpt>
    <trkpt lat="59.344806999" lon="18.07543974">
      <ele>21.645039977</ele>
    </trkpt>
    <trkpt lat="59.344764728" lon="18.075642534">
      <ele>21.603147748</ele>
    </trkpt>
    <trkpt lat="59.344723942" lon="18.075838199">
      <ele>21.626251635</ele>
    </trkpt>
    <trkpt lat="59.34467845" lon="18.076056433">
      <ele>21.651367396</ele>
    </trkpt>
    <trkpt lat="59.344636185" lon="18.076259193">
      <ele>21.667120371</ele>
    </trkpt>
    <trkpt lat="59.344632382" lon="18.076280061">
      <ele>21.667130998</ele>
    </trkpt>
    <trkpt lat="59.344630488" lon="18.076301906">
      <ele>21.667140496</ele>
    </trkpt>
    <trkpt lat="59.34463056" lon="18.076324062">
      <ele>21.667148577</ele>
    </trkpt>
    <trkpt lat="59.344632597" lon="18.076345858">
      <ele>21.667154996</ele>
    </trkpt>
    <trkpt lat="59.344636535" lon="18.07636663">
      <ele>21.667159559</ele>
    </trkpt>
    <trkpt lat="59.344642256" lon="18.076385747">
      <ele>21.667162128</ele>
    </trkpt>
    <trkpt lat="59.344646253" lon="18.076395686">
      <ele>21.667162668</ele>
    </trkpt>
    <trkpt lat="59.344654606" lon="18.076411772">
      <ele>21.447220487</ele>
    </trkpt>
    <trkpt lat="59.344723726" lon="18.076514473">
      <ele>21.058532817</ele>
    </trkpt>
    <trkpt lat="59.344779209" lon="18.076596914">
      <ele>20.66941531</ele>
    </trkpt>
    <trkpt lat="59.344835039" lon="18.07667987">
      <ele>20.280297778</ele>
    </trkpt>
    <trkpt lat="59.344908834" lon="18.076789521">
      <ele>19.863096482</ele>
    </trkpt>
    <trkpt lat="59.345019045" lon="18.076953282">
      <ele>19.80691203</ele>
    </trkpt>
    <trkpt lat="59.345121338" lon="18.07710528">
      <ele>19.963029698</ele>
    </trkpt>
    <trkpt lat="59.345202215" lon="18.077225455">
      <ele>20.077820593</ele>
    </trkpt>
    <trkpt lat="59.345296873" lon="18.07736611">
      <ele>20.146130916</ele>
    </trkpt>
    <trkpt lat="59.345397712" lon="18.077515951">
      <ele>20.312262694</ele>
    </trkpt>
    <trkpt lat="59.34547671" lon="18.077633337">
      <ele>20.4171898</ele>
    </trkpt>
    <trkpt lat="59.345562516" lon="18.07776084">
      <ele>20.531854059</ele>
    </trkpt>
    <trkpt lat="59.345680541" lon="18.077936221">
      <ele>20.730613012</ele>
    </trkpt>
    <trkpt lat="59.345778113" lon="18.07808121">
      <ele>20.805423491</ele>
    </trkpt>
    <trkpt lat="59.34583498" lon="18.078165715">
      <ele>20.888821631</ele>
    </trkpt>
    <trkpt lat="59.345884522" lon="18.078239333">
      <ele>20.949235917</ele>
    </trkpt>
    <trkpt lat="59.345922174" lon="18.078295284">
      <ele>21.032628282</ele>
    </trkpt>
    <trkpt lat="59.345974357" lon="18.078372828">
      <ele>21.201826059</ele>
    </trkpt>
    <trkpt lat="59.346046149" lon="18.078479511">
      <ele>21.330030315</ele>
    </trkpt>
    <trkpt lat="59.346080726" lon="18.078530893">
      <ele>21.336680423</ele>
    </trkpt>
    <trkpt lat="59.346134416" lon="18.078610678">
      <ele>21.354844773</ele>
    </trkpt>
    <trkpt lat="59.34612027" lon="18.078708336">
      <ele>21.298239352</ele>
    </trkpt>
    <trkpt lat="59.346068959" lon="18.078879782">
      <ele>21.260315664</ele>
    </trkpt>
    <trkpt lat="59.346060056" lon="18.078906492">
      <ele>21.203117034</ele>
    </trkpt>
    <trkpt lat="59.346035397" lon="18.078966653">
      <ele>21.044088826</ele>
    </trkpt>
    <trkpt lat="59.34554894" lon="18.078450521">
      <ele>20.982964858</ele>
    </trkpt>
    <trkpt lat="59.345200831" lon="18.078072417">
      <ele>20.956084259</ele>
    </trkpt>
    <trkpt lat="59.345159574" lon="18.078025708">
      <ele>20.935515916</ele>
    </trkpt>
    <trkpt lat="59.345118545" lon="18.077994061">
      <ele>20.913512617</ele>
    </trkpt>
    <trkpt lat="59.345071225" lon="18.07797247">
      <ele>20.928154022</ele>
    </trkpt>
    <trkpt lat="59.345021216" lon="18.077965507">
      <ele>20.923344802</ele>
    </trkpt>
    <trkpt lat="59.344974044" lon="18.077973495">
      <ele>20.924505851</ele>
    </trkpt>
    <trkpt lat="59.344926117" lon="18.077996004">
      <ele>20.918605389</ele>
    </trkpt>
    <trkpt lat="59.344880651" lon="18.078033201">
      <ele>20.931901204</ele>
    </trkpt>
    <trkpt lat="59.344837953" lon="18.078084908">
      <ele>20.941058801</ele>
    </trkpt>
    <trkpt lat="59.34480282" lon="18.078143681">
      <ele>20.938080469</ele>
    </trkpt>
    <trkpt lat="59.344770015" lon="18.078218295">
      <ele>20.926078805</ele>
    </trkpt>
    <trkpt lat="59.344744332" lon="18.078300186">
      <ele>20.93751497</ele>
    </trkpt>
    <trkpt lat="59.344724642" lon="18.078393237">
      <ele>20.93525503</ele>
    </trkpt>
    <trkpt lat="59.344713435" lon="18.078484796">
      <ele>20.939008754</ele>
    </trkpt>
    <trkpt lat="59.344709673" lon="18.078580688">
      <ele>20.942481289</ele>
    </trkpt>
    <trkpt lat="59.344713341" lon="18.07867453">
      <ele>20.925276239</ele>
    </trkpt>
    <trkpt lat="59.344724078" lon="18.07876454">
      <ele>20.934520234</ele>
    </trkpt>
    <trkpt lat="59.344744182" lon="18.078860426">
      <ele>20.945972261</ele>
    </trkpt>
    <trkpt lat="59.344767942" lon="18.078937489">
      <ele>20.94581971</ele>
    </trkpt>
    <trkpt lat="59.344793857" lon="18.078999819">
      <ele>20.970533445</ele>
    </trkpt>
    <trkpt lat="59.344820236" lon="18.079049129">
      <ele>20.96341071</ele>
    </trkpt>
    <trkpt lat="59.344844979" lon="18.079086807">
      <ele>20.968805306</ele>
    </trkpt>
    <trkpt lat="59.345157818" lon="18.079503973">
      <ele>20.927625659</ele>
    </trkpt>
  </trkseg>
</trk>
</gpx>
