<?xml version="1.0" encoding="UTF-8"?>
<kml xmlns="http://www.opengis.net/kml/2.2">
  <Document>
    <name>東京マラソン2026　Tokyo Marathon 2026</name>
    <description><![CDATA[東京マラソン2026　コースマップ<br>Tokyo Marathon 2026 Course Map]]></description>
    <Style id="icon-1899-DB4436-normal">
      <IconStyle>
        <color>ff3644db</color>
        <scale>1</scale>
        <Icon>
          <href>https://www.gstatic.com/mapspro/images/stock/503-wht-blank_maps.png</href>
        </Icon>
        <hotSpot x="32" xunits="pixels" y="64" yunits="insetPixels"/>
      </IconStyle>
      <LabelStyle>
        <scale>0</scale>
      </LabelStyle>
    </Style>
    <Style id="icon-1899-DB4436-highlight">
      <IconStyle>
        <color>ff3644db</color>
        <scale>1</scale>
        <Icon>
          <href>https://www.gstatic.com/mapspro/images/stock/503-wht-blank_maps.png</href>
        </Icon>
        <hotSpot x="32" xunits="pixels" y="64" yunits="insetPixels"/>
      </IconStyle>
      <LabelStyle>
        <scale>1</scale>
      </LabelStyle>
    </Style>
    <StyleMap id="icon-1899-DB4436">
      <Pair>
        <key>normal</key>
        <styleUrl>#icon-1899-DB4436-normal</styleUrl>
      </Pair>
      <Pair>
        <key>highlight</key>
        <styleUrl>#icon-1899-DB4436-highlight</styleUrl>
      </Pair>
    </StyleMap>
    <Style id="icon-1899-DB4436-nodesc-normal">
      <IconStyle>
        <color>ff3644db</color>
        <scale>1</scale>
        <Icon>
          <href>https://www.gstatic.com/mapspro/images/stock/503-wht-blank_maps.png</href>
        </Icon>
        <hotSpot x="32" xunits="pixels" y="64" yunits="insetPixels"/>
      </IconStyle>
      <LabelStyle>
        <scale>0</scale>
      </LabelStyle>
      <BalloonStyle>
        <text><![CDATA[<h3>$[name]</h3>]]></text>
      </BalloonStyle>
    </Style>
    <Style id="icon-1899-DB4436-nodesc-highlight">
      <IconStyle>
        <color>ff3644db</color>
        <scale>1</scale>
        <Icon>
          <href>https://www.gstatic.com/mapspro/images/stock/503-wht-blank_maps.png</href>
        </Icon>
        <hotSpot x="32" xunits="pixels" y="64" yunits="insetPixels"/>
      </IconStyle>
      <LabelStyle>
        <scale>1</scale>
      </LabelStyle>
      <BalloonStyle>
        <text><![CDATA[<h3>$[name]</h3>]]></text>
      </BalloonStyle>
    </Style>
    <StyleMap id="icon-1899-DB4436-nodesc">
      <Pair>
        <key>normal</key>
        <styleUrl>#icon-1899-DB4436-nodesc-normal</styleUrl>
      </Pair>
      <Pair>
        <key>highlight</key>
        <styleUrl>#icon-1899-DB4436-nodesc-highlight</styleUrl>
      </Pair>
    </StyleMap>
    <Style id="line-FF5252-2000-nodesc-normal">
      <LineStyle>
        <color>ff5252ff</color>
        <width>2</width>
      </LineStyle>
      <BalloonStyle>
        <text><![CDATA[<h3>$[name]</h3>]]></text>
      </BalloonStyle>
    </Style>
    <Style id="line-FF5252-2000-nodesc-highlight">
      <LineStyle>
        <color>ff5252ff</color>
        <width>3</width>
      </LineStyle>
      <BalloonStyle>
        <text><![CDATA[<h3>$[name]</h3>]]></text>
      </BalloonStyle>
    </Style>
    <StyleMap id="line-FF5252-2000-nodesc">
      <Pair>
        <key>normal</key>
        <styleUrl>#line-FF5252-2000-nodesc-normal</styleUrl>
      </Pair>
      <Pair>
        <key>highlight</key>
        <styleUrl>#line-FF5252-2000-nodesc-highlight</styleUrl>
      </Pair>
    </StyleMap>
    <Folder>
      <name>走路　Route</name>
      <Placemark>
        <name>走路　Route</name>
        <styleUrl>#line-FF5252-2000-nodesc</styleUrl>
        <MultiGeometry>
          <LineString>
            <tessellate>1</tessellate>
            <coordinates>
              139.771634,35.702535,3.56
              139.771629,35.702487,3.57
              139.771617,35.702387,3.55
              139.771606,35.702293,3.53
              139.771595,35.702203,3.52
              139.771579,35.702063,3.52
              139.771575,35.702028,3.51
              139.771563,35.701926,3.52
              139.771556,35.701872,3.5
              139.771549,35.701808,3.5
              139.771542,35.70175,3.5
              139.771524,35.701595,3.46
              139.771508,35.701456,3.46
              139.771487,35.701279,3.44
              139.771471,35.701146,3.41
              139.771455,35.701008,3.37
              139.77144,35.700881,3.38
              139.771426,35.700764,3.39
              139.771411,35.700637,3.39
              139.771392,35.700473,3.36
              139.771369,35.700275,3.35
              139.771351,35.700122,3.31
              139.771332,35.69996,3.3
              139.771312,35.699788,3.29
              139.771302,35.699703,3.3
              139.771293,35.699631,3.22
              139.77128,35.69952,3
              139.771259,35.699341,2.89
              139.771246,35.69923,2.83
              139.771226,35.699057,2.76
              139.771211,35.698931,2.74
              139.771199,35.69883,2.71
              139.771172,35.698599,2.75
              139.771154,35.698445,2.83
              139.771144,35.698358,2.89
              139.771141,35.698335,2.94
              139.771135,35.698286,3.02
              139.771129,35.698234,3.09
              139.771114,35.698107,3.26
              139.771105,35.69803,3.38
              139.7711,35.697983,3.44
              139.771094,35.697938,3.52
              139.771092,35.697916,3.54
              139.771089,35.697901,3.54
              139.771086,35.69789,3.53
              139.771082,35.697875,3.53
              139.771062,35.697801,3.63
              139.771051,35.697761,3.75
              139.771029,35.697679,3.81
              139.771015,35.697627,3.83
              139.770995,35.697557,3.89
              139.770982,35.697507,3.99
              139.770969,35.697474,4.11
              139.770937,35.697388,4.54
              139.770926,35.697358,4.64
              139.770914,35.697327,4.75
              139.77087,35.69721,5.05
              139.770833,35.697112,4.89
              139.770806,35.697045,4.66
              139.770769,35.696948,4.43
              139.770739,35.696872,4.24
              139.770704,35.696781,4.11
              139.770697,35.696763,4.22
              139.77068,35.696721,4.09
              139.770667,35.696687,4.1
              139.77064,35.696619,4.02
              139.770601,35.696519,3.93
              139.770562,35.69642,4.04
              139.7705,35.696263,4.1
              139.770457,35.696155,4.23
              139.770415,35.69605,4.39
              139.770379,35.695957,4.52
              139.770374,35.695948,4.54
              139.77037,35.695944,4.53
              139.770363,35.695937,4.55
              139.770359,35.695933,4.55
              139.770352,35.695926,4.56
              139.770339,35.695916,4.55
              139.770329,35.69591,4.56
              139.770314,35.695903,4.57
              139.770296,35.695896,4.57
              139.770283,35.695892,4.61
              139.770272,35.69589,4.62
              139.770256,35.695886,4.75
              139.770239,35.695884,4.76
              139.770167,35.695883,4.8
              139.770048,35.695881,4.93
              139.769805,35.695875,4.94
              139.769505,35.695868,4.87
              139.769344,35.695864,4.82
              139.769265,35.695862,4.8
              139.769249,35.695862,4.82
              139.769178,35.69586,4.79
              139.769148,35.695859,4.78
              139.769081,35.695857,4.79
              139.769063,35.695857,4.79
              139.769031,35.695856,4.76
              139.76897,35.695855,4.75
              139.768913,35.695853,4.76
              139.768799,35.695851,4.77
              139.768762,35.69585,4.76
              139.768748,35.695849,4.76
              139.768723,35.695847,4.76
              139.768673,35.695843,4.75
              139.768655,35.695841,4.75
              139.768628,35.695837,4.75
              139.768588,35.695831,4.74
              139.768531,35.695821,4.69
              139.768509,35.695816,4.73
              139.768498,35.695814,4.7
              139.768494,35.695813,4.69
              139.76845,35.695801,4.72
              139.768427,35.695794,4.71
              139.768421,35.695792,4.66
              139.768384,35.695779,4.68
              139.768166,35.6957,4.62
              139.768114,35.695682,4.6
              139.768002,35.695641,4.6
              139.767834,35.69558,4.53
              139.767631,35.695506,4.64
              139.767628,35.695506,4.64
              139.767546,35.695476,4.66
              139.767522,35.695467,4.67
              139.767499,35.695459,4.67
              139.767438,35.695437,4.64
              139.767349,35.695405,4.58
              139.767325,35.695396,4.56
              139.767269,35.695376,4.52
              139.767204,35.695352,4.47
              139.767103,35.695316,4.43
              139.767026,35.695288,4.48
              139.766956,35.695262,4.49
              139.76685,35.695224,4.51
              139.766804,35.695207,4.47
              139.766721,35.695177,4.52
              139.766573,35.695124,4.56
              139.766559,35.695119,4.59
              139.766451,35.69508,4.58
              139.766379,35.695054,4.57
              139.766359,35.695047,4.62
              139.766189,35.694985,4.61
              139.766133,35.694965,4.62
              139.76608,35.694946,4.6
              139.76597,35.694906,4.64
              139.765909,35.694883,4.65
              139.765803,35.694845,4.69
              139.765786,35.694839,4.7
              139.765725,35.694817,4.68
              139.765608,35.694775,4.72
              139.765569,35.694761,4.74
              139.76547,35.694725,4.85
              139.765457,35.694722,4.84
              139.765409,35.694713,4.94
              139.765367,35.694704,4.99
              139.765336,35.694698,5.1
              139.765277,35.694687,5.21
              139.76524,35.69468,5.23
              139.765209,35.694674,5.25
              139.765162,35.694665,5.23
              139.765135,35.69466,5.22
              139.765093,35.694651,5.2
              139.765053,35.694644,5.2
              139.765014,35.694636,5.19
              139.765004,35.694634,5.18
              139.764962,35.694626,5.21
              139.764935,35.694621,5.25
              139.764886,35.694611,5.27
              139.764805,35.694596,5.31
              139.764778,35.694591,5.31
              139.764734,35.694582,5.34
              139.764711,35.694578,5.35
              139.764641,35.694564,5.37
              139.764588,35.694554,5.4
              139.764547,35.694546,5.39
              139.764483,35.694534,5.5
              139.764431,35.694523,5.56
              139.764368,35.694511,5.57
              139.764322,35.694502,5.61
              139.764276,35.694493,5.61
              139.76424,35.694486,5.6
              139.764234,35.694485,5.62
              139.764201,35.694479,5.63
              139.764132,35.694465,5.66
              139.764111,35.694461,5.66
              139.764044,35.694448,5.67
              139.76401,35.694442,5.68
              139.763999,35.694442,5.67
              139.763987,35.694443,5.67
              139.763944,35.694447,5.66
              139.763896,35.694451,5.66
              139.76383,35.694456,5.66
              139.763766,35.694461,5.65
              139.763698,35.694467,5.65
              139.763622,35.694473,5.65
              139.763576,35.694477,5.7
              139.763378,35.694492,5.75
              139.763307,35.694498,5.73
              139.76312,35.694513,5.73
              139.763064,35.694517,5.74
              139.762991,35.694523,5.75
              139.762981,35.694525,5.75
              139.762974,35.694527,5.76
              139.762967,35.694529,5.77
              139.762915,35.694549,5.75
              139.762845,35.694577,5.75
              139.762694,35.694637,5.74
              139.762658,35.694652,5.73
              139.762649,35.694655,5.73
              139.762639,35.694659,5.75
              139.76263,35.694663,5.74
              139.762623,35.694668,5.73
              139.762521,35.694738,5.75
              139.762409,35.694816,5.75
              139.762188,35.694967,5.66
              139.761938,35.695136,5.66
              139.761688,35.695306,5.57
              139.761446,35.69547,5.69
              139.761216,35.695625,5.83
              139.761002,35.695771,5.64
              139.760817,35.695897,5.46
              139.760773,35.695929,5.34
              139.760759,35.695938,5.34
              139.760749,35.695945,5.34
              139.760727,35.695958,5.33
              139.760708,35.695968,5.3
              139.760694,35.695975,5.28
              139.760688,35.695978,5.2
              139.760668,35.695987,5.3
              139.760651,35.695993,5.29
              139.760633,35.696,5.3
              139.76062,35.696003,5.3
              139.760601,35.696009,5.29
              139.760585,35.696012,5.28
              139.760567,35.696016,5.25
              139.760538,35.696021,5.18
              139.760525,35.696023,5.15
              139.76052,35.696023,5.15
              139.760509,35.696024,5.06
              139.760504,35.696025,5.11
              139.760428,35.696026,4.93
              139.760375,35.696027,5
              139.760214,35.696029,4.83
              139.759988,35.696032,4.72
              139.759688,35.696037,4.55
              139.759518,35.696039,4.38
              139.759345,35.696042,4.23
              139.759095,35.696045,3.99
              139.758905,35.696048,3.83
              139.758753,35.69605,3.79
              139.75854,35.696053,3.63
              139.75843,35.696055,3.58
              139.758315,35.696057,3.57
              139.758296,35.696059,3.6
              139.758253,35.69607,3.59
              139.758212,35.696089,3.66
              139.758178,35.696119,3.66
              139.758163,35.696137,3.65
              139.758096,35.696261,3.67
              139.757964,35.696499,3.72
              139.757886,35.69664,3.67
              139.757833,35.696737,3.64
              139.757701,35.696975,3.66
              139.75757,35.697212,3.7
              139.757434,35.697458,3.68
              139.757325,35.697657,3.68
              139.757215,35.697856,3.68
              139.757104,35.698056,3.57
              139.757006,35.698234,3.64
              139.756908,35.698411,3.66
              139.756801,35.698605,3.7
              139.75668,35.698823,3.63
              139.756587,35.698991,3.66
              139.756494,35.699159,3.65
              139.756401,35.699328,3.49
              139.756309,35.699496,3.41
              139.756216,35.699664,3.33
              139.756123,35.699832,3.28
              139.75603,35.7,3.19
              139.755914,35.70021,3.23
              139.755798,35.70042,3.33
              139.755679,35.700635,3.44
              139.755559,35.700851,3.53
              139.755451,35.701048,3.76
              139.755344,35.701334,4.56
              139.755265,35.70155,5.09
              139.755251,35.701589,5.18
              139.755247,35.70161,5.31
              139.755235,35.701754,5.34
              139.755229,35.701937,5.52
              139.755223,35.702117,5.64
              139.755219,35.702244,5.76
              139.755216,35.702263,5.74
              139.755209,35.70228,5.73
              139.755198,35.702295,5.69
              139.755186,35.702306,5.67
              139.755169,35.702316,5.64
              139.755153,35.702322,5.61
              139.754993,35.702364,5.49
              139.754593,35.702469,4.76
              139.754194,35.702573,4.04
              139.753842,35.702666,3.79
              139.753733,35.702692,3.7
              139.753603,35.702718,3.63
              139.753498,35.702736,3.57
              139.753363,35.702755,3.47
              139.75323,35.702768,3.42
              139.752981,35.702789,3.31
              139.752732,35.70281,3.22
              139.752469,35.702832,3.17
              139.752207,35.702855,3.18
              139.751831,35.702887,3.28
              139.751727,35.702896,3.26
              139.751456,35.702919,3.23
              139.75108,35.702951,3.33
              139.750704,35.702983,3.51
              139.750359,35.703011,3.85
              139.750113,35.703032,4.07
              139.749866,35.703053,4.2
              139.74958,35.703077,5.25
              139.749293,35.703101,4.43
              139.749105,35.703116,4.6
              139.748969,35.703128,4.61
              139.748769,35.703131,4.65
              139.748502,35.703134,4.68
              139.748235,35.703138,4.75
              139.747935,35.703142,4.72
              139.747617,35.703146,4.44
              139.747298,35.70315,4.47
              139.747119,35.703151,4.66
              139.74702,35.703149,4.75
              139.746916,35.703145,4.84
              139.746781,35.703136,4.82
              139.74656,35.703118,4.61
              139.746442,35.703104,4.48
              139.746376,35.703096,4.39
              139.746298,35.703084,4.31
              139.746195,35.703065,4.29
              139.746093,35.703042,4.34
              139.746011,35.703022,4.36
              139.745923,35.702999,4.46
              139.745857,35.70298,4.52
              139.745658,35.702917,4.81
              139.745574,35.702891,4.96
              139.745499,35.702868,5.19
              139.745419,35.702839,5.46
              139.745387,35.702826,5.61
              139.745382,35.702825,5.63
              139.745361,35.702816,5.74
              139.745312,35.702796,5.97
              139.745299,35.702791,6.02
              139.745193,35.702741,6.39
              139.745159,35.702724,6.34
              139.745126,35.702709,6.3
              139.745109,35.7027,6.26
              139.745041,35.702668,6.01
              139.744975,35.702637,5.73
              139.744938,35.702619,5.55
              139.744919,35.70261,5.48
              139.74488,35.702589,5.29
              139.744813,35.702554,5.09
              139.74476,35.702526,5
              139.744757,35.702525,5.02
              139.744755,35.702523,5.02
              139.744698,35.702493,4.55
              139.744596,35.70244,4.46
              139.744575,35.702423,4.42
              139.744529,35.702387,4.4
              139.744514,35.702375,4.4
              139.744428,35.702308,4.33
              139.744242,35.702149,4.12
              139.744009,35.701946,4.16
              139.743873,35.701819,4.28
              139.743715,35.701656,4.47
              139.743576,35.701501,4.69
              139.743324,35.701193,4.86
              139.743084,35.700894,4.98
              139.742899,35.700665,5.51
              139.742708,35.700427,6.2
              139.742627,35.700326,6.27
              139.742612,35.700307,6.23
              139.74258,35.700266,6.22
              139.742563,35.700245,6.24
              139.74254,35.700217,6.23
              139.742507,35.700179,6.29
              139.742506,35.700178,6.29
              139.742466,35.70013,6.31
              139.742371,35.700015,6.34
              139.742299,35.699928,6.37
              139.74213,35.699724,6.48
              139.741881,35.699424,6.66
              139.741687,35.69919,6.83
              139.741499,35.698964,6.95
              139.741465,35.698925,6.98
              139.741404,35.698857,7.05
              139.741315,35.698747,7.12
              139.74126,35.698677,7.22
              139.741231,35.69864,7.25
              139.741163,35.698559,7.34
              139.74109,35.69847,7.44
              139.740977,35.698335,7.67
              139.740824,35.69815,7.93
              139.740674,35.69797,8.24
              139.740511,35.697776,8.53
              139.74041,35.697657,8.62
              139.74031,35.697539,8.75
              139.740189,35.697397,8.89
              139.740128,35.697325,8.96
              139.739948,35.697112,9.17
              139.739832,35.696975,9.37
              139.739703,35.696823,9.51
              139.739646,35.696755,9.66
              139.739613,35.696713,9.71
              139.739551,35.696628,9.98
              139.739529,35.696598,10.01
              139.739502,35.696561,10.08
              139.739475,35.696525,10.12
              139.739442,35.69648,10.18
              139.739415,35.696443,10.22
              139.739388,35.696406,10.27
              139.739346,35.696348,10.35
              139.739306,35.696293,10.41
              139.739256,35.696224,10.51
              139.73919,35.696134,10.64
              139.73913,35.696052,10.74
              139.739072,35.695973,10.84
              139.739023,35.695906,10.88
              139.738984,35.695853,10.95
              139.73891,35.695751,11.11
              139.738836,35.69565,11.21
              139.738773,35.695564,11.35
              139.738647,35.695422,11.31
              139.73855,35.695312,11.37
              139.738453,35.695202,11.4
              139.738356,35.695093,11.43
              139.738259,35.694983,11.42
              139.738162,35.694874,11.44
              139.738065,35.694764,11.47
              139.737968,35.694654,11.62
              139.737826,35.694484,11.68
              139.737733,35.694372,11.68
              139.737526,35.694134,11.76
              139.737429,35.694025,11.82
              139.737331,35.693916,11.9
              139.737233,35.693807,11.87
              139.737135,35.693698,11.92
              139.736913,35.69351,11.91
              139.736794,35.693417,11.89
              139.736675,35.693323,11.99
              139.736555,35.693229,12.08
              139.736333,35.693059,12.15
              139.736211,35.692967,12.24
              139.73609,35.692875,12.31
              139.735969,35.692783,12.46
              139.735904,35.692733,12.46
              139.735848,35.69269,12.46
              139.735727,35.692598,12.63
              139.735606,35.692506,12.92
              139.735598,35.692501,12.93
              139.735579,35.692492,12.76
              139.735545,35.692474,12.8
              139.735448,35.692422,12.88
              139.73538,35.692386,12.94
              139.735257,35.692321,12.99
              139.735202,35.692292,12.98
              139.735034,35.692216,13.05
              139.734939,35.692171,13.24
              139.734825,35.692115,13.12
              139.734757,35.692081,13.17
              139.73462,35.692011,13.22
              139.734465,35.691935,13.26
              139.734435,35.691923,13.28
              139.734394,35.691908,13.3
              139.734375,35.691902,13.42
              139.73435,35.691895,13.3
              139.734212,35.691862,13.35
              139.73344,35.691659,13.78
              139.733035,35.691554,13.87
              139.732795,35.691497,13.93
              139.732555,35.69144,13.99
              139.732213,35.69136,14.29
              139.732046,35.691321,14.39
              139.731861,35.691279,14.41
              139.731741,35.691253,14.48
              139.731696,35.691245,14.5
              139.731593,35.691227,14.53
              139.731402,35.691199,14.68
              139.731295,35.691184,14.73
              139.731099,35.691163,14.88
              139.730872,35.691144,15.04
              139.7307,35.691133,15.19
              139.730693,35.691132,15.18
              139.730682,35.691132,15.19
              139.730662,35.691132,15.21
              139.730643,35.691132,15.24
              139.730545,35.691133,15.31
              139.730508,35.691134,15.31
              139.730179,35.691144,15.48
              139.73013,35.691146,15.53
              139.730075,35.691149,15.64
              139.730043,35.691151,15.59
              139.72999,35.691154,15.62
              139.729769,35.691173,15.8
              139.729582,35.691188,15.88
              139.729481,35.691198,15.97
              139.729429,35.691202,16
              139.729316,35.691212,16.08
              139.729152,35.691225,16.17
              139.729092,35.691231,16.21
              139.728951,35.691242,16.29
              139.728824,35.691252,16.37
              139.728597,35.691271,16.54
              139.728332,35.691293,16.69
              139.728267,35.691298,16.76
              139.728143,35.69131,16.89
              139.728003,35.691328,16.99
              139.72796,35.691335,17.04
              139.727841,35.691357,17.2
              139.727777,35.691371,17.27
              139.72768,35.691392,17.38
              139.727609,35.691411,17.47
              139.72751,35.691444,17.55
              139.727337,35.691523,17.78
              139.726494,35.691907,18.97
              139.726116,35.692063,19.4
              139.72607,35.69208,19.41
              139.72603,35.692094,19.44
              139.725996,35.692105,19.46
              139.725948,35.69212,19.5
              139.725912,35.692129,19.44
              139.725821,35.692155,19.46
              139.725746,35.692172,19.59
              139.725743,35.692172,19.6
              139.725673,35.692182,19.66
              139.72555,35.692188,19.69
              139.725502,35.69219,19.71
              139.725211,35.692203,19.66
              139.725056,35.69221,19.64
              139.724957,35.692216,19.48
              139.72484,35.692224,19.5
              139.724717,35.692231,19.39
              139.724624,35.692237,19.32
              139.724492,35.692246,19.25
              139.724314,35.692257,19.26
              139.724205,35.692264,19.28
              139.724128,35.692268,19.25
              139.724048,35.692274,19.28
              139.723956,35.692279,19.29
              139.723839,35.692287,19.35
              139.72374,35.692293,19.37
              139.723593,35.692302,19.42
              139.723451,35.692311,19.43
              139.723361,35.692314,19.34
              139.723297,35.692316,19.36
              139.723174,35.692315,19.42
              139.722953,35.692316,19.51
              139.722777,35.692316,19.69
              139.722492,35.692317,19.83
              139.722154,35.692316,19.91
              139.722024,35.692315,19.93
              139.721925,35.692314,19.98
              139.721888,35.692313,19.98
              139.721833,35.692311,20
              139.721806,35.692309,20.04
              139.721781,35.692307,20.08
              139.721748,35.692304,20.11
              139.721708,35.692299,20.08
              139.721665,35.692292,20.02
              139.72164,35.692287,20.03
              139.721602,35.692279,20.05
              139.721539,35.692265,20.07
              139.72143,35.69224,20.14
              139.721345,35.692222,20.16
              139.721259,35.692202,20.21
              139.721115,35.692169,20.25
              139.721055,35.692154,20.31
              139.720938,35.692125,20.35
              139.720822,35.692095,20.43
              139.720727,35.69207,20.46
              139.720632,35.692046,20.49
              139.720509,35.692019,20.54
              139.720252,35.691957,20.65
              139.719973,35.691891,20.73
              139.719442,35.691764,20.86
              139.719168,35.691699,20.98
              139.718939,35.691645,21.21
              139.718708,35.69159,21.54
              139.718417,35.69152,21.84
              139.718167,35.691461,22.4
              139.717809,35.691375,22.96
              139.717659,35.69134,23.18
              139.717396,35.691277,23.49
              139.717271,35.691259,23.7
              139.717119,35.691237,23.97
              139.717016,35.691225,24.12
              139.71695,35.69122,24.2
              139.716911,35.691219,24.22
              139.716883,35.691219,24.21
              139.716862,35.69122,24.2
              139.716821,35.691224,24.15
              139.716662,35.691241,23.91
              139.716538,35.691255,23.99
              139.716472,35.691262,23.97
              139.716461,35.691264,24.1
              139.71628,35.691283,25.21
              139.716053,35.691307,26.97
              139.715843,35.691328,28.24
              139.715628,35.69135,29.4
              139.715574,35.691355,29.67
              139.715478,35.69136,30.17
              139.715416,35.691362,30.46
              139.715341,35.691362,30.76
              139.715225,35.691359,31.19
              139.715114,35.691353,31.53
              139.715017,35.691347,31.79
              139.714861,35.691338,32.04
              139.714702,35.691329,32.27
              139.71469,35.691328,32.29
              139.71452,35.691318,32.36
              139.714405,35.691312,32.31
              139.714301,35.691306,32.17
              139.714195,35.6913,32.13
              139.714064,35.691292,32.13
              139.713907,35.691283,32.29
              139.713757,35.691274,32.6
              139.713683,35.691272,32.75
              139.713577,35.691272,32.97
              139.71347,35.691276,33.15
              139.71334,35.691288,33.3
              139.713269,35.691297,33.36
              139.713089,35.691322,33.44
              139.712908,35.691347,33.52
              139.712683,35.691378,33.64
              139.712543,35.691398,33.78
              139.712382,35.69142,33.93
              139.712193,35.691442,34.29
              139.712005,35.691463,34.48
              139.711915,35.691473,34.57
              139.711708,35.691498,34.79
              139.711467,35.691525,35.13
              139.71133,35.691541,35.29
              139.711168,35.691559,35.38
              139.711005,35.691578,35.46
              139.710743,35.691609,35.55
              139.710441,35.691644,35.3
              139.710332,35.691657,35.22
              139.710133,35.691682,34.99
              139.710001,35.691695,34.68
              139.70973,35.691727,34.05
              139.70944,35.691761,33.28
              139.709059,35.691806,32.44
              139.708692,35.691848,31.92
              139.708391,35.691882,31.96
              139.70828,35.691895,32.02
              139.708238,35.6919,32.06
              139.708152,35.691916,32.22
              139.707996,35.69195,32.51
              139.70779,35.691994,32.99
              139.707621,35.69203,33.32
              139.70742,35.692073,33.71
              139.707119,35.692138,34.39
              139.706857,35.692194,34.89
              139.706623,35.692244,35.14
              139.706454,35.69228,35.34
              139.706236,35.692327,35.35
              139.705998,35.692378,35.31
              139.705798,35.692421,35.25
              139.705597,35.692464,35.1
              139.705481,35.692492,35.01
              139.705271,35.692543,34.85
              139.704951,35.692621,34.41
              139.704769,35.692665,34.17
              139.704417,35.692751,33.71
              139.70426,35.692789,33.75
              139.704177,35.692809,33.76
              139.704096,35.692829,33.76
              139.704024,35.692846,33.76
              139.703892,35.692878,33.76
              139.703873,35.692883,33.75
              139.703812,35.692898,33.72
              139.703743,35.692915,33.69
              139.703655,35.692936,33.67
              139.703582,35.692954,33.67
              139.703469,35.692981,33.67
              139.703349,35.69301,33.63
              139.70326,35.693032,33.67
              139.703134,35.693063,33.58
              139.703011,35.693093,33.5
              139.702931,35.693112,33.45
              139.702768,35.693152,33.33
              139.702617,35.693184,33.46
              139.702455,35.693221,33.33
              139.702368,35.69324,33.33
              139.702229,35.693271,33.3
              139.702025,35.693317,33.26
              139.701824,35.693362,33.22
              139.701739,35.693381,33.23
              139.701626,35.693407,33.19
              139.70152,35.693431,33.13
              139.701372,35.693463,33.1
              139.701231,35.693494,33.13
              139.701158,35.693509,33.1
              139.701038,35.693528,33.05
              139.700951,35.693542,33.02
              139.700816,35.693563,32.97
              139.700785,35.693568,32.99
              139.700773,35.693569,32.98
              139.700759,35.69357,32.98
              139.700743,35.693571,32.91
              139.700697,35.69357,32.94
              139.700629,35.69357,32.93
              139.700563,35.693569,32.92
              139.700468,35.693568,32.73
              139.700388,35.693568,32.41
              139.700264,35.693566,31.82
              139.700183,35.693566,31.44
              139.700101,35.693565,31.11
              139.699957,35.693564,31.14
              139.699838,35.693563,31.36
              139.699693,35.693561,31.81
              139.699629,35.693561,32.04
              139.699549,35.693556,32.22
              139.699436,35.693548,32.56
              139.699312,35.69354,33.05
              139.699134,35.693529,33.59
              139.698988,35.69352,33.64
              139.698825,35.693509,33.72
              139.698676,35.6935,33.78
              139.698493,35.693488,33.88
              139.698354,35.693479,33.99
              139.698213,35.69347,34.07
              139.698089,35.693462,34.16
              139.698085,35.693461,34.16
              139.698081,35.693461,34.18
              139.698072,35.693459,34.19
              139.698065,35.693457,34.19
              139.698054,35.693454,34.19
              139.697987,35.693436,34.24
              139.697961,35.693429,34.28
              139.69792,35.693418,34.35
              139.697879,35.693406,34.44
              139.697824,35.693392,34.56
              139.697785,35.69338,34.65
              139.697749,35.693368,34.75
              139.697727,35.69336,34.81
              139.697649,35.693327,34.99
              139.697583,35.693299,35.16
              139.697543,35.693281,35.26
              139.69748,35.693252,35.41
              139.697421,35.693224,35.62
              139.697402,35.693215,35.63
              139.697401,35.693215,35.63
              139.697386,35.693207,35.67
              139.69735,35.69319,35.76
              139.697333,35.693181,35.8
              139.697321,35.693176,35.82
              139.697251,35.693134,36.04
              139.697191,35.693099,36.19
              139.697158,35.693074,36.23
              139.697136,35.693056,36.23
              139.697118,35.693038,36.26
              139.697105,35.693023,36.28
              139.697092,35.693003,36.3
              139.697075,35.692976,36.31
              139.697059,35.692949,36.33
              139.697036,35.692913,36.35
              139.697018,35.692884,36.41
              139.697003,35.69286,36.45
              139.69699,35.692839,36.5
              139.69698,35.692822,36.55
              139.696964,35.692797,36.61
              139.696942,35.692762,36.68
              139.696918,35.692724,36.77
              139.69689,35.692678,36.88
              139.696861,35.692631,37.01
              139.696831,35.692584,37.13
              139.696801,35.692537,37.26
              139.696762,35.692473,37.45
              139.696718,35.692403,37.56
              139.696678,35.692338,37.69
              139.696641,35.69228,37.77
              139.6966,35.692214,37.84
              139.696576,35.692175,37.89
              139.696572,35.692169,37.9
              139.696566,35.692163,37.91
              139.696554,35.692152,37.94
              139.696544,35.692144,37.95
              139.69653,35.692135,37.97
              139.696519,35.69213,37.98
              139.696508,35.692125,38.01
              139.696497,35.692122,38.02
              139.696485,35.692118,38.04
              139.696474,35.692116,38.06
              139.696463,35.692115,38.08
              139.696447,35.692114,38.09
              139.696433,35.692115,38.12
              139.696422,35.692116,38.13
              139.696254,35.69215,38.26
              139.696076,35.692186,38.46
              139.695903,35.692221,38.6
              139.695729,35.692256,38.64
              139.695553,35.692292,38.68
              139.695376,35.692328,38.68
              139.695154,35.692373,38.72
              139.69496,35.692412,38.73
              139.694829,35.692439,38.76
              139.694716,35.692462,38.82
              139.694707,35.692463,38.83
              139.694659,35.692469,38.9
              139.694535,35.69248,39.05
              139.694447,35.692488,39.09
              139.694366,35.692494,39.09
              139.694233,35.692503,38.96
              139.694226,35.692503,38.95
              139.694217,35.692503,38.93
              139.694211,35.692503,38.91
              139.694203,35.692502,38.9
              139.694106,35.692486,38.81
              139.693998,35.692469,38.83
              139.693886,35.692451,38.8
              139.693818,35.69244,38.77
              139.693762,35.69243,38.75
              139.693631,35.69241,38.67
              139.693528,35.692393,38.61
              139.693448,35.69238,38.52
              139.693378,35.692369,38.53
              139.693285,35.692354,38.63
              139.693274,35.692352,38.69
              139.693261,35.692348,38.66
              139.693254,35.692345,38.68
              139.69325,35.692343,38.68
              139.693241,35.692339,38.7
              139.693231,35.692333,38.71
              139.693222,35.692327,38.74
              139.69315,35.692274,39.1
              139.693087,35.692226,39.06
              139.693086,35.692225,39.06
              139.693085,35.692223,39.06
              139.69313,35.692004,39.38
              139.69316,35.691871,39.53
              139.69319,35.691738,39.68
              139.693221,35.691605,39.8
              139.693251,35.691472,39.93
              139.693281,35.691339,40.05
              139.693311,35.691206,40.13
              139.693341,35.691073,40.17
              139.693372,35.69094,40.22
              139.693402,35.690807,40.26
              139.693432,35.690675,40.29
              139.693462,35.690542,40.34
              139.693493,35.690409,40.38
              139.693523,35.690276,40.41
              139.693553,35.690143,40.46
              139.693583,35.69001,40.49
              139.693613,35.689877,40.52
              139.693644,35.689744,40.54
              139.693674,35.689611,40.56
              139.693704,35.689478,40.59
              139.693734,35.689345,40.63
              139.693765,35.689212,40.67
              139.693885,35.68868,40.79
              139.693916,35.688548,40.76
              139.693946,35.688415,40.72
              139.693976,35.688282,40.59
              139.694006,35.688149,40.45
              139.694036,35.688016,40.3
              139.694067,35.687883,40.16
              139.694097,35.68775,40
              139.694127,35.687617,39.88
              139.694128,35.687612,39.87
              139.694129,35.687606,39.87
              139.694129,35.687602,39.86
              139.694129,35.687599,39.86
              139.69413,35.687592,39.85
              139.69413,35.687588,39.85
              139.694129,35.687583,39.84
              139.694129,35.687579,39.85
              139.694128,35.687574,39.86
              139.694126,35.687569,39.86
              139.694124,35.687562,39.86
              139.694122,35.687556,39.86
              139.694119,35.68755,39.85
              139.694117,35.687546,39.85
              139.694112,35.687538,39.86
              139.694109,35.687532,39.87
              139.694104,35.687527,39.86
              139.694099,35.687521,39.85
              139.694093,35.687516,39.85
              139.694087,35.687512,39.84
              139.69408,35.687507,39.83
              139.694074,35.687503,39.82
              139.694068,35.687499,39.82
              139.694061,35.687496,39.8
              139.694055,35.687493,39.8
              139.694049,35.68749,39.8
              139.694043,35.687488,39.8
              139.694032,35.687485,39.78
              139.694024,35.687483,39.79
              139.693933,35.687468,39.87
              139.693879,35.68746,39.96
              139.693825,35.687451,40.05
              139.693771,35.687442,40.18
              139.693716,35.687433,40.27
              139.693662,35.687424,40.3
              139.693608,35.687416,40.38
              139.693554,35.687407,40.42
              139.6935,35.687398,40.47
              139.693445,35.687389,40.49
              139.693391,35.68738,40.52
              139.693337,35.687372,40.57
              139.693283,35.687363,40.61
              139.693229,35.687354,40.64
              139.693175,35.687345,40.73
              139.69312,35.687336,40.82
              139.693111,35.687335,40.82
              139.693104,35.687334,40.84
              139.693093,35.687333,40.84
              139.693085,35.687333,40.84
              139.693077,35.687332,40.84
              139.69307,35.687333,40.85
              139.693063,35.687333,40.84
              139.693056,35.687334,40.86
              139.69305,35.687336,40.85
              139.693042,35.687337,40.86
              139.693034,35.687339,40.86
              139.693026,35.687342,40.85
              139.693019,35.687345,40.85
              139.693013,35.687348,40.85
              139.693006,35.687351,40.85
              139.693,35.687354,40.86
              139.692996,35.687357,40.86
              139.692991,35.68736,40.86
              139.692987,35.687363,40.86
              139.692983,35.687366,40.85
              139.692979,35.68737,40.86
              139.692975,35.687374,40.86
              139.692971,35.687378,40.86
              139.692967,35.687382,40.86
              139.692964,35.687386,40.86
              139.692961,35.68739,40.86
              139.692959,35.687394,40.86
              139.692956,35.687398,40.86
              139.692954,35.687404,40.86
              139.692951,35.687409,40.85
              139.692948,35.687415,40.84
              139.692947,35.68742,40.84
              139.692946,35.687423,40.84
              139.69293,35.687488,40.45
              139.692919,35.687532,40.93
              139.692909,35.687576,40.94
              139.692898,35.687621,40.92
              139.692887,35.687665,40.9
              139.692877,35.687709,40.88
              139.692866,35.687753,40.83
              139.692856,35.687797,40.84
              139.692845,35.687842,40.84
              139.692834,35.687886,40.83
              139.692824,35.68793,40.82
              139.692813,35.687974,40.81
              139.692802,35.688019,40.8
              139.692792,35.688063,40.8
              139.692781,35.688107,40.76
              139.692771,35.688151,40.75
              139.69276,35.688196,40.75
              139.692749,35.68824,40.74
              139.692739,35.688284,40.77
              139.692728,35.688328,40.8
              139.692717,35.688372,40.8
              139.692707,35.688417,40.74
              139.692696,35.688461,40.71
              139.692685,35.688505,40.7
              139.692675,35.688549,40.7
              139.692664,35.688594,40.69
              139.692654,35.688638,40.68
              139.692643,35.688682,40.66
              139.692632,35.688726,40.64
              139.692622,35.68877,40.63
              139.692611,35.688815,40.62
              139.6926,35.688859,40.61
              139.69259,35.688903,40.6
              139.692579,35.688947,40.55
              139.692568,35.688992,40.59
              139.692558,35.689036,40.57
              139.692547,35.68908,40.55
              139.692537,35.689124,40.53
              139.692526,35.689168,40.5
              139.692515,35.689213,40.5
              139.692505,35.689257,40.48
              139.692494,35.689301,40.47
              139.692473,35.68939,40.45
              139.692462,35.689434,40.44
              139.692452,35.689478,40.42
              139.69243,35.689567,40.4
              139.69242,35.689611,40.39
              139.692341,35.689939,40.29
            </coordinates>
          </LineString>
          <LineString>
            <tessellate>1</tessellate>
            <coordinates>
              139.762115,35.682239,2.8
              139.763266,35.681952,3.69
              139.76329,35.681936,3.57
              139.763312,35.681915,3.56
              139.763323,35.6819,3.71
              139.763328,35.681888,3.67
              139.763345,35.681659,3.12
              139.763345,35.681655,3.12
              139.763343,35.68165,3.12
              139.763331,35.681612,3.09
              139.763214,35.681262,3.02
              139.763171,35.681134,3
              139.763151,35.681072,2.92
              139.763143,35.681047,2.94
              139.763075,35.680842,3.02
              139.762765,35.679897,3.27
              139.762609,35.679423,3.13
              139.762588,35.67936,3.15
              139.762584,35.679348,3.15
              139.762561,35.679278,3.11
              139.762543,35.679223,3.14
              139.762528,35.679178,3.14
              139.762514,35.679136,3.12
              139.762498,35.679088,3.13
              139.762489,35.679059,3.13
              139.762366,35.678684,3.04
              139.762335,35.678593,2.98
              139.762293,35.678465,2.87
              139.762275,35.67841,2.77
              139.762251,35.67833,2.86
              139.762174,35.678107,2.91
              139.762154,35.678045,2.89
              139.762108,35.677906,3.03
              139.762083,35.677833,2.92
              139.762061,35.677765,2.93
              139.76203,35.67767,2.93
              139.761957,35.677452,2.92
              139.761929,35.677366,2.93
              139.761916,35.677326,2.94
              139.761825,35.677053,2.84
              139.761671,35.676591,2.74
              139.761662,35.676563,2.72
              139.761635,35.676482,2.69
              139.761581,35.67632,2.62
              139.76156,35.676257,2.59
              139.761547,35.676217,2.54
              139.761482,35.676004,2.35
              139.761465,35.675951,2.38
              139.761443,35.675882,2.48
              139.76142,35.675811,2.54
              139.761406,35.675769,2.59
              139.761337,35.675553,2.69
              139.761315,35.675485,2.73
              139.761286,35.675393,2.78
              139.76123,35.675227,2.78
              139.761225,35.675212,2.79
              139.761163,35.675024,2.66
              139.761091,35.674806,2.68
              139.76108,35.674774,2.69
              139.761068,35.674738,2.69
              139.761033,35.67463,2.68
              139.761023,35.674599,2.68
              139.761014,35.674573,2.69
              139.761005,35.674547,2.7
              139.761,35.67453,2.71
              139.760994,35.674512,2.7
              139.760986,35.674488,2.66
              139.760975,35.674455,2.61
              139.76096,35.67441,2.56
              139.760905,35.674241,2.39
              139.760899,35.674228,2.34
              139.760889,35.674218,2.33
              139.760881,35.674212,2.31
              139.760871,35.674209,2.91
              139.760853,35.674206,2.28
              139.76084,35.674207,2.29
              139.760824,35.674212,2.25
              139.760822,35.674213,2.25
              139.760393,35.674476,2.19
              139.760128,35.674639,2.32
              139.759863,35.674801,2.31
              139.759862,35.674802,2.31
              139.759827,35.674822,2.33
              139.759792,35.674839,2.33
              139.759749,35.674858,2.31
              139.759709,35.674873,2.29
              139.75967,35.674886,2.31
              139.75964,35.674893,2.29
              139.759616,35.674899,2.28
              139.75959,35.674904,2.27
              139.759562,35.674906,2.27
              139.759536,35.674907,2.26
              139.759507,35.674907,2.22
              139.759478,35.674905,2.18
              139.759457,35.674902,2.17
              139.75944,35.674897,2.14
              139.759428,35.67489,2.11
              139.759184,35.674658,2.11
              139.759168,35.674643,2.11
              139.758875,35.674364,2.13
              139.758639,35.674139,2.01
              139.758384,35.673893,2
              139.758278,35.673788,2
              139.757991,35.673505,2.13
              139.757961,35.673476,2.13
              139.757921,35.673437,2.14
              139.757894,35.67341,2.12
              139.757884,35.6734,2.12
              139.757875,35.67339,2.12
              139.757867,35.673382,2.12
              139.75786,35.673374,2.13
              139.75757,35.673056,2.27
              139.757551,35.673033,2.2
              139.757532,35.673009,2.81
              139.757482,35.672938,2.32
              139.757253,35.672605,2.53
              139.757219,35.672554,2.53
              139.757204,35.67253,2.55
              139.757188,35.672504,2.57
              139.757102,35.672362,2.68
              139.757064,35.672301,2.73
              139.757049,35.672275,2.75
              139.757021,35.67223,2.76
              139.756915,35.672056,2.84
              139.756749,35.671784,2.89
              139.756644,35.671612,2.94
              139.756555,35.671468,2.91
              139.75644,35.671282,2.99
              139.756302,35.67106,2.94
              139.756226,35.670937,3
              139.756124,35.670773,3.02
              139.75599,35.670556,3
              139.755839,35.670311,3.17
              139.755795,35.670242,3.23
              139.75574,35.670153,3.2
              139.755728,35.670132,3.18
              139.755647,35.670002,3.22
              139.75558,35.669885,3.28
              139.755521,35.669781,3.35
              139.755441,35.669634,3.46
              139.755395,35.669547,3.53
              139.755385,35.669526,3.51
              139.755368,35.66949,3.49
              139.755331,35.669413,3.55
              139.755293,35.669336,3.55
              139.755267,35.66928,3.63
              139.755264,35.669273,3.63
              139.755223,35.669184,3.73
              139.75521,35.669157,3.76
              139.755206,35.669148,3.77
              139.755197,35.669128,3.77
              139.755181,35.669093,3.73
              139.75513,35.668985,3.86
              139.75504,35.668789,4.03
              139.754977,35.668653,4.1
              139.75486,35.6684,3.97
              139.754742,35.668147,3.88
              139.754625,35.667894,3.8
              139.754507,35.667642,3.8
              139.75439,35.667389,3.75
              139.754273,35.667136,3.73
              139.754155,35.666883,3.67
              139.754084,35.666729,3.62
              139.754038,35.66663,3.58
              139.753921,35.666377,3.53
              139.753803,35.666124,3.49
              139.753686,35.665871,3.48
              139.753568,35.665619,3.57
              139.753451,35.665366,3.3
              139.753334,35.665113,3.31
              139.753216,35.66486,3.63
              139.753099,35.664607,3.87
              139.752982,35.664354,3.79
              139.752864,35.664101,3.73
              139.752747,35.663848,3.79
              139.75263,35.663595,3.89
              139.752512,35.663343,3.88
              139.752395,35.66309,3.8
              139.752278,35.662837,3.72
              139.75216,35.662584,3.68
              139.752043,35.662331,3.63
              139.751926,35.662078,3.56
              139.751735,35.661667,3.47
              139.751653,35.661494,3.36
              139.751628,35.661441,3.43
              139.751607,35.661396,3.34
              139.751523,35.661218,3.31
              139.751497,35.661165,3.31
              139.75146,35.661075,3.32
              139.751253,35.660625,3.28
              139.751029,35.66014,3.48
              139.750835,35.659731,3.64
              139.750682,35.659408,3.73
              139.750664,35.659365,3.73
              139.750633,35.659295,3.7
              139.750605,35.659232,3.63
              139.750595,35.659202,3.68
              139.750589,35.659181,3.67
              139.750586,35.659169,3.68
              139.750581,35.659152,3.67
              139.750577,35.659138,3.67
              139.750569,35.659104,3.66
              139.750499,35.65871,3.53
              139.750498,35.658704,3.53
              139.750447,35.658437,3.38
              139.750409,35.658233,3.32
              139.750397,35.658169,3.3
              139.750347,35.657902,3.3
              139.750248,35.65738,3.23
              139.750208,35.657112,3.16
              139.750133,35.656612,3.13
              139.750067,35.656152,3.1
              139.750036,35.655883,3.07
              139.750004,35.655614,3.18
              139.749973,35.655345,3.2
              139.749932,35.654999,3.21
              139.749887,35.654731,3.23
              139.749843,35.654463,3.27
              139.749798,35.654195,3.28
              139.749753,35.653927,3.44
              139.749709,35.653659,3.54
              139.749664,35.653391,4.04
              139.749619,35.653123,4.58
              139.749575,35.652855,4.29
              139.74953,35.652587,3.86
              139.749485,35.652319,3.4
              139.749441,35.652051,3.4
              139.749396,35.651783,3.42
              139.749351,35.651515,3.53
              139.749306,35.651248,3.42
              139.749262,35.65098,3.4
              139.749217,35.650712,3.41
              139.749146,35.650289,3.42
              139.749101,35.650021,3.5
              139.749056,35.649754,3.25
              139.749002,35.649427,3.26
              139.748976,35.64928,3.25
              139.748955,35.649159,3.24
              139.748908,35.648891,3.17
              139.748861,35.648624,3.37
              139.748814,35.648356,3.2
              139.748767,35.648088,3.33
              139.748698,35.647698,3.54
              139.748698,35.647697,3.63
              139.748694,35.647686,3.64
              139.748689,35.647676,3.61
              139.748682,35.647665,3.65
              139.748673,35.647656,3.64
              139.748662,35.647649,3.64
              139.748657,35.647645,3.61
              139.748378,35.647501,3.39
              139.748331,35.647477,3.38
              139.748285,35.647453,3.36
              139.748238,35.647429,3.36
              139.748191,35.647405,3.33
              139.748098,35.647357,3.63
              139.748051,35.647333,3.63
              139.748004,35.647309,3.63
              139.747958,35.647285,3.62
              139.747864,35.647237,3.65
              139.747818,35.647212,3.66
              139.747771,35.647188,3.65
              139.747724,35.647164,3.65
              139.747678,35.64714,3.66
              139.747631,35.647116,3.69
              139.747584,35.647092,3.67
              139.747538,35.647068,3.74
              139.747491,35.647044,3.72
              139.747444,35.64702,3.75
              139.747398,35.646996,3.79
              139.747351,35.646972,3.83
              139.747304,35.646948,3.84
              139.747258,35.646924,3.89
              139.747211,35.646899,3.9
              139.747164,35.646875,3.91
              139.747118,35.646851,3.93
              139.747071,35.646827,3.94
              139.747024,35.646803,3.96
              139.746978,35.646779,3.96
              139.746931,35.646755,3.97
              139.746884,35.646731,3.97
              139.746838,35.646707,3.99
              139.746791,35.646683,3.99
              139.746744,35.646659,3.99
              139.746697,35.646635,3.99
              139.746651,35.646611,3.99
              139.746604,35.646587,3.99
              139.746557,35.646562,3.98
              139.746511,35.646538,3.98
              139.746464,35.646514,3.97
              139.746417,35.64649,3.95
              139.746371,35.646466,3.94
              139.746324,35.646442,3.99
              139.746277,35.646418,3.96
              139.746231,35.646394,3.95
              139.746184,35.64637,3.94
              139.746137,35.646346,3.94
              139.746091,35.646322,3.85
              139.746044,35.646298,3.82
              139.745997,35.646274,3.81
              139.745951,35.646249,3.8
              139.745904,35.646225,3.8
              139.745857,35.646201,3.82
              139.745811,35.646177,3.83
              139.745774,35.646159,3.86
              139.745752,35.646148,3.92
              139.745752,35.646147,3.92
              139.745751,35.646146,3.92
              139.745751,35.646145,3.86
              139.74575,35.646143,3.87
              139.74575,35.646142,3.93
              139.74575,35.64614,3.94
              139.745751,35.646139,3.89
              139.745752,35.646137,3.88
              139.745753,35.646137,3.95
              139.745753,35.646136,3.95
              139.745755,35.646135,3.91
              139.745756,35.646134,3.95
              139.745758,35.646134,3.89
              139.74576,35.646133,3.91
              139.745761,35.646133,3.96
              139.745764,35.646133,3.95
              139.745765,35.646134,3.95
              139.745767,35.646134,3.9
              139.745773,35.646137,3.95
              139.745775,35.646138,3.95
              139.745851,35.646174,3.82
              139.745899,35.646197,3.81
              139.745947,35.64622,3.8
              139.745994,35.646243,3.79
              139.746042,35.646265,3.8
              139.746089,35.646288,3.82
              139.746137,35.646311,3.91
              139.746185,35.646334,3.9
              139.746232,35.646357,3.91
              139.74628,35.646379,3.93
              139.746328,35.646402,3.95
              139.746375,35.646425,3.86
              139.746423,35.646448,3.85
              139.746471,35.64647,3.84
              139.746518,35.646493,3.84
              139.746566,35.646516,3.97
              139.746614,35.646539,3.9
              139.746661,35.646561,3.92
              139.746709,35.646584,3.94
              139.746757,35.646607,3.93
              139.746804,35.64663,3.93
              139.746852,35.646653,3.93
              139.7469,35.646675,3.91
              139.746947,35.646698,3.91
              139.746995,35.646721,3.91
              139.747042,35.646744,3.88
              139.74709,35.646766,3.86
              139.747138,35.646789,3.85
              139.747185,35.646812,3.91
              139.747233,35.646835,3.9
              139.747281,35.646857,3.9
              139.747376,35.646903,3.81
              139.747424,35.646926,3.8
              139.747471,35.646949,3.79
              139.747519,35.646971,3.78
              139.747567,35.646994,3.78
              139.747614,35.647017,3.76
              139.747662,35.64704,3.75
              139.74771,35.647062,3.74
              139.747757,35.647085,3.73
              139.747805,35.647108,3.75
              139.747853,35.647131,3.75
              139.7479,35.647153,3.76
              139.747948,35.647176,3.77
              139.747995,35.647199,3.78
              139.748043,35.647222,3.78
              139.748091,35.647245,3.79
              139.748138,35.647267,3.8
              139.748186,35.64729,3.8
              139.748234,35.647313,3.8
              139.748281,35.647336,3.8
              139.748329,35.647358,3.8
              139.748377,35.647381,3.81
              139.748424,35.647404,3.83
              139.748472,35.647427,3.84
              139.74852,35.647449,3.85
              139.748567,35.647472,3.87
              139.748615,35.647495,3.88
              139.748663,35.647518,3.83
              139.748678,35.647526,3.91
              139.748692,35.647537,3.92
              139.748721,35.647559,3.91
              139.748737,35.647577,3.98
              139.74875,35.647594,3.94
              139.74877,35.647626,3.9
              139.748781,35.647654,3.83
              139.748785,35.647676,3.77
              139.748787,35.647688,3.81
              139.748791,35.647707,3.8
              139.7488,35.647763,3.75
              139.748808,35.647808,3.68
              139.74882,35.647884,3.58
              139.748941,35.648604,3.53
              139.748948,35.64864,3.53
              139.748954,35.648681,3.51
              139.748964,35.648736,3.46
              139.748968,35.648764,3.49
              139.748971,35.648782,3.48
              139.748986,35.648868,3.44
              139.749055,35.649267,3.48
              139.749076,35.649391,3.49
              139.749081,35.649418,3.55
              139.749087,35.64945,3.56
              139.749094,35.649486,3.56
              139.749106,35.64955,3.58
              139.749111,35.649576,3.74
              139.749165,35.649901,3.7
              139.749181,35.649997,3.64
              139.749195,35.650079,3.65
              139.749209,35.650162,3.64
              139.749246,35.650385,3.6
              139.749253,35.650425,3.64
              139.749258,35.650458,3.64
              139.749261,35.650473,3.64
              139.749303,35.650723,3.66
              139.749304,35.650726,3.64
              139.749308,35.650748,3.66
              139.749321,35.650823,3.62
              139.749327,35.650854,3.68
              139.749358,35.651024,3.62
              139.749359,35.651032,3.67
              139.749376,35.651125,3.67
              139.749381,35.651149,3.64
              139.749408,35.651297,3.66
              139.749427,35.651403,3.61
              139.749511,35.651865,3.61
              139.749515,35.651885,3.65
              139.749558,35.652121,3.58
              139.749561,35.652136,3.57
              139.749604,35.652375,3.61
              139.749621,35.652485,3.71
              139.749634,35.652565,3.85
              139.749645,35.652633,3.97
              139.749653,35.652685,4.08
              139.749659,35.652723,4.14
              139.749778,35.653478,4.05
              139.749781,35.653495,4
              139.749785,35.653516,3.95
              139.749824,35.653761,3.53
              139.749834,35.653837,3.53
              139.74996,35.654731,3.33
              139.749966,35.654772,3.33
              139.749972,35.654813,3.32
              139.749978,35.654853,3.29
              139.749984,35.654894,3.27
              139.74999,35.654938,3.25
              139.750004,35.655035,3.24
              139.750008,35.655064,3.22
              139.75001,35.655078,3.22
              139.750013,35.655101,3.2
              139.750019,35.655146,3.2
              139.750023,35.655173,3.22
              139.750052,35.655375,3.21
              139.750056,35.655407,3.17
              139.75007,35.655501,3.13
              139.750078,35.655556,3.12
              139.75008,35.65557,3.14
              139.750084,35.655599,3.13
              139.750087,35.655619,3.1
              139.750093,35.655661,3.1
              139.750123,35.655876,3.03
              139.75013,35.655926,3
              139.750141,35.656004,2.99
              139.750146,35.65604,2.96
              139.750198,35.656387,2.95
              139.750203,35.656415,2.94
              139.75024,35.656657,2.98
              139.750259,35.656778,2.99
              139.750284,35.656933,3.04
              139.75032,35.657162,3.03
              139.750325,35.657186,3.09
              139.750368,35.657423,3.15
              139.750377,35.657467,3.16
              139.750381,35.65749,3.17
              139.750394,35.657559,3.18
              139.7504,35.657596,3.19
              139.750459,35.657915,3.24
              139.750512,35.658217,3.3
              139.750515,35.65823,3.3
              139.75052,35.658262,3.3
              139.750526,35.658294,3.31
              139.750557,35.658464,3.34
              139.750562,35.658489,3.35
              139.750573,35.658555,3.36
              139.75058,35.6586,3.36
              139.750624,35.658847,3.42
              139.750629,35.658875,3.43
              139.750654,35.659011,3.43
              139.750657,35.659028,3.42
              139.75066,35.659038,3.43
              139.750664,35.659054,3.44
              139.750678,35.659092,3.47
              139.750759,35.659275,3.47
              139.750785,35.659332,3.49
              139.750791,35.659347,3.51
              139.75085,35.659473,3.5
              139.750909,35.6596,3.46
              139.750967,35.659726,3.4
              139.751026,35.659852,3.35
              139.751085,35.659979,3.32
              139.751143,35.660105,3.21
              139.751202,35.660232,3.17
              139.751261,35.660358,3.21
              139.75132,35.660485,3.18
              139.751378,35.660611,3.03
              139.751437,35.660738,3.09
              139.751496,35.660864,3.07
              139.751554,35.66099,3.2
              139.751613,35.661117,3.07
              139.751672,35.661243,3.12
              139.75173,35.66137,3.14
              139.751789,35.661496,3.25
              139.751848,35.661623,3.2
              139.751906,35.661749,3.28
              139.751965,35.661876,3.41
              139.752024,35.662002,3.45
              139.752082,35.662128,3.48
              139.752141,35.662255,3.54
              139.7522,35.662381,3.58
              139.752259,35.662508,3.56
              139.752317,35.662634,3.61
              139.752376,35.662761,3.69
              139.752435,35.662887,3.76
              139.752493,35.663013,3.74
              139.752552,35.66314,3.78
              139.752611,35.663266,3.84
              139.752669,35.663393,3.92
              139.752728,35.663519,3.85
              139.752787,35.663646,3.82
              139.752845,35.663772,3.76
              139.752904,35.663899,3.75
              139.752963,35.664025,3.69
              139.753022,35.664151,3.62
              139.75308,35.664278,3.74
              139.753139,35.664404,3.67
              139.753198,35.664531,3.8
              139.753256,35.664657,3.77
              139.753315,35.664784,3.67
              139.753374,35.66491,3.49
              139.753432,35.665036,3.31
              139.753491,35.665163,3.18
              139.75355,35.665289,3.22
              139.753608,35.665416,3.38
              139.753667,35.665542,3.38
              139.753726,35.665669,3.35
              139.753785,35.665795,3.29
              139.753843,35.665922,3.27
              139.753902,35.666048,3.4
              139.753961,35.666174,3.45
              139.754019,35.666301,3.46
              139.754078,35.666427,3.51
              139.754137,35.666554,3.54
              139.754195,35.66668,3.53
              139.754209,35.666708,3.53
              139.754254,35.666807,3.55
              139.754313,35.666933,3.58
              139.754378,35.667073,3.61
              139.754437,35.667199,3.59
              139.754497,35.667325,3.46
              139.754556,35.667451,3.59
              139.754616,35.667577,3.63
              139.754675,35.667704,3.62
              139.754734,35.66783,3.67
              139.754794,35.667956,3.68
              139.754853,35.668082,3.6
              139.754913,35.668208,3.78
              139.754972,35.668335,3.82
              139.755032,35.668461,4.03
              139.755091,35.668587,3.96
              139.755151,35.668713,3.84
              139.75521,35.668839,3.67
              139.755304,35.669039,3.44
              139.755332,35.6691,3.22
              139.755503,35.669379,2.98
              139.755651,35.669621,2.79
              139.755799,35.669863,2.61
              139.756095,35.670347,2.44
              139.756243,35.670589,2.6
              139.756391,35.670831,2.46
              139.756687,35.671315,2.61
              139.756901,35.671668,2.46
              139.757042,35.671899,2.49
              139.757344,35.672395,2.28
              139.757491,35.672637,2.06
              139.757682,35.672924,2.03
              139.757695,35.672941,2.01
              139.757708,35.672958,2.04
              139.75779,35.673045,2.08
              139.757902,35.673162,1.83
              139.757957,35.673217,1.81
              139.758012,35.673272,1.8
              139.75809,35.67335,1.81
              139.758195,35.673454,1.81
              139.758266,35.673523,1.82
              139.758335,35.673591,1.78
              139.758433,35.673688,1.73
              139.758459,35.673713,1.72
              139.758508,35.673761,1.73
              139.758605,35.673857,1.77
              139.758698,35.673949,1.71
              139.758826,35.674074,1.74
              139.758887,35.674133,1.78
              139.759212,35.674451,1.98
              139.75924,35.674478,2.01
              139.759338,35.674573,1.8
              139.759385,35.674619,1.83
              139.75939,35.674624,1.84
              139.759412,35.674646,1.89
              139.759477,35.67471,1.98
              139.759499,35.674732,1.95
              139.759518,35.674749,1.97
              139.759533,35.674759,1.98
              139.759545,35.674763,1.99
              139.75956,35.674767,1.97
              139.759577,35.674771,1.99
              139.759593,35.674773,1.99
              139.75961,35.674773,1.99
              139.759626,35.674771,1.99
              139.759638,35.674769,1.99
              139.759652,35.674766,2.01
              139.759665,35.674762,2
              139.759667,35.674761,1.87
              139.76013,35.674472,2.23
              139.760392,35.674306,2.29
              139.760654,35.674141,2.39
              139.76073,35.674094,2.43
              139.760948,35.673959,2.4
              139.761266,35.673763,2.4
              139.761493,35.673624,2.53
              139.761632,35.673545,2.69
              139.762049,35.673309,3.37
              139.762523,35.673011,3.69
              139.762786,35.672846,3.89
              139.763049,35.672681,4.04
              139.763406,35.672445,4.07
              139.763664,35.672275,3.93
              139.763922,35.672105,3.94
              139.76418,35.671935,3.94
              139.764438,35.671766,4.06
              139.764695,35.671596,3.97
              139.764953,35.671426,3.92
              139.764965,35.671418,3.9
              139.764982,35.671412,3.97
              139.765002,35.671408,3.92
              139.765017,35.671405,3.92
              139.765039,35.671403,3.92
              139.765065,35.671403,4.03
              139.765079,35.671404,3.99
              139.765095,35.671406,4.01
              139.76511,35.671409,4.03
              139.765127,35.671416,4.05
              139.765141,35.671423,4.06
              139.765147,35.671427,4.04
              139.765156,35.671433,4.1
              139.765172,35.671445,4.07
              139.765174,35.671448,4.07
              139.76543,35.671689,4.03
              139.765763,35.672004,3.85
              139.765979,35.672209,3.69
              139.766195,35.672414,3.66
              139.766412,35.672619,3.67
              139.766628,35.672824,3.62
              139.766844,35.673029,3.54
              139.76706,35.673234,3.42
              139.767276,35.673439,3.35
              139.767492,35.673644,3.27
              139.767649,35.673792,3.34
              139.767708,35.673849,3.37
              139.767925,35.674054,3.17
              139.768141,35.674259,3.14
              139.768357,35.674464,3.12
              139.768573,35.674669,3.09
              139.768786,35.674869,3.57
              139.768849,35.674929,3.74
              139.768872,35.674955,3.81
              139.768899,35.674988,3.83
              139.769167,35.675402,3.75
              139.769322,35.675641,3.71
              139.769477,35.675881,3.91
              139.769631,35.67612,4.17
              139.769786,35.676359,4.32
              139.769941,35.676598,4.33
              139.770095,35.676837,4.33
              139.77025,35.677076,4.42
              139.770405,35.677315,4.51
              139.77056,35.677554,4.48
              139.770714,35.677794,4.31
              139.770869,35.678033,4.09
              139.771024,35.678272,3.92
              139.771179,35.678511,3.9
              139.771333,35.67875,3.85
              139.771488,35.678989,3.85
              139.771643,35.679228,4.06
              139.771798,35.679467,3.95
              139.771952,35.679707,3.86
              139.772107,35.679946,3.89
              139.772262,35.680185,3.87
              139.772417,35.680424,3.84
              139.772571,35.680663,3.83
              139.772726,35.680902,3.8
              139.772881,35.681141,3.63
              139.773036,35.68138,3.9
              139.773171,35.68159,3.9
              139.77319,35.68162,3.91
              139.773345,35.681859,3.88
              139.7735,35.682098,3.76
              139.773653,35.682334,3.87
              139.773658,35.682341,3.88
              139.773663,35.682348,3.88
              139.773668,35.682353,3.89
              139.773671,35.682356,3.89
              139.773677,35.682361,3.9
              139.77368,35.682364,3.9
              139.773686,35.682369,3.89
              139.773692,35.682373,3.91
              139.773697,35.682376,3.92
              139.773704,35.682379,3.92
              139.773708,35.682382,3.93
              139.773718,35.682386,3.92
              139.773722,35.682387,3.92
              139.773729,35.682389,3.92
              139.773739,35.682392,3.93
              139.773747,35.682393,3.93
              139.773753,35.682394,3.93
              139.773766,35.682395,3.93
              139.773777,35.682396,3.77
              139.773787,35.682396,3.94
              139.773795,35.682396,3.95
              139.773798,35.682395,3.95
              139.773805,35.682394,3.96
              139.773814,35.682393,3.78
              139.773823,35.682391,3.78
              139.773833,35.682387,4
              139.773839,35.682386,4.01
              139.773917,35.682355,4.05
              139.774009,35.682319,3.98
              139.774097,35.682285,3.9
              139.774159,35.682261,3.84
              139.774222,35.682236,3.78
              139.774279,35.682214,3.81
              139.774303,35.682205,3.84
              139.774413,35.682162,3.82
              139.774426,35.682157,3.81
              139.77444,35.682151,3.81
              139.774448,35.682148,3.81
              139.774509,35.682124,3.84
              139.774555,35.682107,3.82
              139.774646,35.682071,3.82
              139.774702,35.682049,3.82
              139.774723,35.682041,3.82
              139.774743,35.682033,3.84
              139.774769,35.682023,3.82
              139.774823,35.682002,3.82
              139.774839,35.681996,3.81
              139.774866,35.681985,3.82
              139.774892,35.681975,3.82
              139.774966,35.681946,3.92
              139.775022,35.681924,3.96
              139.775177,35.681864,3.76
              139.775249,35.681836,3.74
              139.775327,35.681806,3.76
              139.775414,35.681771,3.73
              139.775453,35.681756,3.73
              139.77555,35.681718,3.78
              139.775672,35.681671,3.89
              139.775832,35.681608,3.85
              139.776031,35.681531,3.39
              139.776148,35.681485,3.13
              139.776273,35.681436,3.01
              139.776416,35.681381,3.25
              139.776555,35.681327,3.75
              139.776631,35.681297,4.02
              139.776728,35.681259,4.31
              139.776736,35.681256,4.34
              139.776798,35.681232,4.46
              139.776883,35.681199,4.48
              139.777009,35.68115,4.15
              139.777124,35.681105,3.73
              139.777206,35.681073,3.43
              139.777298,35.681037,3.19
              139.777434,35.680984,2.86
              139.777544,35.680941,2.69
              139.777595,35.680921,2.64
              139.77765,35.6809,2.56
              139.777716,35.680874,2.5
              139.777797,35.680842,2.48
              139.777807,35.680838,2.49
              139.777947,35.680784,2.45
              139.778124,35.680715,2.5
              139.778262,35.680661,2.47
              139.77839,35.680611,2.42
              139.778571,35.680541,2.39
              139.7788,35.680451,2.52
              139.778979,35.680382,2.54
              139.778986,35.680379,2.55
              139.779117,35.680328,2.59
              139.779224,35.680286,2.64
              139.779362,35.680232,2.71
              139.779409,35.680214,2.73
              139.779568,35.680152,2.77
              139.779574,35.680149,2.77
              139.779669,35.680112,2.8
              139.779698,35.680101,2.8
              139.7798,35.680062,2.81
              139.779877,35.680031,2.82
              139.77992,35.680015,2.83
              139.779971,35.679994,2.81
              139.780018,35.679975,2.79
              139.780023,35.679973,2.8
              139.780027,35.679972,2.79
              139.780037,35.679969,2.79
              139.780048,35.679966,2.79
              139.780058,35.679965,2.78
              139.780069,35.679964,2.78
              139.78008,35.679964,2.77
              139.780091,35.679965,2.77
              139.780102,35.679966,2.78
              139.780112,35.679968,2.77
              139.780122,35.679971,2.78
              139.780132,35.679974,2.78
              139.780142,35.679978,2.78
              139.780151,35.679983,2.78
              139.78016,35.679988,2.77
              139.780168,35.679994,2.76
              139.780175,35.68,2.75
              139.780182,35.680007,2.75
              139.780188,35.680015,2.73
              139.780194,35.680022,2.72
              139.780195,35.680025,2.73
              139.780258,35.680124,2.68
              139.780328,35.680226,2.73
              139.780328,35.680227,2.73
              139.780399,35.680331,2.84
              139.780503,35.680482,3.09
              139.780644,35.680688,4.02
              139.780773,35.680875,5.19
              139.780906,35.681069,5.67
              139.781035,35.681257,5.45
              139.781164,35.681446,4.4
              139.781258,35.681582,3.36
              139.78131,35.681659,3.02
              139.781412,35.681807,2.67
              139.781509,35.681949,2.66
              139.781544,35.682001,2.6
              139.781575,35.682046,2.54
              139.78169,35.682215,2.43
              139.781746,35.682305,2.34
              139.781782,35.682353,2.23
              139.781813,35.682382,2.21
              139.781823,35.682392,2.2
              139.781842,35.682409,2.2
              139.781857,35.682421,2.17
              139.781873,35.682432,2.11
              139.781891,35.682447,1.99
              139.781966,35.682489,1.84
              139.782095,35.682555,1.8
              139.782217,35.682618,1.78
              139.78245,35.682737,1.67
              139.782633,35.68283,1.68
              139.782862,35.682945,1.69
              139.783003,35.683015,1.53
              139.783144,35.683086,1.6
              139.783286,35.683157,1.74
              139.783427,35.683227,1.76
              139.783568,35.683298,1.7
              139.783709,35.683369,1.74
              139.783851,35.683439,1.87
              139.783992,35.68351,1.83
              139.784133,35.683581,1.63
              139.784275,35.683651,1.75
              139.784416,35.683722,1.66
              139.784557,35.683793,1.75
              139.784698,35.683863,1.51
              139.78484,35.683934,1.34
              139.784981,35.684005,1.38
              139.785122,35.684075,1.29
              139.785264,35.684146,1.27
              139.785405,35.684217,1.31
              139.785546,35.684287,1.26
              139.785687,35.684358,1.26
              139.785829,35.684429,1.29
              139.78597,35.684499,1.39
              139.786111,35.68457,1.36
              139.786253,35.684641,1.47
              139.786394,35.684711,1.58
              139.786535,35.684782,1.75
              139.786676,35.684853,1.98
              139.786818,35.684923,2.2
              139.786959,35.684994,2.33
              139.7871,35.685065,2.36
              139.787242,35.685135,2.1
              139.787383,35.685206,1.7
              139.787524,35.685277,1.55
              139.787665,35.685347,1.47
              139.787807,35.685418,1.44
              139.787948,35.685489,1.57
              139.788116,35.685572,2.23
              139.788124,35.685576,1.61
              139.788132,35.685581,1.61
              139.788139,35.685587,1.62
              139.788147,35.685593,1.62
              139.788153,35.6856,1.64
              139.788159,35.685607,1.64
              139.788163,35.685614,1.65
              139.788167,35.685621,1.66
              139.78817,35.685626,1.66
              139.788171,35.68563,1.67
              139.788172,35.685635,1.67
              139.788173,35.685639,1.68
              139.788174,35.685643,1.67
              139.788175,35.685647,1.67
              139.788175,35.685649,1.68
              139.788176,35.685655,1.69
              139.788176,35.68566,1.69
              139.788175,35.685664,1.69
              139.788175,35.685666,1.69
              139.788174,35.685672,1.69
              139.788174,35.685674,1.67
              139.788173,35.685678,1.7
              139.788172,35.68568,1.7
              139.788172,35.685682,1.71
              139.78817,35.685687,1.67
              139.788169,35.685689,1.7
              139.788166,35.685697,1.67
              139.788162,35.685704,1.66
              139.788156,35.685711,1.66
              139.788124,35.685752,1.72
              139.788092,35.685794,1.79
              139.788027,35.685882,1.9
              139.787931,35.68601,2.02
              139.787849,35.68612,2.08
              139.787771,35.686224,2.06
              139.787727,35.686282,2.13
              139.787653,35.686381,2.1
              139.787598,35.686455,2.18
              139.787547,35.686524,2.15
              139.787437,35.68667,2.07
              139.787353,35.686782,2
              139.787269,35.686894,1.87
              139.78717,35.687027,1.77
              139.787129,35.687082,1.76
              139.787061,35.687172,1.81
              139.786999,35.687256,1.86
              139.786908,35.687378,1.92
              139.786795,35.687527,1.85
              139.786735,35.687608,1.81
              139.786681,35.68768,1.74
              139.786632,35.687746,1.68
              139.78662,35.687761,1.67
              139.786568,35.687831,1.65
              139.786508,35.687911,1.67
              139.78643,35.688016,1.74
              139.786354,35.688117,1.84
              139.786322,35.68816,1.82
              139.786261,35.688242,1.95
              139.786225,35.68829,2.05
              139.78616,35.688377,1.95
              139.786126,35.688422,1.95
              139.786085,35.688477,2.01
              139.786012,35.688574,2.05
              139.785954,35.688656,2.24
              139.785916,35.68871,2.38
              139.785892,35.688743,2.39
              139.785847,35.688807,2.31
              139.785814,35.688854,2.23
              139.78578,35.688906,2.23
              139.785756,35.688944,2.22
              139.785734,35.688978,2.25
              139.785705,35.689024,2.27
              139.785674,35.689072,2.3
              139.785642,35.689123,2.28
              139.785606,35.689179,2.27
              139.785569,35.689238,2.27
              139.785521,35.689313,2.27
              139.785482,35.689373,2.14
              139.785449,35.689425,2.11
              139.785412,35.689483,2.17
              139.785333,35.689608,2.17
              139.785286,35.68968,2.13
              139.785228,35.689772,2.22
              139.785176,35.689853,2.23
              139.785088,35.689991,2.32
              139.785061,35.690033,2.36
              139.785,35.690128,2.42
              139.784969,35.690176,2.47
              139.784896,35.690291,2.58
              139.784854,35.690356,2.6
              139.7848,35.690441,2.62
              139.784785,35.690466,2.64
              139.784782,35.690471,2.64
              139.784779,35.690479,2.66
              139.784774,35.69049,2.67
              139.784768,35.690507,2.68
              139.784764,35.690523,2.69
              139.78476,35.690546,2.7
              139.784759,35.690564,2.71
              139.784759,35.690575,2.71
              139.78476,35.690594,2.71
              139.784763,35.690619,2.73
              139.78477,35.690675,2.79
              139.784784,35.690784,2.88
              139.784809,35.690969,3
              139.784822,35.69107,3.17
              139.784833,35.691152,3.25
              139.784844,35.691233,3.14
              139.784853,35.691304,3.02
              139.784866,35.691395,3.07
              139.784885,35.69154,3.04
              139.784898,35.691639,3.01
              139.784915,35.691769,3
              139.78492,35.691808,2.95
              139.784939,35.691946,2.94
              139.784944,35.691989,2.93
              139.784948,35.692021,2.93
              139.784958,35.692097,2.96
              139.78497,35.69218,2.97
              139.784973,35.692207,2.95
              139.784985,35.692293,2.92
              139.78501,35.692487,2.87
              139.785031,35.692644,2.92
              139.785045,35.692747,2.96
              139.785056,35.692829,2.93
              139.785064,35.692895,2.94
              139.785079,35.693008,2.99
              139.785099,35.693154,3.1
              139.785112,35.693257,3.11
              139.785128,35.693377,3.12
              139.785139,35.69346,3.12
              139.785149,35.693535,3.16
              139.78516,35.693615,3.16
              139.78518,35.693767,3.21
              139.785194,35.693877,3.25
              139.785206,35.693965,3.26
              139.785211,35.693999,3.28
              139.785223,35.694094,3.32
              139.785227,35.694126,3.36
              139.785235,35.694182,3.39
              139.785267,35.694422,3.43
              139.78528,35.694524,3.47
              139.785293,35.694618,3.56
              139.785307,35.69473,3.62
              139.785321,35.694834,3.64
              139.785338,35.694957,3.55
              139.785348,35.695036,3.52
              139.785363,35.695149,3.54
              139.785377,35.695254,3.61
              139.785388,35.695339,3.69
              139.785403,35.69545,3.85
              139.785407,35.695481,3.92
              139.785413,35.695527,4.07
              139.785423,35.695598,4.35
              139.785423,35.695605,4.37
              139.785424,35.695609,4.39
              139.785425,35.695614,4.4
              139.785426,35.69562,4.43
              139.785427,35.695626,4.44
              139.785429,35.695635,4.47
              139.785431,35.695641,4.49
              139.785441,35.695663,4.61
              139.785452,35.695687,4.71
              139.785464,35.695711,4.74
              139.785498,35.695781,4.78
              139.78552,35.695826,4.82
              139.785544,35.695876,4.78
              139.785567,35.695922,4.75
              139.785587,35.695966,4.73
              139.785597,35.695986,4.72
              139.785616,35.696025,4.59
              139.785633,35.696057,4.46
              139.785665,35.696118,4.21
              139.785714,35.696212,3.98
              139.785753,35.696284,3.85
              139.785755,35.696288,3.85
              139.785784,35.696334,3.88
              139.785798,35.696356,3.87
              139.785843,35.696428,3.76
              139.785873,35.696477,3.73
              139.785932,35.696572,3.72
              139.785969,35.696632,3.71
              139.786018,35.69671,3.69
              139.786048,35.696759,3.76
              139.786075,35.696803,3.73
              139.786103,35.696848,3.63
              139.786159,35.696939,3.66
              139.786221,35.69704,3.66
              139.78627,35.697118,3.64
              139.786307,35.697179,3.71
              139.786317,35.697195,3.73
              139.78635,35.697248,3.73
              139.786371,35.697283,3.7
              139.786395,35.697321,3.72
              139.786423,35.697366,3.75
              139.786457,35.697419,3.74
              139.786506,35.697499,3.73
              139.786567,35.697599,3.75
              139.786616,35.697678,3.74
              139.786684,35.697788,3.68
              139.786711,35.697831,3.68
              139.786728,35.697859,3.68
              139.786784,35.697949,3.65
              139.786817,35.698002,3.62
              139.786879,35.698103,3.57
              139.786944,35.698209,3.51
              139.787049,35.698371,3.43
              139.787116,35.698469,3.36
              139.787165,35.698543,3.26
              139.787198,35.698593,3.19
              139.787244,35.698662,3.11
              139.787324,35.698781,2.99
              139.787374,35.698859,2.92
              139.78738,35.698868,2.92
              139.787422,35.69893,2.86
              139.78747,35.699,2.76
              139.787481,35.699018,2.74
              139.787588,35.699179,2.58
              139.78763,35.699243,2.49
              139.787641,35.69926,2.46
              139.78767,35.699302,2.37
              139.787676,35.699313,2.36
              139.787686,35.699327,2.35
              139.787694,35.699339,2.34
              139.787698,35.699344,2.34
              139.7877,35.699347,2.33
              139.787703,35.699352,2.33
              139.787706,35.699356,2.32
              139.787709,35.69936,2.31
              139.787711,35.699364,2.3
              139.787712,35.699366,2.3
              139.787715,35.699369,2.3
              139.787719,35.699375,2.3
              139.787726,35.699387,2.28
              139.787731,35.699394,2.27
              139.787744,35.699414,2.25
              139.787766,35.699447,2.22
              139.78781,35.699514,2.14
              139.787834,35.69955,2.11
              139.787843,35.699564,2.1
              139.78785,35.699575,2.09
              139.787854,35.699581,2.09
              139.78786,35.699589,2.08
              139.787875,35.699611,2.09
              139.787879,35.699617,2.06
              139.787897,35.699644,2.04
              139.787948,35.699721,2
              139.787966,35.699746,2
              139.788025,35.699829,1.94
              139.788028,35.699834,1.94
              139.788039,35.69985,1.91
              139.788046,35.69986,1.9
              139.788057,35.699875,1.9
              139.788093,35.699926,1.91
              139.788137,35.699989,1.91
              139.788165,35.700028,1.93
              139.788229,35.700116,1.96
              139.788312,35.700232,2.06
              139.788398,35.700354,1.89
              139.788499,35.700495,1.78
              139.788587,35.700619,1.7
              139.78867,35.700735,1.7
              139.788751,35.700851,1.71
              139.788783,35.700896,1.74
              139.788828,35.70096,1.8
              139.788845,35.700983,1.82
              139.788877,35.701029,1.88
              139.788903,35.701065,1.95
              139.788951,35.701132,1.93
              139.789002,35.701202,2.03
              139.789036,35.701251,2.11
              139.789061,35.701286,2.16
              139.789127,35.701376,2.19
              139.789127,35.701377,2.21
              139.7892,35.701476,2.31
              139.789207,35.701483,2.32
              139.789214,35.701489,2.33
              139.789227,35.701495,2.34
              139.78924,35.7015,2.34
              139.789259,35.701505,2.33
              139.789273,35.701507,2.32
              139.789283,35.701508,2.32
              139.789295,35.701508,2.32
              139.789318,35.701507,2.29
              139.78937,35.701504,2.25
              139.78951,35.701496,2.41
              139.789644,35.701489,2.22
              139.789741,35.701483,2.08
              139.789926,35.701472,2.1
              139.79029,35.701451,2.62
              139.790444,35.701442,2.88
              139.790638,35.701431,3.04
              139.790951,35.701412,3.22
              139.79127,35.701394,3.57
              139.79165,35.701372,3.88
              139.791964,35.701354,4.52
              139.79203,35.701349,4.69
              139.792087,35.701344,4.84
              139.792125,35.70134,4.91
              139.79218,35.70133,5.09
              139.79228,35.701308,5.43
              139.792359,35.701288,5.72
              139.792405,35.701274,5.87
              139.792451,35.701259,6.02
              139.792662,35.701183,6.97
              139.792864,35.701111,7.46
              139.79294,35.701084,7.57
              139.79324,35.700976,8
              139.793458,35.700899,8.02
              139.793665,35.700824,7.88
              139.79393,35.70073,4.7
              139.794139,35.700655,4.26
              139.794312,35.700593,4.36
              139.794971,35.700357,3.77
              139.794982,35.700354,3.75
              139.794992,35.70035,3.67
              139.795002,35.700347,3.69
              139.79501,35.700345,3.67
              139.79502,35.700342,3.64
              139.795031,35.700339,3.6
              139.795043,35.700335,3.55
              139.795055,35.700332,3.52
              139.795069,35.700329,3.48
              139.79509,35.700324,3.39
              139.795097,35.700322,3.37
              139.795111,35.700319,3.33
              139.795123,35.700317,3.31
              139.795142,35.700314,3.26
              139.795168,35.70031,3.19
              139.795173,35.700309,3.18
              139.795221,35.700303,2.99
              139.795267,35.700298,2.87
              139.7953,35.700296,2.76
              139.795448,35.700286,2.7
              139.796046,35.700238,1.21
              139.796434,35.700206,0.99
              139.796625,35.700191,1
              139.796961,35.700163,0.5
              139.796967,35.700163,0.5
              139.79698,35.70016,0.47
              139.796996,35.700154,0.44
              139.79701,35.700148,0.42
              139.797024,35.700138,0.38
              139.797033,35.70013,0.39
              139.797043,35.700119,0.36
              139.79705,35.700107,0.38
              139.797054,35.700096,0.33
              139.797056,35.700078,0.34
              139.797112,35.699547,0.4
              139.79714,35.699278,0.41
              139.797169,35.699008,0.31
              139.797214,35.698518,0.55
              139.797239,35.698249,0.61
              139.797263,35.697979,0.66
              139.797288,35.69771,0.79
              139.797313,35.69744,0.88
              139.797338,35.69717,0.88
              139.797363,35.696901,1.07
              139.797388,35.696631,1.12
              139.797412,35.696361,1.03
              139.797437,35.696092,1.08
              139.797462,35.695822,1.12
              139.797487,35.695552,1.02
              139.797488,35.695543,1.09
              139.797501,35.695408,1.11
              139.797514,35.695273,1.03
              139.797527,35.695138,1.09
              139.79754,35.695004,1.23
              139.797563,35.69476,1.33
              139.797574,35.69465,1.44
              139.797576,35.694625,1.46
              139.797588,35.69449,1.41
              139.797601,35.694356,1.08
              139.797613,35.694221,1.1
              139.797625,35.694086,1.25
              139.797638,35.693951,1.24
              139.79765,35.693816,1.26
              139.797662,35.693681,1.29
              139.797675,35.693547,1.16
              139.797687,35.693412,1.2
              139.7977,35.693277,1.29
              139.797712,35.693142,1.46
              139.797724,35.693007,1.64
              139.797737,35.692872,1.64
              139.797749,35.692738,1.85
              139.797761,35.692603,2.11
              139.797774,35.692468,2.6
              139.797786,35.692333,3.18
              139.797799,35.692198,3.51
              139.797811,35.692063,3.35
              139.797823,35.691929,2.85
              139.797836,35.691794,2.25
              139.797848,35.691659,1.77
              139.79786,35.691524,1.31
              139.797873,35.691389,1.17
              139.797885,35.691254,1.09
              139.797898,35.69112,1.03
              139.79791,35.690985,1.03
              139.797922,35.69085,1.06
              139.797935,35.690715,0.97
              139.797947,35.69058,0.9
              139.797959,35.690446,1.02
              139.797972,35.690311,0.88
              139.797984,35.690176,0.9
              139.797996,35.690041,1.02
              139.798009,35.689906,0.85
              139.798021,35.689771,1.06
              139.798034,35.689637,1.44
              139.798046,35.689502,1.79
              139.798058,35.689367,2.44
              139.798071,35.689232,2.47
              139.798083,35.689097,2.27
              139.798095,35.688962,1.74
              139.798108,35.688828,1.38
              139.79812,35.688693,1.12
              139.798133,35.688558,1.01
              139.798145,35.688423,0.94
              139.798157,35.688288,0.67
              139.79817,35.688153,0.56
              139.798182,35.688019,0.67
              139.798194,35.687884,0.59
              139.798207,35.687749,0.61
              139.798219,35.687614,0.68
              139.798232,35.687479,0.84
              139.798244,35.687344,0.8
              139.798256,35.68721,0.84
              139.798269,35.687075,0.88
              139.798281,35.68694,0.86
              139.798293,35.686805,0.86
              139.798306,35.68667,0.75
              139.798318,35.686535,0.72
              139.798331,35.686401,0.86
              139.798343,35.686266,0.88
              139.798355,35.686131,0.97
              139.798368,35.685996,0.91
              139.79838,35.685861,0.88
              139.798392,35.685727,0.89
              139.798399,35.685657,0.89
              139.798405,35.685592,0.9
              139.798417,35.685457,0.91
              139.798429,35.685322,0.91
              139.798442,35.685187,0.89
              139.798454,35.685052,0.84
              139.798467,35.684918,1
              139.798479,35.684783,1.27
              139.798491,35.684648,1.59
              139.798504,35.684513,1.98
              139.798516,35.684378,2.31
              139.798528,35.684243,2.76
              139.798541,35.684109,3.42
              139.798553,35.683974,4.41
              139.798566,35.683839,5.01
              139.798578,35.683704,5.09
              139.79859,35.683569,4.71
              139.798603,35.683418,3.76
              139.798635,35.68313,2.42
              139.798665,35.682861,1.49
              139.798695,35.682591,0.83
              139.798725,35.682322,0.56
              139.798755,35.682053,0.54
              139.798785,35.681783,0.41
              139.798816,35.681514,0.43
              139.798846,35.681245,0
              139.798876,35.680976,0.53
              139.798906,35.680706,0.44
              139.798936,35.680437,0.2
              139.798966,35.680168,0.23
              139.798996,35.679898,0.32
              139.799012,35.679644,0.35
              139.799011,35.679633,0.35
              139.799009,35.679619,0.33
              139.799007,35.679613,0.36
              139.799004,35.679608,0.32
              139.799,35.6796,0.36
              139.798992,35.679587,0.35
              139.798963,35.679552,0.32
              139.798827,35.679381,0.35
              139.798737,35.679267,0.46
              139.798647,35.679154,0.48
              139.798557,35.67904,0.52
              139.798467,35.678927,0.56
              139.798377,35.678813,0.74
              139.798287,35.6787,0.87
              139.798197,35.678586,1.18
              139.798107,35.678473,1.59
              139.798017,35.678359,2.46
              139.797927,35.678246,3.18
              139.797837,35.678132,3.54
              139.797739,35.678005,3.19
              139.797652,35.67789,2.43
              139.797564,35.677775,1.68
              139.797476,35.677661,1.35
              139.797389,35.677546,1.14
              139.797301,35.677431,0.9
              139.797213,35.677316,0.86
              139.797125,35.677202,0.86
              139.797065,35.677122,0.85
              139.797038,35.677087,0.85
              139.79695,35.676972,0.88
              139.796862,35.676858,0.88
              139.796775,35.676743,0.84
              139.796687,35.676628,0.84
              139.796599,35.676514,0.81
              139.796511,35.676399,0.81
              139.796424,35.676284,0.87
              139.796355,35.676187,0.9
              139.796328,35.676147,0.89
              139.796301,35.676099,0.91
              139.796283,35.676053,0.9
              139.796268,35.676008,0.91
              139.796254,35.675954,0.87
              139.796247,35.675924,0.93
              139.79623,35.675846,1.01
              139.796211,35.675763,1.03
              139.796182,35.675632,1.14
              139.796163,35.675549,1.15
              139.796134,35.67542,1.22
              139.796106,35.675297,1.31
              139.796079,35.675174,1.36
              139.79606,35.675097,1.43
              139.796039,35.674997,1.37
              139.795997,35.674808,1.33
              139.795976,35.674714,1.56
              139.795953,35.674613,1.73
              139.795935,35.674531,1.87
              139.795908,35.674416,2.11
              139.795855,35.674177,2.83
              139.795846,35.674146,2.93
              139.795834,35.67411,3.02
              139.795816,35.674075,3.02
              139.795812,35.674068,3.01
              139.795733,35.673932,3
              139.795693,35.673863,3.19
              139.795678,35.673837,3.19
              139.795652,35.673794,3.18
              139.795594,35.673694,2.95
              139.795541,35.673602,2.59
              139.795471,35.673484,2.15
              139.795379,35.673325,1.54
              139.795304,35.673198,1.28
              139.795244,35.673091,0.98
              139.795168,35.672964,0.81
              139.795082,35.672815,0.82
              139.795007,35.672687,0.89
              139.794979,35.672642,0.96
              139.79492,35.672547,0.93
              139.79491,35.67253,0.95
              139.794889,35.672489,1.01
              139.794879,35.672468,1.02
              139.794877,35.67245,1.04
              139.794882,35.672432,1.03
              139.794896,35.672412,1.03
              139.794912,35.672399,1.02
              139.794944,35.672377,1.09
              139.795081,35.672314,1.03
              139.795201,35.672262,1.01
              139.795404,35.672172,1.08
              139.795626,35.672075,1.1
              139.795814,35.671988,1.05
              139.795941,35.671929,1
              139.796163,35.671826,0.99
              139.797238,35.671349,0.75
              139.797393,35.67128,0.69
              139.797858,35.671073,0.58
              139.797962,35.671027,0.5
              139.798039,35.670993,0.53
              139.798308,35.670875,0.41
              139.798766,35.670682,0.4
              139.798903,35.670625,0.4
              139.79903,35.670567,0.37
              139.799094,35.670538,0.38
              139.799132,35.670522,0.37
              139.799278,35.67046,0.37
              139.799387,35.670415,0.38
              139.799501,35.670365,0.42
              139.799503,35.670365,0.43
              139.799505,35.670365,0.43
              139.799507,35.670365,0.43
              139.79951,35.670366,0.43
              139.799512,35.670367,0.43
              139.799514,35.67037,0.43
              139.799515,35.670373,0.43
              139.799515,35.670374,0.43
              139.799514,35.670377,0.43
              139.799513,35.670379,0.42
              139.799512,35.67038,0.42
              139.799511,35.670381,0.41
              139.799398,35.670431,0.37
              139.799142,35.670548,0.3
              139.798998,35.670614,0.32
              139.798854,35.670681,0.33
              139.798709,35.670747,0.34
              139.798565,35.670813,0.4
              139.79842,35.67088,0.4
              139.798276,35.670946,0.36
              139.798132,35.671012,0.37
              139.797987,35.671079,0.4
              139.797843,35.671145,0.42
              139.797698,35.671211,0.43
              139.797554,35.671277,0.46
              139.79741,35.671344,0.54
              139.797265,35.67141,0.6
              139.797121,35.671476,0.62
              139.796976,35.671543,0.65
              139.796832,35.671609,0.71
              139.796688,35.671675,0.68
              139.796543,35.671742,0.72
              139.796399,35.671808,0.75
              139.796254,35.671874,0.78
              139.79611,35.671941,0.73
              139.795966,35.672007,0.71
              139.795821,35.672073,0.7
              139.795677,35.67214,0.82
              139.795532,35.672206,0.84
              139.795388,35.672272,0.63
              139.795244,35.672338,0.7
              139.795107,35.6724,0.9
              139.795099,35.672405,0.81
              139.795094,35.672408,0.81
              139.795087,35.672413,0.82
              139.795081,35.672419,0.84
              139.795075,35.672426,0.86
              139.795069,35.672433,0.88
              139.795065,35.672438,0.89
              139.795061,35.672445,0.89
              139.795057,35.672454,0.79
              139.795055,35.672462,0.89
              139.795053,35.672471,0.87
              139.795053,35.672477,0.86
              139.795053,35.672481,0.86
              139.795054,35.67249,0.83
              139.795054,35.672495,0.86
              139.795056,35.672504,0.84
              139.79506,35.672514,0.85
              139.795063,35.67252,0.85
              139.795067,35.672528,0.84
              139.795072,35.672536,0.84
              139.795092,35.67257,0.84
              139.795123,35.67262,0.86
              139.795147,35.67266,0.88
              139.795203,35.672752,0.69
              139.79528,35.672878,0.69
              139.795307,35.672924,0.72
              139.795367,35.673024,0.88
              139.795398,35.673075,1
              139.795425,35.673119,1.13
              139.795453,35.673169,1.29
              139.795535,35.673318,1.81
              139.795566,35.673372,2.03
              139.795593,35.673421,2.2
              139.795626,35.673479,2.34
              139.795664,35.673547,2.63
              139.79573,35.673664,3.1
              139.795758,35.673715,3.28
              139.795787,35.673766,3.35
              139.795808,35.673805,3.29
              139.795834,35.673852,3.23
              139.795862,35.673902,3.15
              139.795891,35.673954,3.17
              139.795943,35.674048,3.18
              139.795947,35.674058,3.18
              139.795951,35.674065,3.12
              139.795958,35.674082,3.16
              139.795965,35.6741,3.13
              139.795976,35.67413,3.08
              139.795984,35.674166,2.94
              139.795997,35.674225,2.85
              139.796008,35.674279,2.69
              139.796019,35.67433,2.47
              139.796037,35.67441,2.28
              139.796051,35.674476,2.12
              139.796063,35.674536,1.98
              139.796075,35.674589,1.86
              139.796087,35.674648,1.73
              139.796099,35.674704,1.63
              139.796112,35.674762,1.48
              139.796122,35.674812,1.43
              139.796135,35.674871,1.28
              139.796147,35.674926,1.26
              139.796159,35.674983,1.2
              139.796164,35.675005,1.21
              139.796171,35.675038,1.23
              139.796178,35.675071,1.25
              139.796186,35.675108,1.27
              139.796193,35.67514,1.24
              139.796195,35.675152,1.24
              139.796198,35.675164,1.29
              139.796202,35.675185,1.21
              139.796207,35.675205,1.21
              139.796211,35.675225,1.2
              139.796217,35.675253,1.19
              139.796226,35.675294,1.17
              139.796236,35.675343,1.14
              139.796245,35.675382,1.08
              139.796249,35.675402,1.06
              139.796253,35.675422,1.03
              139.796258,35.675444,1.07
              139.796263,35.675466,0.99
              139.796268,35.675492,0.98
              139.796273,35.675516,0.95
              139.796278,35.675537,0.93
              139.796287,35.67558,0.88
              139.796294,35.675614,0.83
              139.796306,35.675669,0.76
              139.796314,35.675709,0.71
              139.796323,35.67575,0.67
              139.796334,35.675803,0.62
              139.796341,35.675831,0.61
              139.796347,35.67586,0.6
              139.796353,35.675889,0.59
              139.796361,35.675925,0.58
              139.796374,35.675985,0.56
              139.796383,35.676029,0.55
              139.796385,35.676039,0.54
              139.796389,35.676057,0.54
              139.796391,35.676065,0.55
              139.796396,35.676081,0.55
              139.796399,35.67609,0.57
              139.796406,35.676107,0.58
              139.796413,35.676118,0.56
              139.796426,35.676139,0.56
              139.796431,35.676145,0.56
              139.796475,35.676209,0.59
              139.796529,35.676285,0.59
              139.796562,35.676327,0.61
              139.796593,35.676367,0.62
              139.796659,35.676453,0.63
              139.796721,35.676533,0.66
              139.796793,35.676626,0.88
              139.7968,35.676634,0.86
              139.796823,35.676664,0.76
              139.796865,35.676717,0.68
              139.796907,35.67677,0.7
              139.796932,35.676802,0.71
              139.796961,35.676838,0.7
              139.796985,35.67687,0.7
              139.797048,35.67695,0.71
              139.797163,35.677097,0.84
              139.797207,35.677153,0.74
              139.797276,35.677241,0.74
              139.797352,35.677338,0.81
              139.797371,35.677362,0.86
              139.797404,35.677404,0.91
              139.797446,35.677458,0.96
              139.797483,35.677506,1.04
              139.797521,35.677553,1.14
              139.797548,35.677588,1.23
              139.797584,35.677633,1.33
              139.797624,35.677685,1.49
              139.797645,35.677711,1.59
              139.797667,35.677739,1.68
              139.7977,35.677782,1.97
              139.79775,35.677845,2.54
              139.797786,35.677892,2.92
              139.797844,35.677966,3.33
              139.797902,35.67804,3.56
              139.797958,35.678112,3.56
              139.797987,35.678148,3.46
              139.798001,35.678167,3.4
              139.798018,35.678188,3.3
              139.798031,35.678205,3.23
              139.798047,35.678226,3.15
              139.798064,35.678247,3.02
              139.798086,35.678275,2.81
              139.798103,35.678296,2.62
              139.798133,35.678335,2.32
              139.798156,35.678365,2.1
              139.798195,35.678415,1.8
              139.798207,35.67843,1.74
              139.798222,35.67845,1.68
              139.798232,35.678462,1.63
              139.798249,35.678483,1.55
              139.798265,35.678504,1.48
              139.798281,35.678524,1.42
              139.798298,35.678547,1.37
              139.798307,35.678558,1.34
              139.798317,35.67857,1.3
              139.798327,35.678584,1.24
              139.798339,35.678599,1.17
              139.798351,35.678614,1.15
              139.798366,35.678633,1.1
              139.798377,35.678647,1.07
              139.798407,35.678687,1.01
              139.798445,35.678737,0.93
              139.798509,35.67882,0.88
              139.798536,35.678855,0.86
              139.798541,35.678862,0.86
              139.798595,35.678931,0.82
              139.79861,35.678952,0.81
              139.798622,35.678967,0.81
              139.798634,35.678982,0.8
              139.798644,35.678996,0.79
              139.79868,35.679043,0.79
              139.798713,35.679086,0.79
              139.798731,35.67911,0.77
              139.798734,35.679113,0.77
              139.798746,35.679129,0.77
              139.798754,35.679139,0.76
              139.798759,35.679146,0.76
              139.79876,35.679147,0.76
              139.798761,35.679149,0.76
              139.798762,35.67915,0.76
              139.798764,35.679152,0.76
              139.798769,35.679159,0.76
              139.798772,35.679163,0.76
              139.798776,35.679167,0.76
              139.798777,35.67917,0.76
              139.798781,35.679175,0.75
              139.79879,35.679186,0.74
              139.79881,35.679213,0.73
              139.798859,35.679276,0.69
              139.798901,35.679331,0.63
              139.798937,35.679377,0.59
              139.798956,35.679402,0.59
              139.79898,35.679433,0.55
              139.799011,35.679474,0.56
              139.799012,35.679475,0.56
              139.799014,35.679477,0.57
              139.799014,35.679478,0.62
              139.799015,35.679479,0.62
              139.799016,35.67948,0.62
              139.799021,35.679487,0.63
              139.799026,35.679493,0.64
              139.799043,35.679516,0.62
              139.799066,35.679545,0.6
              139.799079,35.67957,0.66
              139.799087,35.67959,0.61
              139.799096,35.679621,0.62
              139.7991,35.67965,0.61
              139.799099,35.679655,0.61
              139.799094,35.679698,0.61
              139.799047,35.68014,0.39
              139.799018,35.68041,0.24
              139.798989,35.680679,0.5
              139.79896,35.680948,0.58
              139.79893,35.681218,0.43
              139.798901,35.681487,0.33
              139.798872,35.681757,0.31
              139.798843,35.682026,0.51
              139.798814,35.682295,0.39
              139.798785,35.682565,0.63
              139.798769,35.682689,0.95
              139.798726,35.683106,2.28
              139.798698,35.683373,3.44
              139.798693,35.683421,3.75
              139.798644,35.683956,4.38
              139.798619,35.684225,2.61
              139.798594,35.684495,1.85
              139.798569,35.684765,1.18
              139.798544,35.685034,0.77
              139.798539,35.685095,0.79
              139.798519,35.685304,0.88
              139.798495,35.685574,0.85
              139.79847,35.685843,0.85
              139.798445,35.686113,0.98
              139.79842,35.686383,0.85
              139.798395,35.686652,0.86
              139.79837,35.686922,0.89
              139.798345,35.687192,0.9
              139.79832,35.687461,0.9
              139.798295,35.687731,0.73
              139.798271,35.688,0.75
              139.798246,35.68827,0.86
              139.798221,35.68854,1
              139.798196,35.688809,1.47
              139.798171,35.689079,2.29
              139.798146,35.689349,2.62
              139.798121,35.689618,1.64
              139.798096,35.689888,1.06
              139.798072,35.690158,1.02
              139.798047,35.690427,1.04
              139.798022,35.690697,1.06
              139.797997,35.690967,1.18
              139.797972,35.691236,1.25
              139.797947,35.691506,1.36
              139.797922,35.691776,2.26
              139.797897,35.692045,3.32
              139.797873,35.692315,3.28
              139.797848,35.692584,2.3
              139.797823,35.692854,1.73
              139.797798,35.693124,1.41
              139.797789,35.693216,1.38
              139.797773,35.693393,1.33
              139.797748,35.693663,1.33
              139.797723,35.693933,1.29
              139.797707,35.694105,1.19
              139.797698,35.694202,1.13
              139.797673,35.694472,1.34
              139.797649,35.694742,1.37
              139.797624,35.695011,1.29
              139.797599,35.695281,1.23
              139.797574,35.695551,1.22
              139.797549,35.69582,1.18
              139.797524,35.69609,1.09
              139.797499,35.69636,1.13
              139.797474,35.696629,1.1
              139.797449,35.696899,1.1
              139.797425,35.697168,1
              139.7974,35.697438,0.95
              139.797375,35.697708,0.92
              139.79735,35.697977,0.89
              139.797325,35.698247,0.83
              139.7973,35.698517,0.75
              139.797275,35.698786,0.63
              139.79725,35.699056,0.5
              139.797225,35.699326,0.57
              139.797201,35.699595,0.53
              139.797176,35.699865,0.48
              139.797151,35.700135,0.68
              139.797149,35.700158,0.7
              139.797147,35.70017,0.7
              139.797144,35.700179,0.73
              139.797134,35.700189,0.74
              139.797116,35.700202,0.77
              139.797092,35.700217,0.72
              139.797063,35.70023,0.73
              139.797055,35.700231,0.7
              139.797046,35.700232,0.72
              139.797015,35.700234,0.72
              139.796985,35.700237,0.72
              139.796893,35.700244,0.74
              139.796879,35.700245,0.74
              139.796858,35.700247,0.75
              139.79673,35.700257,0.85
              139.796532,35.700273,1
              139.796293,35.700293,1.11
              139.796186,35.700301,1.22
              139.796026,35.700314,1.17
              139.795983,35.700318,1.18
              139.795867,35.700327,1.21
              139.795819,35.700331,1.25
              139.795704,35.700341,1.43
              139.795621,35.700347,1.61
              139.795562,35.700352,1.77
              139.795286,35.700375,2.69
              139.795216,35.700381,2.87
              139.795171,35.700385,3
              139.795157,35.700386,3.04
              139.795124,35.700388,3.13
              139.795114,35.700391,3.14
              139.795102,35.700395,3.19
              139.79507,35.700407,3.31
              139.794993,35.700434,3.56
              139.794867,35.700478,3.92
              139.794815,35.700496,4.08
              139.794708,35.700535,4.46
              139.794537,35.700596,5.19
              139.794397,35.700646,5.95
              139.794211,35.700712,6.76
              139.794082,35.700758,7.1
              139.793909,35.70082,7.51
              139.793711,35.700891,7.89
              139.793695,35.700896,7.92
              139.793371,35.701012,8.02
              139.793181,35.70108,7.96
              139.793076,35.701118,7.84
              139.792867,35.701193,7.43
              139.792674,35.701262,6.92
              139.792612,35.701284,6.74
              139.792523,35.701315,6.39
              139.792444,35.701342,6.17
              139.792404,35.701355,6.29
              139.792401,35.701356,6.28
              139.792357,35.701367,5.9
              139.792341,35.701371,5.86
              139.792303,35.701381,5.74
              139.792277,35.701387,5.66
              139.792275,35.701388,5.65
              139.79224,35.701395,5.53
              139.792217,35.7014,5.46
              139.792201,35.701403,5.41
              139.792136,35.701414,5.23
              139.792065,35.701423,5.02
              139.79204,35.701425,4.91
              139.791955,35.701431,4.74
              139.791746,35.701449,4.23
              139.791659,35.701456,4.06
              139.791569,35.701463,3.91
              139.791494,35.701469,3.87
              139.791389,35.701478,3.77
              139.791197,35.701494,3.61
              139.791117,35.7015,3.5
              139.791072,35.701504,3.45
              139.791019,35.701508,3.41
              139.790978,35.701512,3.38
              139.790797,35.701527,3.2
              139.79074,35.701531,3.12
              139.79067,35.701537,3.07
              139.790645,35.701539,3.05
              139.790594,35.701543,2.99
              139.790456,35.701555,2.85
              139.790383,35.701561,2.77
              139.790351,35.701563,2.73
              139.79025,35.701572,2.61
              139.79009,35.701585,2.32
              139.789978,35.701594,2.15
              139.789962,35.701595,2.12
              139.789619,35.701624,2.23
              139.789583,35.701627,2.23
              139.789543,35.70163,2.27
              139.789519,35.701632,2.32
              139.789502,35.701634,2.38
              139.789486,35.701639,2.45
              139.789469,35.701645,2.5
              139.789458,35.701652,2.55
              139.789447,35.701659,2.59
              139.789439,35.701666,2.62
              139.789432,35.701674,2.66
              139.789424,35.701685,2.69
              139.789418,35.701695,2.71
              139.789417,35.701699,2.72
              139.789414,35.701707,2.73
              139.789413,35.701713,2.57
              139.789411,35.70172,2.74
              139.789411,35.701725,2.74
              139.789411,35.701733,2.74
              139.789411,35.701737,2.72
              139.789412,35.701741,2.74
              139.789412,35.701745,2.75
              139.789413,35.701749,2.76
              139.789414,35.701752,2.76
              139.789415,35.701755,2.76
              139.789418,35.701761,2.77
              139.789423,35.701769,2.77
              139.789455,35.701813,2.81
              139.789479,35.701845,2.84
              139.789489,35.701859,2.85
              139.789507,35.701879,2.86
              139.789547,35.701919,2.88
              139.789572,35.701942,2.89
              139.789686,35.702042,2.98
              139.78976,35.702107,3.04
              139.789877,35.70221,3.02
              139.789925,35.702253,3.03
              139.790057,35.702369,3.06
              139.790193,35.702489,3.16
              139.790302,35.702588,3.26
              139.790506,35.702757,3.38
              139.790669,35.702896,3.38
              139.790801,35.703007,3.28
              139.79094,35.703125,3.18
              139.791032,35.703201,3.14
              139.791236,35.703374,3.16
              139.791358,35.703475,3.18
              139.791518,35.703611,3.2
              139.791702,35.703762,3.24
              139.791841,35.703879,3.29
              139.791964,35.703982,3.38
              139.792201,35.704182,3.58
              139.792361,35.704315,3.76
              139.792462,35.7044,3.87
              139.792577,35.704495,3.99
              139.792731,35.704623,4.16
              139.792873,35.704751,4.35
              139.793017,35.704881,4.54
              139.793105,35.704961,4.67
              139.793215,35.705059,4.85
              139.793348,35.70518,5.18
              139.79343,35.705254,5.22
              139.793599,35.705407,5.22
              139.793647,35.70545,5.21
              139.793684,35.705483,5.21
              139.793702,35.705506,5.2
              139.793751,35.705564,5.19
              139.793767,35.705583,5.18
              139.793796,35.705618,5.17
              139.793834,35.705662,5.17
              139.793892,35.705729,5.17
              139.793983,35.705835,5.18
              139.794055,35.705918,5.21
              139.794124,35.705998,5.25
              139.79426,35.706155,5.33
              139.794355,35.706267,5.38
              139.794404,35.706324,5.39
              139.794522,35.706476,5.45
              139.79455,35.706513,5.47
              139.794643,35.706636,5.48
              139.794813,35.706863,5.44
              139.794973,35.707077,5.44
              139.795047,35.707176,5.42
              139.795161,35.707334,5.34
              139.795242,35.707453,5.27
              139.795321,35.707561,5.2
              139.79546,35.70775,5.28
              139.795581,35.707915,5.4
              139.795694,35.708069,5.48
              139.79583,35.708254,5.38
              139.795976,35.708454,5.37
              139.79609,35.70861,5.42
              139.79624,35.708831,5.75
              139.796382,35.709043,5.51
              139.796523,35.709212,5.06
              139.796708,35.709433,4.81
              139.796883,35.709643,4.63
              139.796902,35.709668,4.61
              139.796924,35.7097,4.58
              139.796993,35.709804,4.47
              139.797066,35.709915,4.32
              139.797104,35.709972,4.28
              139.797302,35.710274,4.14
              139.797415,35.710446,3.98
              139.797488,35.710556,3.88
              139.797491,35.710561,3.88
              139.797494,35.710567,3.88
              139.797498,35.710573,3.89
              139.7975,35.710579,3.88
              139.797501,35.710582,3.87
              139.797502,35.710586,3.86
              139.797503,35.710594,3.82
              139.797503,35.710598,3.8
              139.797503,35.710605,3.78
              139.797501,35.710618,3.74
              139.797498,35.710629,3.72
              139.797495,35.710635,3.72
              139.797492,35.710642,3.72
              139.797488,35.710648,3.73
              139.797483,35.710653,3.71
              139.797478,35.710659,3.67
              139.797472,35.710665,3.64
              139.797461,35.710673,3.63
              139.797449,35.710679,3.64
              139.79744,35.710683,3.61
              139.797434,35.710685,3.6
              139.79743,35.710686,3.59
              139.797427,35.710687,3.58
              139.797417,35.710689,3.56
              139.797401,35.710691,3.53
              139.797386,35.710692,3.5
              139.797327,35.710699,3.45
              139.797268,35.710706,3.37
              139.797232,35.71071,3.36
              139.797149,35.71072,3.31
              139.796894,35.710751,3.2
              139.796721,35.710772,3.12
              139.796615,35.710785,3.12
              139.796565,35.710791,3.16
              139.796521,35.710797,3.21
              139.796454,35.710805,3.27
              139.796451,35.710806,3.27
              139.796444,35.710806,3.28
              139.79644,35.710807,3.28
              139.796436,35.710807,3.28
              139.796427,35.710806,3.29
              139.796418,35.710806,3.29
              139.79641,35.710804,3.29
              139.7964,35.710802,3.31
              139.79639,35.710798,3.32
              139.796382,35.710794,3.35
              139.796378,35.710792,3.32
              139.796373,35.710789,3.33
              139.796364,35.710782,3.33
              139.796359,35.710778,3.34
              139.796354,35.710773,3.35
              139.796351,35.710769,3.37
              139.796347,35.710764,3.37
              139.796345,35.710759,3.38
              139.796342,35.710754,3.38
              139.796339,35.710747,3.38
              139.796339,35.710746,3.38
              139.796337,35.710733,3.39
              139.796332,35.710692,3.43
              139.796324,35.710631,3.5
              139.79631,35.710507,3.72
              139.796291,35.710358,4.04
              139.796265,35.710227,4.37
              139.79625,35.710131,4.54
              139.796242,35.710075,4.62
              139.796239,35.710057,4.67
              139.796233,35.710014,4.72
              139.796224,35.70995,4.83
              139.796217,35.709905,4.87
              139.796204,35.709819,4.94
              139.796193,35.709742,4.9
              139.796178,35.70964,4.91
              139.796145,35.709436,5
              139.796114,35.709246,5.19
              139.796105,35.709188,5.24
              139.796068,35.709088,5.41
              139.796026,35.708974,5.58
              139.795965,35.708809,5.56
              139.795892,35.70865,5.38
              139.795855,35.708585,5.35
              139.795803,35.708491,5.32
              139.795767,35.708431,5.32
              139.795678,35.708278,5.4
              139.795608,35.708165,5.35
              139.795544,35.708055,5.34
              139.795457,35.707925,5.25
              139.795432,35.707888,5.24
              139.795419,35.707869,5.23
              139.795399,35.707839,5.18
              139.795377,35.707806,5.09
              139.795361,35.707782,5.09
              139.795338,35.707748,5.08
              139.795297,35.707687,5.07
              139.795255,35.707625,5.05
              139.795176,35.707497,5.12
              139.79512,35.707407,5.19
              139.795102,35.707377,5.22
              139.795076,35.707337,5.25
              139.795004,35.707239,5.28
              139.79494,35.70715,5.31
              139.794841,35.707018,5.39
              139.794785,35.706943,5.39
              139.794699,35.706827,5.38
              139.794669,35.706787,5.41
              139.794598,35.706692,5.41
              139.794574,35.706659,5.41
              139.794532,35.706603,5.42
              139.794458,35.706504,5.38
              139.794426,35.706463,5.39
              139.794414,35.706448,5.38
              139.794388,35.706413,5.35
              139.794334,35.706344,5.33
              139.794288,35.70629,5.32
              139.794189,35.706176,5.28
              139.794063,35.706029,5.21
              139.793994,35.705951,5.17
              139.793936,35.705883,5.15
              139.79388,35.705818,5.18
              139.793773,35.705694,5.06
              139.793709,35.705632,5.02
              139.79346,35.70542,5.24
              139.793342,35.705319,4.92
              139.793315,35.705297,5.28
              139.793225,35.705223,5.19
              139.79308,35.705116,4.87
              139.792884,35.70495,4.66
              139.792599,35.704708,4.39
              139.79246,35.704589,4.19
              139.792313,35.704464,3.95
              139.792031,35.704224,3.79
              139.791898,35.704111,3.61
              139.791728,35.703966,3.45
              139.7916,35.703857,3.37
              139.791476,35.703752,3.31
              139.791246,35.703556,3.34
              139.791041,35.703382,3.35
              139.790931,35.703288,3.25
              139.790789,35.703167,3.31
              139.790784,35.703162,3.3
              139.790601,35.703007,3.36
              139.790348,35.702792,3.46
              139.790286,35.702739,3.36
              139.790096,35.702578,3.28
              139.789974,35.702474,3.17
              139.789854,35.702368,3.07
              139.789688,35.702222,3.11
              139.789537,35.70209,3.19
              139.789446,35.702009,3.07
              139.789395,35.701959,3.03
              139.789372,35.701933,3.01
              139.789335,35.701886,2.98
              139.789299,35.701837,2.94
              139.789276,35.701804,2.92
              139.789196,35.701694,2.79
              139.789128,35.7016,2.78
              139.789079,35.701531,2.7
              139.789041,35.701478,2.63
              139.78893,35.701324,2.39
              139.788813,35.701161,2.17
              139.788661,35.700951,1.96
              139.788495,35.70072,1.92
              139.788388,35.700569,1.93
              139.788252,35.700378,2.14
              139.788192,35.70029,2.18
              139.788117,35.70018,2.14
              139.787988,35.699991,2.14
              139.787843,35.699774,2.19
              139.787723,35.699596,2.25
              139.787605,35.699418,2.43
              139.787526,35.699299,2.62
              139.78743,35.699154,2.85
              139.787403,35.699113,2.91
              139.78739,35.699093,2.95
              139.787376,35.699073,2.97
              139.787351,35.699037,3.03
              139.787332,35.699012,3.06
              139.78729,35.698956,3.1
              139.787176,35.698793,3.17
              139.787117,35.698703,3.35
              139.787054,35.698609,3.46
              139.786965,35.698467,3.56
              139.786862,35.6983,3.74
              139.786747,35.698109,3.85
              139.786645,35.697941,3.9
              139.786622,35.697911,3.89
              139.786567,35.697824,3.95
              139.786424,35.697588,3.95
              139.786363,35.697491,3.96
              139.78625,35.69731,3.94
              139.786215,35.697253,3.94
              139.786138,35.697129,3.94
              139.786011,35.696923,3.93
              139.785984,35.696879,3.95
              139.785889,35.696724,3.96
              139.785781,35.696549,3.97
              139.785758,35.696511,3.99
              139.78571,35.696435,4.02
              139.785619,35.696289,4.12
              139.785569,35.696204,4.24
              139.785556,35.69618,4.34
              139.785543,35.696157,4.41
              139.785531,35.696136,4.47
              139.785512,35.696099,4.57
              139.785504,35.696084,4.62
              139.785475,35.696027,4.79
              139.785427,35.695928,4.8
              139.785364,35.695795,4.83
              139.785319,35.6957,4.69
              139.785305,35.695672,4.6
              139.785291,35.695641,4.52
              139.785279,35.695618,4.46
              139.785277,35.695615,4.46
              139.785272,35.695606,4.43
              139.785262,35.695589,4.39
              139.785259,35.695584,4.35
              139.785253,35.695534,4.24
              139.785248,35.695487,4.16
              139.785239,35.695414,4.03
              139.785236,35.695388,3.98
              139.785231,35.69535,3.89
              139.785226,35.695305,3.83
              139.785218,35.695234,3.81
              139.785212,35.695188,3.81
              139.785207,35.695147,3.78
              139.7852,35.69508,3.72
              139.785195,35.695041,3.7
              139.78519,35.694996,3.62
              139.785179,35.694901,3.63
              139.785173,35.694841,3.73
              139.785161,35.694726,3.6
              139.785155,35.694667,3.46
              139.785149,35.694625,3.42
              139.785144,35.69458,3.37
              139.785123,35.694446,3.27
              139.785103,35.694312,3.4
              139.785083,35.694178,3.19
              139.785042,35.69391,3.03
              139.785022,35.693775,3.06
              139.785001,35.693641,3.08
              139.784981,35.693507,3.09
              139.78496,35.693373,2.99
              139.784948,35.69329,2.96
              139.78494,35.693239,2.94
              139.78492,35.693105,3.01
              139.784899,35.69297,2.95
              139.784879,35.692836,2.87
              139.784859,35.692702,2.76
              139.784838,35.692568,2.84
              139.784818,35.692434,2.89
              139.784797,35.692299,2.79
              139.784777,35.692165,2.9
              139.784757,35.692031,2.95
              139.784736,35.691897,2.96
              139.784716,35.691763,2.99
              139.784696,35.691629,3
              139.784675,35.691494,3.04
              139.784655,35.69136,3.04
              139.784634,35.691226,3.07
              139.784614,35.691092,2.88
              139.78459,35.690937,2.95
              139.78459,35.690931,2.96
              139.784589,35.690928,2.96
              139.784589,35.690926,2.96
              139.784588,35.690925,2.96
              139.784588,35.690924,2.96
              139.784587,35.690922,2.96
              139.784586,35.690921,2.96
              139.784539,35.69087,3.05
              139.784536,35.690866,3.05
              139.784532,35.690862,3.06
              139.784529,35.69086,3.07
              139.784527,35.690857,3.07
              139.784522,35.690851,3.09
              139.784516,35.690844,3.1
              139.78451,35.690836,3.11
              139.784503,35.690828,3.13
              139.784475,35.690792,3.19
              139.784423,35.690726,3.31
              139.78442,35.690723,3.31
              139.784419,35.690721,3.31
              139.784418,35.690718,3.31
              139.784418,35.690717,3.31
              139.784417,35.690715,3.31
              139.784417,35.690713,3.31
              139.784417,35.690712,3.31
              139.784417,35.690711,3.31
              139.784417,35.69071,3.31
              139.784417,35.690709,3.31
              139.784417,35.690708,3.31
              139.784417,35.690706,3.3
              139.784418,35.690704,3.3
              139.784419,35.690702,3.3
              139.78442,35.6907,3.3
              139.784441,35.690667,3.25
              139.784467,35.690626,3.18
              139.784482,35.690603,3.14
              139.784512,35.690557,3.05
              139.784545,35.690506,3
              139.784563,35.690477,2.96
              139.784579,35.690453,2.91
              139.784653,35.690341,2.81
              139.784688,35.69029,2.77
              139.784704,35.690265,2.75
              139.784794,35.69013,2.7
              139.78482,35.690091,2.66
              139.784829,35.690078,2.64
              139.784845,35.690054,2.61
              139.784853,35.690042,2.6
              139.784864,35.690026,2.58
              139.784876,35.690007,2.57
              139.784887,35.689989,2.55
              139.784928,35.689928,2.49
              139.784968,35.689868,2.43
              139.785,35.68982,2.41
              139.785022,35.689787,2.41
              139.785044,35.689754,2.41
              139.785104,35.689665,2.34
              139.785117,35.689645,2.32
              139.785235,35.689468,2.28
              139.785259,35.689433,2.29
              139.785349,35.689298,2.3
              139.785368,35.689269,2.31
              139.785373,35.689261,2.32
              139.785413,35.689201,2.31
              139.785534,35.68902,2.33
              139.785555,35.688988,2.34
              139.785569,35.688967,2.4
              139.78558,35.68895,2.4
              139.785595,35.688928,2.4
              139.785664,35.688823,2.3
              139.785732,35.688723,2.29
              139.785863,35.68855,2.31
              139.78595,35.688435,2.24
              139.786037,35.68832,2.15
              139.786125,35.688205,2.06
              139.786212,35.68809,1.99
              139.786299,35.687975,1.95
              139.786386,35.68786,1.93
              139.786473,35.687745,1.97
              139.78656,35.68763,2.02
              139.786648,35.687516,1.99
              139.786735,35.687401,2
              139.786822,35.687286,1.98
              139.786909,35.687171,1.93
              139.786996,35.687056,1.75
              139.787084,35.686941,1.73
              139.787171,35.686826,1.81
              139.787258,35.686711,1.82
              139.787345,35.686596,1.88
              139.787432,35.686481,1.95
              139.78752,35.686366,1.84
              139.787607,35.686251,1.88
              139.787694,35.686136,1.82
              139.787834,35.685948,1.74
              139.787921,35.685832,1.51
              139.788007,35.685717,1.37
              139.788017,35.685704,1.43
              139.788018,35.685698,1.41
              139.788019,35.685694,1.41
              139.78802,35.685688,1.41
              139.788019,35.685683,1.41
              139.788019,35.685678,1.41
              139.788018,35.685675,1.41
              139.788017,35.685672,1.41
              139.788015,35.685666,1.4
              139.788013,35.685663,1.4
              139.78801,35.685659,1.4
              139.788008,35.685656,1.4
              139.788005,35.685652,1.39
              139.788003,35.68565,1.38
              139.787998,35.685646,1.37
              139.787994,35.685642,1.36
              139.787989,35.685639,1.34
              139.787983,35.685636,1.33
              139.787969,35.685629,1.3
              139.787945,35.685616,1.24
              139.787936,35.685611,1.23
              139.787912,35.685599,1.19
              139.787902,35.685595,1.18
              139.787895,35.685591,1.18
              139.787865,35.685576,1.16
              139.787854,35.68557,1.15
              139.78784,35.685563,1.15
              139.787797,35.685542,1.13
              139.787782,35.685534,1.13
              139.787763,35.685525,1.15
              139.787752,35.685519,1.15
              139.787737,35.685512,1.15
              139.787686,35.685486,1.18
              139.787657,35.685472,1.19
              139.787577,35.685432,1.31
              139.787557,35.685421,1.33
              139.787513,35.6854,1.33
              139.787466,35.685376,1.32
              139.787461,35.685373,1.32
              139.787444,35.685365,1.33
              139.78742,35.685353,1.33
              139.787388,35.685337,1.38
              139.787339,35.685313,1.47
              139.787326,35.685306,1.5
              139.78729,35.685288,1.59
              139.787241,35.685263,1.71
              139.787206,35.685246,1.82
              139.787166,35.685226,1.99
              139.787135,35.68521,2.07
              139.787052,35.685169,2.29
              139.787026,35.685156,2.29
              139.787018,35.685152,2.33
              139.7869,35.685093,2.24
              139.78689,35.685088,2.23
              139.786846,35.685066,2.2
              139.786828,35.685057,2.19
              139.786817,35.685051,2.17
              139.7868,35.685043,2.15
              139.786789,35.685037,2.14
              139.786729,35.685007,2.09
              139.786654,35.68497,1.97
              139.786613,35.684949,1.89
              139.786555,35.68492,1.77
              139.786452,35.684868,1.6
              139.786396,35.684841,1.55
              139.786354,35.684819,1.52
              139.786344,35.684815,1.5
              139.786311,35.684798,1.47
              139.786294,35.684789,1.47
              139.786236,35.68476,1.43
              139.786186,35.684735,1.42
              139.786063,35.684674,1.36
              139.786039,35.684661,1.34
              139.785985,35.684635,1.32
              139.785956,35.68462,1.31
              139.785888,35.684586,1.3
              139.785838,35.684561,1.31
              139.785798,35.684541,1.3
              139.785776,35.68453,1.29
              139.785761,35.684522,1.28
              139.78574,35.684512,1.28
              139.78571,35.684497,1.26
              139.785669,35.684477,1.27
              139.785575,35.684429,1.32
              139.785561,35.684423,1.32
              139.785533,35.684408,1.32
              139.785502,35.684393,1.32
              139.785453,35.684368,1.28
              139.785359,35.684321,1.27
              139.785235,35.684259,1.31
              139.785106,35.684195,1.35
              139.785023,35.684153,1.39
              139.784967,35.684125,1.48
              139.784954,35.684119,1.49
              139.78486,35.684071,1.51
              139.784821,35.684052,1.5
              139.784815,35.684049,1.56
              139.784788,35.684036,1.54
              139.784703,35.683993,1.56
              139.784655,35.683969,1.62
              139.784634,35.683958,1.61
              139.784563,35.683923,1.65
              139.784494,35.683888,1.73
              139.784414,35.683848,1.79
              139.784403,35.683843,1.79
              139.784324,35.683803,1.8
              139.784264,35.683773,1.79
              139.784243,35.683762,1.79
              139.784195,35.683738,1.76
              139.784187,35.683734,1.76
              139.784117,35.6837,1.76
              139.784089,35.683685,1.77
              139.78407,35.683676,1.79
              139.784042,35.683662,1.8
              139.784033,35.683657,1.8
              139.78402,35.683651,1.82
              139.784009,35.683645,1.83
              139.783993,35.683638,1.85
              139.783985,35.683633,1.86
              139.783957,35.683619,1.86
              139.78395,35.683616,1.86
              139.783941,35.683611,1.86
              139.783917,35.683599,1.86
              139.783864,35.683573,1.86
              139.783847,35.683564,1.86
              139.783838,35.68356,1.85
              139.783818,35.68355,1.86
              139.78379,35.683536,1.86
              139.783751,35.683516,1.85
              139.783685,35.683483,1.86
              139.783671,35.683476,1.86
              139.783613,35.683447,1.85
              139.783584,35.683433,1.85
              139.783544,35.683413,1.85
              139.783537,35.683409,1.85
              139.783504,35.683392,1.85
              139.783459,35.68337,1.83
              139.783422,35.683352,1.83
              139.78337,35.683326,1.84
              139.783328,35.683305,1.84
              139.783317,35.683299,1.84
              139.7833,35.68329,1.83
              139.783254,35.683267,1.82
              139.783223,35.683252,1.82
              139.783191,35.683236,1.81
              139.783154,35.683217,1.78
              139.78311,35.683195,1.76
              139.783082,35.683181,1.75
              139.783064,35.683173,1.7
              139.782902,35.683091,1.74
              139.782873,35.683077,1.75
              139.782811,35.683046,1.76
              139.782738,35.683009,1.81
              139.782726,35.683003,1.8
              139.782633,35.682957,1.83
              139.782554,35.682917,1.86
              139.782528,35.682904,1.86
              139.782463,35.682871,1.88
              139.782407,35.682843,1.92
              139.782316,35.682798,1.93
              139.782272,35.682776,1.93
              139.782138,35.682709,1.94
              139.781994,35.682637,1.93
              139.781923,35.682602,1.93
              139.781894,35.682587,1.95
              139.781826,35.682553,2.07
              139.781796,35.682536,2.13
              139.781789,35.682532,2.14
              139.781784,35.682529,2.15
              139.781778,35.682524,2.17
              139.781772,35.68252,2.18
              139.78177,35.682518,2.19
              139.781757,35.682508,2.21
              139.781751,35.682503,2.23
              139.781735,35.682489,2.27
              139.781725,35.68248,2.3
              139.781718,35.682473,2.31
              139.78171,35.682465,2.32
              139.781706,35.682459,2.33
              139.781703,35.682456,2.34
              139.7817,35.682452,2.36
              139.781685,35.682432,2.45
              139.781672,35.682411,2.49
              139.78165,35.682375,2.53
              139.7816,35.682293,2.65
              139.781592,35.682281,2.63
              139.781555,35.682227,2.67
              139.781546,35.682212,2.67
              139.781495,35.682138,2.68
              139.781379,35.681967,2.82
              139.781284,35.681825,2.9
              139.781247,35.681771,2.95
              139.781235,35.681753,2.97
              139.781226,35.68174,3
              139.781213,35.681722,3.04
              139.781191,35.681689,3.15
              139.781165,35.68165,3.38
              139.781148,35.681625,3.52
              139.781138,35.681611,3.61
              139.781103,35.681558,3.97
              139.781069,35.681508,4.34
              139.781062,35.681498,4.41
              139.781056,35.681488,4.47
              139.781035,35.681458,4.67
              139.781002,35.68141,4.98
              139.780989,35.681389,5.1
              139.780985,35.681384,5.13
              139.780959,35.681345,5.26
              139.780948,35.68133,5.35
              139.780941,35.681319,5.38
              139.780903,35.681262,5.52
              139.780887,35.681239,5.54
              139.780856,35.681193,5.59
              139.780853,35.681189,5.62
              139.780832,35.681157,5.63
              139.780818,35.681137,5.63
              139.780805,35.681118,5.63
              139.780798,35.681107,5.62
              139.780754,35.681043,5.55
              139.780749,35.681035,5.54
              139.78074,35.681021,5.48
              139.780727,35.681003,5.43
              139.780708,35.680975,5.36
              139.780689,35.680946,5.23
              139.780682,35.680937,5.18
              139.780676,35.680928,5.13
              139.780667,35.680915,5.05
              139.780663,35.680908,5.01
              139.780645,35.680881,4.85
              139.780631,35.680861,4.71
              139.780626,35.680853,4.65
              139.780619,35.680843,4.58
              139.780574,35.680777,4.15
              139.780551,35.680742,3.94
              139.780536,35.680721,3.82
              139.780529,35.68071,3.76
              139.780511,35.680684,3.63
              139.780503,35.680672,3.53
              139.780486,35.680647,3.42
              139.780465,35.680616,3.28
              139.780457,35.680604,3.23
              139.780431,35.680565,3.08
              139.780427,35.68056,3.06
              139.780407,35.68053,2.95
              139.780402,35.680523,2.94
              139.780394,35.68051,2.89
              139.780375,35.680482,2.84
              139.78037,35.680475,2.83
              139.780338,35.680428,2.77
              139.780254,35.680305,2.65
              139.780231,35.68027,2.58
              139.780216,35.680248,2.54
              139.780201,35.680225,2.54
              139.780159,35.680164,2.5
              139.780153,35.680154,2.5
              139.780145,35.680142,2.49
              139.780139,35.680135,2.49
              139.780133,35.68013,2.49
              139.78012,35.680119,2.58
              139.780108,35.680112,2.59
              139.780099,35.680108,2.57
              139.780084,35.680104,2.57
              139.780074,35.680102,2.52
              139.780056,35.680099,2.52
              139.780039,35.680098,2.53
              139.780028,35.680099,2.55
              139.780018,35.680101,2.55
              139.780014,35.680102,2.55
              139.780002,35.680106,2.55
              139.779989,35.680111,2.49
              139.779984,35.680112,2.54
              139.779965,35.68012,2.56
              139.779861,35.680161,2.6
              139.779793,35.680188,2.62
              139.779726,35.680214,2.62
              139.77963,35.680253,2.36
              139.779384,35.68035,2.35
              139.779249,35.680405,2.39
              139.779205,35.680422,2.38
              139.778954,35.680524,2.31
              139.778739,35.68061,2.26
              139.778498,35.680705,2.2
              139.778308,35.680781,2.33
              139.778115,35.680857,2.13
              139.777877,35.680951,2.31
              139.777654,35.68104,2.33
              139.777433,35.681127,2.74
              139.777279,35.681188,3.14
              139.777107,35.681258,3.83
              139.776913,35.681337,4.48
              139.776729,35.681411,4.15
              139.776507,35.681501,3.12
              139.776403,35.681543,2.8
              139.776251,35.681606,2.94
              139.776088,35.681672,3.32
              139.775902,35.681747,3.78
              139.775724,35.68182,3.8
              139.775449,35.681932,3.57
              139.775278,35.682003,3.68
              139.775024,35.682106,3.71
              139.77486,35.682173,3.69
              139.774568,35.682292,3.77
              139.774555,35.682297,3.79
              139.774482,35.682327,3.79
              139.774399,35.682361,3.82
              139.77428,35.682409,3.89
              139.774084,35.682489,3.91
              139.773936,35.68255,3.95
              139.77393,35.682553,3.95
              139.773923,35.682556,3.95
              139.773916,35.68256,3.96
              139.773911,35.682563,3.98
              139.773907,35.682566,3.98
              139.7739,35.682572,4.01
              139.773898,35.682574,4.01
              139.773893,35.682579,4.02
              139.773891,35.682582,4.02
              139.773889,35.682585,4.03
              139.773886,35.682588,4.04
              139.773883,35.682593,4.04
              139.773878,35.6826,4.06
              139.773875,35.682607,4.07
              139.773872,35.682614,4.08
              139.77387,35.682619,4.07
              139.773868,35.682624,4.08
              139.773867,35.68263,4.08
              139.773866,35.682634,4.08
              139.773866,35.682638,4.08
              139.773865,35.682642,4.07
              139.773865,35.682645,4.07
              139.773865,35.68265,4.06
              139.773865,35.682656,4.06
              139.773866,35.682661,4.04
              139.773866,35.682666,4.04
              139.773868,35.682672,4.06
              139.773869,35.682676,4.08
              139.77387,35.68268,4.08
              139.773872,35.682686,4.08
              139.773874,35.682689,4.08
              139.773896,35.682731,4.07
              139.773938,35.682812,4.06
              139.77403,35.682988,4.07
              139.774096,35.683115,3.72
              139.774162,35.683241,3.65
              139.774255,35.683419,3.7
              139.774296,35.683498,3.82
              139.774345,35.683593,4.1
              139.77437,35.683647,4.26
              139.77439,35.683702,4.36
              139.774408,35.683754,4.55
              139.774434,35.683842,4.95
              139.774451,35.683915,5.21
              139.774466,35.683985,5.32
              139.774482,35.684067,5.43
              139.774494,35.684135,5.34
              139.774515,35.684231,5.03
              139.774541,35.684336,4.8
              139.774556,35.6844,4.71
              139.774569,35.684487,4.62
              139.774559,35.684564,4.5
              139.774551,35.684632,4.46
              139.774541,35.684696,4.52
              139.774509,35.684819,4.48
              139.774499,35.684859,4.4
              139.774458,35.684963,4.46
              139.774405,35.685099,4.47
              139.77434,35.685265,4.55
              139.774297,35.685375,4.64
              139.774254,35.685482,4.76
              139.774201,35.685614,4.79
              139.774168,35.685696,4.8
              139.774142,35.685761,4.81
              139.774082,35.685911,4.8
              139.774044,35.686006,4.81
              139.774,35.686116,4.82
              139.773941,35.686264,4.79
              139.773829,35.686544,4.72
              139.773819,35.686569,4.71
              139.773773,35.686684,4.69
              139.77372,35.686815,4.63
              139.773628,35.687045,4.64
              139.773563,35.687208,4.62
              139.77352,35.687314,4.64
              139.773475,35.687427,4.62
              139.773398,35.687618,4.63
              139.773332,35.687783,4.61
              139.773281,35.687911,4.65
              139.773222,35.688058,4.68
              139.773062,35.688457,4.91
              139.772975,35.688676,5.02
              139.772909,35.688842,4.79
              139.77286,35.688963,4.7
              139.77278,35.689162,4.65
              139.772714,35.689329,4.66
              139.772641,35.689511,4.77
              139.772558,35.689716,4.83
              139.772492,35.689881,5
              139.772402,35.690106,4.95
              139.772321,35.690308,4.72
              139.772263,35.690453,4.69
              139.772155,35.690724,4.76
              139.772074,35.690925,4.85
              139.772029,35.691039,4.74
              139.772006,35.691095,4.73
              139.771964,35.691197,4.7
              139.771851,35.691476,4.48
              139.771797,35.691608,4.51
              139.771754,35.691717,4.44
              139.771663,35.691948,4.51
              139.7716,35.692108,4.48
              139.771494,35.692378,4.53
              139.771427,35.692549,4.55
              139.771359,35.692721,4.54
              139.771303,35.692863,4.59
              139.771255,35.692984,4.56
              139.771215,35.693085,4.56
              139.771161,35.693223,4.61
              139.771117,35.693336,4.5
              139.771086,35.693415,4.44
              139.771047,35.693513,4.44
              139.771021,35.69358,4.45
              139.77098,35.693682,4.44
              139.770926,35.69382,4.48
              139.770819,35.694093,4.55
              139.770731,35.694317,4.75
              139.770581,35.694698,4.63
              139.770575,35.694712,4.63
              139.770553,35.694768,4.65
              139.770537,35.69481,4.65
              139.770506,35.694888,4.69
              139.770459,35.695007,4.67
              139.77044,35.695055,4.67
              139.770411,35.69513,4.69
              139.7704,35.695158,4.7
              139.770392,35.695176,4.71
              139.770388,35.695188,4.72
              139.770386,35.695194,4.72
              139.770385,35.695201,4.72
              139.770383,35.695209,4.73
              139.770381,35.695219,4.72
              139.77038,35.695228,4.73
              139.770379,35.695236,4.73
              139.770379,35.695245,4.72
              139.770379,35.695253,4.72
              139.77038,35.695266,4.69
              139.770381,35.695276,4.71
              139.770385,35.695294,4.71
              139.770388,35.695311,4.71
              139.770391,35.695326,4.74
              139.770396,35.695341,4.74
              139.770421,35.695413,4.79
              139.770431,35.695445,4.77
              139.770444,35.695481,4.78
              139.770466,35.695547,4.78
              139.770489,35.695615,4.88
              139.770497,35.695637,4.89
              139.770505,35.695663,4.91
              139.770506,35.695664,4.91
              139.770508,35.695671,4.92
              139.770514,35.695687,4.94
              139.770524,35.695717,4.93
              139.770549,35.69579,4.98
              139.770574,35.695863,4.95
              139.770637,35.69605,4.64
              139.770692,35.696206,4.62
              139.770733,35.696325,4.61
              139.77079,35.696488,4.67
              139.770833,35.69661,4.7
              139.770891,35.696777,4.8
              139.770915,35.696846,4.88
              139.770964,35.696987,5.08
              139.771013,35.697127,5.26
              139.771028,35.697171,5.24
              139.771087,35.697342,4.73
              139.771149,35.697518,4.24
              139.771162,35.697619,4.11
              139.771189,35.697822,3.88
              139.771206,35.69794,3.83
              139.771226,35.69808,3.8
              139.771238,35.698162,3.78
              139.771249,35.698234,3.75
              139.771259,35.6983,3.73
              139.77126,35.698308,3.72
              139.771271,35.698367,3.7
              139.771271,35.69837,3.7
              139.771276,35.69841,3.68
              139.771283,35.698464,3.67
              139.771298,35.698588,3.63
              139.771301,35.698606,3.61
              139.771312,35.698693,3.61
              139.771319,35.698753,3.6
              139.771324,35.698797,3.58
              139.771339,35.698913,3.54
              139.77135,35.699006,3.52
              139.771362,35.699102,3.51
              139.771373,35.699188,3.5
              139.77138,35.69924,3.5
              139.771383,35.699269,3.49
              139.771396,35.699373,3.45
              139.771415,35.699524,3.44
              139.771428,35.69963,3.52
              139.771439,35.699719,3.49
              139.771446,35.699771,3.48
              139.771459,35.699875,3.49
              139.771474,35.699998,3.5
              139.771489,35.700119,3.45
              139.771503,35.700226,3.43
              139.771505,35.700244,3.43
              139.771512,35.700297,3.44
              139.771521,35.70037,3.45
              139.771529,35.700434,3.44
              139.771549,35.7006,3.43
              139.771569,35.700756,3.46
              139.771588,35.700908,3.48
              139.771602,35.701022,3.47
              139.771617,35.701146,3.44
              139.771624,35.7012,3.46
              139.771638,35.701307,3.48
              139.771672,35.701579,3.48
              139.771695,35.701765,3.55
              139.771708,35.701872,3.6
              139.771721,35.701978,3.57
              139.771734,35.702083,3.57
              139.77174,35.702128,3.57
              139.771747,35.702186,3.58
              139.771759,35.702281,3.59
              139.771769,35.702361,3.59
              139.771791,35.702541,3.56
              139.771812,35.702707,3.57
              139.771816,35.702741,3.58
              139.771822,35.702791,3.57
              139.771827,35.702836,3.52
              139.771835,35.702911,3.52
              139.771846,35.703004,3.52
              139.771849,35.703029,3.5
              139.771852,35.703058,3.46
              139.771857,35.703105,3.41
              139.771867,35.703189,3.42
              139.771871,35.703227,3.44
              139.771876,35.703275,3.45
              139.771882,35.703324,3.46
              139.771885,35.703355,3.45
              139.771889,35.703386,3.43
              139.771891,35.70341,3.42
              139.771892,35.703418,3.43
              139.771896,35.703449,3.43
              139.771898,35.703469,3.44
              139.771903,35.703515,3.45
              139.771913,35.703603,3.46
              139.771925,35.703713,3.5
              139.771937,35.703817,3.57
              139.771941,35.703849,3.57
              139.771951,35.703938,3.58
              139.771957,35.703993,3.59
              139.771965,35.704065,3.6
              139.771966,35.704074,3.6
              139.771974,35.704149,3.6
              139.771983,35.704225,3.61
              139.771995,35.704337,3.62
              139.772005,35.704422,3.61
              139.772013,35.704492,3.62
              139.772025,35.704603,3.57
              139.772035,35.704692,3.57
              139.772049,35.704816,3.58
              139.772061,35.704923,3.58
              139.772068,35.70499,3.59
              139.772077,35.705065,3.61
              139.772084,35.705128,3.61
              139.772096,35.705234,3.56
              139.772105,35.70532,3.52
              139.772119,35.705441,3.5
              139.772125,35.705493,3.5
              139.772134,35.705569,3.53
              139.772141,35.705633,3.55
              139.772149,35.7057,3.58
              139.772156,35.705736,3.61
              139.772167,35.705788,3.63
              139.772174,35.705824,3.61
              139.772185,35.705845,3.6
              139.772234,35.705943,3.63
              139.772263,35.706001,3.66
              139.772298,35.706071,3.68
              139.77233,35.706135,3.72
              139.772352,35.706178,3.76
              139.772379,35.706232,3.82
              139.772412,35.706299,3.92
              139.772442,35.706359,4.02
              139.772518,35.706511,4.11
              139.772569,35.706611,4.17
              139.77262,35.706714,4.23
              139.772692,35.706857,4.32
              139.772726,35.706924,4.36
              139.772763,35.706999,4.4
              139.772806,35.707084,4.43
              139.772846,35.707164,4.46
              139.772882,35.707244,4.43
              139.772913,35.707325,4.43
              139.772938,35.707389,4.44
              139.772943,35.707402,4.45
              139.772965,35.707483,4.41
              139.772979,35.707532,4.43
              139.772999,35.707608,4.63
              139.773008,35.707649,4.47
              139.773008,35.70765,4.47
              139.773007,35.707652,4.46
              139.773006,35.707654,4.46
              139.773004,35.707655,4.45
              139.773001,35.707656,4.44
              139.772999,35.707656,4.43
              139.772997,35.707655,4.43
              139.772995,35.707654,4.42
              139.772993,35.707652,4.41
              139.772982,35.70763,4.55
              139.772904,35.707484,4.37
              139.772716,35.707127,4.53
              139.772595,35.706899,4.24
              139.772468,35.70666,4.12
              139.772363,35.706461,4.02
              139.77224,35.706228,3.96
              139.772183,35.70612,3.94
              139.77217,35.706097,3.94
              139.772157,35.706072,3.93
              139.772147,35.706052,3.9
              139.772136,35.706032,3.9
              139.772116,35.705987,3.88
              139.77209,35.705932,3.99
              139.772079,35.705908,3.86
              139.772068,35.705884,3.85
              139.772057,35.705859,3.83
              139.772028,35.705788,3.8
              139.772015,35.705752,3.8
              139.77201,35.705734,3.79
              139.772009,35.705731,3.8
              139.772008,35.705727,3.8
              139.772007,35.705722,3.79
              139.772006,35.705717,3.8
              139.772,35.705652,3.78
              139.771993,35.70559,3.76
              139.771988,35.70555,3.76
              139.771983,35.705504,3.75
              139.771974,35.70543,3.72
              139.771972,35.705408,3.71
              139.771964,35.705339,3.68
              139.771949,35.705216,3.65
              139.771938,35.705119,3.66
              139.771936,35.705104,3.67
              139.771921,35.704975,3.65
              139.771915,35.704928,3.65
              139.771898,35.704781,3.67
              139.771885,35.704667,3.66
              139.77187,35.704538,3.65
              139.771856,35.704421,3.65
              139.771839,35.704278,3.62
              139.771817,35.704093,3.64
              139.771807,35.704008,3.64
              139.771793,35.703883,3.63
              139.771783,35.703801,3.6
              139.771777,35.703752,3.58
              139.771766,35.703654,3.59
              139.771755,35.703559,3.55
              139.771746,35.703489,3.52
              139.771737,35.703406,3.5
              139.771728,35.70333,3.5
              139.771718,35.703251,3.48
              139.771706,35.703144,3.45
              139.771689,35.702996,3.56
              139.771675,35.702885,3.54
              139.771669,35.702826,3.56
              139.771657,35.702732,3.57
              139.771645,35.702623,3.57
              139.771637,35.702558,3.56
              139.771634,35.702535,3.56
            </coordinates>
          </LineString>
        </MultiGeometry>
      </Placemark>
      <Placemark>
        <name>スタート(東京都庁）
START（Tokyo Metropolitan Government）</name>
        <styleUrl>#icon-1899-DB4436-nodesc</styleUrl>
        <Point>
          <coordinates>
            139.692393,35.6897385,0
          </coordinates>
        </Point>
      </Placemark>
      <Placemark>
        <name>フィニッシュ(東京駅前・行幸通り)
FINISH(Tokyo Station/Gyoko-dori)</name>
        <styleUrl>#icon-1899-DB4436-nodesc</styleUrl>
        <Point>
          <coordinates>
            139.7620995,35.6822556,0
          </coordinates>
        </Point>
      </Placemark>
      <Placemark>
        <name>10.7km フィニッシュ
10.7km FINISH</name>
        <styleUrl>#icon-1899-DB4436-nodesc</styleUrl>
        <Point>
          <coordinates>
            139.7743668,35.6836517,0
          </coordinates>
        </Point>
      </Placemark>
    </Folder>
    <Folder>
      <name>距離表示　Kilometer Markers</name>
      <Placemark>
        <name>1km</name>
        <styleUrl>#icon-1899-DB4436-nodesc</styleUrl>
        <Point>
          <coordinates>
            139.6940952,35.6924865,0
          </coordinates>
        </Point>
      </Placemark>
      <Placemark>
        <name>2km</name>
        <styleUrl>#icon-1899-DB4436-nodesc</styleUrl>
        <Point>
          <coordinates>
            139.7040422,35.6928366,0
          </coordinates>
        </Point>
      </Placemark>
      <Placemark>
        <name>3km</name>
        <styleUrl>#icon-1899-DB4436-nodesc</styleUrl>
        <Point>
          <coordinates>
            139.7148951,35.6913373,0
          </coordinates>
        </Point>
      </Placemark>
      <Placemark>
        <name>4km</name>
        <styleUrl>#icon-1899-DB4436-nodesc</styleUrl>
        <Point>
          <coordinates>
            139.7257066,35.6921814,0
          </coordinates>
        </Point>
      </Placemark>
      <Placemark>
        <name>5km</name>
        <styleUrl>#icon-1899-DB4436-nodesc</styleUrl>
        <Point>
          <coordinates>
            139.7360545,35.6928832,0
          </coordinates>
        </Point>
      </Placemark>
      <Placemark>
        <name>6km</name>
        <styleUrl>#icon-1899-DB4436-nodesc</styleUrl>
        <Point>
          <coordinates>
            139.7424877,35.7001472,0
          </coordinates>
        </Point>
      </Placemark>
      <Placemark>
        <name>7km</name>
        <styleUrl>#icon-1899-DB4436-nodesc</styleUrl>
        <Point>
          <coordinates>
            139.7519027,35.7028796,0
          </coordinates>
        </Point>
      </Placemark>
      <Placemark>
        <name>8km</name>
        <styleUrl>#icon-1899-DB4436-nodesc</styleUrl>
        <Point>
          <coordinates>
            139.7579182,35.6965933,0
          </coordinates>
        </Point>
      </Placemark>
      <Placemark>
        <name>9km</name>
        <styleUrl>#icon-1899-DB4436-nodesc</styleUrl>
        <Point>
          <coordinates>
            139.7677161,35.6955423,0
          </coordinates>
        </Point>
      </Placemark>
      <Placemark>
        <name>10km</name>
        <styleUrl>#icon-1899-DB4436-nodesc</styleUrl>
        <Point>
          <coordinates>
            139.7716581,35.7027385,0
          </coordinates>
        </Point>
      </Placemark>
      <Placemark>
        <name>11km</name>
        <styleUrl>#icon-1899-DB4436-nodesc</styleUrl>
        <Point>
          <coordinates>
            139.7719568,35.7039903,0
          </coordinates>
        </Point>
      </Placemark>
      <Placemark>
        <name>12km</name>
        <styleUrl>#icon-1899-DB4436-nodesc</styleUrl>
        <Point>
          <coordinates>
            139.7704319,35.6950925,0
          </coordinates>
        </Point>
      </Placemark>
      <Placemark>
        <name>13km</name>
        <styleUrl>#icon-1899-DB4436-nodesc</styleUrl>
        <Point>
          <coordinates>
            139.7738448,35.6865074,0
          </coordinates>
        </Point>
      </Placemark>
      <Placemark>
        <name>14km</name>
        <styleUrl>#icon-1899-DB4436-nodesc</styleUrl>
        <Point>
          <coordinates>
            139.7792419,35.6804155,0
          </coordinates>
        </Point>
      </Placemark>
      <Placemark>
        <name>15km</name>
        <styleUrl>#icon-1899-DB4436-nodesc</styleUrl>
        <Point>
          <coordinates>
            139.7875851,35.68545,0
          </coordinates>
        </Point>
      </Placemark>
      <Placemark>
        <name>16km</name>
        <styleUrl>#icon-1899-DB4436-nodesc</styleUrl>
        <Point>
          <coordinates>
            139.7849632,35.6934161,0
          </coordinates>
        </Point>
      </Placemark>
      <Placemark>
        <name>17km</name>
        <styleUrl>#icon-1899-DB4436-nodesc</styleUrl>
        <Point>
          <coordinates>
            139.7891698,35.7016743,0
          </coordinates>
        </Point>
      </Placemark>
      <Placemark>
        <name>18km</name>
        <styleUrl>#icon-1899-DB4436-nodesc</styleUrl>
        <Point>
          <coordinates>
            139.7959185,35.7087132,0
          </coordinates>
        </Point>
      </Placemark>
      <Placemark>
        <name>19km</name>
        <styleUrl>#icon-1899-DB4436-nodesc</styleUrl>
        <Point>
          <coordinates>
            139.7937623,35.7055893,0
          </coordinates>
        </Point>
      </Placemark>
      <Placemark>
        <name>20km</name>
        <styleUrl>#icon-1899-DB4436-nodesc</styleUrl>
        <Point>
          <coordinates>
            139.7939251,35.7008295,0
          </coordinates>
        </Point>
      </Placemark>
      <Placemark>
        <name>21km</name>
        <styleUrl>#icon-1899-DB4436-nodesc</styleUrl>
        <Point>
          <coordinates>
            139.7977155,35.6940226,0
          </coordinates>
        </Point>
      </Placemark>
      <Placemark>
        <name>中間地点
Half Point</name>
        <styleUrl>#icon-1899-DB4436-nodesc</styleUrl>
        <Point>
          <coordinates>
            139.7977998,35.6931278,0
          </coordinates>
        </Point>
      </Placemark>
      <Placemark>
        <name>22km</name>
        <styleUrl>#icon-1899-DB4436-nodesc</styleUrl>
        <Point>
          <coordinates>
            139.7985442,35.6850524,0
          </coordinates>
        </Point>
      </Placemark>
      <Placemark>
        <name>23km</name>
        <styleUrl>#icon-1899-DB4436-nodesc</styleUrl>
        <Point>
          <coordinates>
            139.7967795,35.6766194,0
          </coordinates>
        </Point>
      </Placemark>
      <Placemark>
        <name>24km</name>
        <styleUrl>#icon-1899-DB4436-nodesc</styleUrl>
        <Point>
          <coordinates>
            139.7990552,35.6705722,0
          </coordinates>
        </Point>
      </Placemark>
      <Placemark>
        <name>25km</name>
        <styleUrl>#icon-1899-DB4436-nodesc</styleUrl>
        <Point>
          <coordinates>
            139.7971173,35.6772021,0
          </coordinates>
        </Point>
      </Placemark>
      <Placemark>
        <name>26km</name>
        <styleUrl>#icon-1899-DB4436-nodesc</styleUrl>
        <Point>
          <coordinates>
            139.7983959,35.6857046,0
          </coordinates>
        </Point>
      </Placemark>
      <Placemark>
        <name>27km</name>
        <styleUrl>#icon-1899-DB4436-nodesc</styleUrl>
        <Point>
          <coordinates>
            139.7975706,35.6947012,0
          </coordinates>
        </Point>
      </Placemark>
      <Placemark>
        <name>28km</name>
        <styleUrl>#icon-1899-DB4436-nodesc</styleUrl>
        <Point>
          <coordinates>
            139.7928731,35.7011251,0
          </coordinates>
        </Point>
      </Placemark>
      <Placemark>
        <name>29km</name>
        <styleUrl>#icon-1899-DB4436-nodesc</styleUrl>
        <Point>
          <coordinates>
            139.7857328,35.6962564,0
          </coordinates>
        </Point>
      </Placemark>
      <Placemark>
        <name>30km</name>
        <styleUrl>#icon-1899-DB4436-nodesc</styleUrl>
        <Point>
          <coordinates>
            139.7866608,35.6877266,0
          </coordinates>
        </Point>
      </Placemark>
      <Placemark>
        <name>31km</name>
        <styleUrl>#icon-1899-DB4436-nodesc</styleUrl>
        <Point>
          <coordinates>
            139.781503,35.6819571,0
          </coordinates>
        </Point>
      </Placemark>
      <Placemark>
        <name>32km</name>
        <styleUrl>#icon-1899-DB4436-nodesc</styleUrl>
        <Point>
          <coordinates>
            139.7731514,35.68158,0
          </coordinates>
        </Point>
      </Placemark>
      <Placemark>
        <name>33km</name>
        <styleUrl>#icon-1899-DB4436-nodesc</styleUrl>
        <Point>
          <coordinates>
            139.7676457,35.6738039,0
          </coordinates>
        </Point>
      </Placemark>
      <Placemark>
        <name>34km</name>
        <styleUrl>#icon-1899-DB4436-nodesc</styleUrl>
        <Point>
          <coordinates>
            139.7593841,35.6746311,0
          </coordinates>
        </Point>
      </Placemark>
      <Placemark>
        <name>35km</name>
        <styleUrl>#icon-1899-DB4436-nodesc</styleUrl>
        <Point>
          <coordinates>
            139.7542008,35.6667058,0
          </coordinates>
        </Point>
      </Placemark>
      <Placemark>
        <name>36km</name>
        <styleUrl>#icon-1899-DB4436-nodesc</styleUrl>
        <Point>
          <coordinates>
            139.7504948,35.6581441,0
          </coordinates>
        </Point>
      </Placemark>
      <Placemark>
        <name>37km</name>
        <styleUrl>#icon-1899-DB4436-nodesc</styleUrl>
        <Point>
          <coordinates>
            139.7490371,35.6491963,0
          </coordinates>
        </Point>
      </Placemark>
      <Placemark>
        <name>38km</name>
        <styleUrl>#icon-1899-DB4436-nodesc</styleUrl>
        <Point>
          <coordinates>
            139.7489855,35.6493514,0
          </coordinates>
        </Point>
      </Placemark>
      <Placemark>
        <name>39km</name>
        <styleUrl>#icon-1899-DB4436-nodesc</styleUrl>
        <Point>
          <coordinates>
            139.7504055,35.6582343,0
          </coordinates>
        </Point>
      </Placemark>
      <Placemark>
        <name>40km</name>
        <styleUrl>#icon-1899-DB4436-nodesc</styleUrl>
        <Point>
          <coordinates>
            139.754079,35.6667279,0
          </coordinates>
        </Point>
      </Placemark>
      <Placemark>
        <name>41km</name>
        <styleUrl>#icon-1899-DB4436-nodesc</styleUrl>
        <Point>
          <coordinates>
            139.7592115,35.6747022,0
          </coordinates>
        </Point>
      </Placemark>
      <Placemark>
        <name>42km</name>
        <styleUrl>#icon-1899-DB4436-nodesc</styleUrl>
        <Point>
          <coordinates>
            139.7631877,35.6811909,0
          </coordinates>
        </Point>
      </Placemark>
    </Folder>
    <Folder>
      <name>トイレ Toilets</name>
      <Placemark>
        <name>新宿アイランドタワー前広場（仮設）</name>
        <styleUrl>#icon-1899-DB4436-nodesc</styleUrl>
        <Point>
          <coordinates>
            139.693252,35.692661,0
          </coordinates>
        </Point>
      </Placemark>
      <Placemark>
        <name>新宿三井ビル前（仮設）</name>
        <styleUrl>#icon-1899-DB4436-nodesc</styleUrl>
        <Point>
          <coordinates>
            139.693879,35.692366,0
          </coordinates>
        </Point>
      </Placemark>
      <Placemark>
        <name>西武新宿ペペ前（仮設）</name>
        <styleUrl>#icon-1899-DB4436-nodesc</styleUrl>
        <Point>
          <coordinates>
            139.700358,35.693971,0
          </coordinates>
        </Point>
      </Placemark>
      <Placemark>
        <name>モア4番街　路上（仮設）</name>
        <styleUrl>#icon-1899-DB4436-nodesc</styleUrl>
        <Point>
          <coordinates>
            139.702614,35.692892,0
          </coordinates>
        </Point>
      </Placemark>
      <Placemark>
        <name>大東京信用組合新宿支店（仮設）</name>
        <styleUrl>#icon-1899-DB4436-nodesc</styleUrl>
        <Point>
          <coordinates>
            139.712376,35.691494,0
          </coordinates>
        </Point>
      </Placemark>
      <Placemark>
        <name>富久町2　公衆トイレ</name>
        <styleUrl>#icon-1899-DB4436-nodesc</styleUrl>
        <Point>
          <coordinates>
            139.718432,35.691642,0
          </coordinates>
        </Point>
      </Placemark>
      <Placemark>
        <name>新宿曙橋下（仮設）</name>
        <styleUrl>#icon-1899-DB4436-nodesc</styleUrl>
        <Point>
          <coordinates>
            139.723691,35.69224,0
          </coordinates>
        </Point>
      </Placemark>
      <Placemark>
        <name>サイカパーク曙橋駅自動二輪駐車場（仮設）</name>
        <styleUrl>#icon-1899-DB4436-nodesc</styleUrl>
        <Point>
          <coordinates>
            139.724725,35.692529,0
          </coordinates>
        </Point>
      </Placemark>
      <Placemark>
        <name>東京理科大学駐車場（仮設）</name>
        <styleUrl>#icon-1899-DB4436-nodesc</styleUrl>
        <Point>
          <coordinates>
            139.742045,35.700075,0
          </coordinates>
        </Point>
      </Placemark>
      <Placemark>
        <name>キャナルカフェ横公衆トイレ</name>
        <styleUrl>#icon-1899-DB4436-nodesc</styleUrl>
        <Point>
          <coordinates>
            139.742714,35.700195,0
          </coordinates>
        </Point>
      </Placemark>
      <Placemark>
        <name>日大経済学部(仮設)</name>
        <styleUrl>#icon-1899-DB4436-nodesc</styleUrl>
        <Point>
          <coordinates>
            139.757105,35.698706,0
          </coordinates>
        </Point>
      </Placemark>
      <Placemark>
        <name>小川広場（仮設）</name>
        <styleUrl>#icon-1899-DB4436-nodesc</styleUrl>
        <Point>
          <coordinates>
            139.7623308,35.6954964,0
          </coordinates>
        </Point>
      </Placemark>
      <Placemark>
        <name>台東区立黒門児童遊園（仮設）</name>
        <styleUrl>#icon-1899-DB4436-nodesc</styleUrl>
        <Point>
          <coordinates>
            139.77228,35.706615,0
          </coordinates>
        </Point>
      </Placemark>
      <Placemark>
        <name>旧今川中学校（仮設）</name>
        <styleUrl>#icon-1899-DB4436-nodesc</styleUrl>
        <Point>
          <coordinates>
            139.772473,35.691735,0
          </coordinates>
        </Point>
      </Placemark>
      <Placemark>
        <name>東山ビルディング（仮設）</name>
        <styleUrl>#icon-1899-DB4436-nodesc</styleUrl>
        <Point>
          <coordinates>
            139.772657,35.690105,0
          </coordinates>
        </Point>
      </Placemark>
      <Placemark>
        <name>地下鉄三越前駅B6横公衆トイレ</name>
        <styleUrl>#icon-1899-DB4436-nodesc</styleUrl>
        <Point>
          <coordinates>
            139.774865,35.684429,0
          </coordinates>
        </Point>
      </Placemark>
      <Placemark>
        <name>日本橋兜町パーキング公衆トイレ</name>
        <styleUrl>#icon-1899-DB4436-nodesc</styleUrl>
        <Point>
          <coordinates>
            139.776982,35.681533,0
          </coordinates>
        </Point>
      </Placemark>
      <Placemark>
        <name>地下鉄茅場町駅10番入口改札外トイレ</name>
        <styleUrl>#icon-1899-DB4436-nodesc</styleUrl>
        <Point>
          <coordinates>
            139.777832,35.681005,0
          </coordinates>
        </Point>
      </Placemark>
      <Placemark>
        <name>浜町川緑道（仮設）</name>
        <styleUrl>#icon-1899-DB4436-nodesc</styleUrl>
        <Point>
          <coordinates>
            139.786114,35.686402,0
          </coordinates>
        </Point>
      </Placemark>
      <Placemark>
        <name>浅草橋公衆トイレ横(公衆＋仮設)</name>
        <styleUrl>#icon-1899-DB4436-nodesc</styleUrl>
        <Point>
          <coordinates>
            139.7852,35.696142,0
          </coordinates>
        </Point>
      </Placemark>
      <Placemark>
        <name>蔵前1交差点天文台跡（仮設）</name>
        <styleUrl>#icon-1899-DB4436-nodesc</styleUrl>
        <Point>
          <coordinates>
            139.788795,35.701448,0
          </coordinates>
        </Point>
      </Placemark>
      <Placemark>
        <name>バンダイ本社裏（仮設）</name>
        <styleUrl>#icon-1899-DB4436-nodesc</styleUrl>
        <Point>
          <coordinates>
            139.794858,35.707389,0
          </coordinates>
        </Point>
      </Placemark>
      <Placemark>
        <name>北部下水道事務所(仮設)</name>
        <styleUrl>#icon-1899-DB4436-nodesc</styleUrl>
        <Point>
          <coordinates>
            139.791978,35.701586,0
          </coordinates>
        </Point>
      </Placemark>
      <Placemark>
        <name>宮沢模型（仮設）</name>
        <styleUrl>#icon-1899-DB4436-nodesc</styleUrl>
        <Point>
          <coordinates>
            139.794557,35.700651,0
          </coordinates>
        </Point>
      </Placemark>
      <Placemark>
        <name>五間堀公園(公衆＋仮設)</name>
        <styleUrl>#icon-1899-DB4436-nodesc</styleUrl>
        <Point>
          <coordinates>
            139.798492,35.689498,0
          </coordinates>
        </Point>
      </Placemark>
      <Placemark>
        <name>森下公園(仮設)</name>
        <styleUrl>#icon-1899-DB4436-nodesc</styleUrl>
        <Point>
          <coordinates>
            139.799295,35.686611,0
          </coordinates>
        </Point>
      </Placemark>
      <Placemark>
        <name>区立明治小学校（仮設）</name>
        <styleUrl>#icon-1899-DB4436-nodesc</styleUrl>
        <Point>
          <coordinates>
            139.7978161,35.676174,0
          </coordinates>
        </Point>
      </Placemark>
      <Placemark>
        <name>深川公園（富岡出張所西）(仮設)</name>
        <styleUrl>#icon-1899-DB4436-nodesc</styleUrl>
        <Point>
          <coordinates>
            139.798493,35.671848,0
          </coordinates>
        </Point>
      </Placemark>
      <Placemark>
        <name>深川一丁目児童遊園(公衆＋仮設)</name>
        <styleUrl>#icon-1899-DB4436-nodesc</styleUrl>
        <Point>
          <coordinates>
            139.795811,35.675267,0
          </coordinates>
        </Point>
      </Placemark>
      <Placemark>
        <name>清澄庭園公園広場(仮設)</name>
        <styleUrl>#icon-1899-DB4436-nodesc</styleUrl>
        <Point>
          <coordinates>
            139.798251,35.679,0
          </coordinates>
        </Point>
      </Placemark>
      <Placemark>
        <name>清澄白河駅A1横公衆トイレ</name>
        <styleUrl>#icon-1899-DB4436-nodesc</styleUrl>
        <Point>
          <coordinates>
            139.798412,35.68347,0
          </coordinates>
        </Point>
      </Placemark>
      <Placemark>
        <name>両国公園(公衆＋仮設)</name>
        <styleUrl>#icon-1899-DB4436-nodesc</styleUrl>
        <Point>
          <coordinates>
            139.796121,35.693767,0
          </coordinates>
        </Point>
      </Placemark>
      <Placemark>
        <name>横網町公園公衆トイレ（南側）</name>
        <styleUrl>#icon-1899-DB4436-nodesc</styleUrl>
        <Point>
          <coordinates>
            139.79687,35.698743,0
          </coordinates>
        </Point>
      </Placemark>
      <Placemark>
        <name>横網町公園公衆トイレ（北側）</name>
        <styleUrl>#icon-1899-DB4436-nodesc</styleUrl>
        <Point>
          <coordinates>
            139.796856,35.700074,0
          </coordinates>
        </Point>
      </Placemark>
      <Placemark>
        <name>浜町公園内(仮設)</name>
        <styleUrl>#icon-1899-DB4436-nodesc</styleUrl>
        <Point>
          <coordinates>
            139.787362,35.687488,0
          </coordinates>
        </Point>
      </Placemark>
      <Placemark>
        <name>茅場橋際公衆トイレ</name>
        <styleUrl>#icon-1899-DB4436-nodesc</styleUrl>
        <Point>
          <coordinates>
            139.780909,35.680686,0
          </coordinates>
        </Point>
      </Placemark>
      <Placemark>
        <name>八重洲地下街入口公衆トイレ</name>
        <styleUrl>#icon-1899-DB4436-nodesc</styleUrl>
        <Point>
          <coordinates>
            139.771419,35.679248,0
          </coordinates>
        </Point>
      </Placemark>
      <Placemark>
        <name>地下鉄京橋駅5番入口改札外トイレ</name>
        <styleUrl>#icon-1899-DB4436-nodesc</styleUrl>
        <Point>
          <coordinates>
            139.7695,35.676447,0
          </coordinates>
        </Point>
      </Placemark>
      <Placemark>
        <name>銀座通り口交番横公衆トイレ</name>
        <styleUrl>#icon-1899-DB4436-nodesc</styleUrl>
        <Point>
          <coordinates>
            139.768717,35.674983,0
          </coordinates>
        </Point>
      </Placemark>
      <Placemark>
        <name>タイムズ新橋６丁目（仮設）</name>
        <styleUrl>#icon-1899-DB4436-nodesc</styleUrl>
        <Point>
          <coordinates>
            139.752415,35.662158,0
          </coordinates>
        </Point>
      </Placemark>
      <Placemark>
        <name>中央労働委員会館前公衆トイレ</name>
        <styleUrl>#icon-1899-DB4436-nodesc</styleUrl>
        <Point>
          <coordinates>
            139.75094,35.659273,0
          </coordinates>
        </Point>
      </Placemark>
      <Placemark>
        <name>都立芝公園児童館横公衆トイレ</name>
        <styleUrl>#icon-1899-DB4436-nodesc</styleUrl>
        <Point>
          <coordinates>
            139.750333,35.654427,0
          </coordinates>
        </Point>
      </Placemark>
      <Placemark>
        <name>芝園橋際公衆トイレ</name>
        <styleUrl>#icon-1899-DB4436-nodesc</styleUrl>
        <Point>
          <coordinates>
            139.749455,35.652785,0
          </coordinates>
        </Point>
      </Placemark>
      <Placemark>
        <name>区立芝公園(公衆＋仮設)</name>
        <styleUrl>#icon-1899-DB4436-nodesc</styleUrl>
        <Point>
          <coordinates>
            139.749472,35.655929,0
          </coordinates>
        </Point>
      </Placemark>
      <Placemark>
        <name>都立芝公園(仮設)</name>
        <styleUrl>#icon-1899-DB4436-nodesc</styleUrl>
        <Point>
          <coordinates>
            139.750696,35.660046,0
          </coordinates>
        </Point>
      </Placemark>
      <Placemark>
        <name>日比谷公会堂車寄せ（仮設）</name>
        <styleUrl>#icon-1899-DB4436-nodesc</styleUrl>
        <Point>
          <coordinates>
            139.756095,35.671128,0
          </coordinates>
        </Point>
      </Placemark>
    </Folder>
    <Folder>
      <name>給水所 Aid Stations</name>
      <Placemark>
        <name>5km給水所
5km Aid Station</name>
        <styleUrl>#icon-1899-DB4436-nodesc</styleUrl>
        <Point>
          <coordinates>
            139.737774,35.694415,0
          </coordinates>
        </Point>
      </Placemark>
      <Placemark>
        <name>7km給水所
7km Aid Station</name>
        <styleUrl>#icon-1899-DB4436-nodesc</styleUrl>
        <Point>
          <coordinates>
            139.755611,35.700762,0
          </coordinates>
        </Point>
      </Placemark>
      <Placemark>
        <name>10km給水所
10km Aid Station</name>
        <styleUrl>#icon-1899-DB4436-nodesc</styleUrl>
        <Point>
          <coordinates>
            139.772016,35.705601,0
          </coordinates>
        </Point>
      </Placemark>
      <Placemark>
        <name>12km給水所
12km Aid Station</name>
        <styleUrl>#icon-1899-DB4436-nodesc</styleUrl>
        <Point>
          <coordinates>
            139.772141,35.690771,0
          </coordinates>
        </Point>
      </Placemark>
      <Placemark>
        <name>15km給水所
15km Aid Station</name>
        <styleUrl>#icon-1899-DB4436-nodesc</styleUrl>
        <Point>
          <coordinates>
            139.786764,35.687381,0
          </coordinates>
        </Point>
      </Placemark>
      <Placemark>
        <name>17km給水所
17km Aid Station</name>
        <styleUrl>#icon-1899-DB4436-nodesc</styleUrl>
        <Point>
          <coordinates>
            139.790227,35.702698,0
          </coordinates>
        </Point>
      </Placemark>
      <Placemark>
        <name>20km給水所
20km Aid Station</name>
        <styleUrl>#icon-1899-DB4436-nodesc</styleUrl>
        <Point>
          <coordinates>
            139.797329,35.698201,0
          </coordinates>
        </Point>
      </Placemark>
      <Placemark>
        <name>22km給水所
22km Aid Station</name>
        <styleUrl>#icon-1899-DB4436-nodesc</styleUrl>
        <Point>
          <coordinates>
            139.7988631,35.6818574,0
          </coordinates>
        </Point>
      </Placemark>
      <Placemark>
        <name>25km給水所
25km Aid Station</name>
        <styleUrl>#icon-1899-DB4436-nodesc</styleUrl>
        <Point>
          <coordinates>
            139.798997,35.679849,0
          </coordinates>
        </Point>
      </Placemark>
      <Placemark>
        <name>27km給水所
27km Aid Station</name>
        <styleUrl>#icon-1899-DB4436-nodesc</styleUrl>
        <Point>
          <coordinates>
            139.797566,35.694864,0
          </coordinates>
        </Point>
      </Placemark>
      <Placemark>
        <name>30km給水所
30km Aid Station</name>
        <styleUrl>#icon-1899-DB4436-nodesc</styleUrl>
        <Point>
          <coordinates>
            139.78685,35.68493,0
          </coordinates>
        </Point>
      </Placemark>
      <Placemark>
        <name>32km給水所
32km Aid Station</name>
        <styleUrl>#icon-1899-DB4436-nodesc</styleUrl>
        <Point>
          <coordinates>
            139.772988,35.681316,0
          </coordinates>
        </Point>
      </Placemark>
      <Placemark>
        <name>35km給水所
35km Aid Station</name>
        <styleUrl>#icon-1899-DB4436-nodesc</styleUrl>
        <Point>
          <coordinates>
            139.753418,35.665006,0
          </coordinates>
        </Point>
      </Placemark>
      <Placemark>
        <name>38km給水所
38km Aid Station</name>
        <styleUrl>#icon-1899-DB4436-nodesc</styleUrl>
        <Point>
          <coordinates>
            139.749102,35.650076,0
          </coordinates>
        </Point>
      </Placemark>
      <Placemark>
        <name>40km給水所
40km Aid Station</name>
        <styleUrl>#icon-1899-DB4436-nodesc</styleUrl>
        <Point>
          <coordinates>
            139.755023,35.668779,0
          </coordinates>
        </Point>
      </Placemark>
    </Folder>
    <Folder>
      <name>救護所 Medical Stations</name>
      <Placemark>
        <name>スタート救護所
Start Medical Station</name>
        <description>新宿中央公園水の広場</description>
        <styleUrl>#icon-1899-DB4436</styleUrl>
        <Point>
          <coordinates>
            139.690454,35.690217,0
          </coordinates>
        </Point>
      </Placemark>
      <Placemark>
        <name>5km医務室
5km Medical Station</name>
        <description>市谷田町一丁目交差点</description>
        <styleUrl>#icon-1899-DB4436</styleUrl>
        <Point>
          <coordinates>
            139.736286,35.6931444,0
          </coordinates>
        </Point>
      </Placemark>
      <Placemark>
        <name>11km救護所
11km Medical Station</name>
        <description>秋葉原UDX前</description>
        <styleUrl>#icon-1899-DB4436</styleUrl>
        <Point>
          <coordinates>
            139.772387,35.701078,0
          </coordinates>
        </Point>
      </Placemark>
      <Placemark>
        <name>15km救護所
15km Medical Station</name>
        <description>久松小学校前</description>
        <styleUrl>#icon-1899-DB4436</styleUrl>
        <Point>
          <coordinates>
            139.7853324,35.6891675,0
          </coordinates>
        </Point>
      </Placemark>
      <Placemark>
        <name>21km救護所
21km Medical Station</name>
        <description>両国M-1Garden横</description>
        <styleUrl>#icon-1899-DB4436</styleUrl>
        <Point>
          <coordinates>
            139.797854,35.694094,0
          </coordinates>
        </Point>
      </Placemark>
      <Placemark>
        <name>23km救護所
23km Medical Station</name>
        <description>深川一丁目交差点付近</description>
        <styleUrl>#icon-1899-DB4436</styleUrl>
        <Point>
          <coordinates>
            139.797037,35.6752326,0
          </coordinates>
        </Point>
      </Placemark>
      <Placemark>
        <name>25km救護所
25km Medical Station</name>
        <description>深川一丁目交差点西</description>
        <styleUrl>#icon-1899-DB4436</styleUrl>
        <Point>
          <coordinates>
            139.7958674,35.6754599,0
          </coordinates>
        </Point>
      </Placemark>
      <Placemark>
        <name>27km救護所
27km Medical Station</name>
        <description>三菱UFJ銀行本所中央支店横</description>
        <styleUrl>#icon-1899-DB4436</styleUrl>
        <Point>
          <coordinates>
            139.797549,35.694062,0
          </coordinates>
        </Point>
      </Placemark>
      <Placemark>
        <name>29km救護所
29km Medical Station</name>
        <description>浅草橋交差点</description>
        <styleUrl>#icon-1899-DB4436</styleUrl>
        <Point>
          <coordinates>
            139.7856347,35.694835,0
          </coordinates>
        </Point>
      </Placemark>
      <Placemark>
        <name>31km救護所
31km Medical Station</name>
        <description>坂本町公園</description>
        <styleUrl>#icon-1899-DB4436</styleUrl>
        <Point>
          <coordinates>
            139.777414,35.679684,0
          </coordinates>
        </Point>
      </Placemark>
      <Placemark>
        <name>33km救護所
33km Medical Station</name>
        <description>数寄屋橋交差点付近</description>
        <styleUrl>#icon-1899-DB4436</styleUrl>
        <Point>
          <coordinates>
            139.764093,35.672705,0
          </coordinates>
        </Point>
      </Placemark>
      <Placemark>
        <name>36km救護所
36km Medical Station</name>
        <description>港区役所前交差点付近</description>
        <styleUrl>#icon-1899-DB4436</styleUrl>
        <Point>
          <coordinates>
            139.7507443,35.6588989,0
          </coordinates>
        </Point>
      </Placemark>
      <Placemark>
        <name>38km救護所
38km Medical Station</name>
        <description>東京都障害者福祉会館前</description>
        <styleUrl>#icon-1899-DB4436</styleUrl>
        <Point>
          <coordinates>
            139.7486398,35.6482618,0
          </coordinates>
        </Point>
      </Placemark>
      <Placemark>
        <name>40km救護所
40km Medical Station</name>
        <description>内幸町交差点</description>
        <styleUrl>#icon-1899-DB4436</styleUrl>
        <Point>
          <coordinates>
            139.755887,35.670909,0
          </coordinates>
        </Point>
      </Placemark>
      <Placemark>
        <name>フィニッシュ救護所
Finish Medical Station　</name>
        <description>フィニッシュ地点</description>
        <styleUrl>#icon-1899-DB4436</styleUrl>
        <Point>
          <coordinates>
            139.7621787,35.6820743,0
          </coordinates>
        </Point>
      </Placemark>
      <Placemark>
        <name>10.7kmフィニッシュ救護所
10.7km Finish Medical Station</name>
        <description>コングレスクエア日本橋横</description>
        <styleUrl>#icon-1899-DB4436</styleUrl>
        <Point>
          <coordinates>
            139.773244,35.6829044,0
          </coordinates>
        </Point>
      </Placemark>
      <Placemark>
        <name>丸の内救護所</name>
        <description>フィニッシュエリア</description>
        <styleUrl>#icon-1899-DB4436</styleUrl>
        <Point>
          <coordinates>
            139.7632552,35.6848783,0
          </coordinates>
        </Point>
      </Placemark>
      <Placemark>
        <name>馬場先門救護所</name>
        <description>フィニッシュエリア</description>
        <styleUrl>#icon-1899-DB4436</styleUrl>
        <Point>
          <coordinates>
            139.7598663,35.679264,0
          </coordinates>
        </Point>
      </Placemark>
      <Placemark>
        <name>行幸通り医務室</name>
        <description>フィニッシュエリア</description>
        <styleUrl>#icon-1899-DB4436</styleUrl>
        <Point>
          <coordinates>
            139.7637549,35.6818879,0
          </coordinates>
        </Point>
      </Placemark>
    </Folder>
    <Folder>
      <name>収容関門　Checkpoints</name>
      <Placemark>
        <name>4.9km収容関門
4.9km Checkpoint</name>
        <description><![CDATA[閉鎖時刻 10:25 (車いす 9:25)<br>Gate Closing Time: 10:25<br>(Wheelchair race: 9:25)]]></description>
        <styleUrl>#icon-1899-DB4436</styleUrl>
        <Point>
          <coordinates>
            139.735269,35.69233,0
          </coordinates>
        </Point>
      </Placemark>
      <Placemark>
        <name>9.2km収容関門
9.2km Checkpoint</name>
        <description><![CDATA[閉鎖時刻 11:00 (車いす 9:40)<br>Gate Closing Time: 11:00<br>(Wheelchair race: 9:40)]]></description>
        <styleUrl>#icon-1899-DB4436</styleUrl>
        <Point>
          <coordinates>
            139.7699176,35.6958678,0
          </coordinates>
        </Point>
      </Placemark>
      <Placemark>
        <name>15.4km収容関門
15.4km Checkpoint</name>
        <description><![CDATA[閉鎖時刻 11:55<br> Gate Closing Time: 11:55]]></description>
        <styleUrl>#icon-1899-DB4436</styleUrl>
        <Point>
          <coordinates>
            139.785748,35.68869,0
          </coordinates>
        </Point>
      </Placemark>
      <Placemark>
        <name>20.9km収容関門
20.9km Checkpoint</name>
        <description><![CDATA[閉鎖時刻 12:45 (車いす 10:10)<br>Gate Closing Time: 12:45<br>(Wheelchair race: 10:10)]]></description>
        <styleUrl>#icon-1899-DB4436</styleUrl>
        <Point>
          <coordinates>
            139.797673,35.694443,0
          </coordinates>
        </Point>
      </Placemark>
      <Placemark>
        <name>24.7km収容関門
24.7km Checkpoint</name>
        <description><![CDATA[閉鎖時刻 13:20<br>Gate Closing Time: 13:20]]></description>
        <styleUrl>#icon-1899-DB4436</styleUrl>
        <Point>
          <coordinates>
            139.796077,35.675165,0
          </coordinates>
        </Point>
      </Placemark>
      <Placemark>
        <name>29.2km収容関門
29.2km Checkpoint</name>
        <description><![CDATA[閉鎖時刻 14:00 (車いす 10:40)<br>Gate Closing Time: 14:00<br>(Wheelchair race: 10:40)]]></description>
        <styleUrl>#icon-1899-DB4436</styleUrl>
        <Point>
          <coordinates>
            139.785305,35.69469,0
          </coordinates>
        </Point>
      </Placemark>
      <Placemark>
        <name>33.5km収容関門
33.5km Checkpoint</name>
        <description><![CDATA[閉鎖時刻 14:35<br>Gate Closing Time: 14:35]]></description>
        <styleUrl>#icon-1899-DB4436</styleUrl>
        <Point>
          <coordinates>
            139.763255,35.672545,0
          </coordinates>
        </Point>
      </Placemark>
      <Placemark>
        <name>38.5km収容関門
38.5km Checkpoint</name>
        <description><![CDATA[閉鎖時刻 15:20<br>Gate Closing Time: 15:20]]></description>
        <styleUrl>#icon-1899-DB4436</styleUrl>
        <Point>
          <coordinates>
            139.7497598,35.6539389,0
          </coordinates>
        </Point>
      </Placemark>
    </Folder>
  </Document>
</kml>
